-2.3457922581268154
0.7841901328184263
-2.353935126311736
0.7835891679234863
-2.3675657823962175
0.7857844322165987
-2.361239262552492
0.7938816496415221
0.7816387820096944
0.324582984399738
0.3213901317828333
1.2496310640659454
-0.7846880665710199
0.7777591087251952
0.3284023747596023
-0.7875641651177236
0.3204177450756486
0.7928245719519897
0.7810554378870102
0.7949657098834264
0.784176624449509
0.7897388716552107
0.7827541613492075
0.7833281403768589
-0.7856712300497701
0.7784465938046615
0.791499861877105
0.7818834936154414
0.7825040093668034
0.7943828478280656
0.7765818673708175
0.790995975570849
1.244679335088562
0.7832863488687755
0.7921085688726096
0.7798092765167656
0.7921580464308184
0.7808726945491223
0.7837801525891097
0.7908509205015115
2.8289168975738956
0.7910747019746759
0.7814238466673401
0.785335694649808
0.79185987432413
0.7802383411734607
0.7917089717342425
0.7831733250755055
-0.795887198133345
0.3282621958163171
0.7789039164960146
0.787767355546224
0.7914203042621545
0.7838997407267416
0.7918019515571947
0.7778211533041707
1.2608937829151623
-0.7831629476506371
0.7845052036399653
0.7831526742055489
0.7804160117205381
0.7875078628000879
0.7926305862346316
0.7813996989973312
2.816595238090324
1.24318186388371
0.7894434399634837
0.7920258591641904
0.7832168778103911
0.785069203362658
0.77920071853491
0.7912678589129506
-0.7830453327796814
2.8337486066121693
0.7914438611266843
0.7778296722917217
0.7891203439680111
0.7942509504998998
0.7816351600816983
0.7924514115138868
1.2428717592044178
-0.7937518486953382
0.3201173346558943
0.7841013774725428
0.7873411214357953
0.7856356924478982
0.7894066263490066
0.7857188971473041
2.8350385886183975
1.2558894610286984
-0.7918564245973038
0.7919670083941571
0.7790136827701237
0.7857040362283295
0.7874202173270503
0.7870629763048524
-0.7958996515646484
2.818640127225886
1.2542921489085592
0.7861675501093603
0.7862995397399392
0.7847722997164501
0.7803284410109386
0.7834100584031198
1.2570060944997954
-0.7894741486180716
2.8277803586732877
0.7796599992622186
0.7839022222948249
0.7885658055519454
0.7891778282786882
0.7840962806978284
2.8197365885877606
1.2530819329684106
-0.7873115755571823
0.3246935078686163
0.7856254132708033
0.7783930543192731
0.7852587513954526
0.7933352345987305
-0.7872665821217648
2.827577711598128
1.2456663144644935
-0.7946981141726812
0.7941202111374859
0.7873182582452308
0.7842052297673828
0.781520006231984
1.251183933538123
-0.7874686934820271
2.8318002809899205
1.2490823656181607
0.7812505662773186
0.785845401031033
0.7865286622823169
0.7799739922659865
2.825466302892617
1.246422697207526
-0.797849393803007
2.8153873635950877
0.7797666882746772
0.7841283502037708
0.7887853094445763
0.786380904316642
-0.7822777092220436
2.8302814871987874
1.262018842530425
-0.7847790408981232
0.3198864514468023
0.7862378366274994
0.7789920268741631
0.7882356151424242
1.2537986252575273
-0.7943889391310901
2.8194509925003084
1.2430778543065988
-0.793411543650623
0.7885967318451099
0.7864441183700864
0.7811601788915807
2.8317787347390104
1.2590547237003642
-0.78657971155093
2.823265926239897
1.2449441284579361
0.7811174962576958
0.789339591311732
0.7879926399476694
-0.7896957300257195
2.819013766130639
1.2452647242844546
-0.7913773900895905
2.814907706331913
0.786205254635132
0.7792240131166744
0.7857023302802827
1.2595788089732738
-0.7829595953475532
2.8380027113011947
1.2435652158362855
-0.7924934983400338
0.32424239551705103
0.7883576369823279
0.7826060645532507
2.818968148010138
1.2478872767800888
-0.7953519444281237
2.8161060002419847
1.2502938527079162
-0.7818981413136837
0.7868278165449037
0.7856528385406508
-0.32391901317287053
2.8344832215087825
1.2612029739977295
-0.7871637841707084
2.825318713789492
1.247353747283514
0.7832342156461515
0.7916318941688079
-0.7722626765131813
-0.7873277110436375
2.8244200464269187
1.2505546095326912
-0.7882314806792333
2.808602447883921
0.7849168048306524
0.7769988819520915
-2.3546500442366987
1.2640493759801292
-0.7900164412598971
2.819513067910415
1.2416110828569695
-0.7848906634492079
0.3263962214137356
0.7881010528717287
-1.888555414168411
2.815610004111739
1.252744572177662
-0.78391432209395
2.8264538082312978
1.2394241854841324
-0.7877822799656241
0.7864074839249766
1.891545507352498
-0.32670485942091154
2.8297065775843575
1.2489447352562864
-0.7936783695716465
2.817838399265348
1.2495182134818215
0.7831134640390739
2.8174238304751964
-0.7722179391175394
-0.7852845122298413
2.82306337751766
1.2547382064575332
-0.786128846714708
2.815906981140114
0.7860138910164906
-0.3300973614085743
-2.3625023133807783
1.2590334375223666
-0.7826521052407429
2.820348998729508
1.2478625647511963
-0.7853213772233915
0.3257728588119121
-0.7746825519810674
-1.8836818733321026
2.8209215508699956
1.2506434540899891
-0.78649217633441
2.8200168034866504
1.240280841206164
-0.7908769097038855
-2.3687501035209815
1.8914294915112992
-0.32797382209064624
2.8194444772142013
1.249954332937916
-0.7841392073252694
2.8199471576960593
1.249938755165349
-1.8840564961507718
2.820237175499167
-0.7820516106250268
-0.7845674922793219
2.830106168202146
1.247341191773154
-0.7914050844762606
2.821057790448023
2.351431586843901
-0.32700711327284127
-2.371380501566678
1.2526595255259827
-0.7853640791309627
2.8177757886577917
1.2497902674153658
-0.7847176655182266
-2.3563076395829388
-0.7794194279614143
-1.8844555205426763
2.829072065515247
1.2585647418614585
-0.7841921093368106
2.825325355205269
1.2450506703563653
0.779062489830928
-2.375715930204094
1.8925919168614131
-0.31532576855404537
2.8201848184187344
1.247438052560653
-0.7854682907935252
2.821636358111237
-2.8215748463833012
-1.8834619196224127
2.8244858183383568
-0.7930988867479624
-0.7868315697898399
2.8196563793895897
1.2536790018960609
-0.790394335223383
-0.794859128847019
2.3480552398059853
-0.3231827907773597
-2.35611733532737
1.2459263722428147
-0.7894737318759306
2.814502758696219
1.2507765035886562
-1.8885068257861553
-2.3559517631477833
-0.7851693335981903
-1.8885676162994518
2.8261223991276774
1.253742487110356
-0.781467543944654
2.8215573591172283
2.343764379278856
0.7799937013918814
-2.3670413030507462
1.885345053445286
-0.32394245727299
2.813621677085746
1.2452026341521973
-0.7843647853250322
-2.355376707125896
-2.821804789335456
-1.8890115153752836
2.8245823689839615
-0.781473244956523
-0.7781030729030165
2.82250481786706
1.2524030598556115
0.7748130115821711
-0.77976528429665
2.356066053986438
-0.32175076804490316
-2.3610917580507076
1.242022231585292
-0.7865695467675907
2.8128792613644578
-2.8204459643366526
-1.8898887031923484
-2.357231303842292
-0.7803057268677098
-1.8889076258966258
2.821117230605201
1.2537976034851135
-0.7802300507241205
-0.7884719853860558
2.333306225003747
0.7733479745864607
-2.3581204854618005
1.8890203630916558
-0.32335314683528066
2.8126757753132483
1.2421714969028352
-1.8949223313763892
-2.357018056455639
-2.822312928553261
-1.8908630954564105
2.82280426899502
-0.7703666969939927
-0.7793737170075747
2.8206838241129613
1.883805488642668
0.764958762533126
-0.7685620686720979
2.36150892746835
-0.32560602885591106
-2.3604790962502777
1.2444877958236928
-0.7845338974176579
2.3515627474651044
-2.8207339363279855
-1.8920297453957884
-2.355616173862702
-0.7674941856359375
-1.8851972609343115
2.821640469634894
1.2485241103727527
0.7771741146061548
-0.784878123084068
2.3299781150790553
0.7696851692619265
-2.360517787733934
1.8932497258095264
-0.31728297378511927
2.815178074506357
0.7793204183790965
-1.8916844835805418
-2.35620991310636
-2.822792644740711
-1.8833493030692308
2.824195269983368
-0.7651304436173283
-0.7833429260857773
0.32447300467579654
1.885308882389874
0.7593557683372434
-0.7888023405444997
2.3541830081330826
-0.3232377087433625
-2.3507098562769055
1.248477099316352
-0.3217737876820712
2.3542386767064487
-2.8183267229072957
-1.8909995650577915
-2.348814841906001
-0.7830101331318309
-1.8786255070445261
2.8195570795963913
-0.7728536245916269
0.7792750456914788
-0.7973674317946537
2.345540835639621
0.7624249433394141
-2.360602665648033
1.893682915348498
-0.3154445041061112
-1.890712188137623
0.7815260165097606
-1.8945708164541004
-2.3463745979446347
-2.8184830712098896
-1.8836570611643177
2.8321439595012063
-0.7726198869415621
2.3551373828583104
0.32269239377147646
1.8932055733980657
0.774906291664273
-0.8059917475680948
2.3576950114497337
-0.321860136968096
-2.3439581993688803
-2.824163992317313
-0.32466277942792526
2.3549157488827728
-2.8195608575662323
-1.893434309797537
-2.3511318663898626
-0.7996943924087654
-1.8793667301586292
-0.7791822773883476
-0.7844547287210222
0.7831413859163956
-0.7858338677688222
2.345450793048657
0.776909461243398
-2.364032077274686
1.8948664098854289
-1.8880574102161376
-1.8940085938581863
0.7849415390363376
-1.8887396201730524
-2.3506921862173593
-2.8225536814626713
-1.888027352458964
2.834770450823665
1.8918564165525489
2.348153683041557
0.32321250256837997
1.8917080757609632
0.7847048990677209
-0.7957751978393047
2.3667381329461517
-0.3216785115799564
2.357811844545895
-2.8238154366587533
-0.31994915938580315
2.3614119323869676
-2.8236602808829936
-1.885750670782152
-2.3548433987192943
-0.7947151050261694
0.7779529709756444
-0.7760691906984499
-0.7803309400658864
0.7832794818823424
-0.7852632763754569
2.3551257071574034
0.7929678915118312
-2.3731293632939967
0.7846853500289863
-1.8893009240810903
-1.8915632758352654
0.7898023284657592
-1.885775689637479
-2.3547194594652736
-2.8250587640482894
-1.8894796360138642
0.31972939694019226
1.8922066142521097
2.3361352011816763
0.3249818201227681
1.8913685838539875
0.787250731243266
-0.78691425169984
2.3568959375618337
-0.3216129084823349
2.357560175818361
-2.8195328825046424
-0.3154752173842726
2.3635147299426844
-2.8286257451623205
-1.8888515692608332
-2.355356366607411
-0.7816782542298442
0.7823826184685981
-0.7827048716659581
-0.7587636042851182
0.7831941369978291
-0.7787470548564389
2.361883673050237
0.7965076725938504
-1.8946863601093569
0.7849982414063058
-1.8940467403938142
-1.8902569770972344
0.792241425940454
-1.8903546476452275
-2.3574605986274064
-2.827254203947496
1.8866424635107355
0.3226869220377554
1.8893822977544763
2.328789855500393
0.33028446093866587
1.8965527861415246
0.7921344521198852
-0.7942735417270674
2.816325295025408
-0.32165671464706463
2.352494458985172
-2.8236283890314002
-0.3132578497241402
2.3590018884617105
-2.831590657760961
-1.8905870400183846
-0.3224135300849588
-0.7778589006820293
0.7796105435224929
-0.7855683250938348
-0.7486347763645896
0.7919545104560605
-0.7618427290580572
2.3647413684504874
-1.2511081562755897
-1.8899001982417123
0.7844153115921068
-1.8939216282085791
-1.886702490053508
0.7947319415121673
-1.8887333015611447
-2.3565036763494502
2.3483999782994536
1.8848342582540365
0.31701850740899623
1.8787717989124246
2.3444785578062177
0.3260292899194918
1.8868665271568636
0.7926984386768906
-2.3569040267814443
2.820079898737001
-0.31802100119310184
2.3575825884914248
-2.82554135373572
-0.30918456550202095
2.357933941403142
-2.8284632853418414
1.2449593876375582
-0.3242848670223274
-0.7880460876685312
0.7695864596770009
-0.7671666857247288
-0.7826667268939785
0.7886998447838959
-0.7600488305009256
2.358172112448211
-1.2521855373189243
-1.887299034604478
0.784098650362633
-1.8929166155971093
-1.8765689390345528
0.7918109835672273
-1.8860136199610111
0.3161829335892555
2.3527558449346913
1.8846299099556483
0.3154877822814189
1.8750619835320974
2.36190421395833
0.3248978316201447
1.8807068143134407
-0.3186839644239933
-2.359426437007943
2.8269278476083675
-0.3235265611885256
2.3537157306666234
-2.8267908229945022
-0.31483299449541313
2.359304583106212
-0.7854677336691167
1.241716924768429
-0.32756797177879976
-0.7868067251492029
0.7658364658366555
-0.7715936787682145
-0.7800425384968361
0.783447299386544
-1.8880081365328192
2.356339313813611
-1.2569675226096881
-1.8891798252462646
0.7800866390390917
-1.8880973848594897
-1.877195412562572
0.7891958978947518
2.3430563954441017
0.31252368917425727
2.36371055739016
1.887962566428399
0.31267187335615676
1.8809526878047858
2.366103073294987
0.3262166272532668
-2.3416745150123393
-0.31865495542703404
-2.3580778946928462
2.826385546567319
-0.32601178538254894
2.354719752643181
-2.817575555077009
-0.3184902764007131
1.2431157707461087
-0.7951723808702881
1.2432946964042928
-0.31498319110803374
-0.7927799418372807
0.7730526329758778
-0.7826285069815812
-0.7809121907397405
2.8333649618584826
-1.8926430584733294
2.358135036018688
-1.254929251826056
-1.8909364677588985
0.7843094064609197
-1.8927528691250834
-1.8850809092112906
-0.32477600957268726
2.34924423413912
0.3130612807618394
2.3568508035891034
1.8841723041962986
0.3216177879107782
1.886355628606509
2.3684283616800883
-1.253817319090416
-2.346274117012603
-0.31811106821173446
-2.3456951435757825
2.8245434198388897
-0.3197611264003049
2.3556739208428707
-2.820241884237241
1.8897925769665864
1.2487149240658835
-0.7918834230480674
1.240809081882268
-0.31313143364936563
-0.7859975126658446
0.7813445340693657
-0.7873699654658659
2.3546201012965766
2.830823913629181
-1.8950816112113393
2.3704629070707117
-1.2544600336304865
-1.8861889693840652
0.7873664696832582
-1.896173241378756
0.31404312357624575
-0.3204821175836191
2.347147342231227
0.31889583356286977
2.345687205615965
1.8881376342332998
0.3310147462648645
1.8856831506897924
-0.324722847676947
-1.2505511450213083
-2.3507860883330824
-0.31775038732443817
-2.3462130812401645
2.8242581535339726
-0.3143756977485373
2.3533712568204983
-1.2639030073316837
1.8857229733077463
1.250986819161619
-0.7817542787313062
1.2466065583293913
-0.32026574432600724
-0.7838044405541658
0.781713314463118
2.348513358666713
2.3543305420181153
2.8224231500330412
-1.8889087867421517
2.3690696768515545
-1.2473642867884602
-1.8907039620993928
0.7859321710904267
-2.829184042523932
0.31681432935072257
-0.317012400743907
2.3303763139990537
0.32488544392566
2.336205916641656
1.8904756267133431
0.33267354833106644
-0.7576322439978272
-0.3239455669130648
-1.250124333892976
-2.3515775197620106
-0.3153900998556454
-2.353807826000855
2.8213883490853293
-0.3121813307023903
-1.8837559975940883
-1.256207697043161
1.8838627119133722
1.23739802441975
-0.7873553789998783
1.24043014003287
-0.3220854900355906
-0.7793581865436652
1.8861019994782928
2.3384970167072585
2.3564498190914587
2.823639893786907
-1.8893415094603723
2.3584701805653627
-1.249254041362784
-1.886048915527262
2.358437210633345
-2.828196956266482
0.311381423287238
-0.32214622167074425
2.3414123874744934
0.31397501708325687
2.3324523419579464
1.892805864750439
0.7893939001038393
-0.7572004663566798
-0.3246611237689292
-1.255158314597918
-2.3510368193880153
-0.3216094633982934
-2.3549371325124895
2.8204437467524874
0.32628613325241423
-1.882806520966633
-1.2506068645621893
1.8899127562088038
1.2371160499795637
-0.8031700771107332
1.2379230402325823
-0.31904545017695896
-0.31815125739210426
1.8889584604834095
2.3391082311969633
2.3584820620180293
2.825321901821708
-1.8915487456351738
2.3584853018469127
-1.2508887721816557
-1.2389784286497596
2.3601602180567416
-2.823316278109943
0.30895270204768915
-0.3267197127439932
2.354380544379518
0.31233080283764647
2.339756850549764
2.354167313043421
0.7867603806118371
-0.7706802398602912
-0.31687999480585277
-1.2563691521593263
-2.3560605502845213
-0.3281550311082563
-2.3540057725603543
-2.353702630854744
0.32370257016596365
-1.8865179430623176
-1.2579012235848057
1.8941539595444834
1.2460437895395107
-0.805651358961136
1.2414059217586584
1.2483037356365851
-0.3201104314196351
1.897304932934656
2.3454490384740265
2.3559810130101755
2.8301186158721654
-1.8958070576042088
2.3626122555056948
2.357337332716625
-1.2440607911340646
2.358444542920674
-2.8244753190082648
0.31475059111355647
-0.3268302181213076
2.3451312819874457
0.3146405310721484
0.7856868538827759
2.348212369547549
0.7904586105695128
-0.7881622212545276
-0.3135615089562283
-1.2612563784175983
-2.3572515785812347
-0.32804738193059135
0.7822468648218803
-2.354673869581528
0.32602903808112466
-1.8908023295408627
-1.25719853919949
1.8956882718860777
1.2435686848732286
-0.7962257603163388
0.31972702927240254
1.2462709051499807
-0.323300888401146
1.9022307991276883
2.344075876992337
2.353873463249906
2.822823260157197
-1.897351536243107
-0.33342027269743335
2.3564496954442573
-1.251820475924589
2.3520480281948846
-2.8208653750163903
0.3231494333004632
-0.32525961980342255
2.334480315831449
-1.2532329001317075
0.7900869455248469
2.3495003593556993
0.7875881543406196
-0.8046835887325061
-0.3107245606209682
-1.2553304869072508
-2.3556198136124036
1.9027615507855373
0.7828052395109446
-2.361017761920623
0.31644654283491686
-1.8930067284681782
-1.243528764956309
1.8977664870929785
1.238543996278662
2.358851595839545
0.32391621329769066
1.2474906156436687
-0.33704230464221707
1.9038867258288712
2.3591001125130697
2.3571319539634468
2.8230419085443454
0.7907066038774438
-0.32749369671614553
2.353393023143504
-1.2601638428714221
2.3518794673709493
-2.8046215770727088
0.3268402130132865
-0.33180702322337036
0.7887869960497113
-1.2500092831628709
0.7913814281342276
2.3958793278030854
0.7852795393830142
-0.8395702630839059
-0.31373858480710504
-1.2580682788894286
0.7819610952902581
1.8964963917030817
0.7831804638760989
-2.3674020839043055
0.3196057451707134
-1.9087468945320776
-1.2403233350963059
1.9058754697110498
0.3171448544124406
2.3605921358161854
0.31909139828408
1.2619949301987785
-0.33709240023448483
1.905692015692709
2.3753555827258284
2.3610070132365677
-0.33311570011178265
0.7881171043149882
-0.324268437103063
2.352602664838985
-1.254514680122533
2.351543004742661
-2.8048983290879477
0.3294614237905937
-0.8113949119995526
0.7878280600447766
-1.2501340021928278
0.7859534897883333
2.3753962080307023
0.7829192245671576
-0.8331077160471688
-0.3100339089085175
-2.349129600554494
0.7816964461100887
1.8959299517912793
0.7830542720909317
-2.364551678686239
0.32062261064020087
-1.908010681226092
-1.2478227199874912
-2.3806103668954917
0.31663643892814747
2.363756351018113
0.31942887884045346
1.2522033749525345
-0.3259472720516592
1.8976797806578543
2.3613190605175576
-2.396701728551561
-0.3383569670420302
0.7877330489145018
-0.3270152855897573
2.353895648423745
-1.2520860793606226
2.3481319307142723
-2.8160624961284064
-2.3707967782710044
-0.8148318759960717
0.7928060507450928
-1.2510749567809902
0.78284421896399
2.359943522324407
0.7843771476979583
-0.8072845860183968
-2.3766725292745012
-2.370306999950324
0.7860129321040094
1.900294978506182
0.7859274833593083
-2.357028506803648
0.320061960402633
-1.8982861387088792
-2.3449981106675715
-2.3895209602994485
0.3202451284743368
2.3608094742872194
0.3238668423219251
1.2481356170611348
-0.322655363584349
1.895334576102759
-1.8790982182538687
-2.397117526631426
-0.33167390242029954
0.7911330629606362
-0.3280689417329196
2.35263238413767
-1.2499133101695874
2.3513992878211636
2.3682300019447378
-2.364919056584223
-0.8018530341922467
0.794154110782553
-1.249851439302975
0.7837770253300091
2.364100171979037
0.7849295756971033
-2.3532091957795145
-2.3613393285855677
-2.3781678633935788
0.7805705880514229
1.900830341561822
0.7857538341810175
-2.3570502271557925
0.3149348436607028
1.2500855645526996
-2.349530456833656
-2.376562451243255
0.326742321781528
2.36002363022186
0.3152482614952128
1.251670456375968
-0.32357217697207863
2.82626542095501
-1.8689710165435782
-2.376738327289997
-0.32768180356390314
0.7886503651825425
-0.31754712947671954
2.3570914047714426
-1.251259506790071
-0.3205860549235783
2.362353312845887
-2.3613452514488102
-0.7846577275026109
0.79307244364462
-1.2546599195589412
0.782552659396193
2.372796390202513
-0.7747446187309023
-2.3484919746672785
-2.3480772798328142
-2.363511846749331
0.7837288603572874
1.8941666717123835
0.7886878299634263
-2.359543806306205
-1.8812437137670386
1.2577654579850446
-2.342989347397862
-2.3435760026829016
0.3216669126909656
2.3555884069980664
0.316163288300528
1.2560623679830398
1.8909899201978628
2.8261911336002803
-1.8733407447698338
-2.357405366169409
-0.3201453222333756
0.7801256620679324
-0.31558026352281715
2.3549080431790794
2.3629645306990814
-0.31683252181418625
2.3816214712806985
-2.373809874788136
-0.7892780836331212
0.7854692679254028
-1.2568560044285197
0.7839521978249314
0.32197201130156083
-0.7760827043332286
-2.351830496353544
-2.382504445589125
-2.350339287502028
0.7889918930523617
1.8916860373379916
0.785610879252098
-0.7903686141866428
-1.885838418561901
1.26639002666768
-2.331619631423204
-2.3555906804076527
0.3220563629673461
2.348459026428674
0.3174971149872521
1.2556336405645108
1.8945461379156396
2.818364549899678
-1.8836449417376842
-2.362199432902698
-0.32026777724219063
0.7840721205958454
-0.32071184405755643
2.3503669762795303
2.3624333906840653
-0.3085839542695979
2.4010757456885043
-2.3841667166763787
-0.796694169861232
0.7804099123110098
-1.254522379412667
0.7836413019241073
0.3242753642406185
-0.7816183813348588
-2.359114337618424
-2.390962120293128
-2.3505497988330704
0.788490522378594
1.8899025311526718
0.3214966702224865
-0.7878255000597418
-1.8860843194628436
1.2673517594707324
-2.3318774189186997
-2.3680198701145456
0.3225741464294836
2.345635206728498
-0.7869515898829158
1.2513222086800029
1.896095711657849
2.816867052865733
-1.8901085640763002
-2.360975743577638
-0.32707929605322594
0.783492460566483
0.7755994151693126
2.349708636894756
2.3602791790718385
-0.31193276829509936
2.3919165038290444
-2.358603510065587
-0.792290952345632
0.7763650354981995
-2.8271761429517013
0.7819057729739576
0.31849186458949524
-0.7621466692431352
-2.3600452621265964
-2.3708940710973554
-2.360758631792905
0.7834813376572729
-1.244680368510627
0.31774624943338114
-0.7882789472213914
-1.8844227349375453
1.2578520886616709
-2.35633978541487
-2.3588983266520422
0.3236219430078573
2.334191663109672
-0.7878550910126059
1.2521540483478983
1.8827272293099344
2.824545087996427
-1.8849788008838706
-2.35826992981813
-0.3306825975411529
-2.814259798084205
0.7870636099243975
2.35543375630582
2.3567490360725576
-0.317651545137558
2.3504147962103876
-2.351994723181595
-0.7833144638855982
-0.7851749594006002
-2.8236509272713977
0.7809680687913049
0.3254419702337428
-0.7836864992127159
-2.35796740481445
-2.3575560299579963
-2.3661329352690497
-2.342827597563303
-1.2460485081121078
0.3205608579313768
-0.77943424940602
-1.88641742306522
1.2522562349597746
-2.360579044306331
-2.34584458741223
-1.8919159788265907
2.3491633320598946
-0.7900883638156498
1.2469707505930716
1.8904354668810182
2.8160196325847555
-1.8806869327982125
-2.3588901204672967
2.3751887778993286
-2.8093302602475294
0.791683964425146
2.35464538747921
2.356542936153361
-0.3164729033824355
2.355606551618532
-2.355765535496097
-2.352980374251585
-0.7832264555418816
-2.8237980277522747
0.7781420256730399
0.3257467475398444
-0.7791719078425131
-2.3549079781455937
-2.3537048298218424
1.2513269137381224
-2.3530443668300256
-1.2489364885698437
0.32132644174275077
-0.7811149552038535
-1.885315423071252
1.2481838483621095
-2.3658992796262814
2.829589625121074
-1.8916425193759112
2.3451213560701554
-0.7950197161899357
1.245532695420293
1.8908158168583165
2.8182168693201666
-1.8809196394163996
-0.32009303326097965
2.362140979652221
-2.810216275099291
0.7879462326910993
2.354813420273532
2.360735687360701
-0.31994281078561215
2.361217590023459
-1.2595688722924772
-2.3517726410498745
-0.765321388863548
-2.8258830003939925
0.7788344920001146
0.32238387111953914
-0.7767511779347959
-2.353834939164334
2.3534011397122248
1.2482672988958656
-2.3688553246714035
-1.2473598115584976
0.3255007618905473
-0.7849234437360557
-1.888753955662827
1.251239408681454
-2.823198701539244
2.830563219804579
-1.8920215421158235
2.3303982015878613
-0.7949171737588436
1.2451031340186467
1.8863137996669423
2.8190086075678273
-1.2501648381340145
-0.32025407627101043
2.354257708818803
-2.8137426359441764
0.7873037973846652
2.3491967511429594
2.3634154561594234
-0.3219907099693205
1.8948152154083784
-1.2557884711628038
-2.354984770800757
-0.7666643586211984
-2.8291146251155395
0.7813173320620342
0.32428090164936524
-0.7598973799464406
2.8305840910994604
2.3476239940041608
1.2477408505702714
-2.3832191160007223
-1.2452562671096221
0.3188858273201184
-0.784539669943863
-1.8922243076179328
-0.31852965179534937
-2.820617030391186
2.8260240699335344
-1.9029151889420126
2.3266847543522386
-0.7929053245796883
1.2471252487238171
1.8809524250039535
-0.7862729395591485
-1.249630105696458
-0.3217259691059496
2.352858715839217
-2.815606222639071
0.8160900431443023
2.345879770735892
2.3619845179998586
-1.8887824096632273
1.8937109066027047
-1.2516521792721313
-2.356450777940584
-0.7733711901702649
-2.831003044851094
0.7835922932639612
0.32980277277685105
2.3221068606494093
2.8259454355281566
2.33741531102884
1.2473114205842637
-2.3795242393003573
-1.242377676239874
0.31225704983896685
-0.7818244942639734
-2.8154008371934287
-0.3121939873920566
-2.816866363332202
2.8212589049914905
-1.8962121809860049
2.3340945735410275
-0.7871495547808354
1.2462482307750857
-0.7742313007431695
-0.7800416737761654
-1.2428194013277831
-0.31488198941139817
2.3560823346425797
-2.8164471326377845
0.8029529037477641
2.34968443449593
-2.378608107527783
-1.8868921359817863
1.8932127579658289
-1.2480197410297813
-2.3536705403903597
-0.7861070797539318
-2.827125657422259
0.7796698746560444
-1.8973977448406312
2.333871254491741
2.820865611503383
2.338188775730505
1.2480317280500077
-2.375727722771483
-1.2412988955512252
0.3095544484506764
2.3376715533148884
-2.8132339673998388
-0.31224692173179774
-2.8181763213388016
2.8192577733537965
-1.8909937154668999
2.3469515505858096
-0.7865018030147893
-2.8195159171804725
-0.7877578891662812
-0.7793930158760503
-1.247999059694229
-0.31523383211022404
2.3300298915125826
-2.8135602023964825
0.7914781837157285
-0.7800925601427838
-2.3660815035979934
-1.8837053086337054
1.8926464168675576
-1.2473263589567847
-2.3568081435768202
-0.7847387868070107
-2.8230632863434395
-2.3260416418967984
-1.892110909835718
2.353509376596613
2.8178668117624706
2.341383576532956
1.2464816577348332
-2.365130915753751
-1.2427872576355337
-2.3471430933350366
2.341442074700103
-2.8097208699109677
-0.3101433884008863
-2.817380973414778
2.816502867035445
-1.8923040857695366
2.347777801503389
-1.8977102971530777
-2.8146454628514275
-0.7852348849095243
-0.7781862204500714
-1.2501383152889682
-0.31369462846597634
2.3480137220219603
-2.813617416343755
1.8961464638431214
-0.7783369994617917
-2.3628414247567426
-1.878337410468786
1.8918960666125935
-1.2460297465334826
-2.3583197745448565
-0.7747299857025364
2.354900253794637
-2.3305343296929366
-1.8913438033434782
2.3602417151679402
2.814923129889407
2.3493841668997035
1.2497020261997642
-2.3653479982117203
0.7811274619223066
-2.3561814265762067
2.347034988516231
-2.8083540169069257
-0.3123546481598592
-2.8133048349989234
2.81310816807165
-1.8925269655694006
0.33014624000703635
-1.9053188249795758
-2.8122525177530586
-0.7835023889920784
-0.7788424319576815
-1.2519676460727753
-0.3174381547411469
2.350619783152822
-0.7899183695226031
1.8996648709306376
-0.7595315108523346
-2.3733556019784388
-1.8770590909653018
1.892096251111462
-1.24380989085976
-2.3584785841583966
0.7764211243263948
2.35520591904042
-2.3472246815624067
-1.8934671981811582
2.364293758858505
2.818918720752722
2.3645396291452725
1.245314943647238
-2.362404323517696
0.7844656284142123
-2.347517353307437
2.355791370950906
-2.8113188616263955
-0.31639753106986157
-2.8120831710772767
2.815600449725091
1.249089722421713
0.3278500212349189
-1.9117866510267585
-2.8111094200311606
-0.7855160469246962
-0.7924668470939784
-1.25435680174245
-0.3215820884805112
2.3509146916960093
-0.7887274003133032
1.8933248464111432
-0.7986142580604954
-2.385562209838125
-1.8823539671274272
1.8968413199304681
-1.2462017403375896
0.7872603525243161
0.7683694725660368
2.3515769766871784
-2.3591246151000727
-1.8981818418239318
2.4130581659076307
2.814859960080848
2.375475378359495
0.7818471200592292
-2.3646889268773754
0.7832417538384878
-2.362060477418919
2.3594806421288483
-2.8186231679997946
-0.313716073644649
-2.813921829794923
0.3238051119268546
1.2484353924888276
0.3216634427911661
-1.9081518641154869
-2.8168431973932573
-0.8045204045401391
-0.8035163493516014
-1.2582277624908484
-0.3204372402602492
2.347161202981973
-0.7875333771991956
1.8884714820945434
-0.8010766411959045
-2.378778461549357
-1.888249882994317
1.900755564463796
-0.7857796242872861
0.7869740202540638
0.7696900847297128
2.346816081510919
-2.3512569764397164
-1.8938837308262624
2.4003771139802605
2.8152002750622116
-2.3547247095965185
0.7805249807791091
-2.362045306918861
0.7817380390511486
-2.3537530206113995
2.3518734308555835
-2.823036256935503
-0.30496803755761703
-2.3542705605847165
0.3264618239206287
1.2491176918988
0.31786945899520225
-1.8994532966220359
-2.8145433061025162
-0.7815030431575596
-0.8040905340178771
-1.902797353761615
-0.31514320619998276
2.349278799367241
-0.7879376409156815
1.8899445430992772
-0.7869716304370357
-2.367776117141911
-1.8808639038548054
1.898379871757587
-0.7799585390558671
0.7871589268015777
0.7804114831656528
2.349928726898122
-2.333159424475241
-1.887504353431508
2.3750261197379476
2.8145201489330085
-2.350044522001664
0.7839367485443239
-2.359068575859116
0.780511886597666
-2.3529820174155365
2.3483906951354823
-2.8176261322191354
-0.7699858404015189
-2.350671958367252
0.32918572483118014
1.2501100836168635
0.3232382611798673
-1.8986385225523297
-2.808129031760403
-0.7785997191859426
0.776799230786761
-1.8990125439655665
-0.312793774769554
2.3525909802219287
-0.7887030425191721
1.8955516430928858
-0.7816761050630054
-2.3656661037763125
-2.804255458846734
1.8930466260860501
-0.7765210535918148
0.7950534943175703
0.7822728342128127
2.352423877337975
-2.333658022449996
-1.8849936594586283
-1.2520539295639075
2.8138877969983898
-2.332254875336498
0.7865724887494293
-2.3568067337527414
0.7897112755494432
-2.3522466346853013
2.3461974904413125
2.385581250318639
-0.7726364054289483
-2.3473931764963085
0.3292488525310784
1.249233735188685
0.3257790400001564
-1.9065415036091284
-2.8057088477665504
-2.8222161151185285
0.7633366381095941
-1.8943700426412617
-0.31725699012463565
2.3568008944990937
-0.7843555588456805
1.897589246680379
-0.7835761969312753
-1.2610989246532303
-2.795635639891403
1.8911295858258468
-0.7811264699065922
0.7928878841576992
0.7784649941802955
2.353841831803226
-2.349174255074528
2.337623882286394
-1.2575826540668504
2.815768552637014
-2.3360433048404947
0.7864101981148567
-2.3593465550533064
0.7902296974399678
-2.3576471355302457
-2.3538013958741533
2.404859673842951
-0.7778936081759628
-2.3433678252087136
0.32301761570335474
1.251448942176395
0.32317199044918943
-1.913921834790166
0.7600451252909206
-2.8250294040554578
0.751066764132634
-1.893025591132765
-0.3194389822064655
2.357272697195868
-0.7798883668944471
1.8945800375670254
-2.8172492405687084
-1.259589445069498
-2.7994504170002963
1.898538124011526
-0.7947605031889915
0.7887703151063501
0.7798973249840088
2.3508293314726414
-1.2626922227540658
2.337138814065337
-1.2677235016863617
2.818259540493816
-2.352775282326128
0.7852904975286833
-2.35935988711691
0.7862974043178598
1.893587123771262
-2.3543376924066672
2.3993264437553172
-0.7807437718503909
-2.3591452558083046
0.31452404220791885
1.2528075784886912
0.31887411949522154
2.811574920151683
0.7682805942293532
-2.8308017583787226
0.7714565749494051
-1.892363100827867
-0.32043359766073887
2.3549896516803703
-0.7816356517524299
-0.31974984709192983
-2.81861309080348
-1.2528545095681083
-2.8176375550114803
1.9022253925028763
-0.7907108043768896
0.7833056475025001
0.7852291054440128
-1.2389874147037387
-1.2547316858197055
2.3284245710217975
-1.2602154098212808
2.825168690983863
-2.364640850342798
0.7841999541233334
-2.3575200081932324
1.8880229417741339
1.8919787019337873
-2.357562522338504
2.3602554706151038
-0.7799678867702161
-2.3613491491264127
0.31315159254621117
1.2496958885179852
2.3551889105439177
2.812013189735797
0.7659529758021838
-2.824570548837206
0.7859258381242467
-1.876094984858575
-0.3167608225562483
2.354549831464588
0.3136675009771465
-0.32261577537181535
-2.8175736738225674
-1.2484755049811778
-2.8161138628015063
1.8959704558411845
-0.7924344299174243
0.7844646785256181
-0.7856815240798689
-1.2376840961571378
-1.2490875588542112
2.3592149930128348
-1.2495508199543435
2.821020212720757
-2.3474710834504977
0.7862768573285119
1.2482385490124603
1.8925983464006944
1.8958431490988277
-2.3547033460251185
2.36392307963769
-0.7866315249489472
-2.35318742526276
0.31803217257778693
2.3532731348485862
2.3559289266646193
2.820480029562077
0.784653353117099
-2.8155463664562084
0.7905191119749582
-1.8826430864875103
-0.314859809719777
0.3197431776587662
0.31809863485274226
-0.3256109919060244
-2.8263903956661167
-1.250431428671067
-2.8234288759472537
1.889549472502958
-0.7947398791774081
-0.31748381999842473
-0.783807926343222
-1.2431661131463372
-1.2504286063819663
2.3642197669356406
-1.2479896744624144
2.8245756971430906
-2.353658980305786
-0.7833336739951395
1.2507719709079284
1.895050287316653
1.8868771282774703
-2.3509287069111497
2.3622428074297224
-0.7843858429613171
-2.3440477715309798
-1.8908038245012262
2.35666825671409
2.353083109121786
2.8225856045979643
0.7858870993518625
-2.8207437695944333
0.7855301665845416
-1.8902891154732617
1.8890488460782295
0.32062414076996504
0.32415940042723645
-0.3240231930907644
-2.8296510821819485
-1.2525299989398868
-2.8284849438345954
1.8926971483006014
2.821758653530308
-0.31246847943552186
-0.7834248314121509
-1.24965108236255
-1.2517233340866625
2.3472254730283098
-1.2505327322006061
2.8238549488897204
-0.31594960695074936
-0.7812045415209936
1.25184137527276
1.8904847547972132
1.8832050579248578
-2.355861342373598
2.3566585671375506
-0.7830022967036154
-1.2539448084820364
-1.885222946849838
2.355769630137949
2.359591369886918
2.819308142315789
0.786780222126691
-2.8193626903499607
0.778032980609892
1.8891422922361314
1.891851899917133
0.3223822805036166
0.3225617136763252
-0.3256966053022227
-2.816644083179719
-1.2510023832019943
-2.8248445314755664
2.822531532900163
2.820505775467279
-0.3110214881358093
-0.7910303894530509
-1.2464208021844871
-1.2466531229569204
2.3586324439237414
-1.2535650961168685
-0.32378582396724875
-0.3091037584071492
-0.7868962834312574
1.2503428905373286
1.8869942859324078
1.8984505445519624
-2.35287395365425
2.3485389753834345
-1.2455666699368972
-1.256150486139202
-1.8824856729253687
2.352713276161761
2.3570892723014767
2.8187508713419387
0.7828843225265566
-2.821914758638343
2.3691587877140985
1.8816419137509022
1.8943701751955495
0.3234017194391883
0.31617383461591064
-0.32538345470145524
-2.819345967961217
-1.2490493809267735
-2.81963339117377
2.818837431409382
2.8203220080710842
-0.31736758096754225
-0.7857565860412689
-1.2457444717179327
-1.2476124471551013
2.368121422260338
-0.7952527872905468
-0.32317589305141503
-0.31041727616811937
-0.7915988990412091
1.2482730685607313
1.894711177212304
1.8945653923708659
-2.3548251497068318
-1.8877491715830028
-1.2514339664305532
-1.2508104942994787
-1.8826743822581584
2.3482030300597048
2.356578770064851
2.8192869930649485
0.7914973324103378
1.8920611595220003
2.371399284556545
1.8825679135194253
1.896565260707521
0.3254305886106573
0.30869363192047544
-0.31725161061459695
-2.820711076661368
2.3560305134839643
-2.820381998986332
2.8123028761218163
2.8328106920020812
-0.3177861071003241
-0.7902023065404258
-1.247235840394736
-1.2484180966933176
0.7843760273458511
-0.7877947604689677
-0.3197724554846991
-0.3302534034390021
-0.7740587088251492
1.2507517384143503
1.8956474259884843
1.8888100227382372
0.7857767980711547
-1.8872458213934937
-1.25058584133583
-1.2513529210450645
-1.8873079910852477
2.361750550429291
2.3548507140034785
2.8190782269378554
0.7908892101793291
1.8894180504063018
2.3577757619855544
1.893250769488517
1.890560471399032
0.3248235631511581
0.3126629639848001
-0.31529498732779593
0.32066361200847426
2.3569630488733613
-2.8263574957502806
2.8181852531358
2.827464768182265
-0.31718097708349036
-0.7883683165272618
-1.2496667612778602
-0.3203007015287503
0.7844935021515422
-0.7862677646003298
-0.3173602547766921
-0.3255902625263113
-0.7661228100831917
1.2552612870006492
1.8932696700191909
-0.774620808248132
0.7846007923100656
-1.8893079792481735
-1.2487989191972027
-1.2480198839546344
-1.8931768231832025
2.358486588190199
2.354418685205804
-2.353381476410408
0.7905674905042351
1.8928179854563842
2.34180242642985
1.899065823391993
1.8838264961221565
0.3210385767439547
0.3205006406002328
-2.3358331370311127
0.3184878937041149
2.358284339239878
-2.822416436621569
2.825867575805425
2.819710298689814
-0.3204261412457442
-0.7860604163384781
-2.3664636252912765
-0.3188492606019444
0.7796004097265054
-0.7672779742201201
-0.32437352418201226
-0.3257510226802132
-0.7698024532123957
1.2559847661544639
-1.893884778127185
-0.7876802619408594
0.7817395561684104
-1.893115978410658
-1.246617541540818
-1.2499692307468575
-1.8922734037319475
2.3585319290194624
1.888022962842616
-2.353581935475274
0.7881615399313545
1.8820183332675384
2.3559895472711627
1.9042917273520312
1.8818576956674544
0.31981419009805034
2.8159232502890106
-2.338090785160802
0.3189572616344792
2.356653275361524
-2.8212257628220607
2.8185828396271857
2.821769922724545
-0.3249355147685686
-0.7845290406068882
-2.3667282858804004
-0.3202140248635248
0.7806329875504222
-0.7718311153967002
-0.3207779349557684
-0.32972027404650267
-0.7823035372674297
0.7892681435737813
-1.889642577752487
-0.794345006392132
0.7896317724699128
-1.8921842768262611
-1.2473028376467874
-1.2528828720506402
-1.890275982537006
-2.3525190169800356
1.8857391914002277
-2.3554090313651037
0.7870937676043205
1.886135456189487
2.33630420888932
1.9054601268108962
1.8870112596061253
0.7924364182889082
2.819705863594133
-2.3532535676793405
0.3213502603139206
2.35764600981419
-2.8211923283029194
2.8188920381033813
2.8248182665117763
-2.3599466853361992
-0.7860355712937278
-2.362894735153809
-0.3221327071187019
0.7838085104601625
-0.7543876481612775
-0.31485568151842064
-0.3314878685245324
0.7997101740246221
0.779104220274832
-1.8934096112595893
-0.7867509040291587
0.7872180072182475
-1.8876041826622014
-1.2463913999370773
-1.2550647367867016
-2.8173370445207793
-2.3560530916572695
1.8859800888211007
-2.3793253633464904
0.7870018451782267
1.8884723803780077
2.3244370597441018
1.8994185845770875
-1.2477695017998962
0.7968281799390768
2.8277324674470865
-2.3636351401340656
0.3132759609589359
2.3504186089772934
-2.8168695306314455
2.817957288763437
2.3689888034354483
-2.362442853086586
-0.7907156763443952
-2.344055876751955
-0.32651206541071365
0.7851396787359054
-0.7729698238432706
-0.3135334083920933
-2.3545970517070742
0.8070442960720212
0.7832818880781055
-1.8927672748380044
-0.7844027652467491
0.780465739468927
-1.8881706940590979
-1.2458415606646196
1.2543753657842331
-2.8169053273451037
-2.3603196939437536
1.8877920584472312
-2.366851553640625
0.7849404585283813
1.8906812862693914
2.3296366942795133
2.3608019573086625
-1.2452867769580251
0.7895495906234254
2.8341832559530866
-2.3584275382412065
0.31121764087005294
2.3528291765402383
-2.816933177577656
0.7862346409650323
2.3655632288917725
-2.3622825047714726
-0.7975154120173966
-2.340375381036263
-0.33329287030701726
0.7846082680992824
-0.7750930321180702
0.7867110147008816
-2.3548442719397027
0.8010300928593537
0.8005363025914198
-1.8900266365719862
-0.8042293544410891
0.7811585409270005
-1.8904725118729946
0.32349408562522336
1.251547193944693
-2.8167659389162707
-2.367694197545462
1.8879351173731327
-2.371752934160405
0.7808097345308312
1.8850157757914574
-0.782479785585456
2.364560603888379
-1.2370950108122298
0.7832522333090546
2.8318409113805356
-2.3761053369141956
0.3157805883908226
2.3592744984927947
1.2458601427264016
0.7854191066877051
2.356785742656905
-2.3521011931852436
-0.7903404834666059
-2.3515324880015505
-0.33336630494485564
0.7834606382167825
2.3474180835213145
0.7886698036868278
-2.353437636429396
0.7800457277853411
0.8099205641553529
-1.885676021665144
-0.795977103124913
0.7882962076289953
0.7833010371331247
0.3236766369894316
1.2471660514644065
-2.8184295708025338
-2.363930674666171
1.8992826445395907
-2.3843489509871327
0.7801459278515671
0.3221373395703001
-0.7836304382790835
2.3669779261642137
-1.2519268562496455
0.7610998974891735
2.8274202537075874
-2.3720268561139504
0.3204762346011859
-0.7901162913494224
1.245277294718168
0.78567564660403
2.351684239608914
-2.352956698796908
-0.7910521519301305
-2.3465177004642697
-0.32853658188495316
0.7766752442992206
2.342504868994386
0.7945526324846105
-2.3579197431013945
0.7990208197188725
0.7926676474494121
-1.89306963191766
-0.7921971410417389
-2.3638346445472185
0.7847127053603987
0.32478745059582464
1.2461188492674198
-2.822009960343169
-2.3645894252465625
1.898955116627997
-2.384891731734596
1.251743664157567
0.31467010829787456
-0.7801118861650665
2.3567063311039798
-1.251704363995221
0.7725410811856528
2.819713165903685
-2.367970352863593
2.3481874764098105
-0.7847195661966545
1.2455781766387453
0.7840562017510808
2.352351645303863
-2.3494841942901132
-0.7875011068830184
-2.34895177995944
0.3247613700430681
0.7797381450411873
2.3450135830145906
0.7979603335568635
-2.354308618360705
0.8047456844761869
0.7831893407287238
-1.89022077774008
-0.32667935890552824
-2.359445969049603
0.7818705970361224
0.3257188879922202
1.2441296287758363
-2.8248712540094387
-2.358816531133872
1.8911296431593227
-0.7698843943262216
1.2537098423868192
0.31419985992948773
-0.7765038371738654
2.3554191917997525
-1.2458446766089952
0.7838273921978977
2.8196757075646333
-2.364104767817403
2.3519444905366687
-0.7796608634777334
1.2459287145666333
0.7822314870469893
2.353676915406206
-2.3420763286947217
-0.788256948380091
-2.3439695706877606
0.31983078739390997
0.7855619175081638
2.3521975061228346
0.7916136456638017
-2.3496108967657725
0.785814179376675
0.787161779170867
-1.8816261763902322
-0.32886246792089635
-2.3514354224170226
0.7822154317157854
0.32284638983296304
1.2443987161466126
-2.817599883869101
-2.356765155055846
2.3680294702322913
-0.7795382028169625
1.2477648191266433
0.3313850215803979
-0.7798612057270617
2.3599372540220163
-1.24738833042152
0.777075285292868
-2.3524332653510616
-2.3658151690019387
2.356543727318772
-0.7849843520344161
1.246919097577334
0.7869427383919462
2.3588809775359296
-2.3398967972793954
0.7964712715183194
-2.338849599514999
0.3126847896109471
0.775084437563903
2.354433215824349
0.785352769583582
-2.3517419298517357
0.7690873518952603
-2.360670380164025
-1.8793417176075593
-0.3251596240546131
-2.354326151844211
0.7824371349028743
0.3244079351980837
1.2464170475567928
-2.8133485808433547
0.7991583240251944
2.3862263242714183
-0.7932309852101359
1.2408731344579085
0.33271984018191436
-0.7878698065945889
2.3605996497387487
-1.2555717989104807
-2.809598238348124
-2.3553639159027098
-2.3675235818190354
2.3566430924075723
-0.7878531057779459
1.2449785594024831
0.7855099625874068
2.35736524481358
-1.2488818618329438
0.8123196024334565
-2.341798471990548
0.3159330983512813
0.7679481029657342
2.3486503052483627
0.7879420746872415
-2.357198598627217
2.396215707670281
-2.362314757798958
-1.8862557189941058
-0.32099249810281544
-2.3569100181592604
0.7836130788051661
0.32398158797401955
1.2458912078978635
-2.359677295231049
0.8108313942622949
2.3869620632812745
-0.7885172670963778
1.2455693416901283
0.32465371695048767
-0.7875990913825697
2.3569875398272537
0.8217073486524483
-2.8056177029267713
-2.362124333938325
-2.3701724894522154
2.3547244571401085
-0.7881531403033752
1.2481608663552244
0.7848660143296768
-2.8242270425875398
-1.247790804712413
0.8219952594160191
-2.3433460312767562
0.3211717892899148
0.7797881759060651
2.3481134359725004
0.7905066410385573
-0.7536626189526536
2.3925864157913392
-2.357556922605799
-1.8896259956974313
-0.32246757693610784
-2.357914548844167
0.781959039283542
0.32923485479240233
-1.8892031930567748
-2.3638062607559984
0.8046970050509005
2.3779312442009393
-0.7864695389296338
1.2446819176779507
0.3171445661031158
-0.7872429820547618
1.883760218832019
0.8257999960020954
-2.8099001115756863
-2.3555204418064086
-2.3714010379991324
2.3554459449289604
-0.7873573288924576
1.2444076208610786
2.8212892967840886
-2.823654376945791
-1.2390267541131563
0.8290777421714856
-2.3497597789912428
0.31563259988167247
0.7988167380277102
2.353501255218674
-0.3234815930307511
-0.7426044463458255
2.376427337794195
-2.3599948374151882
-1.8843707069771203
-0.3160107372996987
-2.3561401141632006
0.7795287548824795
-1.2461295515488806
-1.88912652015104
-2.36356659101361
0.785767738246124
2.3651965713106735
-0.7784318311675155
1.240188363703089
0.32427198454277
2.362519312060718
1.8809923990462842
0.811492084599775
-2.817525801074237
-2.3553877026944146
-2.35616382903735
2.3562118373050396
-0.7892950080236155
-2.8205438348663354
2.819551206348317
-2.8196810466982036
-1.2433305775651162
0.8053468133435578
-2.348938897035624
0.31200325955676145
0.7904927709314039
-1.2524174264196415
-0.32684637987707177
-0.7530692832093717
2.3669588023792083
-2.3565741929730333
-1.8951757735915884
-0.3143739415555797
-2.357754275219332
1.8896258641300971
-1.2415375251404548
-1.8929319186377038
-2.3558407898447618
0.7811018812476689
2.3657215732135186
-0.7836062725626803
1.2425102154103638
2.8080263973988595
2.3643994075281833
1.8864237882005324
0.7984092305408724
-2.814661106529798
-2.354346535073522
-2.3490631839112712
2.35658347354867
-0.7903853295539407
-2.8165488525711972
2.8164439318679353
-2.8182694926828735
-1.2456886379384329
0.7924372656539616
-2.3485468473675595
0.31600289109833596
1.2372873308809913
-1.2523470800980154
-0.32916763330345605
-0.7682154445239379
2.373744292618207
-2.356475219400701
-1.9001178333747726
-0.31616955250040724
2.3579501438487793
1.8925861706998217
-1.242073911059724
-1.897801058324244
-2.3563019561382577
0.767758400928946
2.3759653905975546
-0.7894934052174629
0.32002764132488537
2.8029555854773642
2.36399793249068
1.8901397284126056
0.7941631336769794
-2.820156773758462
-2.3558941349749998
-2.341073822879793
-0.7852089069899038
-0.7897490918858623
-2.8205696832064375
2.8176936367385057
-2.81551010881963
-1.2437364205565404
0.7941536372209054
-2.355110850835461
1.2505841972126703
1.239544378708125
-1.2463757937363011
-0.3246268046754248
-0.7801626077785249
2.381561701400392
-2.358347777044536
-1.8968781534437196
2.3549725557787795
2.3565231720737922
1.890342011710364
-1.2496284831423272
-1.8963516085667034
-2.3518301762200937
0.7704936003793771
2.3705252831205716
0.32691539861590874
0.326452192368305
2.8093560915033944
2.364605632810671
1.8878054353220797
0.8166241138092796
-2.819979080313753
-2.3521350179495757
-0.32498698541672444
-0.7845571639319703
-0.7878145577253707
-2.831405747524411
2.818669986409621
-2.819900340153153
-1.2413934922037748
0.8119725293541253
-1.2453349229456783
1.2460594466247157
1.249338209155946
-1.2515343158195575
-0.32279835552599473
-0.78009700646801
2.365982683270157
-2.358203291055795
1.8843721103519215
2.357242168572643
2.3564861933222883
1.884726772533979
-1.249474756284491
-1.8974187102187543
-2.346748765970448
0.7817932720001616
2.355913176273636
0.3298056022028776
0.32774957853234443
2.822127136115164
2.357895139662842
1.8900969425799976
0.8151848084731456
-2.8206671033565938
0.7759507689406968
-0.32112439565153084
-0.7838371611392199
-0.7883013885294787
-2.8294386641239657
2.8240017859669964
-2.816529044699731
-1.2489497215663263
0.33200457678637746
-1.2423571537494877
1.2389043411560194
1.2542217491340677
-1.2495046145729
-0.3265047240211249
-0.7737110329667795
2.3545911382706906
-0.7866734962755904
1.887651243197759
2.354490313896605
2.3618031406650024
1.878960042772317
-1.249744029769082
-1.8976652874000532
-2.3457887677871754
1.2531346190663106
2.3543611803157103
0.33034751137132284
0.31996079616738127
2.820752909528718
2.378560388567602
1.8893562907522743
0.7978386925977646
2.818887643126376
0.7762905980081272
-0.3155599203053012
-0.7865197179790074
-0.7893957349372058
-2.8231304131782875
2.8252016299866503
-2.8157175940883983
-0.7868926925171045
0.3264788341591597
-1.240679218508221
1.2445773970936809
1.2481564625117751
-1.2541105768447895
-0.33144783509076314
-0.7701654845198115
0.7561107933601338
-0.7876484213942205
1.8939131138353558
2.353538161694652
2.360547815844259
1.885288601576778
-1.253539212227281
-1.8925699935482512
-2.8125053968672864
1.2486472956518697
2.3600859076829876
0.3320892908940014
0.3157010899315196
2.8242943056003273
2.3774306041306064
1.8895404590302705
-1.2548120789556654
2.818650665322336
0.7822878631800364
-0.3211602792685211
-0.784745160498991
-0.7881728268573398
-2.8208425806484776
2.8332878597829265
1.8997899067658963
-0.7815276335741249
0.32080092577612346
-1.2354590482770251
1.2488829094946925
1.2534320258314577
-1.2494369026881977
-0.3309774371739352
2.8162272971314453
0.7600086852955686
-0.7871138953594489
1.8963178901369144
2.353507693505552
2.3546373462931025
1.8922494460309158
-1.2602934619861494
-0.7864672737480687
-2.821322908594378
1.2411370949051888
2.3622466884457465
0.32565068451359724
0.3239991475947708
2.8232666193015823
2.3668149641741296
0.7799529150177293
-1.2621526556927019
2.8216022646428587
0.7869840926087921
-0.3249856679112709
-0.7816092105840527
-0.7916170729260293
-2.8236617356157927
-2.354140378051416
1.8963005646815894
-0.7761623341186729
0.3211464978555317
-1.242857556884737
1.2482671167473787
1.2544847486374948
-1.2482468624372351
1.2523366987239104
2.818067872256624
0.7848169001464529
-0.7830756940712685
1.8899929924646701
2.3547177408606945
2.3570366142038357
1.8928575772096612
2.360051308287252
-0.7911406563179962
-2.821640755910518
1.2430764358595316
2.3602758610821697
0.32015211042961383
0.32839680675768157
2.820463475073288
0.7871772432217181
0.7812417750929572
-1.2588840805498533
2.832774491255547
0.7809896063857388
-0.3311938413361272
-0.7826621701425566
-0.7899585914266526
0.7872849992419101
-2.359845562183969
1.8895888409639683
-0.7911012932470364
0.3277954078129518
-1.2517498564920724
1.2436078891780784
1.251773265246382
0.7871267354544967
1.2473671807561701
2.815724835169718
0.8040860741776689
-0.7853553586292561
1.9024685933064889
2.3521357179817097
2.359930917350576
0.7825991278283032
2.354582693207295
-0.7915438076337737
-2.8213831163400114
1.2437720811489301
2.364397901661788
0.318774181059077
0.32565835630553164
0.31918625600760364
0.7836859957241323
0.7805028902151138
-1.2521762191250527
2.837290623330087
0.787859909340058
-0.33760638477394395
-0.7860376666825292
-0.7862163882630786
0.7852179545127678
-2.359344269556107
1.889749262306549
-0.79358447898609
0.3267622684458243
-1.2555972673712645
1.2448173306640131
1.2490071784675207
0.7886558966350179
1.2422097568209616
2.8091627844058493
0.7987726236030518
-0.789937096536612
1.9075179546076984
2.3551715870615477
2.8216996811289814
0.7788576710539821
2.355103934538004
-0.7859583819645797
-2.814397187718885
1.2503282256405357
2.3604870918873906
0.3214583939947591
-0.7844746458231414
0.3163507360132541
0.7859369480268393
0.759520290644087
-1.246915879526248
2.82909960317488
0.7884343985854679
-0.33691002063280284
1.2557645259138495
-0.7852599671090357
0.7849015160308664
-2.3476230121004575
1.8963267476064305
-0.7870051851031724
0.3260307030690694
-1.2523792899779975
2.3546862810027953
1.2501472180156532
0.7883958488076472
1.2461448946833773
2.811122251198439
0.7646980973481639
-0.7890868912696944
1.903884081973184
0.7818024558950868
2.8171247675388424
0.7769570943749802
2.360166361580948
-0.7834638185631587
-2.8132293875460856
1.248028013098248
2.3588125621976204
0.3241816592759404
-0.7858140621605367
0.3156052166798052
0.7901155245613276
0.7473613425713693
-1.2514132143379155
2.8222123237211214
0.7873715947445983
-0.3294413735347844
1.2538244201123017
-0.7879634817998241
0.7843336721141483
-2.348344523003328
1.8995552802382738
-0.7860710322913993
0.3241828269860713
-0.784125935347377
2.352212577140939
1.2527639871352383
0.7938104413581152
1.2543008218765306
2.8145654054780627
0.7659535456281137
-0.7836477230601305
-2.3810380647438523
0.78394359774989
2.8206783573392302
0.7885380642375308
2.365846746884096
-0.7798234146385478
-2.8099834420279652
1.2426707551733596
-1.8932042736462427
0.3227006203896646
-0.7860614678342802
0.32434186902215867
0.7909139160131413
0.7819307552534889
-1.2608280508547638
2.8191468186479876
2.340049104979009
-0.3254578685140599
1.251429625803494
-0.7796479756642875
0.7860202140186292
-2.353644446112079
1.8992015056626896
-0.7922890994152428
-2.8247241646982877
-0.7904386066374282
2.34973004546514
1.245793225906837
0.7930034122737417
1.2495858110301352
2.8175912453931153
0.7848385772590953
-0.773065149929802
-2.366834496956134
0.7820633612314596
2.8193269265377014
0.7858489034813315
2.3612415392694963
-0.7764726003914011
-2.8186471891371983
-1.882993052323509
-1.8989967894214361
0.3196910446326117
-0.7864551620937196
0.3196542090720387
0.794442939272426
0.7771223741348421
-1.2611883536175759
1.8940889747940652
2.34513197693305
-0.32768472420003164
1.248994528270172
-0.7828128497096957
0.783708438031405
-2.3523186399509504
1.893822924550235
2.368059700578875
-2.828866791641914
-0.8000826233639022
2.354563951795191
1.246721709228249
0.7858563242106494
1.2501635372792534
2.81572977707495
0.7881238854254353
-0.7858032047971405
-2.362878629471452
0.7867812616971483
2.8116969069626316
0.7868531140584578
2.3567352240363153
-0.7776427908215384
0.32680801616977007
-1.8858255363818186
-1.902570432271063
0.32214683173527997
-0.7859915950056492
0.3212357569407987
0.7903232794756271
0.776536436837831
-0.7838663094830444
1.90092549657838
2.3444873969489084
-0.3360209651262207
1.2447678698652642
-0.7834001749582178
0.7850455632044602
-2.347491317091019
1.2511027549947447
2.364682945709388
-2.828403211395291
-0.8039035021088828
2.354247090863218
1.249172244668762
0.7828375163041947
1.2481436680528255
2.8141113666997177
0.784545109441569
-0.7974189600406024
-2.37634075685702
0.782193896145577
2.807607529876161
0.7884348702936242
2.356944594378457
-0.317633933130251
0.3218500092061394
-1.8905138611482684
-1.903123474937196
0.3212934803787077
-0.7882742435760032
0.3195986811809484
0.786283305168322
-1.2473023068916633
-0.7826253942778849
1.904695091564213
2.3469152096204486
-0.3377026982983405
1.2413198350299872
-0.7808109872440557
0.7863397908300963
1.8850459893922018
1.254280058948647
2.3593357065551825
-2.8270766873944155
-0.7922859908981518
2.3572239247353832
1.2530276318185236
0.7788819032659546
2.824274916798185
2.814855913186914
0.7757068480091596
-0.7854340162463473
-2.3769247155352202
0.7824811717612931
2.812135740526554
0.7878703230905122
-0.7891153031310634
-0.3170871263553466
0.31230293076591076
-1.887107798344026
-1.8972422672165759
0.3262845357730371
-0.7856815697872216
0.3170165871097124
1.250651044026931
-1.2472686320963529
-0.7906657348541986
1.8888851999367426
2.364175426752061
-0.32655409526497436
1.2443901538522553
-0.7804576126393953
2.3571910527357613
1.8911925362861324
1.2600453358577148
2.3583623764628276
-2.826554491558244
-0.7667778743083996
2.3642836770873994
1.2546191016669157
0.7790374821888916
2.8232798631145988
2.8181423307489433
0.7790791499878842
-0.792012124012524
-2.365230047696014
0.7844609283918942
2.818070432720106
0.32223850458233405
-0.7911138367887035
-0.3126591695605058
0.3148258497688894
-1.881475703127431
-1.8946001855502215
0.3239316471670297
-0.7845010740052316
-0.3274092129085294
1.2557094443030585
-1.2472548165314936
-0.7931880226656838
1.8890099715394302
2.3647072809180596
-0.3229864706793538
1.24751993231705
-0.7785183978995199
2.3579058873708965
1.8921846005030925
1.2579407050826799
2.3662233733976628
-2.82446389362702
-0.7859018797048181
2.36634489937372
-2.3656364937769276
0.7829947909303497
2.8222151184331805
2.811888692355656
0.7810872850923972
-0.7810824587629002
-2.348286511790927
0.7854029952164346
-1.8906154092977445
0.32017544585885344
-0.7888459895841639
-0.3178165794569538
0.3218813986983084
-1.888665605283347
-1.8916563063465286
0.33345349935612567
2.359415623243119
-0.3249880694717868
1.2567917481291433
-1.2326188244354872
-0.7921136035753036
1.890014834927898
2.363257072103439
-0.3279922809529762
-2.355976100658691
-0.7857316001726552
2.358947174578198
1.8929241297170931
1.2564270240690574
2.3578948960181116
-2.8199506256625675
-0.7950809563123998
1.2558768187195943
-2.358634635206455
0.7867679631490941
2.8216716467422382
2.806984221496331
0.7855624026596163
-0.7678741179484623
-2.3522280352068012
2.3563967788699904
-1.8930244918667656
0.3219915768385009
-0.785585620444742
-0.3154727395090019
0.32045650307640094
-1.8922129312569331
-1.8969209404043592
0.7993323167992227
2.3671184164125685
-0.3210955256249838
1.2509539582268296
-1.2326771793316613
-0.788816831375677
1.8890846838764557
2.3554101125062314
0.3088008904524728
-2.354168898658469
-0.7798209329436023
2.3619010726588137
1.8876578664093036
1.251141275303282
2.3563576128405583
-2.8196529975146825
-0.32111636631950735
1.2496554188277942
-2.3551453689199553
0.7864068655356592
2.8277082064954864
2.811364406923165
0.7848588079080566
-0.7567154625883763
-0.8173677027916079
2.3573056360633617
-1.8891118489264584
0.32325173907961235
-0.7872210759715288
-0.3188217173151963
0.3175402666734423
-1.89111101339329
-2.371876841812523
0.7928190956601002
2.3653686032384837
-0.319028699296101
1.250521514181179
-1.2403155291223185
-0.7909635680016486
1.8824568579590766
-2.3653398853918155
0.31361138800837285
-2.350862572612007
-0.7622772529329348
2.361600527157833
1.8893242293214085
1.251368131184308
2.355916405402023
-1.8937392226763403
-0.3160171504066358
1.2451543694409792
-2.3556748016847013
0.7841994440324004
2.821369514244281
2.8177963115632014
0.7802475633163682
1.8830274391876332
-0.8005881497803423
2.35786956069292
-1.8827501774325976
0.3257779715394762
-0.7950503179496204
-0.3178773362087368
0.3165810312129588
2.354992826483594
-2.3731260333325563
0.7853623806815816
2.366782460445481
-0.31878181138114664
1.2525430598220781
-1.2453127618135826
-0.7956478946749906
0.31443563582920736
-2.359876905396397
0.31674729903941296
-2.3680582230443603
-0.7644566252722117
2.362496885331049
1.8898892815131219
1.2543822302276497
-0.7855164027744118
-1.893159437130445
-0.322031923115444
1.2496599699179416
-2.3529119408593737
0.7988363812479771
2.8187297975031758
2.8174260082414597
0.7612503653055662
1.887792023442292
-0.7963946522536877
2.3457485403896507
-1.8781138132404969
0.32821719211478295
-0.7920228724849131
-0.31780652178843355
-2.355268799255841
2.3562525115363444
-2.365044337768405
0.7857388267414342
2.3574293709000607
-0.3061172455360689
1.2498368697933138
-1.2418672884841442
0.8051915604651583
0.3098231116066825
-2.3628916654203778
0.31446762385386284
-2.364862320169396
-0.7763690894476095
2.3567988367599377
1.8913796889502121
-2.360569974957467
-0.7866154884264511
-1.8897917863540914
-0.3301193619163372
1.2532034854296856
-2.3339386121726573
0.7937039985102446
2.817637428514734
1.2583142693435723
0.7719826167843858
1.8941148815295474
-0.8193655542125596
2.3439732982648374
-1.8817974911878388
0.32787280875840785
-0.7868210506108054
2.353555651446071
-2.3566850023239803
2.3547089036063684
-2.3506053409900276
0.7917807388244572
2.3780016432038127
-0.30982020823962403
1.2454431395676795
0.3317303484049383
0.8106278068153131
0.31007074207850105
-2.37955064585075
0.3129811776048486
-2.3579265301217562
-0.7756764284670247
2.3574317982511177
-0.7837968434111829
-2.3597402312514735
-0.7847373729574185
-1.8987551520565256
-0.3353774842322062
1.2599290717892255
-2.331184387730148
0.7891034941625394
1.2352755497378152
1.2522812646382866
0.7968728521006866
1.8860147677205452
-0.8212873433000434
2.3521662404412544
-1.887098052193936
0.32681021752722683
2.8282281065874706
2.3526528077201103
-2.353182303621464
2.3464767005391947
-2.3702218367718797
0.7807030922392979
2.380989201813786
-0.3167957114410448
-0.7953156432942482
0.32389152444597114
0.7954195988634989
0.31609705058381227
-2.391240822846562
0.3305104152814908
-2.360085792504615
-0.7740639694592837
1.2541543145363052
-0.7827555468630112
-2.3580499095509317
-0.7744197839481146
-1.8957622412381456
-0.33424657349579273
1.2623136907957073
-2.3435895822566666
2.8237736459428264
1.2385851888965271
1.2480647782119467
0.800565428333666
1.8903968046256903
-0.7733200266700608
2.356243922064375
-1.893561384868627
-0.7826718285427026
2.8359195585107946
2.3528103208103652
-2.3440143801893734
2.347124082591117
-2.3832765337960518
0.7816984406976006
2.369430504017172
1.2507786370614258
-0.7966676952363844
0.32279152622829094
0.769798699366812
0.3213633324947055
-2.3674994648065724
0.32797921500698324
-2.3656028453237528
2.813144674306748
1.262973385105087
-0.783163312855298
-2.3576768013019005
-0.7787006850415001
-1.8910013253509659
-0.32686602378657587
1.2594121729158148
-0.3177533960117295
2.8201168804987793
1.2423491310342027
1.2555529889849166
0.7891782133018085
1.8932307848120038
-0.7710963762273918
2.3555049470915637
-1.249032660660381
-0.7820700389014174
2.834036194497934
2.3538467057882326
-2.347036626388661
2.3562169668366053
-2.3772745089753213
0.7836456187610719
1.8933804482016179
1.251817369481744
-0.7927247508192848
0.3198435299688992
0.7848517601025761
0.3169465309806825
-2.3600752699378504
0.32158297467868
2.8167581761966414
2.813001850597208
1.263554665396965
-0.7802027900441026
-2.3626327052571474
-0.7840487652772257
-1.8950794891801523
-0.3234864066956564
-0.31500917872648687
-0.31735549779346556
2.814712449534728
1.2435968572203913
1.2592139811376246
0.7981213022735606
1.8937250190610524
-0.7904029247293747
-0.7777480706788954
-1.2425095820597472
-0.7837162149583486
2.8177529559744148
2.3562700837309616
-2.354341686103203
2.358187952341359
-2.359900026343706
-2.350435156494201
1.8933618928263523
1.2473001003902326
-0.7850128035161328
0.3226019979669246
0.7804643152237516
0.30956662816973535
-2.3587888818097826
-1.8922844892705226
2.819853228805683
2.8151995799660288
1.2451424928416037
-0.7829569643590302
-2.3618070329142635
-0.7872156919967718
-1.8938616101503332
1.889886144701027
-0.3204321287621104
-0.3205047566935112
2.82303272088186
1.2472999635383564
1.2452901177758071
0.7947413907288081
1.8924926500356967
2.3616903902236923
-0.7759009922524074
-1.2434102799944982
-0.7940127211075089
2.816704000814572
2.362706098263479
-2.3579550816668022
2.3527324479648777
0.7843992506145975
-2.342772755938024
1.8961116122215471
1.2513516421937798
-0.7848711903728047
0.31716462807316204
0.773774562706868
0.30825068740495504
0.32232232522282833
-1.897066743077401
2.82601348831554
2.818184950844264
1.243421637879313
-0.7933845864749437
-2.3628728025686185
-0.7829324041338692
-0.32045231678784414
1.8955966007460423
-0.32430195979253246
-0.3174601773891805
2.822999853150222
1.260392058515533
1.2434160942638839
0.8049269087419835
-0.782469097230469
2.357170885830134
-0.7826910844184651
-1.24714653481086
-0.7936490564213878
2.81249913205526
2.3606264352765347
-2.3581530394290775
-1.894825166359369
0.7887481688115419
-2.341917697354888
1.893274166698029
1.25329669765389
-0.7764939363162784
0.3184517249090868
0.7788522231830335
2.379716912512658
0.3261578726086066
-1.8961965722671852
2.8218230861141556
2.815392131084562
1.2447147939256105
-0.791066690285988
-2.361096295487883
-2.817799616589779
-0.3247513165947436
1.9017077497340928
-0.31997812718269913
-0.31365146217528383
2.816374376101223
1.26135534381055
1.2433282917215478
-0.7998301430331748
-0.785098918555508
2.350182979484842
-0.7908165749205277
-1.2457526900535374
-0.7889446411671719
2.811159736514077
2.354105317709707
-2.35819435637451
-1.8891965775077568
0.7936338264826552
-2.3538239478155023
1.886650331808305
1.25434954669523
-0.7731757067779784
0.31748172130576563
-2.359940297024721
2.3661088247733715
0.3270923835281422
-1.8917459975587343
2.8214966489316082
2.813837261142948
1.2422949255873872
-0.7862806770577387
-2.362184861926276
-2.8109969078629216
-0.3305915963731263
1.8902747709338827
-0.3152321694425211
-0.3184532292788644
2.821460613325003
1.2553939784313946
-1.8864722401381342
-0.7798197512666721
-0.785991117093526
2.352143602221161
-0.7994288885074826
-1.2368524282797064
-0.7885318836721524
2.812192046050311
1.8818406906561211
-2.354580143256056
-1.8970043255686666
0.7856314423558225
-2.3591776985473665
1.8867094119872392
1.2516538205274232
-0.7775505563361106
2.829005642687226
-2.3614429795146084
2.3564450378774757
0.3227169870904427
-1.8960876395353896
2.825080467608983
2.8179917706216844
1.2371928560695533
-0.7865979120296803
-2.362682518558876
-2.808494997696392
-0.32695689792296495
1.8909373889902061
-0.313815500316686
-0.32083192823357
2.8279708371474555
1.2541113811917233
-1.8864550055004135
-0.7701245292711543
-0.7892167673558028
2.3566908400667717
-0.7996506366885778
-1.2451368149660758
-0.7909795905611938
2.35347617402946
1.886166696066929
-2.360571150377232
-1.8999808665226552
0.7869460162266928
-2.350235433768316
1.8893725461577309
1.2526091005493383
0.7866217926165289
2.8337486109547747
-2.348398413051927
2.3626513933824747
0.3216955133084439
-1.8969032557635637
2.8180169511393856
2.8212328387353756
0.3097373541843885
-0.7918154644791247
-2.3616849684296586
-2.8246340448494793
-0.3237524357413085
1.8941772394337986
-0.32013977158052626
-0.3206304744455757
-0.7872221767334595
1.2592022357497579
-1.8886444443149957
-0.8050848336506911
-0.779365881006378
2.3564972693310526
-0.7921337179569583
-1.2478568421755256
1.2520771283893917
2.3546441888348806
1.8968265312684158
-2.354706486614883
-1.8986488709542488
0.782886281911321
-2.3430145896810823
1.8942549614254003
2.361036563869741
0.7925210419487498
2.8303470154154513
-2.363379968150216
2.3720724632865413
0.3237110421523796
-1.8952952210671796
2.8102950916880727
0.7930108599189594
0.3116258535711652
-0.7935882476656351
-2.353184748656662
-2.8233609031398155
-0.3268176781106719
1.8877382689498121
-0.3243017642521426
0.7891794149842916
-0.7821818286461759
1.2642106167248124
-1.884040158093928
-0.7994342645192042
-0.7881957225862702
2.356399721693317
-0.7873589498481862
0.7935203507027871
1.2575247241053311
2.3529691328885884
1.9017210828895743
-2.3472229990509987
-1.891691830389567
0.7839282877709315
-2.341706084564656
0.320360231623335
2.3600495908370256
0.7914961846060106
2.8318151550711943
-2.3476055375646063
2.3858226379314935
0.3213154631037818
-1.8945531841142307
-0.31233308914902114
0.7939255811196394
0.31694946330375234
-0.7888587036993071
-2.3455649776254885
-2.8231076461448175
-0.3298256076018244
1.8883360813946757
-0.7939442688427334
0.7881988746991712
-0.7787649746314897
1.258123630383664
-1.89347043796063
-0.7815690842299738
-0.8081520909812749
2.3568352464989992
-2.3398455827884717
0.7881861554745508
1.2557625826342924
2.3479375465599768
1.9002590752622106
-2.3403028214182204
-1.9026224466038864
0.7792736082169331
-1.8922239525215097
0.32122282838305793
2.3573545105984675
0.784595446783247
2.8227206784680408
-2.350439571159566
2.3898380280122047
0.3203181704257723
2.375918099049439
-0.3195229860536986
0.7906999201248242
0.3191687770497995
-0.7850454983659941
-2.341385432150593
-2.8340191079063533
-0.3392641669809217
-2.8218735953702847
-0.7817190317029516
0.7839595886716916
-0.7840280862862371
1.251532745037445
-1.8921887743443115
-0.7821362591918993
-0.8127350579072926
-1.2506912364465395
-2.3419062245282434
0.7841978206367782
1.2489392254037486
2.348728527728151
1.9035996302095792
-2.3412086724693437
-1.910812125288669
2.354172440012707
-1.8934878701324969
0.31700792227340424
2.3530719180946487
0.7827543292655011
2.8188140838975473
-2.351430208691162
2.373195939372758
-2.818738651626413
2.373009252197885
-0.32458298219406095
0.788017526129311
0.3144140948305596
-0.7807903339143413
-2.3525924599594217
-2.839626292964369
-0.8263931451347075
-2.824392663850668
-0.7762472522818061
0.7812010484825788
-0.784846669832186
1.2478327363164008
-1.8914877106243113
-0.787437160045056
-2.356750554182052
-1.2490761596160036
-2.349425491850756
0.7861375351928029
1.2494931600593513
2.3493549384333763
1.898612371708585
-2.3475006587875082
-1.9056978973437082
2.366705804550061
-1.8884472741657345
0.3124813794569431
2.348765083915562
0.7829508096710546
2.8196968840068566
-2.355720310963618
2.3599416868433676
-2.8199257314561557
2.364385638913486
-0.3203296273635599
0.7869125807765402
0.31461828002083775
-0.7790586737356731
-2.3496750178931287
-2.833970032421455
-0.8162049882167972
-2.826810875974223
-0.7843056437298846
0.7811137326366455
-0.7809767122324608
1.248542617568868
-1.8892094233182248
-0.795336348595032
-2.3444790096886643
-1.249334260135373
-2.3512743496917414
0.7916477143110322
1.2495293591646264
2.3537966651201825
1.8948861610838397
-1.882210437182045
-1.8943693493772482
2.360126889255934
-1.8826354325299357
0.3144441487895902
2.347630567198931
0.7856425561200532
2.8226603608859437
2.3531757610814865
2.36879703202498
-2.8201286354133313
2.3598608999819324
-0.3131841480599877
0.786945109320065
0.32089988231233857
-0.781002165487837
-2.350346030682427
-2.8247132178368823
-0.7904070062624715
-2.8122228891177086
-0.7935044017924847
0.783487112592257
-0.7795104673371955
1.2517989146896635
1.2455162210493076
-0.7946611117580543
-2.329456741533485
-1.2490653306684238
-2.3528241636813423
0.7856785977926317
1.2495691957476946
2.3536300508830066
2.360770107380985
-1.8790860514870151
-1.8900536969018757
2.371523382525316
-1.8821583360083767
0.32138519511992625
2.3538050773358536
0.7871507524024908
0.32042861875153644
2.348432989206078
2.3857271065210357
-2.8180577901016823
2.356441704200408
-0.32090054144830876
0.7854212408063521
0.32393328376335745
-0.3192202789039572
-2.349034938011466
-2.8223505019621973
-0.7800019891303691
-2.8123030324300573
-0.792318485958924
0.7873767334992002
-0.7822098075969038
-1.2506716028788631
1.248096965444303
-0.7870089359839609
-2.3433069627600833
-1.2484931127591157
-2.37991282336758
0.7837423977878882
1.2495484310494096
2.333930185231238
2.3642235957863895
-1.8822348042084316
-1.8930438862760068
2.3630235010671536
-1.8913790849569687
0.32077034117319825
2.3558422483184827
-2.3558684321843923
0.32354924706592053
2.3501784366975875
2.3781121030871026
-2.8140141499056943
2.3109487337300036
-0.3251844672144139
0.7859948785622675
1.2402324473122475
-0.31784611672757235
-2.3546195392092373
-2.818183524103894
-0.7825798259593231
-2.816570519755031
-0.7819523208658523
0.7850531286154155
2.3569241074037026
-1.2474716941606883
1.248739694147922
-0.78271313635017
-2.3601253813174767
-1.2342393252001462
-2.3902452041999367
0.7834607403491934
0.7858329163033451
2.3263125094001302
2.3616541743701496
-1.8915682137931833
-1.890393391880899
2.3608819475188607
-1.8913419003080405
0.3138712598206859
0.3325554232031165
-2.3527838196602766
0.3219950751887928
2.339327146185488
2.362797875998368
-2.8196425091629185
2.3124144644129476
-0.32508789108498454
-0.3205867445538444
1.2386189962993934
-0.3179764028381805
-2.356603767649316
-2.8124051602934164
-0.7741156348150022
-2.8131522578425714
-0.7791596604696936
-1.2368292361788562
2.3569621329793775
-1.2485389201263541
1.237444171108451
-0.797821646181757
-2.3642470264529742
-1.2437737758860532
-2.3736481783636276
1.8921177941864975
0.7862275947083214
2.3396405169800345
2.3565931717116384
-1.8964961599421908
-1.8796924001485864
2.380224776572094
-1.88852984691338
2.829847055871554
0.33159752215222194
-2.3532422635950145
0.3192435257342142
2.356307345535913
2.356553014595951
-2.81681868585736
2.334303947187141
-0.3250651789495412
-0.32025685089415357
1.2427179551068943
-0.3162947409206257
-2.358706273573294
-2.8118168464116335
-0.7909086370322329
-2.805349980471177
-0.7878648462451666
-1.242512031982785
2.3536462865461436
-1.2492766519940344
1.2394206444730056
-0.8094329080797668
-2.3674617075435487
-1.2535296740771613
-1.8929937323151604
1.8921155081980563
0.7870019767307572
2.3496924568353537
2.3535555902060095
-1.8987046571857482
-1.883671836729974
2.398384272620194
1.8841893294237446
2.8306953672402813
0.32577517716437954
-2.3503931390463193
0.32073432377324224
2.359046894042688
2.3619965642816405
-2.8214200035100707
2.352907086925473
-0.3257162885732765
-0.31840571977611837
1.2452000311295828
-0.31628089574561
-2.3555103352912243
-2.8153887096801644
-0.7894780453863689
0.774060180338873
-0.7960362197117974
-1.2454765510079453
2.363326739033382
-1.2499902998717682
1.2427029878481992
-0.7998269255854696
-2.3716740239976937
0.7805403650774125
-1.9003241153390866
1.889894190042895
0.7902420716810243
2.348287905670451
2.3631094180387366
-1.9003961088513157
-1.8870620261459334
0.7928364608335251
1.8867616232462283
2.8206611381277837
0.3275057949064569
-2.353102798739192
0.3214995989864155
2.350678367724934
2.3563080248466526
0.7969917168751095
2.3469386928967
-0.32455218846053085
-0.3203106065071458
1.2484417396930005
-0.32226923953479153
-2.35616390143008
-2.816954526752197
0.3392941694428924
0.7793231731486132
-0.7895907470486813
-1.2441441121796237
2.3603098376408322
-1.250469795112756
1.2500934934734438
-0.787354111054641
-0.3142849762115599
0.7784429323224993
-1.9044918738222323
1.893308351583435
0.790808208243513
2.3565422361316384
2.3584037759435548
-1.8995903369228693
-1.2393971266681723
0.7938356457133462
1.8892429503533192
2.818090955195049
0.3281862579038318
-2.3535122568193483
0.327593221151479
2.357424598774077
1.8863151269544907
0.7943653793236166
2.339249940014958
-0.32547400478584454
-0.32122214288936696
1.2515005150685545
-0.3205209896450868
-2.356731727636894
2.3573983057048626
0.3358426483408486
0.7828100216278695
-0.7818862873159785
-1.2403419475280577
2.3589245906259078
-1.246258563319757
1.252912887701623
0.3236991598071243
-0.31474179988568807
0.7697411041515771
-1.9001123739956458
1.893037900498449
0.7869735831826387
2.3599763274102923
2.3554498680727827
-0.3182076227195315
-1.2355533183144314
0.7865895024342731
1.889074351828105
2.819923906020585
0.32200244894806485
-2.351306219650567
0.324588060145262
-0.7934512586177968
1.8827155088293859
0.7883330656883787
2.3442333864703637
-0.3288161176333436
-0.32211558578876576
1.2434542407210256
-0.32513472757208933
-1.8891479811674323
2.3582649656925576
0.3277586997025984
0.7784934764042364
-0.7860792696030674
-1.2476989579796418
2.3606207659265426
-1.2470962098296758
2.3551486220111872
0.318593279389551
-0.3184935270924626
0.7727260055889901
-1.8961434981212468
1.8892680237844817
0.7813266462887757
2.356948656614432
-2.8096351238793544
-0.32067138404067125
-1.2386762184198945
0.7874796749816358
1.8912566300503453
2.821808647074947
0.3166109282244808
-2.3496447224804586
-1.2522234751376398
-0.7906107385565213
1.8870057286133366
0.7867150621174149
2.352196437935711
-0.3237010494534905
-0.3253192632008473
1.2370859231123008
2.375651190037613
-1.8880639708018643
2.361015692545634
0.3259617108605203
0.7777763534199269
-0.7948356608126761
-1.2536756379898764
2.366571323401784
-2.3608805821077543
2.3580004983032476
0.31796605133081923
-0.3194212294636002
0.7789395871460755
-1.8934552759729368
1.8907103348672218
0.7837764324875548
0.794730986575919
-2.808108135915487
-0.3222249035576545
-1.2441788276504804
0.7864924282864386
1.8952757473693451
2.8198946048833196
0.3234894902884808
-2.350470427886993
-1.2600484397885285
-0.7826488573705124
1.892571928440215
0.7888259590475218
2.3531563318351396
-0.3219827712934945
-0.31995403769499486
1.2399255526826964
2.374881472917513
-1.8891545158071639
2.3582554215927307
0.32688317434257247
0.7788864808858876
-0.7919166652513467
-1.2508045604918019
2.836407959355185
-2.3640097227849903
2.3805141025822723
0.32430887870236774
-0.3193207911296916
0.7829603791266723
-1.8983295420032034
1.8873099390976864
-0.33367578301036865
0.7862727139116923
-2.811354037728473
-0.31875979793560005
-1.2473390157273645
0.7892316126441714
1.8928905293709433
2.81494971966023
-1.2648182126262129
-2.3525802150675483
-1.2665636131372708
-0.7843592406212107
1.8956157269413905
0.7870672270771915
2.348833344217938
-0.3222432732953827
1.8941815701304259
1.2486051753622824
2.3630488001438046
-1.8858970926394425
2.3582242668504727
0.3170222708365714
0.78448458420229
-0.7855386883638699
2.806908622975364
2.828414322949394
-2.362518856029904
2.3755187704003076
0.3286833301098282
-0.3267080146467853
0.7797861847502973
-1.9011059882836383
-0.7803586361818928
-0.32412373830524505
0.7799020854890172
-2.8164860116828447
-0.31438696517217896
-1.240924793098541
0.7920790735236192
1.891673287161211
1.239532845408492
-1.2558278864815846
-2.355672161393128
-1.2485294245314809
-0.7968825616023026
1.9000520904326623
0.7885611311633555
2.344737522290943
2.3563020799278966
1.8920110987839869
1.2504169365513083
2.357589903733067
-1.891722846212466
2.3531888247576704
0.3257700690994245
0.7852079911038312
0.31966206705793904
2.810769569001333
2.825285401524477
-2.3612938801055545
2.375621937967561
0.33005254501023984
-0.32189463839546045
0.7759278508696948
-0.782419439493311
-0.7831579194145918
-0.32381049605576623
0.787220079161199
-2.8166380413984173
-0.30834586016067844
-1.2431977165062411
0.7934534472553793
0.7847981317034793
1.2361955364223538
-1.2564950388198675
-2.354647583889789
-1.247306351662594
-0.7889540687451022
1.8918638777728447
0.7891701972290164
-2.821981187274165
2.357739260992812
1.8992753790460957
1.2438039851656655
2.3813276525003833
-1.8823002878657302
2.360961770646193
0.32837708190787607
-1.2468546530435853
0.3173161905096691
2.8172870286423333
2.832825379859577
-2.357983588459064
2.3572443298644457
0.3202734322704776
-0.3187449002563527
1.8887996841235553
-0.7819230070599913
-0.7862218875073429
-0.3316073161025623
0.8038883657750825
-2.803050692190648
-0.3150940370146877
-1.2496119881666752
2.352121457111907
0.7918127036106367
1.2384693250926901
-1.2608688856900334
-2.3566645329590457
-1.2520748364028929
-0.78528223853888
1.89035035406203
0.32571097360641066
-2.8196894866210034
2.357896062187878
1.9018822751488784
1.243465445967773
2.3903271437445266
-1.879204199768529
2.3641364093452686
-0.3138838322094561
-1.2474873224350573
0.31743661076671076
2.8152183946206306
2.8370309550368846
-2.361366416084818
2.343819667849861
0.3157774300154305
-1.2435430315924865
1.8909598769257248
-0.7849089525172528
-0.7864740882700675
-0.32950261247118307
0.8043393630270566
-2.801686562890137
-0.3223188141364534
1.8926489367395323
2.3551210059522583
0.7990939785302067
1.241558106466798
-1.2676931184988702
-2.3490236187420974
-1.2515807068016693
-0.7795984303109954
2.3641353347360496
0.32312672453910696
-2.8257736143164407
2.3625021463448537
1.9009153518850983
1.2436292473863244
2.3918363302286783
-1.884234439804107
0.7849130997895784
-0.3191090524852057
-1.2504754001233682
0.3193211307261282
2.807558802883886
2.8379293946553696
-2.3666718390218966
2.330607958743184
0.7898657158547084
-1.2459228204846524
1.884716633186898
-0.7874423639615148
-0.7883714223101882
-0.32632073348644147
0.8084085361799282
-2.808072768194683
0.33192862560978564
1.8864954069780608
2.359365526567074
0.8008970936409792
1.2414845178125535
-1.2644026368896748
-2.3535251503073082
-1.2417900101139572
-0.3220772370733747
2.365789083472911
0.32227748010814095
-2.8330802697030597
2.3634121324443873
1.8971474321774058
1.2425590927804258
2.374510946613687
-1.2456851108390612
0.7821328079225341
-0.3220185947189105
-1.2525689071361497
0.3194478056876677
2.8013169216141325
2.83037202170085
-2.3680239122198428
2.33816614532668
0.793824393679419
-1.2496510522735376
1.8792359678993307
-0.7859912455891324
-0.7875677435676639
-0.323753237596122
0.8024953325433377
-2.81331826884134
0.33937022404582057
1.8828034936714788
2.3594567166845675
0.7881411506641
1.2346999969144572
-1.2563176911374447
-2.35632748810651
-1.2369579513904987
-0.3248497955797896
2.3610197382363194
0.3210308147971033
-2.8289830021175097
2.361166193324349
1.8925845213310535
1.240342792688037
1.8988309637102998
-1.2404295851081402
0.7779332051456943
-0.3331398093876586
-1.2492304180524083
0.3094775986417572
2.8044687405922035
2.8260151221507375
2.3509461551028057
2.355302640143392
0.7912139039490393
-1.255976463816468
1.879785856695922
-0.7924780134022138
-0.7821768322976407
-0.32945946663696796
0.7888378046664825
-2.8104186626870757
0.3390519337456211
1.904752291466637
2.3517316655797167
0.7859641593328932
1.228860849839168
-1.2565691532446135
0.3236453535566005
-1.2432322465077426
-0.3252173050993449
2.359444012058218
0.32060054094925333
-2.8215925393769594
2.355648156609055
1.8978454573846015
-0.7809046246513999
1.8993384828801163
-1.2318743410367388
0.779301571957622
-0.32654382688549743
-1.2530468414218356
0.3019351070361238
2.8124811388367488
1.2384580515843995
2.355279510442242
2.360367411033568
0.7814377517391058
-1.2528463800584466
1.8882904679110395
-0.7922545971911664
-0.781507697872051
2.8342875964314214
0.7892886298854772
-2.8031214504873563
0.32820823171393193
1.9047445991011949
2.350122812905793
0.8129218765306442
1.2328536660327396
-0.7972767477468898
0.317703153081508
-1.2516005368080305
-0.32294205460531794
2.3558144488632116
0.32003782404154674
-2.827563153851967
2.3564793488276132
0.802469214904219
-0.7828110374993605
1.9081042597851698
-1.2350023709854951
0.7798522645405225
-0.320147704380379
-1.2496930391378915
0.306938195923856
-2.8319325898959087
1.2409032776001498
2.3618237390741066
2.3443107622273964
0.7831189182324071
-1.2475636322232444
1.8913449458661777
-0.7889417177030489
-1.244801310843072
2.8317854283315587
0.7926619911758866
-2.801413271988382
0.3264080355829625
1.8952560052157839
2.3485112905053263
0.8216270392888976
1.8855575897622254
-0.7982144492216517
0.3146371906630278
-1.2499899408053805
-0.32139132398636866
2.355722853732611
0.3208372671538006
-2.830367778642046
2.3593443656598447
0.818572240687291
-0.7828566028173434
1.9122944081686535
-1.2418136332798684
0.7850677957743131
-0.32147778832344376
-1.2458556126749607
0.3143782626069404
-2.8398272508392357
1.2492996123566216
2.3608801516905995
2.3306719791186747
0.7845877710880217
-1.2474180984014163
1.890757680176675
-0.32170282379646264
-1.2492082691087485
2.825747642237269
0.7993449860135933
-2.8083410090995806
0.3344079850292685
1.8921826323628879
2.3495034090688236
-1.2570317574185013
1.8812526026496459
-0.7916078111659686
0.3152727303576385
-1.239417610196621
-0.316370993044741
2.358569110395165
0.3227916953723906
2.343858111705833
2.360345632518245
0.8186729275966746
-0.7799292842465156
1.9069877835420617
-1.2437011223611025
0.7866275475745197
-0.3269774312420543
-2.825773168311544
0.31412029320535584
-2.8381196348716404
1.2536629360717157
2.3560888365650956
2.3279273576966286
0.7851543851047802
-1.2505157053199736
-0.7751171411922682
-0.3260244488803129
-1.2491965062515344
2.822505421563109
0.7942997705009468
-2.814424805888239
0.3374182864872663
1.8954541859447027
-2.3448957251718077
-1.2569053973597695
1.8761797784180898
-0.7859055027641965
0.3193635417329906
-1.239555164866394
-0.31644627939689957
2.3597487222903766
-2.359977936613995
2.3564821011007253
2.3589624778168203
0.7969285179286095
-0.7775713666710714
1.8967419913996246
-1.241917707540117
0.7822030451739278
-2.3421992598904082
-2.824632376951068
0.3079202144836596
-2.8290600756442132
1.254645295556836
2.3543042768362774
2.3369936297983602
0.7834971989802628
-2.3571386550663003
-0.7759587271131597
-0.3328458121342188
-1.2413062022214376
2.8242244067516857
0.7877647569831652
-2.8143078058766884
0.33189652007300185
-2.3589673865764182
-2.351889893149553
-1.2649293631198835
1.8809128272038549
-0.7873173051765949
0.3237463097788687
-1.2448118047375911
-0.3194454565100067
-2.3610024358080026
-2.3554105114476895
2.3747286803880723
2.353831821438768
0.7871818032869001
-0.7810716852235047
1.8961213473814804
-1.2388354467522615
-1.885625911765158
-2.3529505851523567
-2.827310129820166
0.30869822057451973
-2.8222849369398415
1.2521008248112346
2.3583841535841987
2.3478460121925337
2.365568337549849
-2.3606467528923307
-0.7890900464242498
-0.31843574269403535
-1.2472545467332332
2.8209750565622
0.786373469494225
-2.8125834946112542
-2.8216480772678465
-2.369275097742715
-2.356143474237993
-1.2618981638141955
1.8894187358422718
-0.7794223690504214
0.3212112609363639
-1.2483217154999562
-1.2523233708601507
-2.357723719410837
-2.358137458361374
2.36269735813427
2.3491311901818213
0.7846170198486574
-0.784295416935777
1.8989992153514947
2.340384390017094
-1.8912635195475753
-2.35145624032775
-2.8341097879112023
0.3150834109227929
-2.817787859719742
1.2516898784157218
2.3612155378365753
-2.3598468367557386
2.3694337351529784
-2.3537206222058447
-0.8028358142119295
-0.31557414559389074
-1.250631301924134
2.8203649992898248
0.7896645350621324
0.7702663858518105
-2.8217162249297725
-2.370296423654845
-2.3511993724156346
-1.2599920108132323
1.8915624857502533
-0.7781716552680521
0.32182316157816154
-2.353854025097194
-1.2548757280865004
-2.3504548037010027
-2.3667229407004395
2.3615647562381077
2.3434721483215473
0.7945689924673518
-0.7816328699390791
1.2555858395996728
2.3493390707846538
-1.8972476439155153
-2.3433550304927273
-2.8355943862030553
0.31790523583079616
-2.817947400912749
1.2467529881847057
2.8237461383554145
-2.360952931881161
2.3698695883213623
-2.3752760408328313
-0.8142934868692583
-0.32060546511488897
-1.2473360509805247
2.8212700274506157
-0.7837708650890662
0.7741061887345759
-2.8302874164489533
-2.3607431397152645
-2.332296595428727
-1.257337873823
1.8925685090455997
-0.782087824788076
0.791763916819851
-2.351347724736668
-1.2550529650380329
-2.3481206073376453
-2.3787336873696803
2.366488463642666
2.3467816636869023
0.8034142701888947
-2.354910153810125
1.2560766099635918
2.348050667780562
-1.894314857066597
-2.3452742900714947
-2.8337600742752547
0.3167354419610929
-2.8214478389471345
1.245583240033695
2.8202801913499793
-2.3580401680364482
2.3648531912838044
-2.3752047015663242
-0.8071073006645852
-0.3253243148239058
-1.2402527938784478
2.357774184137984
-0.779466878040295
0.7790035769592415
-2.8269519432826034
-2.3599054505005523
-2.319496259249223
-1.2485464898917558
1.89236392032708
0.3217222648134132
0.792364263582087
-2.3457610501189583
-1.24940506285876
-2.3374790439611384
-2.3598043572259844
2.3628797893547233
2.3534489355723016
-0.7841044239708944
-2.3507381103201257
1.2518810705343053
2.358866325611357
-1.8837799848224754
-2.36920076666907
-2.8213629715296413
0.31255735614879915
0.7870918208645346
1.2501969192533455
2.819271010663472
-2.351601322589094
2.3665179422135885
-2.3614718019374012
-0.7901082542027942
-0.32125782476396514
-2.821999629526256
2.359400321212935
-0.7801727770652899
0.7952112132678428
-2.8184992151389547
-2.3536505998962833
-2.3313244355765095
-1.247781984110406
-1.2486110475296177
0.32693487133701665
0.785888678440455
-2.349584807364538
-1.2487434742770482
-2.3518411699812263
-2.342768443298223
2.3571012724993072
1.8918945217479883
-0.7836709936750706
-2.3517142220747314
1.2475543642756646
2.358088999433661
-1.8833731697792193
-2.3639054058542364
-2.816529675422521
2.8322494957563107
0.7808190694185828
1.2533966879636869
2.818116821792236
-2.350419370273101
2.372784662040086
-2.371341881496037
-0.7922525392575221
-0.7792370548257337
-2.818499613435088
2.3564457496950793
-0.7875249388015445
0.8052365903237597
-2.816305132365265
-2.3487363265328907
-2.347747004173484
1.2568093652582542
-1.2483745498232184
0.3280918589070862
0.7732905056406002
-2.353657817655094
-1.2612308672318553
-2.3730238462895312
-2.3518478435216266
2.8210528682326252
1.887274186192818
-0.7851993295890023
-2.3610950629924288
1.2450250790841768
2.35064803588031
-1.8888360277225325
-2.3611057948970897
-0.31723724639775425
2.830439384228597
0.7758017560279791
1.251734890765807
2.8217933911830597
-2.3609376892646963
2.3553603291086653
-2.383446345302514
-0.8057437290317714
-0.7767446714052623
-2.822326591043204
2.351778531206407
-0.7873284195523583
0.7988173916186575
-2.8191825893103357
-2.350202301946591
-1.8872161175371385
1.2650898003004507
-1.2473786653535306
0.3221706346666561
0.7782621422264118
-2.3556353550247286
-1.260013231281537
-2.376959939580288
1.9065977353403256
2.82335906784489
1.8795546305669955
-0.7865059654858311
-2.360844750926661
1.2417296599334875
2.353124871651864
-1.8953465102544855
2.3584863619130565
-0.30750391361582236
2.8237704717575665
0.7729486233753079
1.2468891883280069
2.822772742506199
-2.3619898779745934
2.336717638291031
0.7949582819609119
-0.8105099977533483
-0.7791163949761513
-2.8240638926529007
2.3504643786874375
-0.7902021920023627
0.7873149306625392
-2.826408869968792
0.3213548445892616
-1.879860269313669
1.2634409615193407
-1.2511333935975932
0.3159165697622297
0.7832817925437034
-2.352772608660211
-1.2545829147328131
-0.7721795786958938
1.8997260264796276
2.8207774697124917
1.889566567021998
-0.7860534699399128
-2.3597492334656525
1.2327344351008145
2.3562386913564572
1.2516795362960815
2.3578682653528915
-0.3022376915462723
2.8238912166879424
0.7757676812008985
1.252462677613967
2.820892316543655
-2.359900964232307
2.3513421327090893
0.7912685249476562
-0.79434900813231
-0.7848549255919858
-2.823170408290934
2.3522541047375536
-0.7954762470493744
0.7856012204477079
0.3298829805385801
0.32305223464352173
-1.8770326029563777
1.255401581749156
-1.2539634465266167
0.317009915701394
0.7866456561116398
-2.3510217511421287
-0.3265220279351006
-0.7761845008317698
1.8938911730383778
2.8151559904943984
1.8886370409664133
-0.7881341472868039
-2.363317274640636
1.2326336077996296
-1.2498441320724618
1.2444654060223812
2.354359787837268
-0.31383774741212395
2.8301856460154107
0.7912784962053471
1.249647223379988
2.8210994561415936
2.354079810707658
2.3578818781631674
0.7890935642311846
-0.7754930756013603
-0.7863817230158058
-2.8200564985511085
2.3536659561384936
-0.799851375570596
-2.8257142082246958
0.3234758569447025
0.3208956388000636
-1.8877215936599643
1.2524725312299323
-1.2482692355774616
0.3127617079304947
0.7910540149683075
-1.2450702617388945
-0.3309967415337752
-0.7823306738649835
1.8952634451597348
2.8187812861416432
1.8932903710567175
-0.787859836246019
-2.3691984358535336
2.3695606607866155
-1.2472880490866158
1.2396309444697697
2.3477011624431365
-0.32095986734196574
2.8282206988639693
0.8000372166868821
1.246276459637607
-2.356223504417413
2.3568965355944522
2.359360220257327
0.789688362733506
-0.784533192235938
-0.7814250423725659
-2.820122904498026
2.3526907816625737
1.2607002365768702
-2.8312397352463137
0.31852193788362915
0.3126220180110839
-1.8924900611588382
1.2570924803228145
-1.2475964842722984
0.31491345455891745
2.8186327511168843
-1.2459895659273779
-0.32992838994061957
-0.7817872370249089
1.8986461486962425
2.8169297793896018
1.8940136039426492
-0.7861782114235721
-0.783600630712401
2.36039449409418
-1.2462104027718244
1.2471823426734139
2.351634615545314
-0.317872697091432
2.8221503439200024
0.8063614644318317
0.7745874472443025
-2.3560843348249034
2.3591029388323337
2.34598796503331
0.786831256871925
-0.7783042837013808
-0.7837659068155651
-2.8174969109026806
-2.3567702365277032
1.2555540233011164
-2.831380701398764
0.3223904681305089
0.3100171889091623
-1.8886470594261737
1.2561865449560923
-1.2422732250457986
0.7927568811676904
2.8207744270989683
-1.2464110806799944
-0.32532657651420294
-0.7782900342015208
1.8932765595952847
2.816214236817457
1.8964888933663344
-2.81548241263595
-0.7816559208489355
2.3458349432394674
-1.248815900671119
1.2535860744133986
2.350274436148391
-0.3175717842248494
2.8176078172884305
-1.2516624330853507
0.779916863454094
-2.3560577508071603
2.3702836023353737
2.344818953648427
0.788645738660153
-0.775360739546177
-0.7849420331059562
1.8968517297379583
-2.353546621482989
1.2498554166131768
-2.8222577461794747
0.3306145711664138
0.30670979988789954
-1.885630489637747
1.250809341322525
2.8081403680532993
0.7903558206980434
2.825481304521423
-1.2483588835390524
-0.32945379893443894
-0.7818696792700021
1.8924592448201822
2.812696727271185
-0.7895800852097627
-2.812793902980802
-0.7848302820377169
2.355782301968175
-1.2447748598170632
1.2599603630754055
2.353413243307077
-0.3214845663420433
1.2335673740741102
-1.2499305422451477
0.7962919996539702
-2.3437078309325674
2.373130473715578
2.3530870272919544
0.7869189919945675
-0.7734455345785058
2.8175124671544824
1.9009455694258592
-2.349590023792217
1.2520710894526526
-2.8210777140115266
0.3180895332356376
0.3173858317611027
-1.8919095380525022
-0.33147934300776233
2.8135755320065283
0.7720330342904902
2.8245402719325976
-1.2522865749683394
-0.32052157254581104
-0.7842063827975885
1.8926738803595882
-0.7669595254629322
-0.7884154548277899
-2.8121194662347793
-0.7846151163607946
2.366436666548165
-1.242500343177996
1.2613137703399013
2.3492431014407087
-2.371032411307782
1.2340299733393323
-1.255180321118187
0.7844636912725199
-2.3507600300623683
2.351763544378658
2.3560954380157355
0.7869159864841027
-2.3439523934992477
2.815481134448823
1.9019460452233294
-2.3513244275493963
1.258071837981296
-2.815675002646206
0.31998513739553813
0.3177917756242097
-1.8991547338868766
-0.33570353886511145
2.8160225431617265
0.7752469585609398
2.8256465585271995
-1.250240457122895
-0.3214989227598861
-0.7851735271256025
2.3655037101940666
-0.7708538432321717
-0.7881491766389856
-2.823024455586256
-0.787379489116892
2.3726176799835463
-1.24775918591888
1.2581839102890493
-2.3548609217591574
-2.379791847837369
1.2411547943159174
-1.2534545226522538
0.7749069747234492
-2.357777680880249
2.3577496328815144
2.355446774885917
1.2541275894044686
-2.3467842336452422
2.817172227349149
1.8860951167957989
-2.3568312699650553
1.2602438167753787
-2.816149017720583
0.3233343900234271
2.8243485650569435
-1.8974254570242066
-0.33410700864141224
2.811788422202007
0.78273683026424
2.8207586858023737
-1.2459404676131351
-0.32391140540304253
-0.7839029851923741
2.365300002204966
-0.7797841342281121
-0.7853363019027169
-2.818583805329864
-0.7835797802600003
2.3741957332366326
-1.252122332683691
0.7931401285365411
-2.348599419078905
-2.3776454769367703
1.243414968582166
-1.253777726482554
0.7856810141048794
-2.3516200620990824
2.364956601474622
-2.8216013748360154
1.2541469675191594
-2.351487483019991
2.813808351514181
1.8921694936923161
-2.3587111232792775
1.2589783354682902
-2.8210955092884316
-0.78262673824385
2.8317606731932767
-1.8910681748758424
-0.32775869290084914
2.8089621364140918
0.7836174143253993
2.8233784875471173
-1.2437331089844272
-2.353375367554174
-0.7824980112571835
2.3617823062122483
-0.7823465580579018
-0.7875279919291608
-2.814217380080925
-0.7810331643925634
2.364330152935292
-2.3789204078994013
0.7884004505112739
-2.3468887646776153
-2.3771478481518065
1.2399389257190268
-1.249324044422036
0.7902889113992306
-2.3489736209239607
-2.352424915193604
-2.8197048849257658
1.2515713924012593
-2.353637533782431
2.8185138193139125
1.8948100835594517
-2.352726856836685
1.253074191060945
-2.357108861875244
-0.7816860485478354
2.8325689850423252
-1.8843193995503071
-0.3292988841201184
2.8122846912978963
0.7828714890191906
2.821470404970599
-1.894325924226492
-2.3580748136123515
-0.7826809398620748
2.357749986382853
-0.7816688750561805
-0.7872766368672532
-2.8193579013003442
-0.7827049969128473
2.356819332079552
-2.3728262406497764
0.7967287880558206
-2.3523977659757693
-2.365947881589973
1.2384851512836483
-1.2513666310582474
0.7905819460001231
-2.352794797479949
-2.3579441570480437
-2.8163602657632305
1.2519045340093387
-2.3519607748064493
2.8164335724669733
1.8914822706383865
-2.3529530144623476
0.7802409917624329
-2.346825021026186
-0.7904870910597812
2.8210935009253073
-1.8894286279449781
-0.32529276375395444
2.8185902863820753
0.7833668362323504
-2.81900961002044
-1.9018148448690466
-2.359196825388447
-0.7822247461216086
2.36201073177783
-0.7618699823143784
-0.7895321619119994
-2.825680550404441
-0.7906209529680892
2.361971568418217
-2.35980099482582
0.8041329950059395
-2.357456970921399
-2.3613074471635174
1.243376945806736
-1.2524415835077665
-1.8947114995034176
-2.3577200214558713
-2.3582298875416416
-2.807875000847785
1.250748598541789
-2.348834912338684
2.812946558499967
1.887662902663991
1.8906076556447904
0.784873624527826
-2.342839250830308
-0.7953692952843442
2.8169737144081126
-1.891426596604109
-0.32173988979671125
2.8182678243809542
2.820685620531137
-2.8172933285585784
-1.9017111382956227
-2.3570179907913755
-0.7830890247994968
2.36489612261154
-0.7650889293512118
-0.7883651981710068
-0.7762073505383513
-0.7939853565755517
2.3680667305274454
-2.3597712818811964
0.8114360719152642
-2.3559006314840345
-2.3598569749872835
1.2468324649743803
0.788785232509472
-1.8946460337170805
-2.356883532010495
-2.3506161882399117
-2.80680657106776
1.2534275268264472
-2.3634365361405725
2.8120912188837788
-2.811909863101543
1.8871300365796237
0.7923998576357193
-2.3698669854211625
-0.7845098350149847
2.819680709854709
-1.8935447405938222
-0.32276024226484346
-0.778295105100726
2.8204111002674335
-2.8159256535021404
-1.8950532544121856
-2.3657931943358355
-0.7838524783984361
2.3550128805436326
-0.7778636674690644
-1.89730782303283
-0.7780774510001924
-0.7858078381490573
2.3535828423555083
-2.3663551210257183
0.8020887416249328
-2.3545544910536105
-2.3631327632900088
2.3408542633336227
0.7840734011085352
-1.8943470590770894
-2.351277524893115
-2.3577089017055926
-2.8169349534590373
1.252592529295962
-2.3690759241122463
-2.354943969754939
-2.8117313742434007
1.8807358915902392
0.7796908857219774
-2.3714455466130837
-0.7636668407161408
2.823522914363538
-1.892424704793873
1.2477051373948687
-0.7684209573748252
2.820529295343346
-2.8057460887887062
-1.8891857008721669
-2.365677867448415
-0.7818987301313715
2.3444604009948478
2.820168678625139
-1.8948528055047629
-0.782885695608395
-0.7704430447340785
2.34647786534804
-2.3453208709447786
0.7927440921435392
-2.3583589371133904
-0.784492962128696
2.3365490710198578
0.7798072765635384
-1.89700667333021
-2.3494381233340507
-2.375250452896222
-2.8172812536906178
1.2497146735714757
0.789772015263372
-2.356205610146319
-2.816333534177345
1.876406328557461
0.7648075863089762
-2.363957100676333
-0.7736854492419698
2.817197610229684
-2.3546617919753166
1.248643872730478
-0.7703770440648751
2.820814285953351
-2.811711787110685
-1.8828147179272277
-2.362674769953951
-0.7831550410283855
0.7647661160611423
2.814589484050552
-1.8946481745062635
-0.784550045593973
-0.7841318438137062
2.3517040066308748
-2.349328149356346
0.7801187369258811
-2.3630727545585652
-0.7845246966671178
2.343509386458182
0.7813176056499531
-1.8992395638835344
-2.356524230893644
-2.3638392701532847
-2.813313065811921
1.2494462406601803
0.7792872149099032
-2.3600206275682285
-2.819247191465774
1.8832920252944843
0.7621374423715661
-2.367542750789804
-0.7868317164107848
2.811034617432496
-2.3534394852360734
1.2486342357159412
-0.7827539519352464
2.819548776460207
-2.8182744436814953
-1.888962824994154
-2.352383470777441
-0.7858297735358483
0.7634343096063854
2.8095331216881494
-1.895732282524093
-0.7794847485322179
-0.8065800156186292
2.3539593331807738
-2.3553714433930018
1.2495713914351347
-2.362132604928195
-0.7857086577184803
2.3547134677590185
0.7887416110076554
-1.8961190456671568
-2.3622491455147365
-2.3610988515368816
2.8263052581217414
1.2522283043272968
0.7791956074290978
-2.361189872620104
-2.8172895806771
1.8890676052526005
0.7789536145428883
-2.3699960791717145
-0.3197060252845532
2.8134809933084677
-2.3536529129485158
1.2486646307812788
-0.7856494058079547
2.820665359860958
-2.816160298655093
-1.8978551526104221
-1.2557669434459426
-0.7860871844171334
0.7770100771723892
2.815587139191273
-1.895580274003005
-0.7750664247206251
-0.8049286034987269
2.3591703870166456
1.8916488905810749
1.2559721481401156
-2.358282410803986
-0.7850075279815171
2.354919953900094
0.7888241403350532
-1.8925260252909264
-2.358313040463812
2.3597080649230833
2.8280368025635894
1.2527601324937037
0.7847249223780637
-2.359130586560608
-2.8069856261332005
1.888783156832423
0.7900086859334996
0.7893720463118743
-0.31273224795452476
2.818789637412692
-2.351242794442938
1.2486962361420302
-0.7832512974848058
2.82219346389833
-2.8082257503270065
0.3368004308807313
-1.259450172555177
-0.7831885189820922
0.786727332005195
2.818166743728762
-1.894341692927986
-0.7766119117631877
-0.7817975490382227
-0.32505921666106635
1.88984799702174
1.2521192059972197
-2.3602705917941074
-0.7858501112205751
2.353259901773615
0.7712116243944237
-1.893690856720215
-1.229950451965636
2.35716883470168
2.8236232857213195
1.2467172101404744
0.781473879716754
-2.360975325602591
-2.8003483191201357
1.8818436237961311
1.8946523592831634
0.7880363094786064
-0.312463284096577
2.826116005190699
-2.355767605256172
1.2457660414791407
-0.7865474377198641
2.8217901290493135
2.3583670733366926
0.33348864856503824
-1.2570734368679533
-0.7845991075343209
0.7924588764173933
2.828332210763911
-1.9009068752506284
-0.7820604130514425
0.33342195373227007
-0.3225981664481124
1.8899495196524976
1.2479918911194698
-2.366884507384603
-0.7915247668400436
2.3497689077556516
0.7557807480427965
-0.3320484669036903
-1.2385526607200852
2.3547596111651576
2.818136142204779
1.2415586614301513
0.7820603915011234
-2.3649753296790954
-2.8050188651082366
-1.234849035479467
1.8927790477595694
0.7869009837913314
-0.31939532167066687
2.8254116979233515
-2.360691980514228
1.2442099763958354
-0.8026730044461364
2.3598037315024327
2.359809668378083
0.3261381691587202
-1.2472587164395639
-0.7882706488203342
0.7997348927081714
2.8307122198119443
-1.9058686948097732
-2.824965298553503
0.3236750346441984
-0.3229899534664858
1.890331590802762
1.2526512516976154
-2.360668101860107
-0.7937111935491444
2.34817377583331
-0.8027750294777946
-0.3272881940026281
-1.2460352591251362
2.353297741374978
2.819788600912443
1.2454271978353777
0.7980008289273895
-2.366039401405852
-1.8907115491888473
-1.239872319672747
1.8987432841277605
0.786404946797493
-0.31985496431729193
2.8169801199992492
-2.3639992394264344
1.2443186859968947
1.9053405159700034
2.3510576621351236
2.3544186953075603
0.3176201819274991
-1.250147029511821
-0.7895853202191692
0.8016984822153072
2.8236783707320945
2.822986176977462
-2.8309218306183292
0.3201780429058482
-0.3178789045290058
1.8876504300492043
1.251738098467689
-2.3628862131853885
-0.7906208295201024
-0.7828572195785712
-0.8042019686703235
-0.3212529502987975
-1.2485580580576097
2.3571400477102435
2.8108865971424546
1.2444272782494545
0.8051253489900438
1.2529967226465728
-1.8838346525619418
-1.2483130135566454
1.8974892925026332
0.7847289110458383
-0.3289350894526122
2.8129645343492444
-2.364030203384911
2.8198814911771883
1.9026968806279705
2.350946325361578
2.3570147198759175
0.3179116246717965
-1.2420016849298499
-0.788052551538057
0.7948303626383452
-0.3187017789866432
2.8239810211884384
-2.827244120922757
0.3272241595112641
-0.3190832260819678
1.8977756413871198
1.2474526175186207
-2.3590506498690305
-1.2502224384344875
-0.7827345096599115
-0.7891910534602392
-0.3273009361141102
-1.2471578173460136
2.3582406697339504
2.80828973235387
1.2454214143285864
1.8939434542143336
1.251371963651657
-1.8774092026846687
-1.2525386689437705
1.892840809804493
0.7760920791808599
-0.3261557438884734
2.8184261492174665
2.356270607468157
2.8199931598333903
1.8944354652574915
2.370148475156248
2.354814991189924
0.31130586239857166
-1.235319949897284
-0.7880058725618247
0.3247830753523708
-0.32087322298349374
2.8274476861566784
-2.8194196175920387
0.3344320251342019
-0.32797805725106743
1.897083362265709
1.2471903044543917
-0.3149476035787465
-1.2490714507107847
-0.7841414195478467
-0.7805426448222019
-0.3321968578827373
-1.2601279567671844
2.353867657727525
2.8158249872696928
-0.7792481079011413
1.894206860261368
1.2545861046031273
-1.8849880133712145
-1.25008968893126
1.890956995134613
0.7778956120582108
-0.3217987622745717
-2.338922442761963
2.3596912742793337
2.820086245729255
1.8924947697829753
2.376948961614384
2.354270326654266
0.318793561605822
-1.2384831477638436
-2.3415784162383617
0.3257938262657789
-0.33274929772803724
2.816194602089721
-2.8241005064728584
0.32828295153031506
-0.32992546769469155
1.8924801808267415
-1.891036176799367
-0.31845148389538747
-1.2524694267339156
-0.7875513578763831
-0.78526859654548
-0.3158192282547608
-1.258961207596228
2.3484004577010817
1.899580273243337
-0.7802295966936804
1.9047045766626707
1.2425433966471329
-1.8923427261724886
-1.2462264481260703
1.891492878025347
0.7837424524917063
2.3560750304531184
-2.3518615977045365
2.361810826956812
2.8251348313104225
1.8964321142102132
2.350213757590151
2.353420759833516
0.319349569144068
0.31857308846245264
-2.3515450371500317
0.325409396082502
-0.3277668246377919
2.8188721723316306
-2.824820361941893
0.32541843164170786
-0.32373137398654217
-0.3166130425444737
-1.8913741682041576
-0.31837098590882296
-1.2527499465614127
-0.7856972120163784
-0.7761745001825807
-0.3177394398246973
-1.2538219201422725
-1.237653616646222
1.904040078104646
-0.788648372402231
1.9000500956682171
1.2430076783355293
-1.8940729427765193
-1.2396669175969526
1.8921428257421755
1.8917782430537433
2.357903389720376
-2.3608134288689735
2.3546483969085346
2.83124585213145
1.8860851860279246
2.3609090429855932
2.354698591874045
2.3528136704071168
0.32596438758175167
-2.3618948000458198
0.3212483697602713
-0.3264407873968452
2.8183379463062828
-2.820558992993004
0.3207406089971208
0.3303623928244742
-0.3213102694542823
-1.8909133693023694
-0.31789372375877367
-1.2581671979820874
-0.7859971598763836
-0.7859417686223271
-0.32028342473363935
-0.3296086897376526
-1.2411691580368531
1.8978250471363478
-0.7817109672748125
1.895448925696078
1.245453509761734
-1.893850183284079
-1.244367400918023
-0.7749876852457412
1.8853339822807607
2.3625449536540977
-2.357469780106049
2.357291374606976
2.825194196786408
1.8845386228777534
2.373176303170513
-1.899077860369154
2.3595992785889406
0.3304942269941716
-2.3377288045853994
0.31807765094380497
-0.32165539053677905
2.823333446382459
-2.8160498790764983
1.8893303615620332
0.323861133753062
-0.3229505290876623
-1.8750954305394352
-0.3177530061293689
-1.2491237011139213
-0.7901260669881942
-0.7966467783274921
2.354539906898962
-0.33367559804815405
-1.2468663978011016
1.8945539517319925
-0.7861306504371366
1.886340673870466
1.252182732905939
-1.898021152230477
0.7745977489433875
-0.7724203079265983
1.8859366135473261
2.370683597119868
-2.36584333530697
2.365931586380116
2.820970388793852
1.8868755075416337
0.7839430815322913
-1.90210178000347
2.359583849995674
0.32509278524785873
-2.3256049010874205
0.312929770913411
-0.3189706291079147
2.819890613879868
0.7911854538346057
1.889060069414578
0.3189833713446353
-0.32147021774382173
-1.8817702373962146
-0.3322912368987232
-1.2448957323111367
-0.792149511012946
0.7946249758631233
2.3538369527809615
-0.3283260868117889
-1.2477955688649234
1.898014071490027
-0.7913672321254817
1.8939233224272003
1.2520610497825653
0.7934127693779484
0.7811383823502175
-0.7741567337395869
1.8940231286801243
2.3648818501709834
-2.371973333820097
2.3641249978421706
2.8169377489676632
0.3175418956813101
0.7852154326797918
-1.8985913146780005
2.358887532948697
0.3218132335782022
-2.3466080260754323
0.3195390526023215
-0.31434245978708286
-0.31715295750952316
0.7951848892698106
1.884839149047111
0.32136734978122156
-0.31933524347065306
-1.8878271073186104
-0.32381771844423973
-1.245095745620852
-1.2551707622610864
0.7945744264706482
2.3531458806738965
-0.32129264041024047
-1.2480365556942852
1.8981840639089647
-0.7851626326284349
1.8948892255305718
2.356156306489977
0.7929178687069949
0.7802537925044284
-0.7754266200603268
1.9005779893838113
2.3570261753525235
-2.36562066251613
2.358820906131772
-2.8278126221468227
0.3212109683668888
0.7829105780794672
-1.894757313732576
2.358593997256784
0.3212012578748695
-2.352981810156576
0.32417979261055635
-0.7686354889795183
-0.317157124751326
0.7935726366201108
1.8788374305970823
0.3285051031283309
-0.326005833901577
-1.8890376067530736
-0.3221007218219755
-1.890080897645442
-1.250173942130067
0.7899466399009271
2.350505792190117
-0.3198727214840041
-1.2494573514674159
1.8970404832234098
-0.7944236976794962
2.3429437283499555
2.359338950362473
0.7888141005329351
0.7761171224228349
-0.7716291889484155
1.8983666022623444
2.3577597413250166
-2.36473409812603
-2.814041658157577
-2.8234037848533817
0.319840261990905
0.7837219598273026
-1.8912634713085923
2.356888707162449
0.3176457277155412
-2.3624122653213724
-1.2494274431250807
-0.7720558209453189
-0.32128504344824615
0.7851106649385442
1.881957464669435
0.33621244353576424
-0.3330747169847324
-1.88716458854592
2.3705838849112837
-1.8899744073719134
-1.250219280560623
0.7875925954923535
2.3548934578711926
-0.3243607033909678
-1.2535501621346592
1.8919645784411088
-2.3567464786344448
2.3376382487224285
2.3598333090548036
0.788658316103193
0.7765466696260408
-0.7449026339436686
1.8979770437709333
2.3612772940930933
1.2555091541249204
-2.806117158510848
-2.823172876535693
0.30987977838380704
0.7877204929353495
-1.895474831137534
2.3537780698193607
0.31878144447643125
2.356120354369478
-1.2526111724428297
-0.7763422586902051
-0.3279073232884744
0.7875128045137016
1.8825880291257644
0.3386459554844647
-0.33033915684513904
0.3176266362339685
2.387596467424562
-1.886114575623352
-1.2518293326361458
0.7839247927371646
2.3573498882697383
-0.3192488443807383
-1.252971203412899
-0.7853161536927825
-2.3613315585333505
2.355202458772577
2.3639684198379816
0.7857066115042073
0.7897488911727213
-0.7500937687103977
1.8943671616904456
0.7798618051498838
1.2561291511097776
-2.8034879444051546
-2.826549851174939
0.30084658851535956
0.7886420911598562
-1.8919343281301262
2.351549036582488
-2.8195573780171
2.355938732299929
-1.2629451220635888
-0.7720214457429644
-0.33469462332208155
0.7838874657147692
1.891373966881764
0.33021036210285626
-0.7974756507520779
0.3169384607018201
2.388413064003443
-1.8809359452599435
-1.2579635811296022
0.7827698380290565
2.3599052009316233
-0.3175669476938932
-2.363706597430464
-0.7888662941625277
-2.361749862591526
2.355394239866562
2.3733961439829336
0.7802919373939531
0.7875662393730744
-0.7682993562472686
-2.351486778674788
0.7897883646894801
1.2512584461676093
-2.8186447661115763
-2.8212064759334146
0.31455836754081395
0.7873924868525303
-1.8891807807185708
-1.8912421073342505
-2.819565666801176
2.359792243894259
-1.2570189620280738
-0.7730662387214392
-0.32378683405625014
0.7796868200854542
1.8928582105458511
1.8919101116420158
-0.7874679696141158
0.3204024281801115
2.353861360380701
-1.8895434158806126
-1.2558744084805966
0.7888751494421834
2.362339907710677
2.817842230324732
-2.3579443776835247
-0.7902424957234578
-2.3619346883553045
2.347887899661453
2.3507667640509324
0.7836793393365673
0.7860281558892728
-0.7830779102982229
-2.353908008420426
0.7875758662173041
1.2473884127284585
-2.8208033122655163
-2.8292491895258105
0.31815244722174113
0.7899922730068183
0.7727278928149204
-1.891798374314355
-2.815337535225249
2.3551519186704013
-1.2492108869873964
-0.7769632501693783
-0.32290048441156755
0.7813457144436419
-2.8204933429683994
1.8990337729825693
-0.7980859723445147
0.3263024969832224
2.365038856316963
-1.8881404715186936
-1.2570081801691169
0.790126656703601
-1.2573216066906197
2.8210676433623
-2.3587614426087558
-0.7845428240314019
-2.35539945557881
2.341182224816553
2.356448843224935
0.7854486702086687
1.8965475977980613
-0.778905234726561
-2.3686744969423192
0.7537359049264605
1.2573233405481696
-2.815903528650887
-2.8315851754836565
0.31747401077605075
2.3552525554107024
0.7789981939907226
-1.8953255594044867
-2.8133780789209646
2.3569165630251203
-1.2427905361332583
-0.7842460698101744
-0.3216387670743075
0.7848411775100033
-2.817319116455569
1.8966620521592252
-0.8023324469669658
0.33193436365558937
2.3789708819241207
-1.8825899084065565
-1.2545808595557695
0.3292345287648372
-1.2542114307242362
2.824039404240062
-2.364779193884787
-0.7862245452847478
-2.356198948395103
2.3507710997615368
2.3614935655726224
-0.7869132437168211
1.8963191157129151
-0.7739971618924114
-2.3629445387433523
0.7637724141567664
1.2595558832988267
-2.8127117646597664
-2.8275190219831345
0.7584407976170003
2.3532898236140896
0.7898641823139492
-1.8909705817390121
-2.8158920427590903
2.3543702486302007
-1.2526427133784173
-0.7882115600353732
-2.3602237938110595
0.7852696630833315
-2.8147370828079548
1.890476747266144
-0.8105858735187127
0.3317000055624748
2.387227393953003
-1.8836385003908134
0.7852287189915105
0.32360091765922483
-1.252628528102417
2.8105133267587594
-2.382534251958384
-0.7901132780300282
-2.3615017551266115
2.347301635514309
-2.355224996205209
-0.786180907754224
1.8900019032293391
-0.7810604810840832
-2.3556550021721696
0.7816983103661836
1.2643136708631293
-2.8155179120103844
0.7935343843133328
0.7564794959718897
2.3555405285056015
0.7696944861831159
-1.8936684045427226
-2.8178631693151623
2.3539853169517686
-1.2529528116771984
-2.8236322336810438
-2.3586247669170413
0.7819328545604265
-2.8131292685461458
1.8906578426769411
-0.791928545710762
0.33720883454895656
2.375930089508213
-0.7767637956767501
0.784868463329892
0.32135070271446686
-1.2529104199509684
2.813096326386086
-2.3938538732130272
-0.7893106650518187
-2.3664872011480265
-2.3673163846665246
-2.3548525571997208
-0.787555327502688
1.8870856714992146
-0.783893123781608
-2.3634131889427685
0.7663043930693371
1.2614302363425818
-1.8882485649819072
0.801808210425802
0.7732439871839543
2.35882732026676
0.7681189125808571
-1.8865338712732564
-2.819993470439694
2.353312252219433
1.8879605075671488
-2.82479447281416
-2.3578398369865243
0.7761167768530219
-2.817581045184594
1.8933413451850016
-0.7894356363936296
0.33262167909482376
2.8261362900053144
-0.7681607293038578
0.7843016279072547
0.3339662877218718
-1.254119816159797
2.8192129461428936
-2.3812398878717405
-0.7863163019217598
-0.7848927240200626
-2.357751472671417
-2.352243271044042
-0.7865664258153974
1.891478048364538
-0.7850472841465869
-2.3576385247392824
0.7541280808479116
0.802030554983441
-1.8853251637428332
0.8059947597915487
0.786992136715132
2.3579580974654997
0.7854731774521653
-1.8812942644270199
-2.814372565530992
-2.8256273180816613
1.8821733087001011
-2.821649850797616
-2.3570620725775964
0.777089348530436
-2.826903343061111
1.8906026120123887
-0.7893988392792041
-1.2396877235024453
2.8304545482971886
-0.7549413505475935
0.7589610062974094
0.3331792861032254
-1.2477168226145101
2.8235024387895065
-2.367515940504571
1.8871943362076866
-0.7841274823939149
-2.3587958121868717
-2.3427582647653646
-0.78620343716227
1.8864929601064342
-0.7833606442106815
-2.359662112206149
2.3561892897072663
0.7953077361328704
-1.882086649568562
0.7897547767587241
0.7798332573067335
2.360985874584152
0.7922907818475409
-1.8870189692123365
0.7797777908781414
-2.8241657461613396
1.885486883472271
-2.8130087588759882
-2.3602728345995034
0.7777306807072785
-2.8248433328625504
1.8907004805920122
0.7858402591258749
-1.2471453155215753
2.8316157306443186
-0.7846580025942694
0.7497012121673378
0.31968656427345266
-1.2496672702087088
2.8169021579004543
0.7908409255720692
1.887231031862431
-0.786688559434338
-2.3763873066312207
-2.3482627829514087
-0.7962336112611761
1.886408726359723
-0.7861341028236191
0.7867519344299544
2.3550741062646643
0.802375140174818
-1.884178480674792
0.7892941781286845
0.7871350118591461
2.363998980846264
0.7862653259652368
0.32955076740745964
0.7829354592120553
-2.8177884946976324
1.891327119863982
-2.8172082202834496
-2.365152256440087
0.7819461485386553
-2.822549806287229
-0.7905503697120223
0.7853859177472416
-1.2470078494255923
2.8385983828859804
-0.7770851152712623
0.7844108900968364
0.32075472410876743
-1.2501435116287931
1.2412684443944413
0.7967447396158037
1.893141752125122
-0.785480723921577
-2.374290945064375
-2.351642762733537
-0.7893577727827159
1.8878555155776529
2.822321349160869
0.7868238570257606
2.349626285867325
0.8261727578230394
-1.8862452534755019
0.7904007012633849
0.7880609596000111
2.360630406627562
-0.32240898938070933
0.33683181583537414
0.7860943880478896
-2.828125164671819
1.890269002679607
-2.825081985594641
-2.3597882094788494
0.783807352416057
-1.2460708278080714
-0.7906474887227704
0.787204212177795
-1.2428684118032052
2.8311003108266024
-0.7778061618785942
0.7787321387437705
0.32709347093760377
2.343175684588874
1.2345342515582514
0.7978769361030366
1.8877604278265159
-0.784825276430505
-2.347016848973676
-2.3538077758992952
-0.7883001399618178
-2.8215632393577557
2.8195334710614977
0.7840676101414397
2.348615953609866
0.8196170163532757
-1.8894676340532863
0.7803516157605515
0.7870975785650532
-1.2441334011397256
-0.3242587939371438
0.33304152336490833
0.7821975463980956
-2.8245091515972303
1.8944556449742733
-2.81950272458304
-2.3577918824753104
2.3558760124417595
-1.2447173219129875
-0.7904286552269671
0.7859734808335793
-1.2419606767133313
2.8222627010832073
-0.7846886164272798
0.7837381407769829
-2.3601421646527396
2.341059563993364
1.2372001352295223
0.7852353799302793
1.8886182889440968
-0.7834320250415476
-2.358237148633701
-2.3486736809731097
1.2507603158720046
-2.819695101734151
2.815215336165371
0.7828720262026522
2.354355762925082
0.7752837019845062
-1.8923339086630002
0.7680880820126387
2.821384349243077
-1.238537011495408
-0.320822066545607
0.3250991311037505
0.7807839512134436
-2.823099717328908
1.902054618571121
-2.8111768908230705
-0.7877208045494091
2.3624192753600033
-1.240754206669204
-0.789085678673801
0.7897831585036745
-1.2548414676698925
2.82387650883953
-0.7968342832384496
0.787231921586848
-2.354843187182009
2.346621000911935
1.2403133938473812
0.7869783990024072
1.8888677323278626
-0.7807054659391767
-2.3699740114571446
-2.806495082864083
1.2572131654007022
-2.8139378337738665
2.80677925551526
0.7792829189776868
2.353931772065623
0.7806220766141602
-1.8930723089612003
-1.2523014196656475
2.819131818815843
-1.2428647274589224
-0.32346468614650126
0.32783639762018413
0.7862602692787053
-2.8171856389409937
1.8964524152146451
2.3883057995241157
-0.7859021648001461
2.3803552406579453
-1.2312101548106993
-0.7907718478958654
0.78595106277852
-1.2555880079143071
2.8271449425405093
-2.821280644110018
0.7848198747506576
-2.354293594775594
2.3567916647056197
1.2461281106675295
0.7857437608410138
1.8932492193906556
-0.7752431306215498
-0.7953937267604854
-2.807270102271383
1.262247610292214
-2.8100101773928343
2.8119139972385616
0.7792995940078321
2.349001546046162
0.792913674508575
-2.360827403676915
-1.2559191558454255
2.8209445555613155
-1.2470206010266156
-0.3238487231581025
0.3323408085247406
0.7845920705760152
-2.8157178987141607
-1.8974267368175226
2.39062420158926
-0.7813307357169804
2.386258096462272
-1.2358461005376475
-0.786378299335215
0.7798759416084291
-1.2525652921238681
2.366501413659936
-2.826229091767561
0.7852619095191748
-2.354238470697984
2.3512860024278543
1.2451513255250881
0.7827289769275478
1.8942071442870843
-2.8208346751936673
-0.7925954158039893
-2.813443573757786
1.2603136005636841
-2.8129194038339604
2.8124149849844073
0.7823412439842199
2.3463994678016706
-1.2564774707494941
-2.3595356537280874
-1.2520384990986857
2.824255265852338
-1.2426297006105849
-0.32309251086775387
0.32982407044599743
0.7833552069252032
2.355070642595975
-1.8909587537067754
2.374015319528634
-0.7824439134993139
2.3744353975254437
-1.2437755506822834
-0.7849891627405814
0.7787526264120286
-2.8274524196649593
2.3585163702602396
-2.8238850008954635
0.7902825435044819
-2.3526565357954223
2.3474386099278663
1.2427006058440244
0.7819092321490029
-0.7826349362897871
-2.814462425605134
-0.8081917144360009
-2.820345292549149
1.253523399350876
-2.8224120722988792
2.8182643958016587
0.7840348514321395
-1.8854989786139111
-1.2515231404575429
-2.360270409320475
-1.2402166070440634
2.832362700174749
-1.2370147185860938
-0.32317033493029523
0.32452719540860686
2.3588797017123473
2.3491613892834153
-1.8988245269332922
2.3511243587189745
-0.7867026755923877
2.3486828482294824
-1.2477499313607805
-0.7869302812120199
-2.352922035264317
-2.8232681076586488
2.35460587561912
-2.824953308334814
0.7966202053346563
-2.352596659106818
2.3508825375644706
1.2417063055086208
0.7810245148259345
-0.7807434709155592
-2.8153989342985053
-0.7775975121034218
-2.8183303915358895
1.2506258512591053
-2.818893765937819
2.8162403243629623
-2.8177072949871365
-1.8899113303560642
-1.2537728089546893
-2.355233374379865
-1.2481964595051056
2.8162823481165953
-1.2493960619671027
-0.32065190671782434
-0.7879206413700688
2.3575310777150924
2.348359003630051
-1.897541484208291
2.347164951476194
-0.7818301267085144
2.360597041436507
-1.243483515470988
-1.8976454202076751
-2.3562302744910273
-2.821983042236285
2.354807409966641
-2.821754817983131
0.7910939988728359
-2.3587090209940578
2.353073442310313
2.3561134618581017
0.787932092402502
-0.7875741791917134
-2.8329277628460816
-0.7787601566661291
-2.821293116272593
1.249224998225675
-2.8191874027750443
-2.361284798412711
-2.815983102109151
-1.8962958883823007
-1.2586721419466018
-2.354169477249865
-1.24841260261378
2.818944794664715
-1.251816585551468
0.7802068503937363
-0.7911370808764437
2.3536598699646127
2.3357034413340974
-1.9050173135701807
2.347957035519016
-0.78439426043458
2.365740542214281
-2.819036577766863
-1.8996485689359672
-2.3539584107312646
-2.8287219587405312
2.3603766474323433
-2.819542987818871
0.8044259490876889
-2.355890428484968
-0.7888377418588614
2.3536942302545394
0.7815242799370329
-0.7914345125605943
-2.830226285465054
-0.7920686229883567
-2.823559387471441
1.2513614937157587
-1.8952762008259358
-2.357869886355489
-2.8174107804364894
-1.8902137655783342
-1.2570927754983707
-2.373485523150645
-1.2425989072772552
2.8237896474794457
1.8885805760997814
0.7776660289980958
-0.7797181691661729
2.3576223231716824
2.3433443894719934
-1.8949707010803023
2.344880290942086
-0.7848243450652886
2.357877150869294
-2.8142404936374845
-1.8961738354497502
-2.354744751273851
-2.8352082359177544
2.362572445562352
-2.8177975550999137
0.8030950713098345
0.3196084927716761
-0.7901924163729263
2.345688930863259
0.7958274137109711
-0.781445652505199
-2.820237189844798
-0.7855769010136067
-2.8226108951498943
-0.7883206293381628
-1.893600075966509
-2.3531905663108867
-2.824130451338782
-1.8878035625439742
-1.259524128198815
-2.3658758040438994
-1.24045132002627
0.7729991580148295
1.8822642221437826
0.7893804103527504
-0.7754008706346529
2.3534363240723124
2.3583903341428236
-1.8926302474539016
2.35315642449896
-2.825396007609572
2.3555692299678332
-2.813740503212498
-1.8914027743776605
-2.3559984205742097
-2.8272847010635433
2.3503941852967514
-2.8183249917610937
-0.7751893421621141
0.31411974434339957
-0.7847127924297153
2.3459686452173028
0.8015544511331607
-0.7717135211398446
-2.8200975632195275
-0.7794478608895901
-1.8862212492398127
-0.786184606191321
-1.8923869663883914
-2.348161138719856
-2.823101151198404
-1.885361263838086
-1.2538691423981265
-2.3579134790238574
1.8875456482307476
0.7837567235464449
1.8858291507142766
0.774515227946625
-0.76324581941487
2.349841294980413
2.3550551373650577
-1.8895496698024914
2.357009834064117
-2.824989085815888
2.354173967270552
-2.8144458695960552
-1.8900418461366235
-2.348642939100021
-2.8282932167775923
2.349317327330831
0.3236545332159939
-0.7837293017613766
0.31870558070371524
-0.7879028991599711
2.3493790914269677
0.7952409526449766
-0.7745768736846893
-2.8219830299206867
-0.31681915525438015
-1.8881092462983227
-0.7844388264357803
-1.896421472715999
-2.3472663414551587
-2.8197987240237583
-1.8832583964198868
-1.2498449306345647
-1.246012587415087
1.8917500653121255
0.788744640910707
1.891555092363318
0.7805067471187834
-0.7706202545741441
2.367893192205312
2.3481549926746212
1.8897582489862133
2.3545911754534066
-2.8221921668384584
2.3566495755414802
-2.817716412550315
-1.8897752158479841
-2.3511448587486368
-2.824404335692294
2.8291470218368366
0.32501380295072896
-0.7893198756359878
0.33259723624874504
-0.7926525627680678
2.3513821027127255
0.7882544787744086
-0.7818034049895585
-0.784664211334262
-0.31898430862923766
-1.8929137530950984
-0.7941678988164284
-1.9006672729884286
-2.354200227136087
-2.8212742444147465
-1.8856444642666
1.251468201293862
-1.2496999034616407
1.8913123432026038
0.774721608005368
1.8931864623085788
0.7747241572704603
-0.7754018615908963
2.385137838563487
2.3528619207655184
1.89283984917367
2.3493863362599052
-2.826589043902214
2.3558920219201966
-2.820069536918849
-1.8903958404960135
-2.354956606531719
0.3243023974175513
2.8296474875985793
0.32180897769644473
-0.7874680128340674
0.3264465913201202
-0.8124723710927355
2.3377041832987677
0.802017698078936
-0.31707729035630855
-0.7848372321427436
-0.32111140038365826
-1.8920940514645377
-0.7908704114617082
-1.9043992636702802
-2.3535152697813
-2.826620183058259
-0.7808572477660632
1.2562605281468882
-1.2501443630071198
1.8844888699089295
0.7596845762946798
1.8953589009726801
0.778787343458019
-0.7754601610306253
-2.346891126465591
2.35489517341046
1.8933202066844876
2.3533688930396885
-2.825125849963519
2.3499169375976727
-2.8174285040321863
-1.8919959524510546
-1.8948482241863043
0.32714058370485377
2.8239157013423775
0.3165136001839475
-0.7759985592910188
0.3203899996201328
-0.793925993255768
2.3256704747147876
2.379457273278883
-0.31303768553003397
-0.7869460480968454
-0.31802633419378695
-1.8919512603945574
-0.7859131978835571
-1.8978198544072864
-2.355014781873638
-2.3618568310698365
-0.7746445586194189
1.2608572246157113
-1.2496386858457669
1.88378744922737
0.7667471729403578
1.8974459922425158
0.7620608891141583
1.2549207461485148
-2.3454516476628
2.3559654949917177
1.8948259728472685
2.3544428509268025
-2.809993916633678
2.3470781017142897
-2.812079031525899
2.818975660687677
-1.889838285695724
0.32958667955349635
2.823321773578089
0.3183285050066183
-0.7913117187633131
0.32649473461524586
-0.7970612398908347
-0.3138461065926812
2.361890396411457
-0.31216534174737703
-0.7917968222563776
-0.3116212489243115
-1.90072596401497
-0.7866777373122671
-1.8941800831271074
-0.786332594217761
-2.357476004473723
-0.7744875864701365
1.2618100042383098
-1.2491230011021037
1.8960370349617275
0.7790361905496921
1.897242247201696
-1.8798596095723539
1.250028479690731
-2.3239485759309764
2.357802785918738
1.8873605469609767
2.3522722540297862
-2.809986163689217
2.3500561617760285
2.375251839951608
2.8173136381372337
-1.8880677321591675
0.3332106813247791
2.8227754956525413
0.32008521752202074
-0.789236858989883
0.3345301365115377
-2.3552025200450153
-0.3195627525979692
2.3541231968861798
-0.3219291977893673
-0.7880574271352352
-0.30232844888193
-1.907321027132296
-0.7897694989723942
0.7991538020172999
-0.7827618475378634
-2.3563406646081986
-0.7750003256897177
1.2548006187175764
-1.2554443082862343
1.8935029180392298
0.7833249494267072
-2.8229691030923076
-1.8869368861303666
1.244432780080161
-2.3529923324053095
2.359232271634528
1.8821181944889278
2.3473419527855435
-2.817074773909796
-1.242992920820294
2.378125921041674
2.817391282052237
-1.8899917196765934
0.3226617195385012
2.8148597485625606
0.31886047195397144
-0.7897914961372283
1.8858818102924244
-2.3605753883287393
-0.31875329470655944
2.3687829293564966
-0.31957288307757625
-0.7906579862455552
-0.30884421333200973
-1.9046193089062202
2.8278068272692782
0.8172429263746672
-0.7850646596884807
-2.360968373991773
-0.7824382993817712
1.2462768318580417
-1.2525571870960193
1.8909882560774038
-0.3152464877652465
-2.821069003450749
-1.891350134182072
1.259441432173834
-2.3477406960421674
2.359947918912507
1.8882374046919796
2.3443816859662365
-1.2581065419455089
-1.2437922553183918
2.3660070364404353
2.825810981875278
-1.8949980968135878
0.3226827673640356
2.8140927035313172
0.3186943526674645
1.8941034588513497
1.883113954411873
-2.367526939644142
-0.3291908824054843
2.360347257290988
-0.3264803621968753
-0.7898637500570544
-0.31836595654565275
2.3556747619685137
2.82334628273905
0.8191671506485795
-0.8047366508094324
-2.36679496913924
-0.7955957483725682
1.2438351128048053
-1.2505052155226826
0.7881014129878208
-0.32130079028500036
-2.818590470598633
-1.899863371896428
1.2581311152720567
-2.3517232211595505
2.3575158072496483
1.8910744417812244
0.3249646248935635
-1.2526375191699792
-1.2402171373454915
2.3580026885543726
2.830719437756628
-1.900806666794881
0.3281991215224999
2.820000886374865
-0.7831891310135147
1.8937307334566498
1.8899744540584842
-2.357003708938306
-0.32122313480850045
2.355472886018676
-0.33160119095074736
-0.7882662195483373
1.2481450973092327
2.35965975249942
2.8197839133092963
0.7765513920340457
-0.8076862142074928
-2.3559626464273435
-0.7780512395111576
1.2454034786686092
2.362908936239493
0.7875898466401354
-0.32496797664337335
-2.815857354204666
-1.897325253497539
1.2465242323538595
-2.3691583022432106
2.356098673814834
0.78340831915248
0.3250133841676284
-1.253144690840075
-1.25136103032894
2.349814580709041
2.8318736369735404
-1.8946987049266912
0.3334731228618482
0.3221557482215404
-0.78536865540237
1.893277668751908
1.8969552625513602
-2.352340482525712
-0.3236440048821474
2.347704898755606
-0.32917218540247095
-0.3239483336005668
1.2501088532609788
2.365095466969097
2.815306200311839
0.778273044786965
-0.7943421615229207
-2.353588460500756
-0.7638415603739163
-1.24853198083066
2.3646407616057754
0.7884950501441437
-0.3199440087217379
-2.8180696447206914
-1.8998471023184627
1.2448092716772308
-2.3764351233428576
1.8931123959015825
0.7787504901858497
0.33514510613132564
-1.2550049605791451
-1.252424935473349
2.351699988734743
2.824676561473709
-1.8902773104114994
2.343860690450694
0.32825213801615566
-0.7857156838984023
1.894265869659182
1.8954550408990427
-2.3537393626102037
-0.32203815907826316
2.344375017404401
0.3193528565643875
-0.3264164240335997
1.240056063255094
2.365801163982387
2.8122210878977763
0.7833241902204503
-0.7812416391778578
-2.355546069585327
-0.3220430291133356
-1.2467056243642856
2.362169366181963
0.7958769001519681
-0.315796842806778
-2.8252463019477227
-1.893640095419668
1.2428834726205191
-1.2525193014825267
1.8952739514228343
0.7766557429736238
0.32609643191406606
-1.2476198111266028
-1.2523985874423682
2.3585759927416943
2.8200748146531
1.8970160830093157
2.3472964694815026
0.33297988538895146
-0.7829113097567678
1.891676886180109
1.8940463457169951
-2.356681360357211
-0.32585413457925183
2.8137001952829226
0.3170579534831235
-0.3264848188729616
1.243544711639981
2.35875698378584
2.8117103639757093
0.7787998575533861
-0.7896058939038033
-0.7915552519679082
-0.32934965627749
-1.2409257655659975
2.3602786572444745
0.7919290927424759
-0.3239311726228816
-2.821714063407551
-1.893370080908978
1.241907987458288
-1.2509410700561436
1.897011657685648
0.7786472792728651
0.32700193066435757
-1.241722475671272
-1.248447580878189
2.360775418932158
2.8243100183957037
1.9018882153851742
2.3529253392353775
0.32946495452558755
-0.7799542845993881
1.8913520594438493
1.8976590004410667
-2.351869031240022
-0.33009782713499847
2.815579584306116
0.3120976130505222
-0.32494097509129305
1.250289114858039
2.3575702272032393
2.8141233504247634
0.7685334714548083
-0.8060564172138663
-0.7874350041001283
-0.32760605504675355
-1.239325237550263
2.3603349765024912
0.7874024190802796
-0.3215453562252377
-2.8138482255763595
-1.8980404900983598
1.243118534861348
-1.254509717303175
1.8950289832409053
0.7839139538086861
0.325118185940629
-1.2441685981298307
-1.250619267067019
1.893962137529921
2.8313405115091013
1.9000068315161132
2.3545131407921893
0.32561314281096243
-0.7813542660661988
1.8935996339379289
1.898709870251109
2.8260514858483345
-0.32871005155564914
2.8173203074714226
0.3152772332172181
-0.3221779424049559
1.2496313712821117
2.361700681078098
2.8164284970028515
-0.32996977073917977
-0.8078880177531791
-0.7847342976983489
-0.32389999804672076
-1.2418018453849886
2.3613820081942603
0.7863638519187278
-0.31959021446273533
-0.8102737963134475
-1.9010976390385008
1.246104233971081
-1.2563835714264693
1.8916782748895602
0.7848860942003132
0.3225254008234683
-1.2516416130768295
-2.368882514086805
1.8907659473003717
2.834000337164393
1.8961397121222439
2.353794199797205
0.3248188805990604
-0.7864350344380312
1.8952282738690105
-1.8979419579026293
2.8305932056423297
-0.3228762213251777
2.816883790985797
0.3149315897112615
-0.32051140007213913
1.2468350479403858
2.3661510327320108
1.8888502918901455
-0.3296574651281466
-0.7929868303346916
-0.791629633306743
-0.31911392152870566
-1.246549703997747
2.3638569130503067
0.7910270779260957
2.355118548288179
-0.8129193767419859
-1.8985639139176056
1.2487075319721654
-1.25383080117298
1.895300517331599
0.7859113068594403
0.32234397262768155
0.312766884221734
-2.3795013662524096
1.8896128480472596
2.828448246578041
1.8915018258333247
2.35913751889794
0.3291629763178034
-0.7893389731811661
-0.7859221216739611
-1.8943424355228995
2.825474496694084
-0.32131344147778806
2.818883219879416
0.3214231659615645
-0.31868050064318554
1.244752517534826
1.266046922364937
1.8869932843413422
-0.3269179700081509
-0.7779640442679753
-0.7912408496507614
-0.3213347974453385
-1.2451724877699788
2.3644384710707342
2.8107926507572736
2.3570187402093374
-0.7981274796140321
-1.894080318636202
1.2510628085428814
-1.247074257520931
1.8987961510166542
0.785034469240777
-0.3191974767250575
0.3168145316246672
-2.3834936955533825
1.8915603079755734
2.822057732154085
1.8874136630519591
2.3580684705469186
0.3311595110997411
-0.7877952775104665
-0.784825493067124
-1.893566950489014
2.813240240347335
-0.32244461946214925
2.8203278987035905
0.33034395881191736
-0.314995586553802
-2.3484883496495805
1.2613678501227374
1.885009970045894
-0.32189216192766773
-0.7858192012094389
-0.7795906255654114
-0.32442037537738655
-1.2426197109090025
-1.9007003242954918
2.808311373757328
2.359813818697445
-0.7825500551969087
-1.8910452900420867
1.2535565575898668
-1.2479112621398574
1.8909220675299563
2.354246643490895
-0.31728086767700314
0.31250040710120325
-2.377098312890058
1.8942172787708715
2.8172097442842907
1.8891604201221062
2.356733183257139
-2.8277596682748474
-0.7735186137624241
-0.7870329345266563
-1.893541539103163
2.81973211963459
-0.32264262246152386
2.8210662681515832
0.33482930632411917
-1.2414279034814153
-2.3524695758501455
1.2549691150267894
1.8823008187891659
-0.31788453259763677
-0.7727616175669804
-0.7820178170237281
-0.3274780927790757
2.337758774944756
-1.8961096605982104
2.814522000025555
2.3567510273110153
-0.7853589807130874
-1.8928038711040562
1.2540208730573945
-1.2450248803870276
-2.811804360250105
2.3534004991794797
-0.31933694986141925
0.3223211511087337
-2.3603235336895487
1.8905530177797905
2.8181387715252946
1.8941505680943351
-1.2467114517716562
-2.824501341527895
-0.7762076873518592
-0.7875373477079892
-1.8921404398539046
2.813876766548344
-0.3234690855838101
2.8214273524221287
2.347478993332248
-1.2443496917025678
-2.3609885434254467
1.2502157705530788
1.8848656799754149
-0.3164861596575608
-0.7778428224576379
-0.7858126946189633
-2.8172116231108673
2.3430023671512257
-1.893633832033514
2.818545712844626
2.3564495408026547
-0.7709243125639662
-1.896788467590907
1.2512683303388556
-1.2416983985392152
-2.8045238488429254
2.3487759628869402
-0.32234592308199167
0.3204477911768194
-2.3489408018681526
1.8924556406059485
2.82114553028321
1.8977781830387954
-1.2491482279520956
-2.8251864031673404
-0.7932415606308288
-0.783402260201376
-1.891969695848724
2.809089935353166
-0.3214912992291809
2.3571127412870156
2.3612249427523238
-1.2484941746299107
-2.3428788518276757
1.2513388734951523
1.888822775510018
-0.31359092486866896
-0.7840356156068745
0.3156564683138334
-2.820327883995384
2.351047864017504
-1.896470439559126
2.8179724053019894
2.3580499648485
-0.762476419567083
-1.8950458147541993
-0.3214859441404291
-1.2429217704849782
-2.804657636892773
2.3572142776767135
-0.3262407967442492
0.32416643922277305
-2.3461797396455113
1.8902547239875143
-1.2539060188979876
1.8946921000854475
-1.2526781553152182
-2.8207757669385907
-0.8086818265153609
-0.7835770103525982
-1.8897760301540074
2.810385208433102
1.8892308234314261
2.3580032820931054
2.378304614873701
-1.243509891466133
-2.358699942445913
1.2398936308248925
1.897176948218752
-0.3165280414723478
2.8192336619648244
0.32042131689493075
-2.820830948774468
2.3521388776103715
-1.9040700142873812
2.8182277619989624
2.3585537737807845
-0.7709982135641634
-0.7857159630655588
-0.32322513822942167
-1.2455733980565025
-2.8123658807863947
2.3581551495978172
-0.3249914462361183
0.3229046513471965
-2.357187252223923
1.2458963296232526
-1.2557048862466889
1.8893206003578662
-1.2522743550606599
-2.818228868171363
-0.807462190034019
-0.7850169655262004
-1.890393103248764
2.815672854908715
1.8905482886706733
2.3582562403808454
2.3722957576306745
-1.2433598399562753
-2.3638783671976804
1.242291818448856
1.8958818300921372
-0.784367523263327
2.8161458094005063
0.3210784766896
-2.8115633896490677
2.353683373360726
-1.910020531055891
2.816050638296557
2.3586782883317117
1.2426255026473287
-0.7873553756983482
-0.32090184894808893
-1.2472952656452851
-2.8185669682785415
2.3523924111537005
-0.3244257965737463
0.329043936916265
2.813600277346015
1.244046339735993
-1.2511200856664346
1.8974649436252955
-1.247747773277793
-2.8142411744094336
-0.7890202289133366
-0.7847768488187292
-0.3241498713439462
2.8176686301897615
1.8934975086016486
2.3571908113870954
2.3507425376384576
-1.2467393857380191
-2.3571913652320218
1.247660899558482
-1.2454942039006218
-0.7851202478843724
2.8153289359214977
0.3213129033729927
-2.8044934849120193
2.35279468682278
-1.9047798487298637
2.8143607142866025
2.3611378806108303
1.2465950491912734
-0.7908860571471952
-0.3187395424994673
-1.2457446302879536
-2.817497745003338
2.3523148556641402
-0.32477826377576224
-2.831427324663788
2.8120472103793968
1.247203284630638
-1.2456572484858497
1.908078781424049
-1.2426061421449988
-2.820696052270016
-0.7819839082303751
-1.2477152850292421
-0.3237115785434347
2.815030657220626
1.8870248731986805
2.36047164808519
2.3371049277572307
-1.2483966899474888
-2.3492347387820485
2.3499830787476355
-1.2427253969096634
-0.7839080545337095
2.813993264257317
0.3203843252196433
-2.8131439080707317
2.361804907580303
-1.895942496441728
-2.352852029283787
2.360463816145106
1.246321098979373
-0.787626803263811
-0.3124157508320965
-1.2361693936276363
-2.812240963942252
2.3577719697458357
1.2506710674301258
-2.8282594026773964
2.8151648510035443
1.237505831049404
-1.2446321177724597
1.9009474395885393
-1.2454832831437894
-2.8221323384080845
2.359884709498112
-1.2454164363228477
-0.3227899469495649
2.8166508814146103
1.8826120704616602
2.3587365562566736
2.3439351324591327
-1.2478316826637013
0.31690905819781123
2.339130610889488
-1.245973606404164
-0.7892707568461916
2.8165691802703563
0.31775216437327675
-2.816525307572837
2.3459918423735386
-0.32658530351592224
-2.3526790028412425
2.361331582379637
1.2455785159429396
-0.7880681663060506
-0.3179389721928432
-1.237691190572143
-2.811091674398335
-0.7906615059874287
1.2490082216269776
-2.820856304254899
2.8183705056594124
1.242728255246977
-1.2499640401471235
1.8952291183560692
-1.240100353628929
-1.8865145378515071
2.36476019140921
-1.2470753642852452
-0.32931933847282296
2.8204627987502984
1.8883835829527917
2.357954599131289
2.362579003304157
2.3529899229026485
0.3194994185702544
2.345354665160096
-1.2492815669904176
-0.7909821803653049
2.818466942629461
0.3199776553258275
-2.814216668141591
-2.8335475230939737
-0.33107059953350676
-2.353069806823329
2.365330831623142
1.2461740531404522
-0.7882994093318954
-0.3215969224433809
-1.244190154161884
-1.2556621210408678
-0.7875117047234841
1.248538764898333
-2.818508333474898
2.8121231692146265
1.2455337273342193
-1.2527821635151895
1.8972023785899819
2.324990442431293
-1.8870259104438811
2.364547539324233
-1.2462275848176196
-0.3310565885088337
2.82276214050153
1.8919048965729113
2.3561918347819972
-2.8300962324954297
2.354071944911971
0.3205119931567509
2.3563713077790767
-1.244223670408283
-0.7885716889136638
2.8142587698504813
0.3229175762010922
-1.2455802169553818
-2.8248420427751904
-0.3225346135558925
-2.347103107129323
2.3707854838377385
1.2564213497401453
-0.7865458074642881
-0.3218266469843787
1.8879688522501816
-1.253544983239924
-0.7853171713339469
1.2466694269047114
-2.8226781517863198
2.819547054325111
1.2447592656894144
-1.2503754329764643
2.831652853902235
2.334945199411939
-1.8898184728998717
2.363328089037042
-1.2482948462947738
-0.32027145324982725
2.8219718099609
1.890166611928038
-0.7849437188375544
-2.837064833479083
2.3565534865271762
0.31660660508116556
2.3572071540272774
-1.2456161413100593
-0.7868038616490513
2.810300387884288
1.2558466282440253
-1.2493924861240242
-2.8235335046066137
-0.3207156026394034
-2.3535452473982867
2.3606847981397325
1.2534773222356026
-0.7841689590442981
2.8183261860417295
1.881760990291991
-1.2490520998170558
-0.7949604382989176
1.2488452508753314
-2.810389150269882
2.8164655298411985
1.2434446509469443
-0.31040212867694367
2.8282626665007244
2.3513032855749434
-1.8923568312095826
2.3608174648350886
-1.2468481336967772
-0.3168604136366665
2.8228290623839327
-0.7674264678402004
-0.7863314148955171
-2.833814027848547
2.361614848429717
0.30931656754825737
2.3452736493925546
-1.2499793898523126
-0.785305995609093
-2.343285956978908
1.251968824051744
-1.2535552005232682
-2.825165587616052
-0.3207410366149908
-2.3531473520545605
2.3568751422147862
1.2498229406152377
-1.8849843647367637
2.816626214337014
1.878727867641322
-1.24725852900358
-0.810800730390189
1.2407694883051454
-2.8151460760717364
2.8171456501086696
2.3593551568644604
-0.31436201565574334
2.82520800603659
2.3330871492320018
-1.8903535845427473
2.3566971155717247
-1.2469639271852124
-0.3206470603699068
-2.3546405954227145
-0.7701654367988235
-0.7861312729555859
-2.8192999835041235
2.3601287296060027
0.31822562540392735
2.360421801616441
-1.2503267898787134
1.249245981183673
-2.3402599390279657
1.2524053508555255
-1.2400106845705592
-2.834762371462686
-0.33028079225579726
-2.352614038480018
2.358249674515464
2.818526088628002
-1.885462137707639
2.8179485220933755
1.8944719944444712
-1.2492934953754486
-0.7892282925218076
1.2474031017060165
-2.8196952292172814
-0.7848780268681359
2.358818085944295
-0.31938931353734423
2.828957817537729
2.3129938030113113
-1.9068081655038052
2.3545682443145637
-1.2489691648432828
0.7641857993916344
-2.3559166985178814
-0.7804249113161755
-0.7875195513704776
-2.8220094898157386
2.353280812277524
0.3215284510391372
2.36375652981719
-2.8256453253748695
1.2503807999475574
-2.3475231545893225
1.2560280803291128
-1.2399145816766606
-2.832450520021553
-0.3249563099756027
-2.3525770790969682
-0.7909552393941641
2.81833525676335
-1.8877599930389781
2.8218151120653636
1.8933789582199887
-1.2482194112168439
-0.7873634971050159
1.249645678059052
-1.8883905545594846
-0.786131565611399
2.351464189434154
-0.319833522057364
2.833330124772846
2.319414669202783
-1.9047093698436006
2.3559083156641902
2.356570561607628
0.7753690445416604
-2.3584529976852213
-0.780814758863994
-0.7835739643787134
-2.8180040174717598
2.351528086640723
0.31941144850037445
-2.8291615394299856
-2.8222099856141676
1.2504688206778813
-2.360794515691222
1.2604158594947559
-1.244586722109018
-2.8303595013047924
-0.32537608178353833
-1.248776394301464
-0.792807409427329
2.813257924345773
-1.8882582591992283
2.8214773915219604
1.8887571189089047
-1.2471656970412404
-0.7874304131711122
1.8857279992868026
-1.884718658436575
-0.7853981033003966
2.3475273493246394
-0.31940145311757134
2.830707078385875
2.3420563797079756
-1.897422217513642
2.3579454987269832
2.353532171294159
0.7825393313212913
-2.3582898819299887
-0.7692639593682274
-0.780032117603537
-2.813833807141339
2.351362939108403
0.3165535530364445
-2.8285757685375637
-2.8182123624032718
1.25113664647439
-2.354786221338154
1.261397701303832
-1.2471829956690919
-2.8235725349900824
-0.33034987917227554
-1.2472718379328531
-0.7900965581094456
2.810368622489698
-1.8835164967103202
2.8157078817315897
1.8889536495749764
-1.24754331258137
-0.7895998316551627
1.8832810891033405
-1.8873495234282007
-0.7865598250991733
2.349636760968697
-0.31947973208724945
2.825622235482452
2.3458851285404614
-2.3580849613534607
2.3578241590069413
2.351140582467287
0.775725531488571
-2.3559484624073574
-0.7644567547808077
-0.7816564270449068
-2.8134585230940568
-2.359315656829851
0.31683718798182864
-2.8221304019925175
-2.8235602911259803
1.2479394532906254
-2.352253944949346
1.2562643448883748
-1.2416275305007465
-1.8907297723328824
-0.3331430643850303
-1.2445573995422865
-0.7932637046067007
2.8121395761776298
-1.8848815610180127
2.8128455608507728
1.8965918575854226
1.8906211531142723
-0.7908879833980467
1.8874273203570935
-1.8888468009117787
-0.783842505984371
2.362796570997729
-0.3163065563026079
2.824738404736444
2.3470642439822527
-2.3633635066175205
2.3529973194009326
2.3891189383491285
0.7695882602332352
-2.3513623569684206
-0.7625663681224338
-0.7863393713372813
0.785508362900215
-2.360181426749634
0.32190129476164087
-2.817436037629455
-2.8328266435090224
1.2526772999549136
-2.3577322712450672
1.252169182333274
0.3196775484741004
-1.8971172440132622
-0.3303459602923103
-1.2540405373702304
-0.8043813140366257
2.8228185362067504
-1.886368717918203
2.816665201665049
-0.32100486078782015
1.890117439242152
-0.7885276179353659
1.8969560847578224
-1.8881319653053592
-0.787776845611742
2.3792124075457766
-0.31734369791202066
-1.250512270711702
2.34192496275511
-2.3885368641663267
2.3579015276243456
2.388230347704732
0.7997190689185915
-2.353536717300796
-0.7744508236931303
1.8929730985611661
0.7863836413334082
-2.3630334963366355
0.32655961270257855
-2.8248886281823853
-2.819166895637823
1.2632794875841773
-2.3679876450300212
2.8273713154904554
0.31236383982243193
-1.894744537057972
-0.3297400103314369
-1.2506447078102858
-0.7855584324948244
2.8201530419383225
-1.889040623608708
-0.7873114427707543
-0.31323285556096003
1.89038283959895
-0.7843793329159499
1.8883598644396253
-1.891117410073763
-0.783448569734609
2.3705682935745647
1.2517171230512478
-1.2554275700389275
2.3454165852814652
-2.35952346508195
2.3561323684976836
2.3663474071609505
0.8051917401659837
-2.3559843115012757
2.355701635630194
1.8894243328711382
0.7841642670572644
-2.3471143945261908
0.3231416029921596
-2.811268076894074
-2.823817793926516
1.2630067471507083
0.7892609394849215
2.826728821413014
0.31381541524519907
-1.8926381424935539
-0.32179288409380297
-1.252548959750217
-0.763520934588305
2.8164345422101085
0.321476013452716
-0.7886992160537036
-0.3117236104904806
1.8990093482007115
-0.7885752215483411
1.8962436520718844
-1.8883422428744219
-0.7819702735055861
-0.7833693883524713
1.2520086263915302
-1.254425513420487
2.3559057303138644
-2.3538169809325473
2.3572986090675068
2.3643945662447146
0.7953559679634906
1.2465276106061765
2.352975920846735
1.8846830153394614
0.7775177650337891
-2.3603392156759324
0.31675424518901485
-2.811577376271942
-2.8209257375161254
2.3600910169178784
0.7856227695148089
2.820433638516118
0.3164777057801017
-1.8928626476708583
-0.32168462195191294
-1.2619927541969198
-0.7638944883643753
0.7892348650733851
0.31953412274163545
-0.7835678350113644
-0.3264977147414773
1.898897871472274
-0.8113875040043709
1.8992110532927815
-1.8878237683302996
0.32642310701387667
-0.7816537408176228
1.2507083652533246
-1.2539212275339753
2.3552140766863845
-2.3506204255985903
2.3550903140413313
2.3858244187892486
-0.779172658524443
1.2420136939054578
2.3463951979159194
1.890450165088781
0.7803084439877797
-2.380882425435728
0.309854632493587
-2.8163269214284337
1.2417853840920454
2.3624266883831844
0.7857249187056813
2.825486759925611
0.3217450729108159
-1.8983291257609243
-0.3192540583793721
-1.2676069015522806
2.3548218180245453
0.788144464956776
0.31851434623363506
-0.788635357760177
-0.3247160128278261
1.8888049734881376
-0.8234055914653597
1.8992025448421497
0.7818294658461941
0.3268339445512738
-0.7859470954158254
1.2539181794988952
-1.2491627074033747
2.364187692979056
-2.3600079376431937
2.353323657657869
0.7811179095306391
-0.7820587325940536
1.2428481477271835
2.35813694737388
1.8876274199566445
0.783386134893463
-2.3890594717980416
0.3107912599187205
0.3226410171383134
1.2445450873772002
2.3669988041233703
0.792060474374009
2.828024582201387
0.32379693932321324
-1.8884434099426677
-0.3183912700410332
-0.7916038263197215
2.3574633097555338
0.7904297873794888
0.3256935672700784
-0.794235365763039
-0.3210073439670031
1.8879072528658
-0.8147988859003522
0.8128726904165169
0.7824147102839203
0.32711775789845327
-0.7829233513112548
1.257193472500472
-1.2484632973751564
2.3692221829554514
-2.3520229061753897
-2.3581494091055735
0.7867310099851129
-0.7813536458782755
1.247461182820944
2.3586783702853853
1.8903061897189266
0.7844648237211257
-2.380298004268705
0.7743255040371032
0.3204802099235681
1.2494452491537829
2.3585200212901203
0.7961933053563803
2.823836133002773
0.3295025783015429
-1.8880970785830566
-2.8207300756278437
-0.7871324648425837
2.354048208273176
0.792828238125941
0.327704423038772
-0.7863098266045465
-0.3159241079185162
1.8891831787920073
-0.7956264730130083
0.800660557997116
0.7819987061074736
0.3330444373901581
-0.779687898761809
1.256948949418999
-1.2438779369948691
2.3660319949538504
-1.885565305970016
-2.3576207008686025
0.785852837496737
-0.782724695941972
1.245402937416551
2.356245070476874
1.8893735599540276
0.7815052534654686
1.8940298247197236
0.7757245107691455
0.3176932775909878
1.2484248906303583
2.3564930242104123
0.7876874649021188
2.8171994962654336
0.324645988156797
2.8313907235951183
-2.81997874226093
-0.7904919238511
2.35160535665703
0.7906139940946012
0.3222448169138124
-0.7845991106534114
-0.31840342481391193
-0.7837328112336804
-0.793135548645964
0.7891182795743074
0.7895957572269487
0.3279370292797046
-0.7808691890084347
1.2479064177583503
-1.2467161825532154
0.7958641212724332
-1.887866293777821
-2.3598702355431924
0.7788044499576966
-0.7837319395078398
1.2496103521761992
2.3542844723064276
1.888540319951367
-2.8081127166062756
1.9008345381616116
0.7611186432337849
0.32555943999297077
1.245362217109621
2.355005267210157
0.7873330512684976
2.818561715670229
-1.2515981179300375
2.8264778822491254
-2.8223886802371942
-0.7965421628678704
2.3543694845746126
0.7910216460068927
0.32081888962604177
-0.785116416892048
1.8982111693080523
-0.7831417789567322
-0.8092397132263948
0.7846956757023134
0.79299739360001
0.3194704990847193
-0.7849183665587168
1.245063318429546
2.8196126690417125
0.7748370051347331
-1.8905482288913922
-2.369710455225542
0.7803544505606024
-0.7804021588852436
1.249314670457152
2.3558765146387235
-0.7832408037655363
-2.805117257200159
1.9033462257831022
0.7603648272714627
0.32564535841787473
1.2534178523231192
2.352150861809201
0.7893481074153605
1.2380357536226403
-1.2604744398204097
2.81940471697216
-2.812078106357397
-0.7919079052678971
2.3553253520011133
0.7869472649981994
0.31872434710206116
2.8235970324466586
1.9059644514406255
-0.7841631819621359
-0.8049198384030368
0.7814923920837328
0.7837244732482194
0.320234219714251
-0.7821512205178165
-0.7936469864801508
2.8158083656189747
0.7619630156725702
-1.8983965823199105
-2.3690692171119214
0.785770306138081
-0.781503480961391
1.2486089309562178
1.252633097723181
-0.7839453941416674
-2.811259810948079
1.8896549231519093
0.7592264273787599
0.3243849629002131
1.2522691618490303
2.3465686146704994
2.3602527845468937
1.2425137187200996
-1.2642047678969859
2.8239962383414463
-2.8222358921522033
-0.7822969808403512
2.356994394810465
0.786478060527195
0.7814009119937827
2.8225907418160086
1.905453451847874
-0.7898447922813578
-0.8083630252676
0.7641005065241585
0.7863229273469716
0.317157729850676
0.33740739815279397
-0.7940199380355923
2.812039822248036
0.7809774104570445
-1.8950678477305336
-2.3586967773577707
0.7855916937170158
-0.7860580794925517
-0.3253355001088667
1.2553413326060359
-0.7837274808180413
-2.8205817975330585
1.8881793410123773
0.7823330435211407
0.323220408256856
1.2515568608258476
-0.7540084069898138
2.3580509450209717
1.2477643961838998
-1.251813287612463
2.8362814849081555
-2.824552446709643
-0.7881138355374316
2.3598950853010563
-2.3706693525259235
0.7825665582803735
2.822923303288192
1.8953188012636464
-0.794075364252263
-0.7834025862087508
0.7656314481168774
0.7853058589350063
-1.8900371290485556
0.33080505719079667
-0.7901570353324541
2.8201850311202667
0.8057176950664876
-1.8881564625316607
-2.356535570371157
0.7879362513782715
2.3659722691839677
-0.3238042903608503
1.2549197123049514
-0.7693219096863677
-2.8257512122552337
1.88897874530607
0.8010688207760484
0.32216987407187075
-2.3574207354869
-0.7693482637161387
2.357055929437635
1.2522806154420576
-1.249168093869407
2.82113628215274
-2.8203088946036985
-0.7927725249490803
1.256043144278839
-2.377791049165964
0.7855188920352618
2.822242105431791
1.887965737199123
-0.7958435376415031
-0.7697977557101661
0.778706197040077
2.3543215159364665
-1.8924234238317978
0.32444400756960184
-0.7864987091629613
2.8198462380297524
0.7853935638531873
-1.8916183745759292
-2.3609461296492116
0.7906472918242091
2.3583763894333396
-0.3208257609062129
1.250610703483343
-0.771533756032318
-2.8227803112794247
1.887875957987735
0.806061670066016
0.7844053346516365
-2.356749489826039
-0.7768509375630143
2.3652572905773663
1.2489937574133092
-1.2497237924503477
2.818609594017775
-2.8204896709339957
0.31619356683416594
1.2577138597221893
-2.3689310586778967
0.7869573231320732
2.8284267031196517
1.891400385183868
-0.7895773455154208
-0.760201686684034
-0.7895102807551202
2.3569247428863216
-1.8893658608606252
0.32974193702311216
-0.7880212009135632
2.8184733588819793
0.773650664481398
-1.8903240180061376
0.8163448321189253
0.7898474280720095
2.348936090049436
-0.3182492217038139
1.2521421938145756
-0.7820912993243984
-2.8174003617576187
1.8813865137012005
-2.3601000593324395
0.7847069784635107
-2.3569045794823653
-0.7776237493692412
2.3638141078905117
1.2456496282231722
-1.2555347835303843
2.8188365141536744
0.7887492506186718
0.31875403871162605
1.2555810083409755
-2.3598585630824607
0.7890129447416143
2.830316199122441
1.8934770206005955
-0.788346928044959
-2.3592159199521614
-0.7864719510954091
2.3563010247204264
-1.8914765226156556
0.3340762779393581
-0.7857650857278506
2.819250130149217
0.7729932064000247
0.7811330792833017
0.8109423709816803
0.7863735573260807
2.3431286557631616
-0.31384125798883833
1.2599050255039144
-0.7812382994792704
-2.8164807308874202
-2.8120708950304123
-2.3568741103914146
0.7840532991716814
-2.365895807426937
-0.7751579592962874
2.3584914312169905
1.2480378992546373
-1.2571759525826096
-0.7828431692106417
0.7890308350718326
0.3119880394595097
1.2515755116764622
-2.3439255435230706
0.7971767551666131
2.826957252159945
1.895451415736562
-1.887932977876122
-2.3590694305972653
-0.7884603130515995
2.3521415795371126
-1.8894906869402548
0.3301375319770104
-0.7866407664308956
2.8155831196807686
2.3683236350238417
0.7819660616844085
0.7936216266049947
0.7847589788181886
2.358907579365133
-0.31013660380822927
1.2574740193251206
-0.7786944200534308
-2.821916364097793
-2.8074976007688157
-2.3575620876925485
0.7844981817333535
-2.3621555032047143
-0.7725770800348911
2.3577125767903455
1.247425261142009
-1.2543607679713935
-0.7855345577708512
0.7866531687798689
0.3043053995212092
1.251135519995057
-2.350176452541607
0.7920561320208088
2.821891889916811
1.892713175670182
-1.894199537156787
-2.363431969746753
-0.7952502345457547
2.3485695069496946
-1.8871822423962972
0.3276204666383562
-0.7861429833052166
2.3535337010934385
2.3628708308855892
0.7883155841140845
0.7821062773883249
0.7879170865468368
2.3690754110487116
-0.3124513392086781
1.2502564659816633
0.32720819622574343
-2.826292929583362
-2.8081513214695892
-2.3626893536383564
0.7830404060910326
-2.356928339615396
-0.7732420108079073
2.3574863228751015
-0.7816434729977774
-1.2508629447975597
-0.779836672996229
0.8009886115477222
0.30487922227613967
1.2531832681553854
-2.3611569849853105
0.7875038284757004
1.2379726405501392
1.8889970585404832
-1.902710372050435
-2.3537044192699863
-0.7957597100981589
2.3535164040326473
-1.8892067757653874
0.3246552480525551
2.822016334442802
2.3547703971393177
2.359531282182494
0.8083971562988164
0.803855666733328
0.7794220052434476
2.3555735119625965
-0.31856804224559343
-0.7939311801435903
0.32295290097346124
-2.8226355140805888
-2.814365973086625
-2.3668074204438407
0.7904417661461638
-2.358160949218634
-0.7786196044968674
1.2505721936604135
-0.7831374186817651
-1.254339479192771
-0.7529740550676697
0.7951535738702757
0.31220918034902895
1.2587950755747506
-2.365590193015369
2.361908768983226
1.2366543016936025
1.8899721350716967
-1.897300761715374
-2.358200739402873
-0.781584064308068
2.357485882248438
-1.8934029799776915
0.3252679835602375
2.8224878144829453
2.357662589010033
2.3623288929626995
0.7911172341024568
0.8102907370281912
0.7847549874083666
2.3421448848020363
-0.31860758040811915
-0.7982212910291809
0.3210518593244434
-2.8169191846926127
-2.8168633887816577
-2.3679633711282615
0.7850500280025636
-2.360885446938615
-0.7776079465082288
1.2518482105694761
-0.784894069239085
-1.2587784912666218
-0.7637404959002615
0.7880911633822492
0.3174654468826993
1.2611376172246211
-2.351007597018503
2.3614373278790537
1.2417852537997278
1.8954711694480237
-1.8902605534525203
-2.3587292148013366
-0.7810175217418598
2.3601498302744095
-2.3555813175640905
0.32900684837509625
2.823083352574538
2.3583293903953475
2.3694977402878874
0.7881903682220349
0.7954810889310434
0.7859031741261825
-2.3312970848156644
-0.31260364255883266
-0.7963934104436843
0.3269758830958971
-2.8149099467573997
-2.8163330900095214
-2.361344049537447
0.7855282064033262
-1.8956719586943545
-0.7713809254471744
1.2526807443128865
-0.7814591004285586
-1.2605947350590345
-0.7777822689051906
0.7893324624467024
0.3138124271184288
2.3378687785016483
-2.338245136364665
2.357179886341036
1.2446332468740946
1.8962589937375522
-1.8911175903540616
-2.3555897170666213
-0.7882628950056705
-2.819979508064604
-2.3456535363172835
0.32834490952669915
2.81605810270419
2.3569741958311385
2.351090820329254
0.7979266275374948
0.779253367396929
-0.7552987234942284
-2.332873580278707
-0.31182346597691124
-0.7874150485220801
0.32631612657239006
-2.8211620043935253
-2.813353760077349
-2.3566295339304153
-2.374342419753261
-1.891579735960448
-0.7750729346827288
1.2517366037684334
-0.7807747134833607
-1.25019619663778
-0.782492924239537
0.7983817564450923
-1.8811188069005804
2.3400438108552586
-2.3527279262082974
2.358003887289512
1.2452500450886146
1.8916114232671275
-1.8959730773141972
-2.353367107572343
2.3788280208002464
-2.8227659586191964
-2.3369756861516984
0.3327969468550539
2.821300130679765
2.3565671329986415
2.356115800839498
0.8054367004943461
-2.355636239122676
-0.7657983225797205
-2.349969413921629
-0.32180573048348493
-0.7874389877034916
0.33124818698287944
-2.823621992800068
-2.813460486792179
0.7967015229060068
-2.383141876629906
-1.8955502829585016
-0.7713010554089104
1.252694304397137
-0.7888528001188312
-1.2490435560053919
-0.7734468596206879
-2.8245420434009607
-1.8861464750744492
2.351903283225197
-2.3803408009973204
2.358507401041649
1.237220889123011
1.889384871433566
-1.8987177324892066
-1.2465404327416358
2.366434403239369
-2.821132752966435
-2.342228182886053
0.32305909129309435
2.8168684597339744
2.3536100952513386
2.360344186910047
2.3362479456814698
-2.3617931252221
-0.7822867581659836
-2.359841944152478
-0.3232517551246951
-0.7862005125758303
0.32223043673595003
-2.8269701063572894
-2.3524901593795344
0.8171633093845552
-2.3743441251033124
-1.902405496093023
-0.7829836163435621
1.2460802010644412
-0.7884722533340901
-1.246798641994904
1.240957557655038
-2.8228979308077244
-1.8944204804913105
2.355423686867793
-2.3812569751758654
2.3610472190020158
1.2449178293991898
1.8844373433973662
2.360138794686169
-1.2477923386711791
2.3383222088229645
-2.816880073173498
-2.358149897989487
0.3132853904525095
2.8111928481448714
2.3529192022027248
0.7881829326126465
2.339334441643855
-2.3636983499156097
-0.8020059543725031
-2.342781828280928
-0.32653607301035126
-0.7822243253657533
0.31980942277419444
0.7890472794576449
-2.3527169958942844
0.822649141158235
-2.3500831354238234
-1.89704386605903
-0.7992590809792525
1.2392615733240782
-0.7889175437763056
0.787908268582246
1.2396420596318067
-2.8194575883786794
-1.9027439653157356
2.349494645314108
-2.359341266238689
2.356122466394617
1.2495344187065642
0.7839863204158486
2.359181489297853
-1.2412323539571979
2.3545352185937696
-2.808645291220154
-2.369659320183624
0.31207050459135477
2.814125665864212
0.31617638340191667
0.7875535939826018
2.3530209929042525
-2.363611593679628
-0.8040212262658272
-2.3640354444667686
-0.33362875564494865
-0.7814653526208155
-0.317062154698526
0.785964591062036
-2.3524533143343005
0.8020068952382179
-2.3662742047795153
-1.892342330200765
-0.801930274931247
1.2438542400785357
-1.2530940201808474
0.7855342748133954
1.2432665403353056
-2.822790516695427
-1.8984844359902688
2.3480855239372653
-2.371381655253069
2.358951990855872
2.327350040061138
0.7855610992394103
2.3622635221414425
-1.2356716343055176
2.3608144703840894
-2.816165483151293
-2.364780345932265
0.31957411739130287
-2.823002961854355
0.31666613212412764
0.7856865158297665
2.3517730829129
-2.3574179778981987
-0.7887884586209142
-2.367500547881775
-0.3359989830773069
-1.2436205402195124
-0.30798021608348297
0.7871382278378852
-2.351810542131009
0.7890676127120846
-2.368547218972702
-1.8910115483439822
-0.7944541514957144
2.344143672043735
-1.254389237392265
0.7837927247178305
1.2514716252132898
-2.8194866124918314
-1.8905987844232024
2.345612100532842
-2.377828098993825
-2.3510556106321348
2.3237249218110616
0.7905066598308912
2.361094248882433
-1.2415081156629604
2.3480870872594655
-2.818040390081734
-2.3524411630893924
0.7823906047424622
-2.82605013280247
0.31905647918122637
0.7793403144270289
2.353114143164964
-2.3554957712769657
-0.7859815075049118
-2.3657202713646233
-2.359690858017495
-1.2469908156157652
-0.304497264956452
0.7883725882646935
-2.3549604870879746
0.7790131053053897
-2.367148436764826
-1.8951012961994054
0.77806587529929
2.3285574407219096
-1.2544006616396344
0.7868989383312796
1.2441324446395527
-2.8186796668515304
-1.8912076371695987
2.342471635217687
-2.3612275247721266
-2.355091335539576
2.3348701382177115
0.7871153292743776
2.358954855202729
-1.2459303340439025
2.3522894119669306
-2.8191328530605024
1.2496996508264973
0.7683302087310134
-2.8327298709438318
0.3183851898687929
0.7794671563529881
2.3587003630557835
-2.359333465138106
-0.7876971515336891
2.8138903840198624
-2.3590976439834614
-1.245879083446332
-0.31708090386688725
0.7878367443757596
-2.3541666629907656
0.7913637792202455
-2.353927598315396
-0.7912656937721528
0.7701645530654311
2.3117615558027214
-1.2573091699110155
0.7889660919674514
1.2481725768734775
-2.81636321805633
-1.896535835736785
0.7736393908382874
-2.3574955355521774
-2.3561049627856696
2.347367598791022
0.7863427952314406
2.359789062428036
-1.2424644823755093
2.359026840605752
-2.81435202760216
1.25552214846034
0.7524754725120218
-2.8372424723446206
0.3169712105385698
0.7859324300945951
2.3631671926199935
-2.362564752367133
-1.250214401288104
2.8166840047223345
-2.355292812359049
-1.2486825608675838
-0.31888035056218417
0.7881464951205942
-2.351216616839763
0.8097093052726
1.8984149430752175
-0.7872220147295832
0.7772918775350286
2.322655347451436
-1.2543537481646092
0.783970036783831
1.2555925853472116
-2.815884370170325
2.362281050982068
0.7761281617774124
-2.3563558329635255
-2.358181787938031
2.3346777417431355
0.7847511160965986
2.358552874145037
-1.233285738757471
0.32371212489359186
-2.810618760082521
1.2547342450816397
0.7711921333776044
-2.829726664139422
0.3171063988373116
0.7892741431255197
2.3654394618698302
-0.31708461341564204
-1.251986980725171
2.8181434421105456
-2.3553559578486807
-1.2412701495835234
-0.311965457662296
0.7852823627904937
-2.3475497946446326
-0.7571067464484786
1.903406910607688
-0.7849153021212125
0.7890360313533128
2.3341576740074492
-1.2538879826856584
0.7797229864558649
1.259459502935125
-1.8908658113785715
2.358316321337506
0.7859977174818191
-2.3581606212297497
-2.353281985740654
2.317496937170593
0.7788444475437257
2.3600846984333383
2.317281244288104
0.3269977535881118
-2.8127929183114615
1.2473633195383875
0.7765301996569757
-2.823011181368137
0.3159270770451543
0.7863097387818214
-2.8198937946218208
-0.31922115364080095
-1.2487817904834957
2.813472567109902
-2.3559893359675663
-1.2360874752915134
-0.31333494997103273
0.7857305338475191
-1.2460412067865738
-0.7499040530302976
1.9023467280447595
-0.7869488146553121
0.7951028441404044
2.3517438724188757
-1.2543524633855647
0.7765649946285339
1.8890165073851966
-1.8913262044892918
2.3579593421079084
0.7874973751556702
-2.357414174945609
-2.3507117856909834
2.323354756685714
0.7747537007354233
2.361152667754696
2.3366249144168787
0.32589403356228985
-2.819027968592783
1.2454861337857392
0.7840575039497414
-2.823102561163791
0.314867136828376
0.3226212684034932
-2.820434236223136
-0.3260304213355572
-1.247985977535109
2.8162080350211918
-2.3605805729565175
-1.2417490167153995
-0.3220972545045593
-0.32131524568297043
-1.2495904204259294
-0.7686681032535709
1.8963500156996542
-0.7912287139999848
0.8066070867156274
2.356161561317845
-1.2567828681453754
-0.7892494199411246
1.8852087734984226
-1.8907591881056005
2.3551394187458174
0.7822742537233546
-2.357292154955451
-2.353990385716489
2.339355211332459
-2.332595717936271
2.360510971971801
2.354768536137883
0.3315257622908661
-2.818527092322667
1.24822694033557
0.7867854151267331
-2.8259458573661638
-1.8958078432500634
0.31697154963051055
-2.8210416166038454
-0.323306497364553
-1.2506685584029875
2.8083995468245138
-2.363950278221494
-1.2452430551510238
1.9043893778995784
-0.31882929893738066
-1.2489733034029287
-0.7732023643070665
1.8922206655555949
-0.7867821341615882
0.819633484377933
2.3508037198838267
2.8210386677294204
-0.7892568282996428
1.887631367893504
-1.8962893320137126
2.353058867360883
0.7548953933857524
-2.3596915481046543
-2.3570352975355164
-0.31464033398545915
-2.3495000279562737
2.3584450834957202
2.3381688345117504
0.319956499290765
-2.8257724092818393
1.2418791383767271
0.7833406999724786
-1.2466321100857591
-1.8961228123567306
0.3257009703228711
-2.812909198617556
-0.3214833025086046
-1.2483784410327823
2.815768287240681
-2.3622942253035286
1.8859588209713007
1.9063843275461347
-0.3187132568363419
-1.2399932479791689
-0.7842242274317727
1.8977563981612746
-0.783667439776766
0.8112668055873341
2.818794305410787
2.8192268271048575
-0.7699336521378461
1.9051745503008624
-1.891314569855506
2.3504585182255835
0.7517648111940305
-2.3586732387477745
-0.3260917653909722
-0.3073511718476599
-2.3504064120746455
2.3580800831001385
2.325598342374205
0.3247537744764907
-2.817793344702919
1.2371499023102828
-0.7956330049653602
-1.2445221506755437
-1.8928995707765859
0.3298056280711828
-2.8180527787702534
-0.3230747381606557
-1.2495610509631454
2.8187309157158884
-2.360883904411989
1.8802472867390678
1.9001153716861556
-0.31119167558264493
-1.2393578808790902
-0.7832256132613085
1.8959521409747342
-0.7881691248869297
-1.8956645735534585
2.82143324869596
2.8178761415983016
-0.7784503827059258
1.89816224838898
-1.8908111310112365
2.3542626986292152
0.768615123781223
2.3503019811815054
-0.32950461309819434
-0.3069201648641738
-2.3235350933265444
2.357682618607147
2.350853413967188
0.33168793798195567
-2.8141915922247547
-2.81562688359803
-0.8020505619291297
-1.2441906607202733
-1.9018487828657902
0.32717856687944014
-2.815089515445918
-0.3261591003135049
-1.2562317653764787
-1.247898804885957
-2.3583911949030507
1.8809404500729143
1.897182290931664
-0.31677448803241803
-1.249607826529249
-0.773564437210762
1.8939270422261836
1.8964167704012986
-1.8985772882869505
2.822681867074899
2.8208891932021443
-0.7764797773988252
1.8945386224312741
-1.8955681586659725
2.356854595401894
2.357022198415706
2.3521913639883185
-0.332700998960691
-0.3207296375654604
-2.326464002901999
2.358473905249771
2.3574694339319993
0.3311555309114674
0.3208454802177335
-2.8182127360471894
-0.8011420102405029
-1.2530742907180206
-1.8937756436088369
0.3227709734426704
-2.812827856095489
-0.3251834925079053
-0.7907390439298443
-1.240927334752964
-2.3667678676140844
1.8881524015783167
1.899380655155354
-0.3192501743402554
-1.247729586964605
-0.7685314541520817
0.7859406036595027
1.8977719005157634
-1.9026159858675493
2.8074287511226608
2.8211340414716597
-0.78358313113028
1.8969265690525088
-1.9004689520257931
-2.3566340665790997
2.3515809519724535
2.3512201806434123
-0.33284785991544585
-0.32122042861376837
-2.3660233973497844
2.3584248583997534
2.3552008395407737
1.2458677727066387
0.3277910572118242
-2.825437449389922
-0.772899007217941
-1.253551385012023
-1.8912784043873838
0.32691274741543563
-2.8168341852965457
2.8216499328581963
-0.7862397578808148
-1.2361522760609727
-2.385774900562827
1.8900165454193167
1.887875496103763
-0.31248556171218156
-1.245295864767095
-0.7823563189400812
0.7856192745512859
1.889371514915235
-1.9013473263164196
2.805780329203005
2.8222149453017122
-0.7870985066291692
1.896511413029195
0.8100332543433355
-2.3571765053093188
2.3539520433365455
2.334542889187888
-0.325985014650068
-0.3219386794097886
-2.36148700101687
2.3586106769912893
-2.3597941395291526
1.2485275447820279
0.32732038574506667
-2.8225057737450956
-0.7758792537821174
-1.2465286548077565
-1.893537457496714
0.32726016545754555
0.7837871555830012
2.8218923536147478
-0.7843054503570683
-1.2319418182289448
-2.3836754873795765
1.8961363913224283
1.8821880418296177
-0.30793211031336154
-2.35310329246142
-0.7852009650751787
0.7891385830423758
1.8867949235469286
-1.8980933444379084
2.807362215998421
2.8228923238980936
-0.7869041659358066
1.248567937781596
0.8044294269938751
-2.354086170260011
2.359968812056254
2.328238928890425
-0.32448495741686195
-0.32654138245533537
-2.3404174289472732
2.8279617217031916
-2.3572905690412993
1.253418476223643
0.3299476984747416
-2.8204281993911686
-0.7915288427286158
-1.2423024034280217
-1.8944759397811903
-0.7851576167147177
0.7774372076751224
2.8216191111307545
-0.7900852764393008
-1.2411026738635014
-2.3797626441205333
1.898163784071929
1.887158576144301
1.2517337500460812
-2.3527608197636556
-0.7851151523900599
0.7808634573231297
1.8891836353436855
-1.8986342264637677
2.8152098625837993
2.823289073468151
2.8189901732777094
1.2457579898988542
0.7905478780577517
-2.3585418682149153
2.3610711114454856
2.323877488425983
-0.3285273339553494
-0.32976613611050243
-0.7791382741560542
2.828320691365625
-2.355876175486921
1.2526757053369637
0.3219442724465397
-2.826384044857366
-0.7932658686092676
-1.2469964373281088
0.7842924181265629
-0.7872656826641165
0.762454142488264
2.8092641576722714
-0.7911498307912588
-1.2456126838654136
-2.363972532491199
1.8949530664505312
-2.349685847273975
1.2542994682781214
-2.353414056672994
-0.7854965271692963
0.7610024163308148
1.8910637593399806
-1.9005543659994544
2.814113978441101
0.7849937386122963
2.819143658156402
1.2482089557598324
0.7742687930001226
-2.3597064090823343
2.359383788042753
2.334786702160181
-0.33472583379172
-2.3605337807643085
-0.7827095409336962
2.823038782864514
-2.353092718959144
1.2510228615861985
0.32172367064851587
-2.8288262446231145
-0.7786222748283577
1.2560792169244426
0.7800197761434066
-0.7894826178332456
0.7610707175753317
2.8075401956327704
-0.7896825036960368
-1.242942265805903
-2.370853389020408
2.820767979074388
-2.3538117707596773
1.2583617646852265
-2.3589853176420563
-0.7856979422401316
0.759574728421162
1.889575571427059
-1.896738325509253
-0.3055335523772319
0.786933837323013
2.821325184412283
1.2511915270154537
0.7728618475255965
-2.362768125839549
2.3559253440036403
2.345323913014365
-0.8147343927559091
-2.3613488108573053
-0.7797864975464578
2.8166415817104284
-2.351376139092535
1.2499372015393602
0.3236354307351641
-2.8247315153998866
-1.8791243986018638
1.2602734264904656
0.782336052112394
-0.7875682690744793
0.7795809340333703
2.8094183680499043
-0.7916290868487469
-1.2384981224420817
1.9055783974231641
2.8239989821352016
-2.353798482498924
1.2518517540216354
-2.357310484125854
-0.7854338044848722
0.779107808419888
1.8876515358746633
2.828325627089567
-0.30065783840742866
0.7824446815382328
2.8192824728514747
1.2505011909080068
0.7712179548132271
-2.359993139466403
2.3556425391867335
-0.31224056783803283
-0.8032422058253731
-2.3564812142957092
-0.7751446553229062
2.8212937995462344
-2.356313349389212
1.2501688201965775
0.33061074718004
-1.2547597424563763
-1.8741930754852019
1.2566440574488702
0.7838513042231555
-0.7862957745350926
0.7862817683001156
2.8162550060153793
-0.7969724952535816
1.8816859501557757
1.898119214440331
2.8263094817711387
-2.345102941268041
1.2526109714720604
-2.35697349047643
-0.7865765216800717
0.7876714664263875
2.3542760398326696
2.833076779246903
-0.30699706944864635
0.800834955507962
2.8229606476068656
1.2442820356833983
0.7885388737933509
-2.363108430908946
0.7779641645940129
-0.30686704585315744
-0.7895939368995915
-2.3545196463031903
-0.7777758338755149
2.81998573028319
-2.355479945193377
1.2513185969817333
0.3329474849649984
-1.2603191182540363
-1.8780983257164008
1.2498648155435053
0.7732793595198026
-0.7899096194155919
0.7797423217592495
2.8132077410408507
-0.7996329208881049
1.8854574985296213
1.889153449511803
2.8255328877344073
-2.344327263498087
1.2504301877289064
-2.356609591018051
-0.7899046723025941
1.240909515425894
2.3559114192538617
2.8318080452423664
-0.3180726671384866
0.7873714989715292
2.8247270022902766
1.244497197808925
0.785574550586546
2.819871521158406
0.7802542826958625
-0.31163184282969025
-0.7866029160367984
-2.354524566660588
-0.7828158969270073
2.819750396599991
-2.358810251924661
-0.7854691953900028
0.3275814578465776
-1.2588543572152686
-1.8862764671572183
1.2482102793675383
0.791607174503383
-0.7936421390802673
0.7773325269461929
1.2514906184110526
-0.7957669142745554
1.8899568505971773
1.889933205443919
2.8195130681094938
-2.347650894429113
1.2491075701132641
-2.354102992028436
2.8248785571523216
1.2364128791159192
2.3557727229992054
2.826940962065603
-0.32062560131020784
0.7798320523288368
2.819793789082186
1.2482391928151895
-0.7750068541802582
2.811837311368201
0.7826120840068351
-0.32181772432211775
-0.7825491480692139
-2.360117416646988
-0.7833459036355757
2.8222334680768997
1.2544953706510769
-0.7850379214150865
0.32307282618240607
-1.2510071995998124
-1.8905764676700858
1.2595250681695163
0.7874598237701118
-0.791400202151998
2.8214015463859554
1.2437460987322855
-0.7895015805676843
1.8901685687668264
1.8909036965413613
2.823734582868995
-2.3544430301217503
1.250549040593426
-0.7879721426141635
2.81991076823046
1.2399615989155304
2.353719200038946
2.821845199956103
-0.31514208861455695
0.7827807339978612
2.819170546497751
1.251048448706474
-0.7805685730503092
2.810887693562896
0.7820405787863696
-0.32582925858044276
-0.7923230642727151
-2.364956821418622
-0.7813028532577694
2.3598670925030008
1.2493937259714427
-0.7849901893360378
0.32004181202260473
-1.247362315353955
-1.8891838868994895
1.2557637380000046
0.7878077805506508
0.7863398844625697
2.8181745821196356
1.2383402403481985
-0.7905584780526996
1.8911812387580622
1.890282473790293
2.823793503030285
-2.355080263926007
0.7890463413877057
-0.7899121754868187
2.818867446593675
1.2495443527494834
2.351827810761967
2.8178256502152528
-0.31570879027404064
0.77471516467289
0.31978450619303195
1.2482287643763033
-0.7842506791344929
2.820015456243857
0.7772946281416548
-0.3285149165190106
-0.7913313584212983
-2.3640900834035783
-0.7799894272179524
2.358601562718371
1.247141145330538
-0.7866009985282357
0.31881102151285357
-1.2467723748049462
-1.8813806464632827
1.2511829515757544
0.7924775173478105
0.7819988026853479
2.8145784516329213
1.2422051658434663
-0.7958379857622151
1.8963851648688554
1.889459915213865
2.820264022728159
-2.81321149784883
0.7893807697750929
-0.7892174650684837
2.820583335755335
1.2521394741567435
2.353866342171779
2.821632796580928
-0.317968239751781
-0.7850078178234958
0.31928680914814156
1.2437587063428486
-0.7837968532951506
2.825014892314544
0.7777293753774237
-0.33309367356710745
-0.7846464196748827
-2.3638464586560524
-0.7806753258407217
2.3588181121044935
1.2472834558700971
-0.7864078566269918
0.3155783587049025
-1.247796016573298
-1.8789362303071944
-1.8959131337267727
0.7955185957120583
0.7803675409640038
2.8186749156548023
1.2479194748811695
-0.7900909161363994
1.899055187010491
1.894714044471734
1.8912889463088975
-2.8056575634462866
0.790260133640514
-0.7817098517731612
2.819623692487489
1.2560367472682792
2.3552043929615465
2.828528035161326
2.3541763912070315
-0.796768565710934
0.32417543815436417
1.2416695426410564
-0.7795836148573567
2.8201078837508486
0.7826841045509001
-0.3288204151482483
0.32428952131560373
-2.3577569871467614
-0.7814967795858758
2.3627284513184934
1.2478845858452987
-0.7853147731843056
0.31754922241321165
-1.2495698455963704
-0.3369278972821442
-1.900837395734509
0.7850501846990398
0.7860380565092976
2.8202508632911183
1.2491839533172144
-0.7892373367363372
1.893643356478839
-1.255542697773636
1.8870973120814707
-2.805641503789025
0.7917479948702939
-0.7880551574551375
2.808993342594875
1.250431524212216
2.3557884021102367
2.385777445129598
2.3534949653580117
-0.8062033728272633
0.3198171878344531
1.2470258511309533
-0.7805978031704347
2.8194669596259394
0.7841832124261353
-2.823085408150552
0.32070913499413506
-2.3715902992366473
-0.7822555463776537
2.369396679440324
1.238761681442798
-0.7885913958941463
0.32139066283933615
-0.77693840169181
-0.3320542854442519
-1.902193527011452
0.7960891081080456
0.7887521145864982
2.823156302351835
1.2473091031701997
-0.7879965124339394
-2.365774696742906
-1.2527093308260322
1.8891121016957262
-2.821128488950015
0.7917578035949345
-0.7872150767280238
2.8169533321239286
1.244606486236617
-1.8898288883951415
2.372655528959597
2.353857880298582
-0.7716177712314788
0.3152060671783478
1.2511149618331379
-0.7839300068293736
2.8200904359602466
2.3454298452177746
-2.818815272176803
0.31760288010507365
-2.365020452493657
-0.7852677876400632
2.361789686412314
1.247762168371471
-0.7933044432399381
-2.356542209238479
-0.7729023452522696
-0.3225984935519291
-1.886248034430892
0.7923090962343494
0.7856092389669947
2.8270944405224894
1.2481743967434586
1.2481420130614853
-2.3600897183676826
-1.2490370667372814
1.8930556925383168
-2.823348357586124
0.7812532006900172
-0.7827187638641536
2.816857499776183
2.363027379641353
-1.8871842190337542
2.354639357233407
2.359749529653824
-0.772363836307786
0.31705102822845155
1.2546168116520886
-0.785215090815787
0.3227912885028536
2.3450752110627926
-2.813869134297392
0.3196042211742932
-2.3768634004699685
-0.7904657015452472
2.35884319238332
1.248720982663354
-0.32979036811593665
-2.353823738164311
-0.7788231132011129
-0.3200533693184314
-1.8884187168029072
0.7922461452746706
0.791350018178258
2.8265099341305815
-1.2492026813305686
1.2461945848281448
-2.3656647407606615
-1.2499975014944473
1.8905892682279206
-2.827899006331161
0.7801592063799031
-0.7796369003903079
2.3473094620660615
2.3656785939027705
-1.8883372011120294
2.361919846094212
2.363399151940932
-0.7843456390034527
0.3230853568891385
1.2575551825723659
-2.8186246893430766
0.32338124692941783
2.355511078332331
-2.819183920736238
0.3228051664145629
-2.36569463275169
-0.7932702952628612
2.3576097403781264
-0.747753194675288
-0.324110209184795
-2.350990071727132
-0.7831025507423173
-0.3241687073222016
-1.8940081811036547
0.7964521577230095
0.791872473577058
-1.8933965645424433
-1.248495573377332
1.2500228372671687
-2.3487951384894568
-1.2549442023659887
1.882191599669892
-2.833659697556666
0.7840605717297031
1.882021727175249
2.3371456764569842
2.364788417956947
-1.8848006609246823
2.366113735095887
2.356792102825298
-0.7883715358001936
0.32036449183234467
2.817233518270774
-2.8199289902584708
0.3193941836030024
2.3388968278314985
-2.8186463708036866
0.3206537820154304
-2.3577435487194505
-0.7910160167378849
-0.7864521932250734
-0.753724017962894
-0.3236319663917028
-2.3544003912294116
-0.7935114859192508
-0.3093094487650117
-1.892943473516219
0.798354479775549
0.7914060458741607
-1.8912980646702906
-1.2502257166036481
1.2389316836896258
-2.3397234082194878
-1.2522507163198604
1.8848838512250292
-2.8358045461339816
-2.356410564657747
1.887388459098794
2.341715105270016
2.357445656028015
-1.893433306609105
2.321951848729136
2.360488579277383
-0.7824636322695792
1.23367155382259
2.8163037131665516
-2.820960258884922
0.30357120725057934
2.3478348408505876
-2.817408433154651
0.3221715180857754
-2.3373696443595047
2.819758284626623
-0.7880920708178981
-0.7710583335135635
-0.32000546701298577
-2.3548007399374886
-0.783737232233101
-0.3153430573178108
-1.891116983381985
-0.7839589686720623
0.7810593611033905
-1.8888305237229945
-1.2604068179731838
1.2415272082517959
-2.3569981896036913
-1.2509122373695345
1.8898815833055638
1.248682702846485
-2.35389743366667
1.8926036894484703
2.3428512093508815
2.359313999217403
-1.8954662791562091
2.333806846362927
2.3644149772417737
2.8152321254106014
1.2379678179495601
2.8184859812223046
-2.8250995143356263
0.3090314017037564
2.3496145188058013
-2.8168005073773834
0.3221297462136049
-0.7799210577161754
2.8220092493690343
-0.7875555869100265
-0.7819043013883843
-0.3263764682684524
-2.361982565001557
-0.7747402692780349
-0.3233366795809741
0.7728395514534113
-0.7853619425885395
0.7841117776265731
-1.893051240548766
-1.2634422313232496
1.2463281274388405
-2.359068699763631
-1.2486066751370382
-2.3537125346507155
1.248995336953238
-2.348874445137323
1.8919457359466758
2.352494704842619
2.3565848355895853
-1.8927860234518612
2.344871011724963
0.7812199738824467
2.818020547036352
1.2474605309732403
2.8120961982212154
-2.8262168240139482
0.31802628222250495
2.3517947174892497
-2.8148192060592137
-2.820879772669591
-0.7830330686485131
2.828117987158408
-0.783760110718937
-0.7868421100923956
-0.31919525644129415
-2.363628490325262
-0.764088805311034
-1.2619592744169612
0.7688556299962664
-0.7875629444927785
0.7657593309714186
-1.8893142881028282
-1.2558258197977128
1.2470190372564625
-2.3644187188403687
1.8913556513416236
-2.3549636256877986
1.257571023648176
-2.345375907690399
1.8922855889119672
2.3615408644971625
2.3532059740890316
-1.8870559268960374
2.348447487880007
0.7931386850449007
2.8197571083349082
1.253353980333455
2.8173866344648424
-2.819072349946056
0.31894873443139515
2.349061241141993
0.317344695318523
-2.8207088398198787
-0.7780218580644032
2.830624464627724
-0.7814938977633529
-0.8098289744279936
-0.3185226879048915
-2.359516830758031
-0.7785038890632056
-1.2559156443985247
0.773919600224062
-0.7892876930379015
0.7755060450260343
-1.8912713576712556
-1.2525207896578765
1.2441045715705779
0.7968594609962202
1.8934532438390805
-2.3527475190420586
1.2556054870978242
-2.3520789164601235
1.8950477859544885
2.369036995459433
2.352230359455747
-2.8077573567762735
2.3419390053245914
0.7858039436618031
2.814860690233805
1.2537177080785558
2.819829885032972
-2.8205837410228525
0.31542308121382195
-0.7732393695041399
0.3195951041622815
-2.8200310100280466
-0.7738153971474224
2.824635558681743
-0.7772241588877763
-0.8117211806993431
-0.3150021936878949
-1.8959308965702744
-0.7821935949402499
-1.247099925125696
0.7768118558770135
-0.7852351709583931
0.780039363467236
-1.897863710370358
-1.25248406765964
1.8847809477241553
0.7933497800386169
1.8958874971136674
-2.3505995707824328
1.2545946383749644
-2.3513664167357784
1.894188690411124
2.360059434377693
2.8168528069743695
-2.808599587327826
2.3430160798932516
0.7824358908080685
2.815527043431788
1.2499268214537191
2.813716978421701
-2.8209095983012586
-0.32705316242055693
-0.77274852965596
0.32085395556581414
-2.8204835511054345
-0.7768556645418476
2.815322765445695
-0.7789301720571183
-0.8002274555741148
-0.7631418676213854
-1.9010590743040034
-0.7844197583573002
-1.247250308166965
0.7765990801694894
-0.785107105486318
0.7765005627180855
-1.9018589830373027
-2.3537241015294526
1.8877071035658097
0.7857798915869747
1.8913233813006896
-2.3534646412041775
1.2491659153306096
-2.345808502090154
1.8957413216968038
-1.8859797781762122
2.81871001180911
-2.814732378496217
2.351580625578369
0.7751272341556023
2.813611245054179
1.2467318692202525
2.8070686162150946
2.3610412446034132
-0.3266868371022727
-0.7807365598127479
0.31361870755904964
-2.8229651379556406
-0.7841307851106363
2.814067768381295
-0.7832391003234939
-2.8188478548820832
-0.7613874808627766
-1.9049791914408514
-0.7851902829306475
-1.2535802134090137
0.7574787559740269
-0.7880280181427842
0.7701667243921477
-0.7606699804665756
-2.3589943676268805
1.8900265715958948
0.7910639013456627
1.8926954332641326
-2.3553495315593143
1.2448174977953943
-2.342632633284134
-2.367555832556724
-1.879526336561794
2.8176012816875184
-2.8188518070571646
2.355408727971863
0.7855107179634454
2.8181364514943197
1.248016952823303
-2.3406417183678867
2.360469991434652
-0.3235167571841841
-0.7736142649680697
0.3162819578326906
-2.8216137526341667
-0.7848020038081261
2.822433604107854
-2.364505753129022
-2.8135367018974473
-0.7745875036303007
-1.9046281084218473
-0.7852291257938541
-1.2486117302723883
0.7744641558681111
-0.7899135223729417
-1.8878798565146888
-0.7607241067741691
-2.3656693030637577
1.8935243893973324
0.7925495951907074
1.892707947584175
-2.3553419164383063
1.2456882500231585
1.8957631140793727
-2.3736271351641567
-1.8821713964657887
2.8110261804067878
-2.820443872348072
2.360515304479864
0.7917954839479776
2.81437525275089
2.3631084365303967
-2.334013368403543
2.3566690218971873
-0.32874694651995756
-0.7816936382439218
0.32197004346692454
-2.822249098157229
-0.781765365015425
0.32108106358403343
-2.371727079067477
-2.812970517132674
-0.7846650228070775
-1.896238266321738
-0.7933833261623809
-1.2468921042775778
0.7815088040145736
-0.32205005586324426
-1.8903716983294265
-0.7800798481053379
-2.3878493622452024
1.896803654186993
0.8007949074471339
1.8873153004263468
-2.354057017735375
-1.2482096180369366
1.8964597783924528
-2.3708340025909935
-1.8907411784846704
2.812622914686116
-2.8304467470625965
2.360044187285432
0.7990429217851239
2.3375785824459436
2.3611236509096276
-2.3515813220666884
2.3380471735325212
-0.3244163111838329
-0.7805220238273438
0.31927504068636536
-2.825512142067704
-2.353908584829677
0.3300252420505259
-2.3653283380429064
-2.8175876955631116
-0.7862389138585446
-1.8851213726903024
-0.7924358849606354
-1.2449322291709426
0.7734358039530118
-0.31981386901252257
-1.8899075168134112
-0.7911266735306944
-2.3804838676587554
1.894074307307518
0.8027363847439979
1.8816548229404426
-2.8150582821463535
-1.2471019347261172
1.888625323439537
-2.381853320054272
-1.8943687920856536
2.8203673286076523
-2.832890582666033
2.3559868805066824
-1.2518059758922466
2.335404710063984
2.3584048866004323
-2.3620980079425657
2.3307919739600282
-0.3184477297266376
-0.7781268688567063
0.31149628180032274
2.3529824999424473
-2.3506502313481397
0.33720403544008726
-2.349902215166579
-2.822982757737158
-0.7909114113293712
-1.8796634405309247
-0.7890464693708205
-2.8253575800920934
0.7631227435592973
-0.3235949584276835
-1.8880109055456142
-0.7891909803385908
-2.361721958654943
1.8913032844368904
0.7963558478800709
-1.2397394670741249
-2.8142311497409813
-1.2411862340093194
1.8872315990075081
-2.3707657010953294
-1.893974607061919
2.829041201710569
-2.82866479358579
1.8857365833907258
-1.2485143450629341
2.34975629959542
2.3588355285729246
-2.365864460611286
2.3461574348073464
-0.31898613778766927
-0.7757742711757483
2.828233238498519
2.351724799767686
-2.350989345363342
0.33067876458680356
-2.346928830521035
-2.813099721243222
-0.7994515627559348
-1.8852427610919278
-0.7893595179209411
-2.8219307012410226
0.7652436197378885
-0.3297735721815365
-1.894522067911561
-0.7800422111199158
-2.3538900268608334
1.8913581204989627
1.251198279789248
-1.246831871292595
-2.817134062130058
-1.2412637570100766
1.8895314850360598
-2.3613882636968118
-1.896329874544
2.8270217797660657
2.816051656025339
1.88870508516232
-1.247335406980208
2.3617826153279684
2.3592908351445647
-2.356533869910133
2.354433877673222
-0.3238967916585455
-0.3210559017322608
2.8256568045138257
2.3554282441807266
-2.3568373399509435
0.3221292600296086
-2.3570930205565226
-2.8144962392543107
-0.8021513068872241
-1.2466546266620535
-0.7933374773566285
-2.8204766895746936
0.776109283571733
-0.32788197104144934
-1.9018446007662346
-0.7777811176076088
-2.3595163493896774
1.8958768402907429
1.2535293130169964
-1.248765269351842
-2.815983535731359
-1.2423300467951068
1.8973724689389884
-2.3646400819230746
-1.897882798857861
2.354562258792192
2.817787217887006
1.8932278002389662
-1.2539529487854275
2.3492821241796764
2.3581511070282772
-2.3468220854606634
2.3509821881508284
0.7893263171044859
-0.3223603841845854
2.8150870796932694
2.366670092542533
-2.3580108268130897
0.3209102030540825
-2.364165571741335
-2.818104297758846
0.7886231699720919
-1.2408246301641153
-0.7931865669342409
-2.8198432106596747
0.7832343528131092
-0.3276920615064726
-1.8962847065096073
-0.7857171599441883
0.790231823639054
1.898221093319294
1.255309519641401
-1.2481556848080364
-2.8192324545016088
-1.2483789910406098
1.8965116380395977
-2.3670819596713355
0.32890681171269814
2.35015518619628
2.8140226915010573
1.8975538407860142
-1.2480765255610418
2.359389224805074
2.3493573623446298
-2.347148971517682
-0.3155439259627213
0.7928775072544487
-0.3201348418192403
2.818374144646729
2.3605812404971322
-2.3568166309749827
0.326122572139012
-2.363304122432801
-0.7761620045199327
0.7881239511374185
-1.2336103701851096
-0.7893571754095335
-2.8152882233928844
0.7867384741587236
-0.33019570586904257
-1.8902769564027933
-1.8937637800459062
0.7906600728397107
1.8952760158927409
1.2486317783037606
-1.2504005430676197
-2.8145677077438873
-1.2542818207669064
1.8892731191487846
1.8931778018937104
0.3274000516976612
2.352309664078517
2.8144979960078254
1.8985685321033663
-1.2443674699679974
2.3730875491834857
2.350098883743392
2.823110741504604
-0.316153551229503
0.7915396763080097
-0.31940331609443895
2.8195421617526377
2.3729860222774466
-2.3588499417645106
0.32477446989978254
-0.7804231905026765
-0.7762778233260221
0.7869466339513119
-1.2422468644454485
-0.7841858853560947
-2.815372755671984
0.7806300708540721
-0.3388722395037192
0.7897135606373102
-1.896073312436994
0.7869235914537832
1.889270911877142
1.2477883809669947
-1.2611683787689525
-2.8148876757821504
-1.2584560408667556
-2.8126831643078556
1.8927546980561893
0.32154427894000365
2.3552587432756438
2.8163530513902653
1.8939460267622656
-1.251693306948845
2.378884965508981
-1.2413981388310145
2.817645809311598
-0.322081397179264
0.7887490171901451
-0.3240858835538571
2.811885505896675
2.3788655968419294
-2.3646388841740356
2.3648563960116364
-0.7822054227924441
-0.7884039731180346
0.7854714614948314
-1.2494043520644995
-0.7806619820422573
-2.8207097483826065
0.7760678851521912
-2.8079610142056395
0.8021124388864506
-1.8937772607250172
0.7836761387659616
1.8929884866028364
1.245991898379198
-1.26033727293699
-2.819616610424348
-1.2560868332053856
-2.80539294630102
1.8938307580191227
0.31957619359462175
2.3510818778458056
2.8192304963837764
1.8925557560692192
-1.2576043164436734
1.9044686931556878
-1.2491888655926642
2.81381794180205
-0.33065765793048985
0.7874514882772989
-0.32404873790323413
2.807410487105214
2.368636752831894
2.810539679820431
2.3813502187532967
-0.7839145423716752
-0.781739842723035
0.7813892751959705
-1.250465139215768
-0.7775583900948406
-2.828143329284133
-0.783438621297692
-2.81647230595444
0.8135872189970047
-1.894620068877887
0.7833420998079341
1.8919366378158469
1.2398897306316146
-1.2540787301490295
1.2455865308909417
-1.2505387123442548
-2.8104174587431787
1.8921488157580069
0.32343193790931196
2.359263935371736
2.8197442550665466
1.8894147516526465
2.362295062067096
1.8969114609608533
-1.2442780949752559
2.8193800189836726
-0.3286289800696614
0.7826643999895098
-0.32101083184347406
2.8110318880741136
0.7803775481959073
2.8080804774967483
2.3784383850186877
-0.7849196495892297
-0.7732079364326937
0.7845285390223441
-1.2508145902898822
-0.779250891807256
0.3300011489266878
-0.7838308202018148
-2.8178750272776902
0.8093101824975812
-1.8967781407896005
0.7910133786517282
1.8872474828701749
1.2360871521354861
-0.7901389252409058
1.2407056187686383
-1.2485810067565877
-2.819822514864716
1.8846016367292993
0.32550850169825424
2.35906981531831
2.8200225137164625
0.7906832693099655
2.3575720832070903
1.8957900414440887
-1.2339939327880407
2.8247538897056708
-0.32043685993630017
0.7765002701382568
-0.3215788890669193
-2.8233627969532997
0.7768757064128707
2.8147389493447825
2.3600167195532853
-0.7865003431846765
-0.7712288086948554
0.7824003018816181
-1.2502178834277413
-1.2438592684425067
0.3223962940218137
-0.7835321944994781
-2.807604588624739
0.7950802612442445
-1.893045190571877
0.7878217820210623
1.8900644829654971
1.8858070213097102
-0.7947041285097366
1.2388186418475666
-1.254350268074309
-2.824504843387564
1.8854996295624267
0.3248016547463381
2.357708805349244
2.3536348381909327
0.7906871517893808
2.357959834790526
1.905599704943172
-1.2331004774401717
2.8342314638062893
-0.31696014521755467
0.775367777149243
0.3212396119510969
-2.827385535083814
0.7770509633598482
2.8249300700394104
2.3476592766706084
-0.7953847292413171
-0.775368513104997
0.7823607153733717
-0.3197935449521034
-1.2459797965973916
0.3159924266468563
-0.7844114592573519
-2.8023961234647863
0.80473656278784
-1.8902281193684898
0.7856521992432087
-0.7836337765373568
1.8893240443892514
-0.7958665973285393
1.2545859312721837
-1.2593829762300044
-2.8294799323486353
1.893829791874171
0.32499375878137626
-1.8930387119968206
2.3510648726018903
0.7980988031360403
2.359233181315728
1.911229221074858
-1.2432656096123191
2.8351723639611026
-0.3192417341603142
2.368964203455452
0.3214752024280779
-2.8303072576195287
0.7824714440833044
2.823228725165562
2.3357839690863833
-0.7984928403748685
-0.7724860025223415
-2.3546868276923614
-0.32198591902272966
-1.2443515929666384
0.32096301117308507
-0.7840452068236876
-2.8189602387566137
0.8266008397762326
-1.888881629152402
1.2557767498403685
-0.7796820805834801
1.8907094373843805
-0.7864295942229343
1.2552583786269191
-1.2494071492659384
-2.8304336998743076
1.8949549001980932
2.818896921858759
-1.8921317945268648
2.3516318727233934
0.7982592819846782
2.358797655044608
1.8938805779030607
-1.242503332872532
2.8269927964947357
-0.3223626059039568
2.358698450408269
0.3229557458825811
-2.8301088520138706
0.7769116531142131
2.816504823308662
2.3339534000062088
-0.7932075658318456
-0.763499037650011
-2.3558345106376795
-0.32552749205484965
-1.2404856188734819
0.32485428440067016
-0.7823315587253515
-2.815527342950654
0.8274695599895053
-1.8896851913212322
1.259118528358656
-0.7731693813111304
1.884048245659207
-0.7892954024296875
1.2480389469044735
-1.2431620971989825
-2.8280517995752734
2.3474578475994243
2.81764191629054
-1.893192514984983
2.3545018797248383
0.7923092785866702
2.3536986960153277
1.8940226037442252
-1.2355788255439735
-2.3533313705632493
-0.32268125086666244
2.3426925229998994
0.3137630501645817
-2.825481769108747
0.7763282512681428
2.8200624892356223
2.338884285644997
0.7937351303296131
-0.7617087455310378
-2.355551816807819
-0.3216338748125585
-1.2429843855389138
0.3146044308371462
-0.7837159048570075
-2.8100580351492246
-2.83094886522852
-1.8917462932778624
1.253788893781927
-0.7743540985087881
1.885287269522417
-0.7873450495267988
1.2473905162008678
-1.2450717717588686
-1.2518011540084684
2.341741443447967
2.8162708839665886
-1.8930927959896318
2.353555350866754
0.7904000408819158
2.3536311440355004
1.8973052072322363
2.3248277384318095
-2.3478354933383034
-0.32169222763866084
2.3365391942425484
0.3142847938601654
-2.8209796412792185
0.7854913484951268
2.828417873538295
-2.354013168859089
0.7768114995991252
-0.765253729253779
-2.3552370567670238
-0.3147661548005693
-1.2453898806308101
0.3102790813536474
-0.7868022516435789
0.7613007002244105
-2.8216717031066136
-1.8941099418344718
1.2471659730164306
-0.7902233561191578
1.8913540191326994
-0.7807544530265695
1.2540390215937736
-2.345581690421745
-1.2547503368677604
2.3607369304361643
2.8165467848731423
-1.8881910856683846
2.3466736754758646
0.7991599489977891
2.3560181467253796
0.7863451434185242
2.3406506099209214
-2.3473263566198606
-0.3161588832140456
2.354552484727035
0.3202843951218559
-2.819233558724984
0.790200497562099
-2.3609475565097537
-2.35609293557026
0.7836035093854063
-0.7667192899382009
-2.352704211808412
-0.31148531405301033
-1.25002769159186
0.3127990133349298
0.8054513641437542
0.7733512491778199
-2.8214600135725583
-1.8916581743361582
1.247426631976826
-0.7863769243779177
1.8946826867402224
-0.7781978749936251
-2.833200159114321
-2.351264160218926
-1.253473778563609
2.3534361039952527
2.8229544138694282
-1.887192480865127
2.3420273593493515
0.8143701754124729
-1.2465900481692231
0.7900629504098537
2.349579328818536
-2.3546326743578505
-0.32286525052589127
2.330842013034228
0.31884331513251046
-2.8193732057271053
2.307694701640933
-2.3665817987045523
-2.356869087156004
0.7868538603204343
-0.7810086652684526
-2.3560596069603568
-0.3224424768982782
-1.2437216814200334
-2.8154334108601824
0.8080551124752648
0.7775851514248061
-2.8274811367923895
-1.8943192797363788
1.2352611626209162
-0.7870622862983758
1.8961734022212402
-1.2389056095775268
-2.837581541772773
-2.3528661884412894
-1.249435845956152
2.3548214369304015
2.8196575593119864
-1.8924253878414254
2.344611245490975
2.358668548559786
-1.245777799923889
0.7853146619472923
2.337426101872511
-2.3535714561853798
-0.323484537198732
2.323784446368182
0.3201965568133504
-2.8198689096063174
2.3136148644668886
-2.3659362906897807
-2.3552435587132696
0.7875182812941403
-0.7802036193417221
-2.35642166067578
-0.3234279965622018
-1.2358405233491236
-2.815931731214266
0.7988331242445643
0.7677141866007043
-2.8314740553177344
-1.8897205192940925
1.2375597696522882
-0.7822210475050357
2.3598572234161144
-1.2460354629874848
-2.8309274985263597
-2.350363438339101
-1.2495109573409298
2.34879409817617
2.8176262259208795
-1.8911715339918063
-2.8140238513448805
2.350874468207846
-1.2442771304553093
0.7816928428408149
2.3296815197089207
-2.3508921925240744
-0.32005644239344794
2.3359990890759095
-0.7900947285637426
-2.81991247567067
2.342131554225964
-2.361787986671084
-2.3545942480125217
0.78820687697233
-0.7777053711020059
-2.35515112719463
-1.8950323121520594
-1.2377730735654455
-2.813130567007406
0.7892557029518628
0.7661038387817436
-2.832174336874917
-1.888742904285189
1.2458890665761848
2.356713791169942
2.356334102288103
-1.2494645366152493
-2.8228455734385833
-2.3508954822323456
-1.2484735485090104
2.3536333628760326
2.816466941281686
-2.3524398533047646
-2.8219384761568267
2.3574524672738657
-1.2458153989874898
0.7883059591591319
2.325413993486946
-2.3533552061759018
-0.3159733994450008
1.2492598765294765
-0.7952477029818744
-2.8221840405801757
2.3588713592551573
-2.358730494059443
-2.356575000560754
0.7922590172823284
-0.7748950509535655
2.359933783632889
-1.888328110538734
-1.2456576360959528
-2.8083426494236554
0.7913441023876816
0.7495045613244176
-2.8301421780849827
-1.8920200954294446
0.7879005754043304
2.3642382965394506
2.354948048678771
-1.252469292131816
-2.8193371761973824
-2.3535478203616886
-1.2438186432400997
2.351486015050488
0.3239819993023616
-2.3498206128360954
-2.8314190293673507
2.3754497094348914
-1.243939874268594
0.7919799899928645
2.3376473846231107
-2.356745376047586
-0.31841202507427446
1.2553880801862813
-0.802478749541747
-2.82400746920982
2.358812607589105
-2.3586525611170113
-2.3554935134740482
0.7875704396264454
-1.245426401438022
2.3614269823864333
-1.8814157478359397
-1.2480622609679275
-2.8102443068360614
0.7939699609529437
0.7608418675325649
-2.823651111260594
2.3615287927131527
0.7849746092842258
2.366725423471556
2.35106765310179
-1.2532488715096355
-2.818886466836878
-2.356763718005169
-1.2431449736190214
-2.8250901887499733
0.32293742429962163
-2.3512197146582428
-2.8248698092885687
2.3725360402645945
-1.2466693394162947
0.8025955036492289
2.349312103766252
-0.7827518672634448
-0.3241207041670032
1.2531884132981652
-0.7861672917795473
-2.8259982030082456
2.362328295936828
-2.3622959728256263
-2.3542475030476027
-1.8876113891737623
-1.2478245619260284
2.3601122014640743
-1.8865378441842695
-1.2463420185703793
-2.8181690459316595
0.7978034138002832
0.7751813621708952
2.3575939332950377
2.351611834292135
0.7799591289596449
2.359536125730471
2.3450418508288458
-1.2552249780009161
-2.8252074065753514
-2.357861229676622
-2.3512503944959806
-2.8231047568566563
0.3261075821523995
-2.352045158791
-2.8199071118960157
2.3561560520419076
-1.2475358097192566
0.8100903769207843
1.2486693939547542
-0.7782814547796832
-0.3227287301048276
1.2472319359449315
-0.7856845315257905
-2.8211834514836793
2.3504003499577064
-2.3650892514428032
2.8252031195889793
-1.8893503207107558
-1.2478474230001344
2.3610267484403247
-1.8916032309774116
-1.247185505500816
-2.821997914941565
0.7959626602147867
-0.3230929703766548
2.3517796527747667
2.3408768411998873
0.7853377402346108
2.351369381427482
2.3505108717699823
-1.2514023193312125
-2.826434535059971
-1.2515516473756665
-2.353806933395926
-2.8207778743979737
0.3269301252303017
-2.3535100127728765
-2.823700139346514
2.3436032007656613
-1.2446396607372474
2.362516733335297
1.2427980108623076
-0.7856383980980292
-0.3176787098564493
1.2456813368196396
-0.7824171079557802
-2.819861142661181
2.350153376612149
-2.3626369660117668
2.8243948342628786
-1.8933503119117479
-1.248514813568868
2.3595794346692545
-1.8941598272761189
-1.2431221789684872
-2.821998823071153
1.2489014748936895
-0.32618684150196636
2.334023306597055
2.3521303037863017
0.7902104215849971
2.355056429460763
2.352596627561315
-1.2531469204387204
2.8112270067641627
-1.2512096334911194
-2.354922438103293
-2.823511035088452
0.32851420702434714
-2.3528154029497514
-2.829862425495801
2.343755257320721
-0.783882354556742
2.365538665409536
1.2342166645548718
-0.7953468050302512
-0.3132063245078361
1.2522799868933852
-0.7738267928824959
-2.8210475965677073
0.7650337643811143
-2.3582851200541253
2.823663589474097
-1.895510275743685
-1.2446331225557594
2.3579349791982493
-1.8895850457748569
-1.242978794010055
-2.3570208451126256
1.249197950922113
-0.3310851377658904
2.346349720695293
2.3576585575760194
0.7931518253396335
2.3536558282744613
2.3496895314554944
0.7819265843792605
2.8171450889566816
-1.2551996162330663
-2.351135319835664
-2.82715781645499
0.3209971910880915
-2.3498871087527373
-2.829914397590075
-2.8201415597822517
-0.7861331407278885
2.374721091608128
1.2461519224098023
-0.7957157255231865
-0.3119187470874221
1.2538254081789986
-0.7671311851966577
-1.2554246797585256
0.7715471392626561
-2.360195946333732
2.832797136557935
-1.889478844228155
-1.2515939436287307
2.3577244569199762
-1.8846169961737778
1.8902478525047588
-2.3568633554559786
1.253290289090811
-0.3383851834248505
2.3484987133780537
2.3683303933677657
0.7905564896812083
2.3562726604496076
2.3523255752846026
0.7914390646399757
2.816409361887422
-1.2682424372416006
-2.348478216713311
-2.820387794842753
0.3232528327064127
-2.34777950027551
0.32631077177615797
-2.822143953861486
-0.7863828488823508
2.391262187439943
1.2496995902450712
-0.8212323243816548
-0.3177067709622589
1.2518642009284318
-0.3177943517815563
-1.2521433297756985
0.778369541947121
-2.366781774676256
2.837388290449235
-1.89159610810066
-1.2486330787590374
2.3612400381753926
-0.7724963553902267
1.893009449691027
-2.3577954352930304
1.2572388399200138
-0.3292073701693305
2.3580850214914
2.3760631335785716
0.7861373342592587
-2.344940698938332
2.3517704141327487
0.7892210651127477
2.8104407981772153
-1.2704763687662373
-2.3538719559026164
-2.8194589117921995
0.32244761051980986
-1.887895927894933
0.3227723311732079
-2.8269843798969045
-0.7827108130955589
2.378904316160056
1.2486383985273968
-0.8206979308233066
-0.3186371693616588
1.8943674028681887
-0.3212662874424791
-1.2513544630203974
0.7756167442771672
-2.366904156524059
2.830971151160686
-1.8976602630241706
-1.2484923409879514
2.8255164745060672
-0.7811420803119713
1.892111106384083
-2.3626962800592515
1.2526727862915905
-0.31896537480274456
2.355250225595712
2.3659369260154475
-0.7851603250919529
-2.34990624417583
2.354125570953713
0.7675168226561979
2.8100150490040376
-1.2646432792260218
-2.355679640827076
-2.820160251557994
1.2485353396734722
-1.8915344558408145
0.32878632674230357
-2.821569033058435
-0.7810159400359538
2.366032591883008
1.243454903139238
-0.8076446430884723
2.8088482346668138
1.8962080683550462
-0.3204618958781788
-1.255649970506537
0.7747054381615497
-2.358438564578197
2.823591894912623
-1.9006195226226696
-0.7868478326143133
2.821008882938807
-0.7730132738550403
1.8924522835870337
-2.366211577109751
1.250465787188929
-0.3229074130969336
2.355598052471763
0.7688309502123437
-0.7841723015680149
-2.351314335145524
2.356002384199316
0.7677738309690073
2.81596023619313
-1.256288736774104
-2.3542839573117464
-2.820495850517255
1.249455890485638
-1.8884582461362824
0.3377670567278971
-2.8234290394725834
-0.7827160608480469
2.3729259872102477
1.2427339367454955
-1.2557212849012669
2.8029497781567536
1.8976507270495315
-0.3254013729747149
-1.2592022852476383
0.7830931823197156
-2.357702854491686
2.82453891228956
2.3357418123226847
-0.7873860256122894
2.819591602050164
-0.7469855920945807
1.8918788827711788
-2.3589003645522886
1.2545429376928168
-0.33105946945512843
-2.824042599146104
0.7514784241697027
-0.7763092796804395
-2.3572925550963433
2.3544015724959166
0.7811332560642428
2.8191016068777452
-1.2528148638405343
-0.7605152638645432
-2.819907549837494
1.251615474018716
-1.8824061190866967
0.336972129571624
-2.81808818581731
-0.7847190859001842
2.3845657974654966
-2.3619147734787713
-1.2564479405639855
2.8080001923993794
1.898594088990245
-0.3242889029419399
-1.2556460872563573
0.786370110127627
-2.3567348635800642
-2.3231225627000525
2.334445437811731
-0.7873938042021823
2.82160259801113
-0.7509811610625391
1.8955619301629305
-2.355606432926356
1.2601659241478742
-2.3298888075242963
-2.824936573068683
0.7466207123437407
-0.770977724616032
-2.360204295540916
2.3511718311117975
0.7821310909721749
2.8166561555294285
-1.8974706727609503
-0.7718040428533578
-2.8205919720153183
1.2516319155598057
-1.8874964581564142
0.3304537244807018
-2.8166863489514258
-0.7851662092374415
1.9059764701421407
-2.377594348513423
-1.2613341575306143
2.8195174119141684
1.8921730260929317
-0.3243961299556635
-1.2527460146928935
0.7836952109794642
2.355286258216486
-2.332950484725347
2.343920193386292
-0.7858954847569893
2.819686093847998
-0.7698319103300884
1.8940111664449795
-2.3558904801296685
0.3346025560881855
-2.344089032108474
-2.824458746895183
0.7738686264802478
-0.7737043975951506
-2.3703339236967564
2.347259358518928
0.7750730801604467
-0.31533770114374365
-1.9043829115058424
-0.777666534556155
-2.819611015852094
1.245606563434978
-1.8949316899078776
0.3230506792766449
-2.8166612744702757
-0.7749279516928609
1.9023122470112124
-2.377387192639861
-1.2586511366453281
2.8270049402134094
1.8912253970264608
-0.32572821842602145
-1.2473319240864122
-2.347197612893751
2.356125249738334
-2.347487764845306
2.3564590714427345
-0.7857452684559647
2.815592696882883
-0.7895838376101586
1.8930376351959644
-1.8960823896498922
0.333171617755569
-2.339806583277955
-2.8192300431646595
0.7814667117270571
-0.7822854323692763
-2.3572757415662333
2.3474681330054077
1.8929268928821061
-0.31598831232686775
-1.9087488476577514
-0.7794681273262745
-2.8222749137700642
1.237452633661621
-1.8942574236837042
0.32480379860187203
2.821861758288613
-0.7659987621485498
1.896559044215621
-2.3619004961825403
-1.2563101393824123
2.829832848450124
1.8925834653038451
-0.3315121391147189
-0.7816343012998603
-2.3462874822726496
2.3556739363299464
-2.3537371344887523
2.3456958721911323
-0.7912378394500164
2.8181744129493755
-0.7934804368159831
0.7881137237713947
-1.8957427525258577
0.3257380882973324
-2.329626777748517
-2.8169354832414353
0.7948260337214531
-0.7816608736857134
-2.3568497407621676
-2.817205747930476
1.8957654524299103
-0.32062237608120797
-1.9044887723027024
-0.7747408840722344
-2.8230413777897843
1.2432242484745093
-1.8963293864040613
-0.777651318190704
2.8204019142467724
-0.7738653741575366
1.8951414362934038
-2.3605235618427667
-1.2513060493098427
2.822491089016372
1.8953713402139307
-2.334384490780352
-0.785820249738623
-2.3524566571134495
2.3489015281751295
-2.3489157322423644
2.3306365768379083
-0.7961338291174737
2.8181458033440903
-1.8893300091281324
0.789002823644436
-1.892772577676622
0.32290857846931376
-2.3365823325400092
-2.8219686102534904
0.8026796278515316
-0.7757218444462317
2.3840646417880524
-2.819922216531973
1.8961484305451086
-0.32276647059602814
-1.8993308436200063
-0.772559702802824
-2.8268579840100854
1.2493320392528942
-2.824011510672916
-0.7629848797633685
2.8216007193279795
-0.7811987371052705
1.89628083525436
-2.363133418102521
-1.249237876004963
2.8171655424178206
-0.7819740166776417
-2.345673867464891
-0.7879106928189095
-2.3776268225476582
2.350013799264992
-2.3672662985837536
2.3248022784643125
-0.7932739219987976
-1.8927003967164981
-1.8823463524195125
0.7975716704578851
-1.8899082456833909
0.32583627343515015
-2.3661060038320185
-2.817327598075826
0.7975752882285366
2.3178938872045696
2.3741042071852645
-2.822787085110804
1.8787893521690804
-0.3256132117126424
-1.8942404483186075
-0.777022733182951
-2.829456599498304
-2.35291658740703
-2.8268579034706836
-0.7555074823573932
2.824020372328007
-0.7781991915410053
1.8819804341994
-2.3717672560901453
-1.2482185438274207
1.2317144567198763
-0.7753307930686347
-2.3541970531781504
-0.7874960006082584
-2.368141009401819
2.3571741557076167
-2.36079425698276
2.3325856399190372
2.358785945080326
-1.8904311716047308
-1.8775916039713876
0.7857119527518808
-1.8898631527140917
0.3082264767155721
-2.3681757729694644
-2.8148905341614827
0.7856864094089772
2.328035630294446
2.356106198882523
-2.8148400355978827
1.8812617182488098
-0.33030764582034106
-1.8932411010891605
-0.7884043616393168
0.7895815222013982
-2.347828747308946
-2.828070919730306
-0.7906234468524548
2.8206930115406563
-0.8116566117421354
1.8838082954539117
-2.3694741320381882
0.32407354516109227
1.2335231592385587
-0.7731000248724758
-2.368106162143008
-0.7872388480783863
-2.3675447606099027
2.355990616845442
-2.358506544410046
-0.7823571502576878
2.3581615643410943
-1.8864053321692824
-1.8825512148792471
0.7861873151680825
-1.9001769427458324
0.3085803916826903
-2.35299738353917
1.2453887138699684
0.7846332930284541
2.3432411326326603
2.373355675066102
-2.8214282995227626
1.8893155376306254
-0.3265676992690781
-1.8933053353037803
2.3590787673497484
0.787436493414923
-2.3450376827916934
-2.815428943892942
-0.783928217047253
2.8339701822012886
-0.8091840441975119
1.889173809917435
0.7860424938858478
0.3255350773536416
1.2404069655240664
-0.8050308143597864
-2.3634575955141988
-0.7948621209138688
-2.374631745155925
2.3557586559288555
0.322185723149842
-0.781945722941312
2.3623277712067487
-1.900218162490547
-1.8847851291718263
0.8068165227143742
-1.8973919866643212
0.3161411135934718
-0.7826905914124015
1.246978990673422
0.7880725928435761
2.347105431013149
2.372741519198744
-2.8290020421597544
1.8890412669188479
-0.32345819078577176
0.7900719502399203
2.355246596991561
0.7873289136084258
-2.3519865311455415
-2.821139658109262
-0.7795541035845179
2.826437298517253
-0.7982491823423344
-2.827300056601947
0.7845156380829517
0.3252458137757929
1.244563992191712
-0.801463079599923
-2.3742245211063513
-0.7918240189965614
-2.376615368897008
-0.7814508487898297
0.3237545171262139
-0.7794434129043397
2.3589257285668066
-1.8997532734930749
-1.891278266160628
0.8044389922184748
-1.8946664156947124
-2.3455557503668905
-0.7842183730477388
1.248037797689867
0.7859971197111738
2.349742345586141
2.3394009822706066
-2.8282985110498813
1.8878367780109735
-1.8916875446305017
0.7913426784594064
2.3518472625687394
0.7814536071921762
-2.355251593545892
-2.8225102674562508
-0.7908389468457998
2.8186066924107287
1.8969131864138515
-2.827250455993172
0.7894607005720546
0.3153272678253068
1.245066751358776
-0.7962025615322582
-2.3693185833833765
-0.7874656846620652
2.352981365235854
-0.780311756873211
0.32747058472983787
-0.7905614028889352
2.358077133334762
-1.8902090350732275
-1.8954983294562542
0.7845765637235015
0.787434717796019
-2.3279165398725716
-0.7781796471364796
1.2542915232308793
0.7877237708414335
2.391088222161529
2.3327754542057444
-2.8208582742997934
0.7822662581726013
-1.8899040965346836
0.7883619240949721
2.359044858537919
0.7839406109014246
-2.3569056985628665
-2.8216614041757047
-0.8042199402908817
0.7773041642196085
1.8977602491355434
-2.822453411178014
0.7844495566471339
0.32106300609323324
1.2565669087437252
-0.8014475123548848
-2.365514651025952
0.7749159411421388
2.3540196442030505
-0.777634203348967
0.31953833732321735
-0.7875354074111504
2.357637060985374
-1.8921513002072567
-1.8952917793538628
0.7801527851675697
0.788137421096537
-2.3208165757595274
-0.786844561024854
1.2524856927487749
0.7848402235674357
2.3807632483281616
2.344026250777251
0.7874247584589491
0.7803074800174654
-1.8909261973363134
0.7936098995460719
2.355451357612728
0.7850083639612764
-2.3553034474013783
-2.8200645078756974
0.7900745493387311
0.7733766374285835
1.900243583261087
-2.822333350117619
0.7836359308422953
0.3201993329423759
1.2503374839775558
-0.8067146229637601
0.3300042299749139
0.7755779990189234
2.355147510193187
-0.780069415766041
0.3177918521523369
-0.7886423238590111
2.3582497163582947
-1.8923349144058945
-0.7839775257439114
0.783073947318109
0.7896327611338294
-2.335783746764409
-0.7870388975757996
1.2555655443751097
0.7835430475740786
2.3636450726774876
0.7718815862131007
0.7926391713231474
0.7806460310587133
-1.8935933441133481
0.7893015943602887
2.359453812828032
0.7885533010040315
-2.353676425211902
-2.8195106821930778
0.7919385677675633
0.7765750888836098
1.9027287399931267
-2.824540004687428
0.7851053572175818
0.31786557762830464
1.2482306598815858
-0.7980544585062741
0.3351070310590324
0.7811975750821167
2.3557499911702826
-0.7816157986200751
0.32229475947497166
-0.7853649773983117
2.359870462041408
-1.892058268694559
-0.7850191012759624
0.7900474892268847
0.790496264037107
-2.34765549340026
-0.786149843393364
1.2493955978567932
0.7854563576489553
2.358920132422311
0.7789374444323844
0.7964729539652579
0.7828427004309735
-1.8940748469801505
0.7773234412340637
2.3638450955148413
0.7853340283557709
-2.3540819331974334
-2.820823132624759
0.7879671688345689
0.7833876366593292
1.8993330770800192
-2.82574871408919
0.7867644351824812
0.3102154954794948
0.7881927456696937
-0.7872136061680397
0.3342354815713412
0.783995413025142
2.3546395521354864
-0.7823832047688326
0.3255811021957154
-0.7903897277080477
-2.819975969175492
-1.8915364377575115
-0.7893807279746518
0.7922233478876202
0.787063301683047
-2.3487714069329892
-0.7851251410324305
1.2524827525974696
-1.248313608376196
2.3741116369744293
0.7757958882931217
0.7895699285560082
0.7838483121933779
-1.8909033240675728
0.7685892636447187
2.3628114732645744
1.8896378079728458
-2.3560518872301013
-2.823708968657416
0.7826053039294503
0.7850377540018671
1.8909728612720287
-2.82436828861356
0.7864488066105908
2.833261241114495
0.8004654195441857
-0.7896375228724334
0.33034838817744927
0.7840024511218194
2.3513956125742546
-0.7992817898840271
0.3236340746369451
-0.7963991749537025
-2.8206383567418625
-1.8915567382913754
-0.7890604948712704
0.7921093871888365
0.7851175193877441
-2.346653711128972
-0.7849688352899532
1.2606907487271524
-1.2454485544878422
2.3892560596101493
0.7677630253289625
0.7875121165333757
0.7823023314396842
-1.8959099104743613
0.7773778262684777
2.818326855994633
1.89693754691979
-2.355737691406342
-2.8309102615196946
0.7833934468623784
0.7825180693811171
1.8931904395014099
-2.822040937122946
-0.32247753200740176
2.831124075261038
0.8023912515948024
-0.7913981131279537
0.32434637077459694
0.7881933417796406
2.3484587134379287
-0.796776920911208
-0.7860068182161062
-0.7957436212721295
-2.818075596715342
-1.88882686759012
-0.7889515271519838
0.7902264369976055
0.7857359586745766
-2.349647948422472
-1.8918690422367028
1.2626564908529923
-1.246278788699283
2.371655992589761
0.7750622042317501
0.7868527282595675
0.7816550649831301
-1.8948701566014639
2.3721007979864863
2.818898104033173
1.9036813246515891
-2.353666053549356
-2.8307432567495106
0.780978759950765
0.7826773472353145
1.8940185622720946
-2.8232645343972282
-0.3251999968288177
2.824542881996239
0.8004403103909498
-0.7912422176179004
0.32551879051340543
0.7877665130841769
2.348690110293433
-1.252751561809561
-0.7989110236193961
-0.7883689265406935
-2.8111147347619245
-1.8837825587564923
-0.7875858770803231
0.7856484070527936
0.788372919649933
2.348641823014388
-1.8950257450640495
1.2566295771628986
-1.2466495414110939
2.3587655469693507
0.7773478288550811
0.7854314420059765
0.782395908269906
-2.3582850407306366
2.3594880969751286
2.826183440517611
1.9032160425125515
-2.351567587789086
-2.827972395326533
0.7776715221939305
0.7849177246095068
0.7837806987563783
-2.8260251821077724
-0.32771307182165094
2.820908915411828
0.7863312677044874
-0.7899914410315317
0.32871773069471083
0.7857592808311017
-2.8143161965997336
-1.247519889000503
-0.8061846944063241
-0.7820097050663102
-2.811327693089202
-1.8853463402903756
-0.7883315416223815
0.7854668449810864
-1.2510703699894616
2.3455098571035418
-1.898611113806086
1.2496306880489796
-1.2494845721412675
2.3521073533931105
0.7809929736644393
0.7840627230346195
1.893624011320768
-2.3547693586725416
2.3612355373879086
2.821383276788451
1.8999566028433044
-2.351407100359392
-2.824748451138094
0.7778473538488166
2.356292192861979
0.7803622461203583
-2.825797111684608
-0.3228723334694309
2.8242381157743477
0.7853930249283128
-0.7944013850282655
0.33037426593046376
0.32002595426082564
-2.8169164090871113
-1.2506860501371488
-0.7943653547971196
-0.7820339962576551
-2.818095944803983
-1.8919687640675755
-0.7900241069872009
-0.3201454295813204
-1.2481270236640667
2.3499696738852838
-1.9029710388070042
1.2503825662639367
-1.2498128344226664
2.351779894896956
0.7755877006480507
-1.2504950310290766
1.8922187684005933
-2.3566574500580866
2.3612447530836165
2.820485970832018
1.8957764857016812
-2.352551774506471
-2.8257872204969114
2.363452493562965
2.354154903649037
0.7770521643986146
-2.8332502180159853
-0.32577480352684357
2.8192876922102013
0.7813420843618567
-0.7899826574151624
-2.357083690662546
0.3209924154529408
-2.8256152622153454
-1.2548060984105163
-0.7860395265151213
-0.7736879722676299
-2.818565908967985
-1.8929591221054571
1.2525404050430582
-0.31479766349824484
-1.2507898737290981
2.3422524707044374
-1.9011017994237767
1.2503389883646712
-1.2497552911466425
2.3511122978389194
2.3538773956897217
-1.251446352473679
1.8865102134977294
-2.360701840363991
2.3536647551537673
2.822470387399019
1.8946110957767048
-2.3497571913041604
0.7938407127216391
2.3539678620041458
2.3530720051372023
0.7640063378327945
-2.824166530662744
-0.3285221197798362
2.8110686165164824
0.7773997733699731
0.7866658152705656
-2.3554050522628174
0.32558981255954217
-2.8172348744018225
-1.247408896064679
-0.8021004337262982
-0.7753298776066088
-2.8161483830283265
0.3308068193166885
1.2538575545078947
-0.3121839692705024
-1.263788951769095
2.3536346968456456
-1.8987457330363866
1.2406992306707554
-1.2446313409323586
-0.3206482736051498
2.35741425509737
-1.2465912868688631
1.8963235505970701
-2.355458770665306
2.3633215275346613
2.833625820707203
1.8945739810577054
-1.2393588385848613
0.7931315127836798
2.344457090384659
2.3562951958612364
0.7805138680937601
-2.823597994915719
-0.33739615707334114
2.811146929190444
1.8915376832766397
0.7856255147201954
-2.3593030599291382
0.3158393209027604
-2.822319331105886
-1.2435956278846554
-0.8181722436715346
-0.780457071309707
2.3630373582805064
0.3238601351882902
1.252108030011124
-0.327236756214211
-1.2637677729339727
2.3777348005465817
-1.905057775847126
1.236325278861374
0.329603908221874
-0.3213618607843618
2.359241167841737
-1.2503083389252982
1.8911735999067423
-2.354436943718152
2.3522776765975313
2.836025016634833
-0.7869723417895635
-1.244529354339435
0.7886777603036627
2.358017762644623
2.3578036509137945
0.805865641185501
-2.827777945157233
-0.3430103528164809
1.237562288873604
1.892304209445953
0.789946258078828
-2.3473723043689017
0.32047729870507813
-2.8241002510822155
-1.2483326861847783
-0.8205662237474778
2.3513625295833136
2.365231191117929
0.3196990942305012
1.249742328692486
-0.32628178395214114
-1.2484520504240724
2.362563545082358
-1.9096381331341181
0.30414180070575886
0.32546826835112025
-0.3206401446768466
2.359299740373398
-1.2542396715689568
1.8893253791248787
-2.360065164743991
2.3464510618233474
-0.32804697649605574
-0.7874755136297159
-1.2499679220880457
0.7856461088036405
2.3611932756299825
2.35778569754703
0.810475730841705
-2.832627463014355
-1.27099072406092
1.2416641303111942
1.8909836173894796
0.7858596252777487
-2.3537844529160608
0.32205430415511066
-2.818792382747745
-1.2513138709866785
1.9053815298965948
2.3459969730962533
2.3644066363647203
0.3136410035089083
1.2513358639025554
-0.3233031896703997
-1.2513425270715917
2.338940228241099
2.8104110795883948
0.3112661363969937
0.3239217069614667
-0.3102111749723451
2.360236558654514
-1.2490796648990814
1.8926940918291295
-2.3610442089042842
-0.7828267372629917
-0.319561961096803
-0.7831894092916353
-1.2586521325524431
0.7871175839832438
2.360757592686133
2.3578253443194788
0.7999460092647637
1.2406167532013994
-1.262315580950671
1.2481012423898887
1.8842791712629368
0.7849345674722656
-2.354538512228467
0.3211584925456533
-2.812366952033212
2.8189200848063805
1.8982072222846456
2.342248650193269
2.364630664245017
0.3206244132305758
1.251631764844948
-0.3254547801582865
-1.253385164275532
-0.7803299826598719
2.8106983284658207
0.3173358931470151
0.32793238555271165
-0.31511598383326833
2.3632389634888247
-1.2448083009336681
1.8993126431684941
0.781089683199765
-0.7849254382597681
-0.3248046066309664
-0.778042304302863
-1.253808405420958
0.7919798344612058
2.3673157498957917
2.355613206008935
-2.8171063831841825
1.238219663712492
-1.2529438060415647
1.2497547390163455
1.8810945270099262
0.7874763162752584
-2.3557843485352787
0.3213911929175549
-0.815337877660257
2.8184364693835073
1.898943351834616
2.344357440746337
2.3578788149549887
0.3223789335648623
1.2477905866476693
-0.33042554809824487
-2.369225038298863
-0.787593925154865
2.8192036211618103
0.3184753309322341
0.32287392927900166
-0.3202191929321011
2.3569502529057114
-1.2441828442714913
-1.9038063534160947
0.7655107759948311
-0.7855860079847352
-0.33435780037459656
-0.7764778258969215
-1.2498898607285913
0.7877007125215992
2.371991256621894
1.8884110141804697
-2.8137553671249846
1.2471409306647114
-1.255754849566621
1.2510595780232103
1.8884520138180916
0.78902753362973
-2.3512051892232297
2.3535934136444796
-0.811877606275549
2.823967988733695
1.9093144799386743
2.350547456389297
2.358905446122319
0.32232832349305107
1.2455196133661883
0.31570787956112817
-2.366100560914883
-0.7906296753801266
2.826747165139057
0.3198130384839548
0.31645517587619565
-0.31907367726480146
2.353935088565479
-0.3217721845135015
-1.9011365435089633
0.7717474691682035
-0.7864327878590093
-0.3384871743443226
-0.7838123143634217
-1.248699433365897
0.7846504356606553
-1.256531537904097
1.8892596222890565
-2.820952749594804
1.2470853398206685
-1.259333168745315
1.2580614277150184
1.894398741861324
0.7865823871994976
1.8903726706031534
2.3511182865920532
-0.798349885594266
2.8248574282636203
1.9117899918250412
2.3551995825415855
2.3570548248310255
0.31972693191711615
2.8226391264018242
0.3204713685294755
-2.350105356692874
-0.7833086181683883
2.822656732778533
0.3262695791509505
0.31947070121206
-0.31437390417411315
-0.7876246022483395
-0.32223713003477833
-1.894645054842396
0.7894774333968086
-0.7817626730193831
-0.3262613607512876
-0.7850476185480285
-1.2491321643130704
0.7884050283464022
-1.2512723045800358
1.897948473797505
-2.8249125724148274
1.2490656160694873
-1.2466864439651446
1.2597467246817526
1.89466545449533
-2.353820113182996
1.8985814954988747
2.3510487768465693
-0.7899972109012915
2.8209421546662274
1.8942968179825974
2.3591701686694773
2.3568253120895486
0.7810152574628112
2.822187209611603
0.32114321303213367
-2.35511833805015
-0.785594827778075
2.81900369525235
0.3271922614289992
0.3237048768163527
-2.3590549958020035
-0.7938909820867639
-0.3180976255436523
-1.8942941878363584
0.7980653048751493
-0.7752919883254871
-0.327913368141446
-0.7837386131675756
0.7803758356517817
0.7978485027399417
-1.2521808614862713
1.8895671329704404
-2.8311832649938746
1.2509970023507355
-1.2420915218199235
1.2555043819208174
-2.3522636075482177
-2.35413230996513
1.8997426541315399
2.3555784209343646
-0.80634264898071
2.8087911023604017
1.8959952475212172
2.3571753468297403
0.7914755413948008
0.785596446004533
2.8214651460445244
0.313147133930829
-2.3565253231322525
-0.7891112671234437
2.8218151649692755
0.3220695860437539
-2.820268327616583
-2.355026363416927
-0.7927851844267275
-0.3208655299096823
-1.9023400797238836
0.7748075007833648
-0.7749483377196053
-0.3255776399568586
-0.7732678022122833
0.7804206823590428
0.7962589150733329
-1.2443376123617957
1.8953174939661295
-2.8293218767154698
1.2528665648894637
-1.2449390664968185
-1.8957167534436685
-2.3469477168819615
-2.3572963162013876
1.8970917790313664
2.355050953709899
-0.7815159048842045
2.820377917967503
1.8941093312318844
1.8891047520946387
0.7896584570306865
0.7907248340708513
2.819725657876426
0.31819620230059653
-2.3431035645815483
-0.7846624277237859
2.8262525638265754
2.816593965672145
-2.8153434675035576
-2.3545197178058492
-0.7852712824883815
-0.31945005799873094
-1.8879326754016035
0.7867762929133112
-0.7797499722300477
-0.3239924269226991
-0.7744327169051264
0.7815847627059104
0.782255704646006
-1.2497539428506665
1.8945865914737334
-2.8265444828901907
1.2484868570184016
-0.7979574108099181
-1.897782455119197
-2.343005580434208
-2.3613558659530125
1.891198936434581
2.3548168277701693
-0.7832797268869494
2.8229928146681513
-1.894589842515517
1.8880250351253063
0.7892104241179694
0.7929618949339344
2.8278051147112695
0.33085111758268454
-2.331151566393907
-0.7825663244129363
1.9025564510980484
2.8172614012836013
-2.81708027683222
-2.345230416615939
-0.7817827900973386
-0.32304776551425785
-1.8882266245892487
0.7874084565987903
2.3557384563881922
-0.3252696906320322
-0.7796792223052793
0.7913891482045706
0.7862090892820118
-1.2417678421682583
1.8927110108385832
-2.821295774092527
0.316119899215681
-0.7933224540572434
-1.89844587134344
-2.354426983537403
-2.3534842113802514
1.8940728112442902
2.3560432375864986
-0.7864202258875924
-0.7829074240572065
-1.894779305926444
1.8903647194843785
0.7867965451931577
0.7863353232568184
2.818183919742885
0.3215486971741475
-2.3376000934388212
0.7889987862675627
1.9008497948632093
2.8152370960546884
-2.822387536536529
-2.3469201690660824
-0.7891014082099023
-0.32155990690744485
-1.8916297808017069
-2.3545582639949116
2.3544954282758077
-0.326236926834144
-0.7909316653601552
0.784719193120123
0.7822669243659659
-1.2491757465542777
1.8899652154890139
0.7856298589725232
0.3144505273780328
-0.7847994178283552
-1.8984684448925344
-2.354402065068883
-2.3583616339571947
1.8956525870737126
2.356962821385841
-2.358842023435898
-0.7775910268867066
-1.8971260815360227
1.8964611287564466
0.7903991517228314
0.7762785134615766
2.8198685178220937
0.3182704234695326
1.245611714138821
0.7948122123779292
1.8953364236625263
2.8215469259048622
-2.827538435523358
-2.345528970272197
-0.7890388304638232
-0.32419918295444033
2.356083947019634
-2.353685454232489
2.347705961068351
-0.3314812893290685
-0.7766980143240854
0.774536012376257
0.7905922623572352
-1.2506853644314055
0.3226158169404966
0.7964704915695018
0.3144635255800908
-0.7988088576108273
-1.8918485848298339
-2.3607263180870346
-2.3583516137547544
1.9006984289393598
-0.7853441058750122
-2.358645455308986
-0.7773500345324371
-1.8973414652083778
1.899776398953796
0.8181265822345406
0.7763969930177599
2.8219962849411826
0.7871588308219659
1.2438482823642525
0.8115121882171618
1.8911449796778586
2.8170811427347284
-2.8270740894686686
-2.3520025442212025
-0.7871472449285999
-2.8150849666537447
2.353814069974883
-2.3553471280542984
2.344417143081594
-0.32536751341255604
-0.7746320028164609
0.7850374878833583
0.8029252312214357
-1.2465801967276349
0.32400710374009123
0.7982946949173843
0.31723818205714166
-0.7870049973838665
-1.8838102901409846
-2.366211746690645
-2.357962877416183
1.9000433694867993
-0.7840759548821822
-2.357291925811214
-0.7820669125972951
-1.8965971817327962
1.8954596848747736
0.8179068232954636
0.7804073193329514
2.8226544371016438
0.7966439963461768
1.2395384143377923
0.8020650177297342
1.889506404933569
2.8225066358161888
-2.830189727971612
-2.3523193076826487
-0.3162238457883962
-2.818012928252125
2.3552771901200398
-2.362237649398296
2.3492616879541863
-0.320499756783811
-0.7678153240743567
0.7766602169986471
-1.2475236384762187
-1.2431176654489544
0.3322811635866486
0.7830114536313306
0.3158209663265248
-0.7708368352990741
-1.8804169801145623
-2.365209715345848
1.8852934917571338
1.8943413010073646
-0.7844962959611568
-2.3527082802574424
-0.7846959918935399
-1.8960922883044966
1.8865985441353548
0.8055476236794278
2.350225441843962
2.8207020404665113
0.7891542922810972
1.24683233092262
0.7960429671128869
1.8819079081758519
2.830786998135296
-2.8292052204689684
0.7758921555510612
-0.3180771283858444
-2.8192734690188863
2.3591791543180896
-2.3579429496580206
2.360296904562247
-0.3217180991593541
-0.7654064166390611
0.31128657655789177
-1.242011576657281
-1.2414782599120804
0.3298168675259553
0.782836968236199
0.3145010311178951
-0.7765792151529549
-1.8862775986754918
-0.32177126636843806
1.8868366686530265
1.8916422676760323
-0.7841096001541856
-2.348427700125617
-0.7857739754208968
-1.8942295299364857
1.8874195189325849
-0.7883240850302364
2.3526222980065032
2.819929249416615
0.7813945326504853
1.2388672215695942
0.7989962172000281
1.8809694788071443
2.830470844145362
-1.8923175236737513
0.7720144062620827
-0.32187936572722076
-2.8136383943611762
2.3608667446223937
-2.355588147321831
2.3567495665887725
-0.3286035856093833
2.3392934103176612
0.3097904140128679
-1.2441626296296784
-1.2438599761216567
0.3237769465278988
0.7662199090167439
0.3128292083371315
-0.7938775030629033
-2.3575650762558458
-0.33023706006773507
1.8883130329843612
1.8961912999065205
-0.7867425814110983
-2.347495108190749
-0.7866833987356526
-1.8898350244187283
1.2423824309750917
-0.7987463356253276
2.3555566640444106
2.82471157727778
0.7891089138003455
1.2417128042953198
0.8053401825743756
1.8873098602315217
2.3582604111172616
-1.894586002727326
0.7761337188843682
-0.325612141697278
-2.8112561361097788
2.364383313208021
-2.3601395389473496
2.3570402453927923
0.7901971853115587
2.3440619279627075
0.31493380848019625
-1.2530670893831903
-1.244090967134181
0.32444827735300064
0.7621923359726462
0.315134127597294
0.32970679029954114
-2.3587560825315212
-0.33108675467252263
1.8904799007993327
1.9004706808157061
-0.7886735904153593
-2.352836561699696
-0.7869332294488304
-0.32479721403950634
1.2487119257735038
-0.7963816093155801
2.3508859577454073
2.8245967950431847
0.8125634800958095
1.2493220143733388
0.8145790369588243
-0.7922613233723563
2.352456383824488
-1.8962190892426798
0.7839690809708764
-0.3221144199646399
-2.823945529465488
2.3616749465680766
-2.365732826740258
-2.349531340735111
0.7937354359548603
2.351645783511814
0.32046831184740604
-1.254726865771379
-1.233552566992626
0.32955052329861906
0.7694037170410142
-1.896795942496323
0.33621294649299727
-2.3555472994196363
-0.32418941468406953
1.891636933368115
1.8877925516557525
-0.7871443277687484
-2.3546588494381777
2.3576290623949365
-0.32850682879182297
1.249907911623786
-0.7784380147217719
2.3505840627057877
2.8248027754562477
0.8113174766919831
1.2541231406265485
-2.365479208315192
-0.7794388772909655
2.3515872270141602
-1.8932761941024179
0.7848503696879537
-0.32163979237063106
-2.8223149139196684
2.35874162049193
1.2534309029783381
-2.3598354849878014
0.7927692215872358
2.345325378756426
0.31878744350886695
-1.2583525938680573
-1.23006040276696
0.3271734438478327
2.3551636319304055
-1.8936348786901036
0.33585469350704744
-2.3567352402962443
-0.321826492956687
1.8954053592033802
1.889395713791787
-0.787779990500376
0.32038930632105717
2.3556165646337037
-0.3287919190640856
1.2533665929803814
-0.7582494398530947
2.364635314344115
2.8291302007118575
0.7978246007850606
-0.7884308026219586
-2.3616971486244687
-0.763818797004986
2.356957657568816
-1.894754399605672
0.7914439706372138
-0.3249140607807933
-2.8213802953636145
0.7619117231703254
1.2456312714485969
-2.36846515961278
0.791920082636024
2.3361366783602744
0.3291122297622084
-1.2640640491978647
-1.2373140315593256
-2.3560931954110425
2.351583053381608
-1.8914904702073443
0.32138121017502025
-2.362271220855524
-0.3165008015509277
1.8983171984092762
1.8902698761961618
1.255107016386007
0.31319110981480236
2.3595269577520854
-0.319777225490557
1.254558743249272
-0.7728314854589793
2.360611525033588
2.8300726201291053
2.8157439564195785
-0.7884081544569664
-2.3578859017702407
-0.783387553241899
2.3572792158166753
-1.8901981108830812
0.7954729243209936
-0.32459986861406187
-0.3200973417698287
0.7632074847875463
1.2454648577754563
-2.356033648101658
0.7874981593013989
2.3583059646000732
0.32904135312919225
-1.2646639690798955
-0.7683733767059594
-2.3568567526548967
2.351767520603286
-1.8944794182247748
0.32129712950356293
-2.3594890616967983
-0.31123399220808845
1.8956209657662508
-2.357336560755981
1.2614751854616635
0.3093534249668354
2.349306180542135
-0.3260710321507615
1.2559956697928865
-0.773795092573284
2.3567922645523995
-1.887741977799634
2.815309392735386
-0.7945740265899177
-2.3566164458610777
-0.7883932026293542
2.3521773286258902
-1.8836837769148802
0.79304096435747
1.892326569540071
-0.31908812585047164
0.782952215130871
1.2394278875483422
-2.3551641311737215
0.7817721244618444
2.362200221873778
0.32695801776874234
2.825722159494219
-0.7545697319563939
-2.3604855422284876
2.3532439609091322
-1.894761957785684
0.3160292377976247
-2.3580713948601915
-0.3136944080481086
-0.7878653083106938
-2.3564569675036284
1.2604651792022896
0.3238689866292321
2.361706300913327
-0.3227868213683122
1.249034920637165
-0.7781806973788226
0.7982272387888183
-1.8823679513176315
2.813510189299897
-0.7837258166539156
-2.354244584425997
-0.7858515174778055
2.3541009112901645
-1.8827953657367764
-2.3593691282118767
1.891100289658101
-0.31816930712389013
0.7850704625306976
1.2473809875618445
-2.3654183910546047
0.7796247641407043
2.3685107852552205
1.245584188081507
2.8277165511849076
-0.7454011434653846
-2.3525764446011097
2.352426307972368
-1.893206919053133
0.31295284907856463
-2.3575640042349497
2.8178032713569805
-0.7895417307136346
-2.350824413922075
1.2597631665935003
0.32429582580294225
2.3484482738516403
-0.3204570057012119
1.2521892277555375
-0.7850282862699525
0.7966979714895004
-1.8763759257835015
2.824528687147518
-0.7808862218129407
-2.35781453889437
-0.7962364302207955
2.355554260207069
1.2439016591627992
-2.3591741423518666
1.8913504625833784
-0.3181184733118065
0.7715691905372337
1.245907089941637
-2.359625716291148
0.7813242941612547
2.8251782842227966
1.2484925490945284
2.8333597048720507
-0.7765742721949395
-2.348308531639488
2.352001034560864
-1.8921894809181323
0.31446184693632295
-0.7924503618331589
2.8192158139502648
-0.7905416642148303
-2.3524022242839173
1.2499049141200704
0.32164686114958396
2.348882402786651
-0.3210550623313081
1.25768600020751
-0.7844539021255588
0.8087634290166051
-1.8773911962118268
2.8282773681080595
-0.7820830376589369
-2.3565257756766713
-0.8005740791010731
2.3546622430525344
1.248418870370701
-2.363588205403541
1.8927520898715564
-0.3184948710468983
0.7571121748419364
1.2496049699394745
-2.3617735160911546
0.7844616741029646
2.8227511715783966
1.25022369809254
2.8357665192036494
-0.7804152777340457
-2.348781746001565
2.3532540808354514
-1.890930076609407
0.31974822454249846
-0.7899048177596787
2.8138638426878284
-0.7896863930520143
-2.3551504082166335
1.250198582789908
0.32641524306871555
2.3439606494721996
-0.32348186290174397
1.257790472760867
-0.7830942730657637
0.8214099262892578
-1.883534825825114
2.8259758123645744
-0.7839754598974692
-2.355991232893311
-1.254742478599112
2.3525891247379143
1.2466136109702475
-2.363936448836213
1.894102836704106
-0.3194560214798375
0.7632091773048356
1.2468413439490234
2.353173500415213
0.7846948275361928
2.822440716692666
1.2474593561450573
2.8304196894561264
-0.7734732423591669
-2.35317483383285
2.3546075342163877
-2.3547814596327465
0.32143163921195705
-0.786082138678268
2.8115119165743687
-0.7879735312654638
-2.35557863743168
1.2590338517455522
0.3284665282426679
0.7825931416728954
-0.32454765026440147
1.2528657704714963
-0.7838923231785037
0.8194432182667857
-1.8881269026182042
2.8203575026592644
-0.7839521650174294
-2.8201282770192293
-1.2498369401428415
2.353183002613587
1.2439584245693622
-2.36123434462138
1.8948815878284673
-0.3175676205801771
0.7827774819649018
-0.7799989750616283
2.343267990622679
0.7793474098024425
2.8149670253753185
1.242192700459319
2.8226523338535805
-0.7725144776703731
-2.354731190911951
-1.8957509857968518
-2.355822647745293
0.31785720827943587
-0.7849365162937081
2.816267756016575
-0.7853900444598517
-2.347855951993038
1.2641428084921555
2.353800607144064
0.7730847349569286
-0.3223312436213486
1.2455451735250669
-0.785804523662404
0.8020197883519509
-1.887941478839452
2.819444540650839
-2.82049229239439
-2.821718737987009
-1.2498798145081094
2.351535853518944
1.2469850267375506
-2.357331741603191
1.8943044481458131
-0.31433507123430293
-1.250761549845252
-0.791128547435027
2.328985058062845
0.7762904864424184
2.811023816443278
1.238680220926672
2.820834058296008
-0.7769092928842747
1.8915429226413156
-1.8947216214791585
-2.3578979375545
0.30719788506253604
-0.783799942076061
2.8230037037761266
-0.7797847076453543
-2.342532941778545
2.356238390406017
2.363327330857693
0.7642034216359362
-0.3216414420699862
1.2404947589264101
-0.7881486683930518
0.798750945315443
-1.8829319132271445
0.3208023091499169
-2.8191798299284905
-2.8218817441659976
-1.2544386628771464
2.354594782344047
1.25103282702142
-2.3525602397272505
1.8936076336538128
-0.31346095326722057
-1.243861479091248
-0.8024416941844782
2.3318871249395317
0.7723677280758275
2.813716050504362
1.2444517105378716
2.8236189469662754
-1.2496609605962155
1.8912776595067142
-1.892967238340591
-2.355751784097199
0.3125581103870768
-0.783407635701037
2.828448979974678
-0.7810767768933955
2.350687928402631
2.3550894490075303
2.372965265997577
0.7655122206250011
-0.328635161226959
1.2385068547710276
-0.7887071379818356
0.796554921451907
-2.3473234091536366
0.31966189637365894
-2.8148934789963165
-2.8254014513543635
-1.2586930995552075
2.3525257183958335
1.2541340417688505
-2.3502659160463417
0.7775250379944705
-0.31607638574158464
-1.246747306990189
-0.7792486253617247
2.3492964615611833
0.7787480437718972
2.819696399390921
1.2505480693554951
-2.3541686811746523
-1.2509630126436324
1.8963501156650735
-1.8905104078979302
-2.3531978394358624
0.3259485272779187
-0.7863771639201176
2.8315134588382667
0.7952184178685242
2.3553701628038763
2.362248162779926
2.3574376608313026
0.7839200134480221
-0.33036022072878485
1.2438696320930775
-0.7837794733434646
-2.825657512304787
-2.349640209570919
0.32318684768020034
-2.819626524936354
-2.8203870967458804
-1.2506950895261761
2.3480992478091096
1.2597487544447474
-1.2433004364922224
0.7841310798200498
-0.31995088314378184
-1.2531861616553275
-0.7768556908812358
2.3467853276945383
0.7807304677827392
2.8194982743795336
2.3302158508306006
-2.357550003788058
-1.2488373060629836
1.8966490102910534
-1.887453368563247
-2.35616426820927
0.32076336141575496
-0.7851024171670448
-2.8117420856479436
0.8079652169468517
2.354069428070038
2.3642227830026528
2.3555366815810497
0.7831129986754026
-0.3259215281534173
1.2482827382995856
-0.7678148692239689
-2.828979533665307
-2.3528517344656636
0.3271941491699149
-2.817821293241597
-2.8198060203317215
-1.2513972909025528
2.3452249585385885
-2.3767301570688724
-1.2441807406479048
0.783329868977688
-0.3121638073829887
-1.2536187345456045
-0.7774625043263671
2.335792646661217
0.7819835427693829
-1.9026905604507867
2.3220540910637175
-2.362962633965383
-1.247888507553849
1.8959047248823961
-1.895717512372572
-2.356124571152213
0.31370685033327156
2.347661341207453
-2.815037447336821
0.8128323652793455
2.310732519730839
2.363631388340669
2.356618606477431
0.7707279450239217
-0.3256069962223077
-2.3571205940660054
-0.7758308616796963
-2.828514605290363
-2.356094452604211
0.32710618396597296
-2.8280347073681438
-2.819131203403437
-1.2490432306500079
0.7756183072707554
-2.37039833332798
-1.2446314661894873
0.765007904214578
-0.3090408531256065
-1.252724103256926
-0.7806904795166097
2.3404429416654757
-2.3504885459934433
-1.897911569948066
2.3352838835158245
-2.358624702314565
-1.2509548821373273
1.883200278878138
-1.8965936856373633
-2.355493215716135
0.7656949892201587
2.347424675338917
-2.8129025577365736
0.8091583761719642
2.3228934199344233
2.3596465217958467
2.3474530083283347
0.7680718242467103
-2.355112082061037
-2.3537413720510396
-0.7891143572249688
-2.820863109538106
-2.357542202726384
0.3289488890420492
-2.8202047065448403
-2.819907873244623
0.7840420671866408
0.7832024537000337
-2.358760716246718
-1.2347478127705307
0.7841145669889454
-0.31860692232438736
-1.2499938231254553
-0.7676239836301636
-2.82249447816205
-2.347718267730261
-1.8920345075988538
2.3589865567632065
-2.356288985810711
-1.2421563382437237
1.89149000278671
-1.8939833279338625
-0.7839843572385771
0.7814430029762441
2.3568910331657165
-2.813084524979941
0.7931377903335756
2.3551251410853538
2.358390239299745
2.3418526047850894
-1.8911582348597888
-2.3563275027862325
-2.3516975337544848
-0.8071852060085822
-2.8215797732898276
-2.3588414682686625
0.3261883608039751
-2.8204766320286234
1.8937631294904738
0.782622252098287
0.8048432920284134
-2.3538450985395123
-1.2390982770839145
0.7819990549795071
-0.31889931177369746
-1.2503406461649706
2.80750989303714
-2.827846004947117
-2.3477715823930057
-1.901697816317119
2.34929682621495
-2.355184505021984
-1.245061820644513
1.8888473653455917
-0.7861428701795108
-0.7898682168658572
0.783177737503241
2.368076449990696
-2.81517950173599
0.7875239999140885
2.3506823272953143
2.359880893763766
0.768070165367763
-1.89367222825234
-2.3603471077170193
-2.3538756750719436
-0.7982822835395107
-2.8225937140618313
-2.3587232060428778
0.3191977791048843
-2.8280324676512048
1.895379424878315
0.7871169075338958
0.8067043911728171
-2.358489288072293
-1.2462745963940747
0.7838125613747942
-0.3204515432656242
-1.2523547551349923
2.8126837598925687
-2.8356173648442264
-2.350761799003446
-1.9086807015710214
2.341419713790161
-2.3546676570737746
-1.250101781485214
1.880441625551441
-0.7876224849962924
-0.7959933869708253
0.7695223118806742
2.361443675049459
-2.8175625188994045
0.7983419194475853
2.340419543999581
2.82365381517796
0.7719357232720969
-1.8859020281058239
-2.3642134280770915
-2.3559607633951183
-0.7749063722273655
-2.8199788201718152
-2.3571286233144617
-0.7849575445422886
-2.8325241810532016
1.8986494211207428
0.7775337290753636
0.7926127883887205
-2.3604645949473086
-1.2468269106527379
0.7745728196309379
0.7988828990226949
-1.2533784935567414
2.8198871982528204
-2.834116794435863
-2.353441431813607
-1.8995122365800523
2.344378641305846
-2.352227657858034
-2.3575860799859094
1.877736713025073
-0.7855241594770674
-0.8063071348064051
0.7639211793496421
2.3555122607159147
-2.8163053184602362
0.8121660241885754
1.2434023047722074
2.8216711887802677
0.786345249177828
-1.8802977540587171
-2.3651615407499422
-2.3553464961677344
-0.7715498303695267
-2.818080236078814
2.8182392395502194
-0.7863753642138409
-2.826158093667552
1.903758864420602
0.7809135271993125
0.7830781558338742
-2.366003600755612
-1.2399991494561378
-0.7850593138985598
0.7984254181624075
-1.249162692505528
2.8244548862523216
-2.8294546998946024
-2.3566200976853913
-1.8922352698045646
2.354430842330657
1.2435693693930026
-2.357976563148112
1.8858534417559092
-0.7858056793946309
-0.791812044466181
0.7599752591096989
2.3413114359782825
-2.813878158373923
2.351376517748723
1.2415768823660696
2.8172983524433093
0.7837718738638482
-1.8782173732656635
-2.3577085686098127
-2.355878649594444
-0.7845915919723796
0.7857331645105702
2.8200086304763308
-0.7791255583703577
-2.815715766357456
1.8942972447415038
0.7768155771953584
0.7813135585360356
-2.3653576194306036
0.7808089830379
-0.7878715629449285
0.7895502628725564
-1.2564311490185829
2.822887928985352
-2.820380214548768
-2.3568228858617464
-1.8912560095950035
0.326421275451876
1.2466640402610405
-2.351776955998955
1.8983387920691095
-0.7812405828636467
-0.7960682348889551
0.7634368281256824
2.3422900187890043
-0.7883123559216103
2.3500805771701323
1.2461111704296834
2.826955955707168
0.7918550639223555
-1.8949436613579462
-2.3562617034875477
-2.353753564592321
1.245788385447741
0.7874262575234113
2.8180084617433487
-0.7767052109210403
-2.8185019607613517
1.8909770723728652
0.7961517372713784
0.7873599862047235
2.819547345665491
0.7781739329577366
-0.7850320806584387
0.7956059497228661
-1.2494530778133417
2.8241860450758196
-2.821889214494067
-2.3557597389051166
-0.32561346755253645
0.33096198180730013
1.247332077978539
-2.3553899753339196
1.8892094963688022
-0.7876505399113577
-0.7850566709319236
0.7769613887690616
-1.2473415777947536
-0.787832212063255
2.3533714471558707
1.2478834455769336
2.8277458614565316
0.8030941532243924
-1.8917817897279394
-2.356804116152919
2.3567872132931624
1.2487556472303398
0.7882433701465382
2.811532391275683
-0.7764768706408599
-2.8136537934315755
1.893564995576904
0.7952447414234346
-2.8258088280069473
2.821593142173201
0.7816922571462859
-0.7880386107330589
0.802955239500749
-1.2472842867097633
2.8211157484473
-2.822060292546388
-0.7885793860419453
-0.3219213733076569
0.329935183502976
1.241050030303023
-2.3598153551960377
1.893699184732883
-0.7841342201188869
-0.7987950611419371
-2.3481997811822994
-1.250423897835201
-0.7852358042630629
2.3587453774905063
1.246699455674653
2.820149379589422
0.7964545823056914
-1.8899760314122989
-1.8926920086484038
2.3613222313595763
1.245405607356394
0.7815766749036668
2.8066603504563576
-0.783029524696175
-2.8096151914196335
1.897334925046453
1.8944247683599007
-2.8258647225729616
2.8202830864479678
0.7808348311766626
-0.7860517171333106
0.7813805931777476
-1.2483060414364155
2.8216637806687848
2.355935441617639
-0.7901950159950472
-0.3144722828738299
0.3180326499359287
1.2396261550620822
-2.355391619644087
1.9003380878405616
-0.783986606641497
0.7859643827131597
-2.3342680011299417
-1.2458608082090896
-0.794057180958111
2.3519772000827874
1.250636571184782
2.8170999062226882
0.7854924726468078
0.3206947228697845
-1.8915609177954236
2.3556004026515116
1.2528112644550653
0.7807589422386955
2.8191853469562242
-0.7828841377751218
-2.811529745731274
-0.3186532988926187
1.897808647903429
-2.819661668302772
2.810184568122345
0.7804642398742534
-0.7891430534364133
0.7702572583461439
-1.2492584952419339
-1.2478010563445114
2.356209565248097
-0.7874663598105709
-0.32312989935265035
0.32122929837061087
1.2533931128055558
-2.353285918278221
1.903580159444038
2.357260932416064
0.7912526767973168
-2.327627232705083
-1.2332253810645597
-0.7914353352569835
2.350259927886119
1.2563548545611167
2.8185901360651857
-2.8168682014889153
0.3210919407314568
-1.8904544495813516
2.3641532971493273
1.2516754021872014
0.784775310782542
2.820866102164721
-0.7803570801577896
-0.8051684503217508
-0.31610341867006525
1.9052636125107831
-2.8133215603120387
2.805970978481451
0.7797595642402739
-0.7833801914463085
0.7769604761039434
-2.3629522743592135
-1.2529242125797275
2.3578130572514637
-0.7755405553269086
-0.3246599672022234
0.32175277904160204
1.2521857500069398
-2.3515772290185484
-1.9069116112888627
2.3608396112382715
0.790480202221095
-2.3411242291191625
-1.2299128246902569
-0.7888704633850606
2.349531198280481
1.2529801910490304
2.3520044108857086
-2.8200713675211246
0.3249963146324724
-1.887828296868928
2.359678884021747
1.2511663284084698
0.7818844872436493
2.8208438627955243
-2.825513981673162
-0.7938546955622395
-0.3195670527009093
1.9033059151245166
-2.8142040804366126
2.8090751144417236
0.7789902803198074
-0.7817573718162103
-0.7933332051052544
-2.3627016003620045
-1.2528636676158935
2.3596755800752836
-0.7610105953036683
-0.32164571592716756
0.3180469597314002
1.2475248022263752
-1.885606797961696
-1.8990142833376034
2.3581284623422634
0.7836041175677764
-2.353910417965147
-1.2405558012702143
-0.7869958715434351
2.3506775137584426
1.8933675454292036
2.352787017645812
-2.8244590597130768
0.32504264142707595
-1.8815462008030055
2.358100219400545
1.2527889593497545
0.7780818905678838
2.821099099645923
-2.820543171112525
-0.7906578381494908
-0.3273567795732219
1.8984094528813262
-2.8188463392890735
2.8144811663642053
0.7784071038273773
-0.320153524944576
-0.7854938949472845
-2.3572008127935375
-1.2440522219308605
2.3589120385752564
-0.7700088387148907
-0.32075797889817914
0.31490158757801623
-1.245582382723546
-1.8873022483621016
-1.8941420165070952
2.356173263546539
0.7800399057808056
-2.358585067409088
-1.246624401804231
-0.7889169556729665
2.3455427723168683
1.8969612768774282
2.3570804060967383
-2.8246856422485482
0.32221193912563173
-1.8816732631002546
2.363150127096578
1.2557149386974957
-2.8112622458367498
2.8216538532586806
-2.8135781373297943
-0.774402127208676
-0.3296951352566349
1.8906319564315845
-2.8204804967402533
2.8183563977981922
-1.2494330148744008
-0.32337996392287466
-0.7860160958187745
-2.3560591330109646
-1.2499409978634606
2.3506789503755
-0.7904544582426515
-0.3199152825179211
1.8985540736082216
-1.2505634298380854
-1.892309432712653
-1.8884447686849772
2.352273370894495
0.7816530730643826
-2.365504432821159
-1.2438662938753482
2.825879522305425
2.3477336184645323
1.9020426203390388
2.356855396155199
-2.8287912717747146
0.3194430253850598
-1.8896943210500519
2.3623586576291355
-0.32105325226610526
-2.8155934552121322
2.8220064745586075
-2.82580357927495
-0.7732176119125139
-0.3234747763545267
1.8886952258349954
-2.8172798338957517
-0.782580595889507
-1.2487869950337283
-0.32107138267976376
-0.7835335831507542
-2.344222683438674
-1.2554881956215294
2.349152313640468
-0.7935030903701734
-1.8906244880158034
1.8989538903297674
-1.2510459476644007
-1.892147577694912
-1.8903286180100343
2.3442319690974083
0.7825946046985297
-2.3713110114837597
2.3262463410642003
2.8240559885298473
2.3473137648692846
1.893527707850977
2.3533416483132457
-2.822812860625322
0.3137024165172709
-1.8933396213527836
-2.3550322889560658
-0.31901897208840585
-2.8215862599002364
2.823597950661977
-2.827725625514266
-0.7647183383329287
-0.31912176274992055
1.885584622822811
1.2411903157721171
-0.769819082136445
-1.2476859464040075
-0.3219881090360016
-0.7742208662761926
-2.3403549276751257
-1.2473365111416104
2.3537633100762467
2.8149021205579206
-1.8902118308687752
1.8934986797603721
-1.247502215084417
-1.8880737259915037
-1.884430481770162
2.3391875235577357
0.777464324404343
-0.31624774016890234
2.329616806002743
2.8191248929805983
2.357418182252658
1.8908328436258528
2.3543353732730785
-2.819776687091104
0.3106608182784152
-0.7711850349542755
-2.3536114296942086
-0.32333135682845787
-2.8220440555840796
2.825594813351863
-2.821282405208303
-0.7768434217470968
-0.3218613122310186
-1.886421118879476
1.2446445816204668
-0.7641471138051783
-1.250533551477943
-0.32516576988503637
-0.760505888518654
-2.3232406555518335
-1.2458652954221137
2.358310007520525
2.8126249481710097
-1.8928267837125494
1.889285509354831
-1.251357018809466
-1.8868585893112835
-1.8901479822034666
2.3434463415902833
-2.344672285733481
-0.31668483643110895
2.3468802666745536
2.8169382024225347
2.3660510654035334
1.8884123078355308
2.3795583900264385
-2.814938484822881
0.7776389634821205
-0.7670704210262125
-2.3535463149639235
-0.3135093969074412
-2.8195580483155713
2.8305011534096103
-2.8203240643351455
-0.7754493783583291
-2.356047014145889
-1.8877342091365927
1.2489014728324686
-0.7805650078636619
-1.25194098970048
-0.31467993360312363
-0.7826800995315831
-2.3276969862849697
1.2515021685233125
2.3522345699263423
2.816962693719755
-1.8876840077137405
1.8859473963117437
-1.2621707703765999
-1.888378160738654
-1.8907926716966312
2.8174565161039897
-2.3476354643447905
-0.318543881321758
2.3531387177838634
2.8167901869403678
2.3615177138388903
1.8843443939447981
2.3905684157935227
-0.32328196139169263
0.787021084569969
-0.7758767868518016
-2.3550671569295702
-0.3155512193339423
-2.8328886467989114
2.83020781966559
-2.8231892479366305
-0.7595681636483257
-2.360138212718176
-1.890468594495876
1.246791415384653
-0.7825616297221646
-1.2511285518278823
-0.31636514309606734
-0.7778548674559778
-1.8929564496997013
1.2572005112561455
2.333781127126477
2.824414369351079
-1.889266368744694
1.8768363104786656
-1.2584151573903475
-1.8919683861711425
2.3370169470641295
2.816270594932595
-2.353235867788649
-0.31987969789939186
2.3447090290467454
2.822109920146436
2.3633567615989652
1.8740204163702083
-2.8280985289239893
-0.3207909677134845
0.7730960973033532
-0.7861376931244678
-2.355853436393989
-0.32059022340713045
-2.8313185114206325
2.825730135779249
-0.7846208478399793
-0.7504445544390509
-2.365286909444009
-1.8929659569234947
1.2420627305753276
-0.7900855895292352
-1.2495217810945012
-0.3238885642844539
-1.8992959600018489
-1.8926446413625868
1.2592087817724917
2.3471142540966436
2.8213983527190165
-1.8922285203857505
1.8784221213640158
-1.2533890570390886
2.3526496253981026
2.342552299405084
2.8146320442170096
-2.3517424312628705
-0.31746715611961007
2.3635239925612295
2.8205586515347894
2.3638348478552325
-2.8193119729715486
-2.8302557621159625
-0.31630608929151144
0.7794656480695927
-0.7875469775154303
-2.3551666879923125
-0.32294885435139625
-2.8248066885610084
-0.7876928065840672
-0.7792410140597583
-0.7644976110273363
-2.360832565825628
-1.8867845883281436
1.2536082225555354
-0.7943686619849264
-1.2500277495744494
-2.3382751816222673
-1.8912121107827835
-1.8871693054528744
1.2526236228605374
2.354546567589569
2.8222541485183346
-1.891051175440589
1.886905034260524
-1.8929031311515445
2.345289507130105
2.357789679557571
2.816460322789229
-2.348509858561146
-0.31156031527155464
2.367183034173099
2.822515234456391
1.8944362613327683
-2.814481378667356
-2.8257273606597564
-0.31970808655183064
0.7852369744287286
-0.7958966300455991
-2.355780434175836
-0.31436551332325025
2.3584414787344214
-0.7881570893966979
-0.776092477892187
-0.7850766906909962
-2.3602172117572726
-1.8838501367289202
1.2568709531511646
-0.7997059351769649
0.7864695218886915
-2.354697696187264
-1.887037434178234
-1.8883227418121418
1.2462886569381915
2.363684320710713
2.817517558249295
-1.8859492426292768
0.7891285965192689
-1.8967204391605585
2.3413267716216324
2.366259594554021
2.815467337689722
-2.353522396234385
-0.30732907182516644
2.3624892839940355
0.31824518675094543
1.892385527638102
-2.8223189401557436
-2.8189807443155295
-0.32218854920701845
0.7943119150522499
-0.7843249205960897
-2.3584837287611635
-0.3091508728210682
2.359901464279061
-0.8008074561351869
-0.781685367313064
-0.7881100107641347
-2.357966441224461
-1.881443913403513
1.2531371522851855
-1.2546306294216285
0.7866143098248728
-2.356602233107151
-1.891359901296713
-1.8888609835907828
1.2453589696973666
2.3654076018766585
2.814357235313444
2.3532143459284964
0.7920144427706983
-1.902340983154699
2.344323018891807
2.371009111680907
2.819597715688825
-2.3549209441290517
-0.3122172151409459
-2.3582213817566573
0.32035298954220126
1.8907778102394124
-2.8240393584390273
-2.821758812102644
-0.3257371529857503
0.790358549576943
-0.7813206903835747
0.796614590939516
-0.3138827246513548
2.358548943065164
-0.770370389413272
-0.7878448310610013
-0.8044677370533819
-2.3589311381722085
-1.8849771077853559
-2.358856888458958
-1.2518079278744738
0.7860962278822916
-2.3515062851692874
-1.8944196668670108
-1.892984218380054
1.2536629454719779
2.3790655517806325
1.245879670318854
2.3612998148482394
0.7894052377559128
-1.8850211260126064
2.333870764051452
2.3866859443401536
2.823357071985587
-2.357225529754351
2.3519029482159914
-2.356446604574014
0.32279015814176276
1.89122420634475
-2.826875252352041
-2.819395966347444
-0.32015407975460947
0.8015424392051653
0.7797887990010707
0.7928555664375584
-0.3199908341462171
2.361502485429787
-0.7642761000926921
-0.7827019294480189
-0.8109574160956119
-2.3614120961678164
0.3171661960111335
-2.356886555611484
-1.2479896014826273
0.7862896827375963
-2.342204817371752
-1.893014445062649
-1.8917484891111531
1.2572974287400656
-0.33547790720250836
1.2448533966779844
2.352481007446603
0.7879262538551598
-1.8789922389724305
2.328073977578051
2.3673199356355625
2.8249477346188687
-1.2544191103991098
2.3541316977058986
-2.3563967473375125
0.3194612327658069
1.8954762252331947
-2.8228712650570444
-2.815708612579794
-0.3130551951723572
2.3686836723940465
0.7809707301548854
0.7875801731117469
-0.3224806309941571
2.367267815980263
-0.7675996461652127
-0.7850329911384255
-0.8044332403462048
-2.828061117131571
0.32111510185532266
-2.3587952955236617
-1.2461781903861184
0.7886349861167226
-2.337062861430997
-1.8958479321590394
-1.8907200364161107
-0.7568952709454501
-0.3300446591455428
1.2456177034614375
2.3367620210133575
0.7906623432934601
-1.8885281326810257
2.3425419704510735
2.3623472785913084
-2.3556611883205756
-1.251359164427974
2.3518131434868503
-2.3548123440303836
0.3169693141258998
1.8974080615740658
-2.824245789993393
-2.8139148278578077
-1.8793258851056012
2.3586639016869966
0.7844957798330757
0.7697379612164885
-0.3158385026817443
2.362581502227628
-0.7796984989290812
-0.7971897705545757
1.8946574633156703
-2.826827527265506
0.3218833885073561
-2.3510320367124242
-1.2465046287218762
0.7865820474515639
-2.35025348600425
-1.8989591593401451
2.358074579196864
-0.7553323040138644
-0.3243361588793649
1.2467405883142106
2.3370721675592496
0.7845578635132964
-1.8924279406222941
2.349159616602895
0.7800935064177136
-2.354263897819883
-1.2479963998273422
2.3600126035105418
-2.354236769247694
0.31391718765213883
1.8952849792399882
-2.8271986377623786
0.7852157230127946
-1.8770389186075793
2.354024657425356
0.7870643425120698
0.7696585003774057
-0.3264521202829389
2.3592297435329748
-0.7712735736871046
0.7900365013248581
1.8899001739130363
-2.8247749006637894
0.31922909424564155
-2.353698358825589
-1.2589553575149544
0.7845085145575857
-2.3564601678978585
0.3249482676716818
2.3582516663315825
-0.7682306841340482
-0.3221997194645169
1.2475147629128156
2.3597395175976175
0.7857497510362064
-1.8897969801056569
-0.31298770780797947
0.7831123801326637
-2.337197198986938
-1.2519806570000227
2.3589805882328796
-2.3646719461954406
0.3142909715110959
1.8918466527381212
-0.7732556781519366
0.7867646671906381
-1.88336921013931
2.3522381712194838
0.7835411933930828
0.7846990156052583
-0.3231262812073282
2.3573963022596662
-1.8854754670245184
0.7932948405268705
1.8932490486013593
-2.8234161922073726
0.31345451256283746
-2.3560461333422933
-1.25651304229262
0.7831758206643364
2.341494449912112
0.32346002511147987
2.3586599638269123
-0.7756254656440005
-0.32853496402365373
1.2501119408296577
2.3537595330757095
0.7864357247213756
-2.351361725598868
-0.30880576721653646
0.7878748369531466
-2.3377412106771467
-1.2575056887884044
2.3562095031673547
-2.3625111459844015
0.3197323992219436
1.2456847610555979
-0.7762222757701949
0.7848329050200262
-1.8914117696183192
2.361850418999652
0.7802181092832501
0.7882145841362886
-0.3226124914576762
2.8179371191817846
-1.8804365454449332
0.7899030332141421
1.8909540455412224
-2.822872424822405
0.31714911109251037
-2.3517342251676947
-1.2516303902656212
-0.7890638367542707
2.3420619463406678
0.32029752919896554
2.3541534885903856
-0.7773056777655867
-0.3233465180386626
1.2453261628958148
2.355471841023671
1.2474073004289696
-2.3506900078447117
-0.3121607509879892
0.7786252229542177
-2.346739661716929
-1.254303309249948
2.3575562050494616
-2.3583639465217465
2.8216348923643304
1.2456398121520043
-0.7846734884565724
0.7844157936017728
-1.888873298694292
2.344811807488672
0.7790362888621198
0.7900267405664259
-0.786138326670166
2.8201409051406547
-1.8830874660258645
0.7787441215894595
1.895371999113883
-2.825741796085523
0.31810413403300214
-2.3493412519787644
1.249153923168394
-0.7882625152575967
2.3491089180492195
0.3171269216667938
2.3545182568547207
-0.7835347967961488
-0.324960943368299
1.239740719809354
2.3580177217372307
1.2461044605728482
-2.3526828095355903
-0.3278423815618665
0.7763297024195448
-2.3547629914005923
-1.252473095544215
2.35759648700393
0.3246003603307195
2.8239830225298874
1.2475205857823553
-0.7950273756149655
0.7832168123344966
-1.8956101350921806
2.3412100912655713
0.7832783247021952
-0.3179171763734218
-0.7879003556758299
2.8204480939619807
-1.8915662066592944
0.7820015743992771
1.9014030464454232
-2.823036994126696
0.32129681751672523
-0.7805927059723059
1.253122853688749
-0.7870378775349709
2.338540868936957
0.3202208996396087
2.3571705906885487
-0.7734139103983856
-0.31970012491075134
-2.330917307971088
2.3589462495970044
1.2454072186165834
-2.3562082818166563
-0.32307384489250274
0.783940737227991
-2.3540612631932096
-1.250404577039506
-2.352986377760496
0.32881999980039306
2.833835944371964
1.2396433087310132
-0.7877919577061131
0.7856623127766272
-1.8919504371380869
2.334676144631923
-1.9042361894789719
-0.32044572648770103
-0.7899682746262394
2.8178904287825333
-1.8928344930821281
0.7831185167069756
1.897180262402845
-2.820092016156187
2.3579966084925914
-0.7795082248708807
1.2616658996620242
-0.7851254349194811
2.335525081648876
0.31379351356827395
2.3599980463546544
-0.7706685281844662
-2.370173396763097
-2.3427537759890136
2.356650099383961
1.2424964786915569
-2.3568821307947285
-0.32126546629846725
0.7852877953502722
-2.3381549397303667
1.2497354115985695
-2.353314051617099
0.3347418906206503
2.8328570218739975
1.245261667794128
-0.8013378235518233
0.7873485992248943
-1.8895352380518922
2.805951375564638
-1.8995827690622564
-0.32153805850039346
-0.7956994544823487
2.8185073093326376
-1.8918596801706615
0.7835642823928575
1.890329695266338
-0.7857284216068207
2.358029040943963
-0.7662957003407237
1.2601627565653288
-0.7835546593483205
2.3596352664259173
0.3075219146611042
2.3617667854478235
0.7661944271339883
-2.3638928812461915
-2.3552624031027714
2.3545707466415737
1.25071777911029
-2.356895506917772
-0.31929290856672604
0.7825740374295194
-2.806394719581411
1.2518484878708642
-2.3519796322891935
0.3288265751903026
2.8260072510799685
1.2479416170883013
-0.8134031245301873
0.7909398673271455
-0.8003234105709178
2.80873570168702
-1.890198873326461
-0.31272105869517697
-0.79139684991382
2.8183846192925945
-1.8898517933546508
0.7843606396184766
-2.3591268488714707
-0.7858682773259714
2.3709835596073843
-0.75754065020299
1.2504938593151873
-0.7729958283048362
2.3655555563289252
0.3101302707439316
-1.9005372032707373
0.7678768041471481
-2.3599580658708272
-2.3333128979092352
2.3561081389637053
1.2483327488362304
-2.3557158265389018
-0.3196410739148259
1.88570053884669
-2.8069120260552203
1.2577083468381793
-2.3380983742043404
0.3240679603812332
2.823688027966171
1.2514190286922586
-0.8148420112793763
2.8107527378631287
-0.803380295731898
2.8174078177043316
-1.8943320634800516
-0.31957113708646034
-0.7846335869808876
2.8196029142529437
-1.8896923740093985
-0.7853701573091617
-2.3691830444865527
-0.7841578404685087
2.3642485200654786
-0.7788610378119873
1.2536487862779917
-0.7766779049158063
2.3547201622775025
0.7736498647057707
-1.8995013338987787
0.7786881338724114
-2.357995072647662
-2.330988064381132
2.3531814991091635
1.2487209096425564
-2.3557849318563315
-2.8213448173625393
1.8896480322362368
-2.814533867881043
1.2548774964515075
-2.358687891433958
0.3242397677536671
2.832393139587769
1.2447099651927995
-0.8045356902747185
2.807890156159973
-0.7969351450583405
2.8211608720687464
-1.8958238604643876
-0.32147446755102577
-0.7829528909398299
2.820225864965398
-2.353714391201402
-0.7848443870634148
-2.384122572353663
-0.7777189714460907
2.3578592664335773
-0.7776473323201789
1.2536265304512357
-0.7816219848814038
-1.8994216621427562
0.7706294891690989
-1.8962837843492901
0.778753874724427
-2.360099193097411
-2.352810250683404
2.3540089085514238
1.2490040498239685
2.3540426156813576
-2.821598122242815
1.8940979886831435
-2.819795035038693
1.2523902519608179
-2.3530822148371735
0.3243073017527942
2.8334174879522633
-2.353415303527418
-0.7968954790917812
2.8104377296979637
-0.7989526965243225
2.8201713486777304
-1.8910660939698791
-0.3226455133700837
-0.7830677366588238
0.7850612555591238
-2.3570455459928508
-0.787157232262625
-2.3680132668389184
-0.7790129014012956
2.3653502025485134
-0.7620148879956375
1.2590869804290425
-2.3543656079198376
-1.8959681913163433
0.7565427224956927
-1.8941439999049943
0.787202501445405
-2.3565947463385766
-2.3592494025116397
2.3554775088533013
1.249398282771111
2.3547318572191256
-2.8229921800619224
1.890971589609405
-2.8127294001734664
1.2519448649909026
-2.3445600002109157
0.32690383464114564
2.8267257136765527
-2.3536367194949306
-0.8023379693620524
2.8157476603367293
-0.791427192207035
2.8148744243257227
-1.8979063699720258
-0.3201504936702645
-0.7847508237311015
0.7860031335561957
-2.3557782193495216
-0.7876507758779521
-2.3649175824949427
-0.784503141976788
2.363036944200468
-0.7546224743232063
0.8093993064134825
-2.3574098876353484
-1.8985285937957723
0.7682597924651052
-1.8959977995070465
0.7825248004535197
-2.3607206601902013
-2.3542853272938635
-2.8179433108320637
1.2495227742864088
2.358105428477245
-2.8292454175504154
1.8887270667798042
-2.82104646110213
1.2541783664719555
-2.3321320283925284
-0.7763450356555704
2.821893662321544
-2.3603091200154154
-0.7988644432491195
2.8172811675907763
-0.7888343301304275
2.8165996697322275
-1.9025974464017876
-2.352545652849053
-0.7858067040434044
0.7876875614210654
-2.3453714554683196
-0.7880002731530112
-2.3533250295495023
-0.78852140054799
2.3698469885620432
-2.3464297995663363
0.8081783545978416
-2.354564887508163
-1.9033343541647798
0.7787628184614946
-1.8944193676438215
0.7791347649202665
-2.3581032882190254
-2.350439864292757
-2.820170649894598
1.248983492872327
2.358348662536944
-2.8275862993663026
1.8895692234564043
-2.829652455359594
1.2568863913463018
-2.333070278570586
-0.7704040453650722
2.825524860995808
-2.363653537972278
-0.7951289834766609
2.8120212476267517
-0.7937691364539453
2.821717745202787
-1.898506564374147
-2.349618819402229
-0.7846629567070337
0.7872821199675727
-2.337855464449796
-0.7857278419073298
-2.3383734103753215
-0.7840473417993087
2.3763319490565395
-2.3508002298388186
0.7960945685245595
-2.349681939633291
-1.9038183265459894
0.7806419202360847
-1.89244078603384
0.7807561082742797
-2.3516627285541647
-2.3528836803802293
-2.8209872587111726
1.2484825996941105
2.3583374474667105
-2.822396365808375
1.8938329315435092
-2.829910766692613
1.255355518991163
-2.3458516424674105
-0.7716260603602003
2.835596962128118
-2.3607100681277378
-0.7931830299433754
2.8086143009511093
-0.7960306712159566
2.3574927339087077
-1.8914616520199827
-2.3586300345522866
-0.7884685482957176
0.7905850899477543
-2.3321107449253695
-0.7844302780507821
-2.3382939189643626
0.33568634592191554
2.373391323092587
-2.3591502428900015
0.7937068570536103
-2.3492849589182407
-1.8960475051550667
0.7750964259230954
-1.8911388179091586
-0.7897297368412185
-2.3503190085529146
-2.35647786262469
-2.819605816406975
1.2462007795683692
2.350083807707559
-2.819010231787402
1.8955008652051444
0.7736023323960391
1.2515107947723598
-2.3551819153876137
-0.7705495936750787
2.8382001224846793
-2.358299150708021
-0.7916638034430487
2.8119531090676966
-2.3586185553508545
2.356684348511575
-1.8910409760078777
-2.3524738381416186
-0.7893114187092407
0.7757551164339518
-2.3460067034214824
-0.7862284835944273
1.2472537922713824
0.32803361902437367
2.3620507407776663
-2.337945085159633
0.8088918752265456
-2.349219389755688
-1.8973141622859269
0.7680781923581298
2.3589223181483217
-0.7879062215800915
-2.3552102101381083
-2.354595175092748
-2.823786301492349
1.24184592555084
2.3569788009522585
-2.8227479261889483
0.7847072015335353
0.7695073831988656
1.2479592859459177
-2.3638822633719783
-0.7722774461120563
2.8368493212789048
-2.3584263321603434
-0.7960246479390042
0.3246854892310669
-2.357908128284627
2.3527265329797307
-1.8999642349579953
-2.344176866911091
-0.7968351387747432
0.7790089018251002
-2.3529085951232993
-0.7882263304695295
1.2479857686066984
0.323348546599672
2.35809749001005
-2.3445235422679778
0.8322844289177802
-2.3513822634197603
-1.899993097331377
0.772480673554832
2.3587726712525425
-0.7874061364886219
-2.3626456969995404
-2.359149415418078
-2.8227732418140885
1.248741423006398
2.361546786205288
-2.35970874880539
0.7817841935583495
0.789673529134963
1.2520686036139883
-2.364223188803465
-0.7525569713749732
2.8301626271200213
-2.36081836032569
1.2472392667950543
0.3281670479022721
-2.3578448076309644
2.3512046381472187
-1.9060076708327984
-2.3417188567770584
-0.7900009179174783
0.7903890089005993
2.3538007110172243
-0.7875396604502348
1.2403817836216549
0.32991166868396515
2.3585447863455165
-2.3320985835124888
0.8419797811749513
-2.3521597899767612
0.32640735728472303
0.7831211276694898
2.356367522813867
-0.7885986485954444
-2.3565415671248853
-2.376641884505768
-2.820636620296307
1.245808053291932
-0.31529056762750224
-2.35691408460535
0.7786836992637415
0.7993798089359162
1.2513926938607407
-2.3788130085442662
-0.7343504377350825
2.8274501114372854
-0.7694325305044418
1.246525068579858
0.33116307493900116
-2.3588647567075536
2.3525175104931386
-1.9004838281820733
-2.3513155362244524
-0.7858860656211404
-1.8887790775175592
2.3551547982174177
-0.7826941118127884
1.2419000546851058
0.332678845295247
2.345856199624929
-2.3072550670894807
0.8231427111630052
1.8846145058253603
0.3264311579798609
0.7873903771252866
2.353129588947469
-0.7886101860953457
-2.3504608497466255
-2.361269649869947
-2.820581774694011
2.822190546232165
-0.3120582026203354
-2.350770538888438
0.7925076826896654
0.7890417036081947
1.2399172068456554
-2.3639565250179073
-0.7412120726684348
-0.7917110264891708
-0.766806727715518
1.2458249807144168
0.32312549660921797
-2.356571523204802
2.358138943159467
-1.8933149229204285
-2.3429309026703558
0.7850720649691983
-1.883300887374726
2.3605379198879644
-0.7754163572084427
1.2421696552168198
0.31712677892532315
2.3482255378082377
-2.300399387841136
-2.828191594235737
1.8846774580799532
0.32373565864444237
0.7883937479823753
2.356861235823586
-0.7855567748540201
-2.348861507466099
-2.346382290158909
-0.7863655293541477
2.8307285462557967
-0.31661553851683966
-2.350260181863398
0.7891934729199448
0.7934630567747663
1.2366740997255883
-2.3619568078861106
-1.8816524359429023
-0.7973638958514404
-0.768839976614234
1.2381417648472932
0.32423725288959404
-2.3572705242052643
2.3590185213812016
-1.8993861193226282
1.886817897529449
0.7901428546952213
-1.8854310711968434
2.3673998437595634
-0.7761810158773925
1.235816795333308
0.31882897162694424
2.3508950171941487
2.3646062748760888
-2.826532301130911
1.8849003677192164
0.31322170629064466
0.7905156690094783
2.361899152484511
-0.7862940095846208
-2.351112602317337
0.7846924619141153
-0.7788527255102732
2.83272345685644
-0.32980245223536353
-2.3564477722973045
0.7838068712563794
0.8019856516836803
1.2408219080068024
0.3227395429894416
-1.8909861152262455
-0.7968396305400269
-0.7863843316325444
1.2402698085963544
0.32332124852927313
-2.3620678360986456
2.3589648898059004
-0.3176626461159825
1.8930294413323148
0.8035695112324446
-1.8999737284208709
2.362362635322264
-0.7850956093481003
1.2401368348787822
0.3230118455264512
-1.250087092091853
2.360061621658418
-2.838134564535507
1.8914848114929774
0.3220473366094209
0.8108475392973271
2.3574779336292555
-0.7875942242929151
1.8872831777393884
0.791390797801871
-0.7776597473465151
2.823821481118979
-0.32188670540839254
-2.351931689459866
0.7901331953011493
0.8041331089136464
2.3573746483895257
0.3299857738136919
-1.8902034273199528
-0.8010754376381839
-0.7744880065690304
1.245295802129333
0.32709141959698457
-2.3631790972971967
0.781926508405318
-0.31002369930533835
1.8987571319727945
0.8120979390718955
-1.8955121570406477
2.3638849184923063
-0.7818904107981708
1.246343427344615
0.32634898036917576
-1.2475910047486687
2.352252761519767
-2.8421493961845825
1.8956087721991803
0.3268727459749183
0.8054554112532106
2.351257214929901
-0.3187570174334318
1.8832519365737754
0.7914615989924423
-0.7682316579061484
2.8168189097908862
-0.31726754763314613
-2.352809857492627
0.7937985807982234
-1.2453207521657461
2.353717281118904
0.33161233520934713
-1.8842974704037199
-0.7925161632240746
-0.7626678094192194
1.2401365063970748
0.3251491282669614
2.3189976087168658
0.7820967878333935
-0.3122409076936281
1.8844044173983958
0.7999001421359132
-1.8904912978145405
2.357806912736423
-0.7802166575970871
-2.8162721579894843
0.3240128396122633
-1.2450548025619343
2.3548482694576807
-2.833410049959426
1.8796997183501172
0.3205702846898041
0.7965940729712963
-0.7719014034316963
-0.3167996221569152
1.8826141253554174
0.7912430620423921
-0.780042855808731
2.819997657320152
-0.3233495481298957
-2.350505103068911
-1.9002942777867702
-1.246098446711977
2.353805645699946
0.32491342280298696
-1.8817102324336303
-0.786986826797216
-0.781383272759105
1.2315982512547603
2.370010419335122
2.3297209647688546
0.7841987062377727
-0.3146830816524491
1.886260133710546
0.779851484857867
-1.892814324217511
2.3606950743716055
-2.828432560184953
-2.8110160754903175
0.31757701037428043
-1.2420468373641267
2.3589302760028104
-2.82601299265511
1.8820712825208517
0.3117854919374452
-1.2484019913592523
-0.7913801812272419
-0.3154135017767923
1.886470746478375
0.7889068076536114
-0.7821866595204912
2.8247325657349136
-0.33063346081442596
2.3415032492310126
-1.8946559833991894
-1.252355945222049
2.3554483542523323
0.3233828431510748
-1.8839384627192228
-0.7858784146970684
-0.7973025838028029
-2.8004342264065936
2.381555034598163
2.3465739410468522
0.7927307806222869
-0.32017487925002774
1.8875299294312844
0.7828867657303505
-1.8956755177196407
-1.255094631197245
-2.8262449154735294
-2.8040941874865988
0.3211219070807762
-1.2497135361899354
2.3530192574836257
-2.8206948989062677
1.8865193559238609
2.39845030063112
-1.2517865211027954
-0.8072249150023099
-0.3100521780611756
1.8931018251979008
0.785760395613215
-0.7938276839066475
2.825207537708664
-2.8215797592874745
2.3489030660073613
-1.8972896003887347
-1.2520965283813699
2.35601626470415
0.32347680287363434
-1.8885174837129521
-0.7873070844164396
-0.7956554072432118
-2.8031063687654205
2.382069129909259
2.3465598143424957
0.7870111452476122
-0.3228421880092082
1.88705101120184
0.7908892444433558
-1.8971377962627753
-1.260158029514352
-2.8271960673172285
-2.804899040865791
0.32165748495484014
-1.2505638393933571
2.353948079715074
-2.8225549916557786
1.8892874396285295
2.3948466179128514
-1.249727260852449
-0.7949362939676671
-0.31795069310907104
1.8982708812051556
0.782370904296113
-0.7795802376623007
2.822462688971479
-2.8288713874034213
2.3464991872194743
-1.9050675349585118
-1.2499666093593194
2.3512937683829995
0.31896022212706754
-1.8910213570748153
-0.32493393614138316
-0.7783341130978811
-2.8106968505613703
2.37170137227457
2.3316618144905323
0.7882280599598485
-0.3222102465230012
1.8801328079892297
-1.2559540971865297
-1.894914602712594
-1.2545957039369084
-2.8290337006605175
-2.8119854402091615
0.3229021485694706
-1.2442509660020724
2.3580863557620515
2.353648061626516
1.8867723829974137
2.3767850370199044
-1.2439339750570824
-0.7755408540538709
-0.3217637567049292
1.8975529488544443
0.7824143492298979
-2.8360966025263865
2.820398557573874
-2.8286248192889114
2.3456267313400105
-1.9055096329243317
-1.2463778319800938
2.3498371260731883
0.31953447012254654
-1.247626532087242
-0.32321152122352237
-0.7693297591502877
-2.8136362894199296
2.3583353908896156
2.3284482590718274
0.793025037002001
-0.3193971600039983
1.8763359493316507
-1.2532358928089191
-1.892121539530533
-1.247020968376351
-2.826860520082225
-2.816149589189802
0.3259419397981891
-1.239822062873083
2.3595810872968648
2.349342030991989
1.8826289193085401
2.3649752279975056
-1.2396945630319558
-0.7761405960225357
-0.31831366650671544
1.892347374932801
0.32231213567081785
-2.8282358961561544
2.823990249258721
-2.8312998859259664
2.34751777106792
-1.9017110205313421
-1.2434778586240354
2.3535043778507174
-0.7854659292100045
-1.2454409436885256
-0.32010150760516354
-0.7896120187208742
-2.8062315451573223
2.3402882581587345
2.344979524685065
0.7945605699739946
1.2469708801947337
1.8808640389158897
-1.2547915941413164
-1.8867929496156426
-1.2475472456635732
-2.82016479125587
-2.8127766206071385
0.3282699104456476
2.352929560582685
2.356429159869034
2.347302123192188
1.8894787991350925
2.3713258468239267
-1.2363320320497904
-0.7944790147651728
-0.3132343124970952
0.7796892790523144
0.32678103009292
-2.821287902465086
2.821020082298812
-2.820652902035756
2.359625371257121
-1.8934951911333753
-1.2421572655081277
0.3140534866567365
-0.7816561400780608
-1.2454552655228603
-0.30668343487618793
-0.7948194697092978
-2.812203845273822
2.3456784973505123
2.356466850807559
-0.7830470877218141
1.2447818926607843
1.8880628222226858
-1.2584244658508539
-1.8810108083663242
-1.2499898002142011
-2.8207483039867736
-2.8057898017644693
1.2499577806872324
2.3571229911238287
2.3540363260812476
2.3295752902113493
1.8914639905965565
2.38994566735065
-1.2363080115119598
-0.8043187084470936
2.8118858992274873
0.7781902181755421
0.3259822481967623
-2.8278506853574554
2.823392356645014
-2.819612869927534
2.3547242391005767
-1.8960326020198868
-0.7828047319615858
0.32066753288477495
-0.7794706979578706
-1.2493381438111624
-0.31053441913403346
-0.7966294253720899
-2.8081754027957686
2.3631950632825705
1.2523513462747993
-0.7863106198768403
1.246020574802122
1.8896219635009577
-1.2552557306959518
-1.8813558132013566
-1.2492072075203238
-2.8190738366810626
2.8325989543388643
1.2490503097566164
2.3553499897381633
2.355015823006559
2.33775819900881
1.8950666020864204
2.381101217748072
-1.2434629526782308
-0.787246750405135
2.81742815267332
0.7815746108553494
0.32008761160227356
-2.8357231172202573
2.8279933429497306
-2.819826004317604
2.356199627250122
0.8011805650099078
-0.7837024882031074
0.323672941261229
-0.7813496515808293
-1.2525777168009498
-0.32356583998239086
-0.7811044558835091
-2.8107356110563257
-2.364786270359847
1.248731596112209
-0.7896580684025939
1.2509608249483355
1.884406410544801
-1.2494010022849595
-1.8872543236246906
-1.248805797974484
0.771337925619556
2.8266970189789564
1.2537225088791315
2.352042043898723
2.360504547745168
2.353896294282538
1.8966627475866136
2.3652631834182314
-2.816995875432648
-0.7813904719718957
2.821072386929507
0.7853106694183171
0.31911227489551863
-2.829407221296725
2.830237157603255
-2.8219694117936625
-0.7953373417247848
0.8107851887258704
-0.7820309497796232
0.3210433335248428
-0.7839262804601561
-1.2545265050285
-0.3200805705486751
-0.7827964157547366
-1.8946378511075048
-2.367868405015178
1.2437827076473518
-0.7878520470052248
1.2495327521409334
1.8819525168771893
-1.2500798783533844
-1.8938053789665077
2.3504652006279843
0.7725873250998417
2.8203722041414494
1.2547963505783626
2.3478811294945383
2.359502423708164
2.3575353112390958
1.8940664619111558
-2.818640366334909
-2.8242408380748354
-0.7821897703664035
2.812407050699945
0.7843105118354597
0.3201902443015356
-2.824282151556777
2.824183916737037
-1.2441089534281222
-0.800633600970557
0.8045972128586122
-0.7803833319792511
0.3168104485661137
-0.7772144129473664
-1.2547696383506113
-0.3142157176153507
2.3656114016290744
-1.890792792304403
-2.364417176188736
1.2397840552012822
-0.7861686194505897
1.249770468412038
1.8859889129135454
-1.2505169578816886
-2.3546710423445036
2.351463556858641
0.7813585051161756
2.8210774685086086
1.2542934443112483
2.3464024661406917
2.3575185952249873
2.35390710885848
0.7812856522969897
-2.812834624200098
-2.821385480640696
-0.7880241839500814
2.8134438065224225
0.787529887967311
0.321676695566047
-2.8197053078767333
-2.828426404066356
-1.2433649206080433
-0.7948246705941703
0.7885742759513031
-0.7795391889301648
0.3229591410372757
-0.7753889681848862
-1.2526211014726196
-0.7718157790477698
2.3704130782515107
-1.8871726002618021
-2.3579408925925978
1.2466348653907495
-0.7859808747338057
1.2506866227692637
1.8904361107534182
-2.363947521195111
-2.3499573773949414
2.357179932362888
0.7857197304713852
2.8271506519325444
1.2485626600640105
2.3532391884454156
2.355889466133878
-1.888365307855693
0.7705635084003563
-2.815837315477087
-2.812711859589517
-0.788363430759622
2.814278346035902
0.7863470911812884
0.32277322313313217
1.8925817099080309
-2.8221631794651403
-1.246938365369906
-0.7923736976274649
0.7959597357373486
-0.7839856449127616
0.3313268455043284
-0.7800256141951626
2.358528762111051
-0.7828344877606795
2.360548195433028
-1.8896085318273352
-2.358660238814021
1.2383280200842204
-0.7849783931671529
1.2477999968376747
0.32636638025817144
-2.3606025387584686
-2.3430500411231816
2.359093363245531
0.7750670966644828
2.8257382422826747
1.241282978354059
2.356556552655971
-0.32214182530422036
-1.8857464634920524
0.7684108114970141
-2.824252595220346
-2.8013431096183767
-0.7829630364458318
2.8183771040454344
0.7845511238550252
-1.2440824716267826
1.892142053100447
-2.8184166167824616
-1.2376110853542135
-0.8116344328884602
0.7975218077516287
-0.7892754510325454
0.33082419877833935
1.8924668358746972
2.35989264291114
-0.7982701771762213
2.3498667524257675
-1.8986761642676198
-2.351164558220639
1.2482404748889324
-0.7855284858195348
2.357520337780549
0.3270794303927676
-2.3509537011527697
-2.3492101070692835
2.374864781971372
0.763489783044925
2.829353049890217
1.240845569689361
0.3284432951597254
-0.32457544014138917
-1.8849086812574003
0.7891742117154517
-2.8231361695516077
-2.811431120986162
-0.7840561439935348
2.813645335922406
-0.7885875544356252
-1.2455465002470514
1.8881662282233618
-2.821913219534295
-1.2429679153646873
-0.7881357979059539
0.8030658465390506
-0.7926125769774395
0.7795820089499252
1.8942006135156801
2.3634289257803553
-0.7765122239012417
2.3549943873712906
-1.9009917246443966
-2.3511089210431773
1.2468552683539145
-2.821963861823831
2.3591715615882025
0.3197149611233864
-2.377007339209879
-2.3523222518536304
2.353936524555936
0.7803738528214393
2.8271580738307187
-1.2466368121755578
0.3284534022604776
-0.32300743588088116
-1.8897739871053165
0.7829649533406835
-2.8358750406086104
-2.8107354461199305
-0.7854911698645327
2.333569143989668
-0.7895860902622532
-1.2500469373947511
1.880701066071896
-2.8291084714983334
-1.2490459968325098
-0.7864482310286258
0.8086556502915668
-2.8128483226211936
0.7788924960995806
1.8892472263024715
2.3585125928814175
-0.7856433791636827
2.341468700920224
-1.9029761003472467
-2.353745920131485
-1.2363099885667885
-2.8226710466480003
2.3584938306883165
0.3186453633011564
-2.3750774436506417
-2.357177689829269
2.354873475367165
0.7819399706683542
2.371053894286237
-1.246161568958818
0.322172072452939
-0.32561112459083247
-1.8925621029013546
0.7929724389309727
-2.835508479108023
-2.8164767611853967
-2.8225539411527514
2.329935512249203
-0.7895170679222251
-1.2469006167177863
1.8793840012098955
-2.8216055150800905
-1.252245221269993
-0.7861735893955987
-1.2461687292267762
-2.81506039936757
0.7976267144499248
1.8941639363105238
2.3588901198923384
-0.7728603475677518
2.332440532714812
-1.8977420852681857
1.8940800986770339
-1.2383451945049981
-2.8239874142729287
2.351986720138904
0.3243413369994725
-2.35133430235205
-2.3618514858563557
2.350859752184095
2.8148121261338304
2.3646663150306075
-1.2378957044546663
0.32593351795997694
-0.32325480268298046
-1.8856975462995067
0.799449265462896
-2.8275297692922092
-0.7886756897086836
-2.8235139322712035
2.3395994487774914
-0.790144818242452
-1.2396108844735356
1.8963624369975587
-2.821061827719591
-1.2482841204460053
1.248632002350006
-1.2455506423047533
-2.8144211782761706
0.7793856717608804
1.8937119940878213
2.3580237536372564
-0.7630575735369369
2.3380682220912656
2.3608787908958986
1.889743525960222
-1.2434481052185649
-2.817393573610637
2.3512977552358705
0.31329715826496934
-2.3556931196979325
-2.3621569261163593
0.7854955117895875
2.8193277700242856
2.3620040404655835
-1.2535258483024267
0.3336679588697795
-0.3296316750376094
-1.8804768586457663
0.7928305037595186
0.7869377084213384
-0.7880052289569545
-2.8233141734004854
2.358982862760945
-0.7902474979213582
-1.2582236081882037
1.891997986971163
-2.8218731709958935
0.31748895321174403
1.248783770435565
-1.2480656217697934
-2.8219304331908295
0.7837827716190445
1.8974716436359347
2.3572131424416702
-0.769638198410139
-0.7855218763986666
2.3645230528682304
1.8854094195114899
-1.2501050440332373
-2.82130560713314
2.3546621647353096
0.3174473586497933
-2.355372938834447
0.7930058062239896
0.7849914578888321
2.823485379715176
2.354502967113489
-1.250552086432397
0.3274315289607906
-0.3235135303836604
-1.8837154196402488
-2.8201129444199493
0.7925472440816117
-0.7908477175805838
-2.8219878085224446
2.3522122798253213
-0.7857276267316935
-1.2586553526826352
1.8880996809245496
-0.7773070966187269
0.3131763314145573
1.2499040860295374
-1.2497468819778548
-2.8179997305108335
0.7830483084006962
1.8925403744446068
2.3582582879113247
-1.8931244032523866
-0.7864651803650834
2.3642872013570755
1.8870325240422994
-1.251551816199098
-2.8232704245629003
2.354093219435124
0.31873308839727327
2.3525145438099777
0.7869166958933222
0.7879917605369109
2.825778056902729
2.355074517710249
-1.2471761736459954
0.32417192225241104
-0.3225551661600599
-2.8160669084623944
-2.818861858706926
0.7952127261770823
-0.7901350587187106
-2.826395325596838
2.3547000305427312
-0.783644788625017
-1.2536703160032276
-0.7663637117046044
-0.779820719568117
0.3118983094323923
1.2523076523323886
-1.2493882320937713
-2.8213137609409076
0.771822097879915
1.8963399868741606
-2.360343726919642
-1.8974259315005677
-0.7837738630700414
2.357163173073523
1.8942949756573904
-1.2479666942680514
-2.8206884660366773
2.354274291983595
-2.3287221421563222
2.3512691153798033
0.7977300532147673
0.784434388224495
2.8197755213282147
2.343745745158075
-1.2529368401352439
0.32484258272209643
-2.345988747829995
-2.820960235562038
-2.8222735171968187
0.7919142910864082
-0.7933157476257784
-2.8235423014425454
2.359904777660716
-0.7841301477658541
-1.8947166547324983
-0.7747310296481528
-0.7845940889021705
0.31981620707532543
1.2580375462619644
-1.2414620243053378
-2.8210310522874074
0.7675302869344105
2.3787957091672345
-2.3608367267424493
-1.8964680659989643
-0.7768021523068902
2.3581551395124234
1.8911414277525225
-1.249627139882304
-2.818158476093588
-2.8215824232773015
-2.323084295133634
2.3534329573490473
0.80259799120864
0.7866547420359307
2.8133874797130494
2.352454035703699
-1.2576081609564933
-0.7899458669772025
-2.346894433176281
-2.820995163677346
-2.8161643893119614
0.7875950920123771
-0.7885566875897487
-2.8243826146974107
2.3610313275671575
-2.341741694814591
-1.896680966752384
-0.786376946081342
-0.7669230185311922
0.31939280059606456
1.250809749093932
-1.2364001242391207
-2.8281097543592213
-1.887354124194142
2.3721950336370705
-2.3600753008818245
-1.8945600584595625
-0.7815502169642112
2.3528521498334745
1.8895103529808153
-1.2491372303676616
1.896146712406716
-2.822766760367276
-2.3430169886232735
2.3487497848088528
0.8172064762702389
0.7834351439782874
2.8186064363814243
2.3437496857388735
2.363367391668553
-0.7778517515243266
-2.3527589815552217
-2.8180687095636565
-2.8222136454600304
0.7815515549562783
-0.7857957001093301
-2.8222823599718683
0.7864581721261945
-2.3480740516818366
-1.8983080844390523
-0.7885836283589085
-0.7473472928682096
0.3201619045790038
1.249694517084189
-1.2388618259549857
0.33503656077288496
-1.8888658820147892
2.3585046006926462
-2.358373255604841
-1.8909870734236858
-0.7867696954833787
2.3483149606150158
1.888136531662746
-0.7839934216090094
1.8978104877095043
-2.8243698141297027
-2.3573231296064057
2.3429081533246627
0.8131213161130013
0.7821157332517981
2.8213305038067458
0.790387432327712
2.3599568574004155
-0.7742341249732447
-2.356521662846349
-2.812287490848586
-2.822458784019426
0.7780894809752428
-0.7836008364165818
-2.81991873587735
0.7863923145220711
-2.352892722738448
-1.9003231583468227
-0.787611059059525
-0.7524095594191503
0.3152430726247935
1.2465940578343304
-1.2471397525787842
0.33091522400429835
-1.8874018628414122
2.357880383026542
-2.357530288935211
-1.8903470572188579
-0.7871403948196273
2.350298026729808
1.8904071545728438
-0.7839401345672768
1.8961886822130252
-2.82458117603795
-2.359856716642262
2.3617851078738576
0.8018728142820205
0.7790069063887965
2.815041093153313
0.7790320212002965
2.3591488554456608
-0.7924862555436022
-2.3538643251461844
-2.810457118473073
-2.821748995664378
0.7797328715734455
-0.3197527419659449
-2.820463528649846
0.7842087135672448
-2.3492828730105852
-1.8961570797804734
-0.8091179060155216
-0.7651558268065705
0.3112874043719957
-1.2416963471803044
-1.2497612509423983
0.3221861423845845
-1.8911922728204922
2.3732563486293925
-2.368493066677965
-1.889483541337168
-0.7875958616935598
2.348012962812113
1.8931699059320857
-0.7873277242435444
1.8908978613625191
-2.8208008953979573
-2.3603905924697357
2.3772997867490386
0.806200458726498
-2.809411678261917
2.808599108224754
0.7750540374332305
2.3560399427444185
-0.8070893029695445
-2.3468184888418993
-2.81359394736893
-2.821043457911365
-0.7845970824899027
-0.3230357728394888
-2.8213089967026947
0.7857582964371924
-2.3531046410354692
-1.8939364419574531
-0.8229820968449394
-0.7697266500460235
-1.897625065778107
-1.2452675655747871
-1.2441021700893176
0.31988165751221304
-1.8940462460385834
2.3490322793894265
-2.388831192889663
-1.8902575711778768
2.3611070716464053
2.349719317661676
1.8958205761552072
-0.7837583150636371
1.8908221126379927
-2.817307469653025
-2.3624287112830857
2.368070967359089
-2.367334935124141
-2.811262268602907
2.808859293703012
0.7805784308412089
2.3554742525307115
-0.7899942707273778
-2.361172354049584
-2.8179834854613564
1.2512009806283784
-0.7730130207250583
-0.3204439959620861
-2.81206277542883
0.7821522742201968
-2.3588758589404284
-1.8883538267650533
-0.809560848432626
2.347681559549004
-1.9004926856609685
-1.2460821271933964
-1.2496285356178183
0.3229680014291616
-1.8889163546042367
2.3452901670932937
-2.398261564068811
0.3186966738708287
2.3585300899354857
2.3375489541611465
1.9015293321567541
-0.7834640601994092
1.896905084417718
-2.813244041829565
-2.3615673178155423
-0.3215501317041799
-2.3692316630955337
-2.81421631615045
2.8169275957138926
0.7744452816014487
2.3609974695578497
-0.7837752567692522
-2.3565908698557334
-1.250750877232233
1.250756271670435
-0.7672925916045057
-0.32037712988966216
-2.817081860501581
0.7892208546150843
-2.3488519720722847
-1.8904494280433672
2.363744633282203
2.3435013597680827
-1.8978209623346933
-1.2431814639687881
-1.2544339067681862
0.31637660730470646
-1.8934866376317565
2.351735921478183
-2.8345346047855324
0.3188414251221323
2.3566944602120667
2.334928842275789
1.9002016448156822
-0.7791153130947179
1.898347586944023
-2.81085373896045
-0.792022496130038
-0.32451737197829583
-2.3654946569150157
-2.81461544817686
2.8134067027608203
0.7797068550173222
2.359531268879682
-0.7758684449580607
-2.340519711135137
-1.2503177364800055
1.2504518664180622
-0.7741531993454837
-0.31903620448526043
-2.81590111497401
0.7946936196519299
-2.348571735036616
-2.367518360016479
2.3680546485628065
2.3453396090362144
-1.8952747940394303
-1.2372314473463075
-1.2547888818037032
0.31925456104720457
-1.8889756903937047
-2.3493038745649257
-2.825089591636813
0.3167825159919301
2.3506487616295364
2.343847479596714
1.898172416540335
-0.7738381871458625
1.8976625442092543
-1.888148555101962
-0.7891039515382927
-0.33289475139823654
-2.3605588751336932
-2.8105917953817396
2.8032830364889327
0.783810134432105
2.3556096487578304
2.3455996080665646
-2.335327129908189
-1.256158149554165
1.2462979526437452
-0.7879225239053157
-0.3204121697938952
-2.8110475258389798
0.7940467593114218
-2.8153526786873058
-2.3770567515608647
2.384193115598504
2.352034791119516
-1.8945485202659105
-1.2304814080584363
-1.2527937473320732
0.3226419917350731
-1.2419314314031764
-2.356624441307617
-2.8221544998518993
0.31690218827055533
2.3549831712325457
2.357481198779449
1.8943708128060137
-0.774514421652589
1.8966184316957146
-1.8889332133845784
-0.785403330935961
-0.3360079724428379
-2.36076104824179
-2.807849777971577
2.8055339809407642
0.7834910351638866
2.354010458310128
2.35198545169763
-2.345799011536713
-1.256799147645839
1.2455125760157946
-0.7919369174061647
-0.3189630573167522
-2.8085200327905024
0.3304551755271176
-2.8171766795194717
-2.3692725149157394
2.3862957851489277
2.353172735988812
-1.8973862846751082
-1.2358295338633856
-1.2518670939460559
-0.318761083927007
-1.2463630435218729
-2.3575147030324097
-2.8273176717569344
0.31682950780986474
2.357625166987417
2.351383927205184
1.895941715817881
-1.2391166506703084
1.8967287666362294
-1.8856920473052041
-0.7877439193199277
-0.32842950938438575
-2.35963420106774
-2.810754363366047
2.8137375633271486
1.8922103637794248
2.356976168875601
2.355853788088442
-2.3499599732777146
-1.2557269840993943
1.2414767164119604
-0.7816904317797112
-0.3208664601769526
2.826686978560911
0.3239016695191446
-2.817035932960652
-2.3560122754614072
2.374708516509773
2.352267519445334
-1.9004761989345351
-1.2429926044102495
-0.7895800392192504
-0.32067186739496534
-1.251416849638094
-2.3557151379089643
-2.8338878718765192
0.31616869512958745
2.3587938335648246
2.3427839913112463
0.7912034333055109
-1.2459684039870458
1.8986078466475926
-1.8854920180406656
-0.7989909473510235
-0.3215200454767887
-2.360550841107421
-2.8145156747925997
-2.3616813914118504
1.8937648457006517
2.360590881220419
2.3536322947814057
-2.3523180695797588
-1.2538636494151674
1.2460208334159892
-0.7717937303473567
0.781650107773139
2.820753762987569
0.3282072071105272
-2.80935408205152
-2.3652171220709977
2.359624282641747
2.3499076314329495
-1.9012416085247943
-2.8237102005616515
-0.790681929509959
-0.3249064563907948
-1.2496446590846975
-2.361024108149866
-2.8287959559293787
0.3186547888635568
2.3490793361112936
-0.7739712929375537
0.7986326234757805
-1.2427461916749005
1.9037341582138447
-1.8889746172315827
-0.7950404617930655
-0.3229196801190449
-2.3607831556843717
-2.3441024834585282
-2.3671101746303713
1.8986112910079576
2.3580372720919285
2.35111240462761
-2.343402809353232
-1.2525785699780962
1.247194925001781
-1.8850886645815246
0.7871764437308298
2.816007979171856
0.3239711251608948
-2.8149919036643
-2.3728109706565976
2.3641721428148488
2.35039248996315
1.8978375757925336
-2.8262422618686007
-0.7890450790682785
-0.3306230939975871
-1.2460811284281113
-2.3403410568828193
-2.829117510671093
0.32113056785475186
2.3511893690288925
-0.7847546987389161
0.801004075978889
-1.2515086784884712
1.8998316484090645
-1.8892765097557738
-0.7904584256355879
-0.32824016953158147
0.7881632162504862
-2.3348291854339975
-2.365365594722155
1.9042327750961436
2.352168488591028
2.3916235140459543
-2.3350515672451952
-1.2509196844866752
0.32009743585947653
-1.8874594832918496
0.782904049672592
2.8185262417315573
0.3203585162509431
-2.817252066840364
-2.3815138413756087
2.375857135607342
-0.782332623438413
1.8970810044649975
-2.820677152567198
-0.787723691382027
-0.32501846728942557
-1.2586108557714928
-2.3329429994246507
-2.823314141139315
1.2518802393267396
2.352366198017266
-0.7912825987472915
0.7793392726629305
-1.2524241923437092
1.8940301450935568
-1.889304606339842
-0.7872552576018416
2.829115640149661
0.7869746656357501
-2.3337960905384447
-2.358004389779076
1.902952446605412
2.3504224683990893
2.3874383338924408
-2.340257253225388
-0.3195526779157075
0.3144556007691507
-1.8914935343746109
0.7833299656718771
2.812772984761814
0.31700894013945924
-2.8178012025746537
-2.375290854296126
-1.2601653954480585
-0.7832026686205087
1.8977584848987707
-2.8146582963398403
-0.7882294304296292
-0.32031548412198113
-1.2529056427041485
-2.344623720303887
1.8900051808025025
1.2497986478043857
2.357147954113662
-0.7850895466183223
0.7857211013646184
-1.2511946509828393
1.8954476295142872
-1.8823152648279815
2.8208770496088387
2.824962662898966
0.7868760804072985
-2.341539657526288
-2.357814040330119
1.8940387635964087
2.3467586879095648
2.3710827448903746
-0.3188754047234873
-0.32116915457326467
0.3104846065806637
-1.8931052116067957
0.7832211623183214
2.810021480442816
0.31984278502527497
-2.8176807061999427
-1.2404149214665503
-1.258635749049568
-0.7805173673467172
1.9022155038244175
-2.81235436888501
-0.7885341098266105
-0.32327664739525597
-1.246758756189039
2.366307390927009
1.8918423834345097
1.251878290941523
2.356506769905965
-0.7802831695242924
0.7769425330607879
-1.2488878717275198
1.8965964731737734
-2.813991867124829
2.8220053222623975
2.8205988701847993
0.7937017052894386
-2.3472514423259163
-2.3577722381555906
1.8974490869995624
2.34709629967171
-0.7961356386442013
-0.3139058904588835
-0.32149015948371906
0.31599820054470834
-1.8887684052060807
0.8064975965283664
2.820076775261228
0.3213060490808518
-2.3509281819895804
-1.2457893082947202
-1.2541143099335437
-0.7765210071369217
1.8991047926316784
-2.8167831548575064
-0.7895095320477001
-0.3255541294770174
-1.894359993080231
2.3584286612223533
1.8881064319653216
1.2534665992996634
2.356299334970342
-0.7677050615158052
0.7680053112817701
-1.2555416309024834
2.356904619420687
-2.813619149632062
2.8242048821661574
2.819522457479371
0.7902423541760307
-2.3548081157765455
-2.359129072590713
1.8999613833558866
-2.352256359629044
-0.809179854201116
-0.31377793623311556
-0.32300945755259847
0.3183001339255936
-1.8922679172085783
0.7937519151242475
2.8252913659497993
1.245732035146323
-2.3517096995223015
-1.254406017874127
-1.2517389859480998
-0.7775019443339316
1.8929215622212172
-2.8214786396934
-0.7882744002733593
2.8226584821216294
-1.8995365852564992
2.3637059875754343
1.8855814037324328
1.2580558093892087
2.3564228550525907
-0.7695837213102943
0.7672916956987944
-0.7962470660759712
2.353624227843222
-2.819397042822022
2.823853961762371
2.8192718865876945
0.7866504259983778
-2.3562680146034474
-2.358834247438652
0.7886697371559678
-2.3558746669371327
-0.8254369941581315
-0.31700616660359776
-0.32337544826181713
0.3194362912592974
-1.8976260081955965
0.7803066700209392
-2.367876278537265
1.2449578387328737
-2.358656772507633
-1.2485386518423018
-1.2521101357681068
-0.7814088979677096
1.897387806927516
-2.821326798992156
1.2546598190761469
2.8195203885774784
-1.9077055627588149
2.3746403518685764
1.8898009441676216
1.2447727001594313
2.350095448257856
-0.7800973407152958
2.822463238198531
-0.7921524362707438
2.3519748640583007
-2.8177834222733606
2.8212105758052446
2.8157128501962365
0.7885585177283522
-2.353300787082342
-0.31620294818233363
0.7847374974390748
-2.3584640049717973
-0.8202400696379538
-0.3149657958033176
-0.3321850428657638
0.3191619593640423
-1.8954438357050207
-0.7923118988189438
-2.3685922585778245
1.2475231473212518
-2.368761628623396
-1.2489821634960612
-1.2476250898344592
-0.7827225334474525
1.9005755513981606
-2.3470293456649696
1.2519094608679748
2.8199695908960503
-1.9069055704950084
2.366045398070754
1.8977763382327641
1.2469534015923873
2.3475999622423145
-1.8940100934657882
2.8177854548990124
-0.7862980552329335
2.3713404132515707
-2.820779904054628
2.8190234091287327
2.8103575125388174
0.7941089429952211
1.8903675993646856
-0.3188373417245439
0.785558770193981
-2.3537139338574873
-0.8031517162717962
-0.31863903694327633
-0.32749197335084046
0.31954100572257466
2.346285867370537
-0.7968708245559946
-2.361187195486759
1.2581441039238532
-2.3677636427502686
-1.2560513375184383
-1.2477221601520023
-0.7768271691097149
0.7853309181273755
-2.346425840027026
1.2490382181273674
2.8231140888075186
-1.8966007642914162
2.3701057622472894
1.8928687357184044
1.2518388752638316
0.31676114679427075
-1.8960553813920347
2.8183793954987326
-0.7849620532491433
2.3726889682440393
-2.829534832426481
2.817146934667887
2.8129934413602724
-0.7856507089004486
1.8924800706270137
-0.3200085821001062
0.7851143713207147
-2.3496038813762303
-0.7873051248936932
-0.31702306557412363
-0.3226956177421816
0.7814232226018659
2.3503418163636915
-0.7880907694084673
-2.35470087559688
1.2605835031693489
-2.3580907362973718
-1.250077060862656
-1.2507079178311777
-2.8317751743836013
0.7835490097670633
-2.350610313538033
1.2490788129290387
2.820281114956711
-1.8871002271500177
2.3650512700844915
1.88804165980284
-0.7960285124521567
0.31631049656865734
-1.8909779320316915
2.8210848842816625
-0.7860553870357401
2.3505186621799967
-2.827646448790772
2.817053733563952
-1.878452150061967
-0.7822247668052719
1.8963776643131929
-0.3225144592459109
0.7912426492701751
-2.348031032210111
-0.779426878706756
-0.31683824562047797
2.3596216666041623
0.7821267640039795
2.356789919800542
-0.7756163566224655
-2.3561570269497762
1.243144795784353
-2.363116318080858
-1.2433546751706828
-2.357202997798236
-2.823108838094123
0.779699500383745
-2.3581062931485435
1.255215962168485
2.820792441847939
-1.8843820996394292
2.3698747696311804
0.7953353847781504
-0.788376229770232
0.3212599783813074
-1.8845489997099412
2.8221400574687605
-0.7869141706979009
2.3482575221961937
-2.8204166896113336
-2.355898870805636
-1.8852375754169794
-0.7846436750353704
1.8892703188884357
-0.31958390828891997
0.7889887797100619
-2.3492398056161754
-0.789879898430631
1.235378067894834
2.3666749043789115
0.7889296941531295
2.3576714270677606
-0.7680427893730306
-2.3514381995965996
1.2464602844952606
-2.363028459072146
2.8302352530438877
-2.3575901286631145
-2.818612988582984
0.7824837863106222
-2.3573167092111817
1.245617719160942
2.8196379397757996
-1.8876156799501265
-0.3356953934673356
0.795046019989945
-0.7932178840024715
0.32704094458052946
-1.886743465176851
2.8133651805900057
-0.7904875567857234
2.350655898833706
-1.2574020940198138
-2.3564833053540855
-1.8905014272914697
-0.7897540670983675
1.8883448907646052
-0.3165872798759696
0.7854986334585811
-2.352920379507613
1.9039164588409185
1.2386549836895298
2.3761145802707713
0.7700949263911077
2.354685351022988
-0.7738704700814121
-2.352893136211877
1.25217910648199
2.354454325126947
2.834664619018882
-2.3553810302881186
-2.8222394778576074
0.7846812401843785
-2.3396723388745255
1.2492525640931247
2.821763960788716
0.32612627197667854
-0.33428762824284497
0.800176778488316
-0.799944101810143
0.32313382417539244
-1.8956498514593814
2.8145256919498243
-0.7888985963775769
-0.324539263365602
-1.2633546495089645
-2.3575923131924212
-1.8907503986176153
-0.7870610932354147
1.893882100342421
-0.31930914610508637
0.790682181969256
-0.7760287520713767
1.9061863059308335
1.2427130665988393
2.358369462951447
0.7571767643863738
2.355102069559184
-0.7757401069527384
-2.3548845497719086
-1.8980123852637814
2.35430309818073
2.828228994483254
-2.3562961624903465
-2.821738836725638
0.7870325476271693
-2.3301186984306272
1.2481276118223816
1.8971758418960136
0.3317615934012111
-0.32790874686560456
0.7625605334507813
-0.8086638148753884
0.3203664794683238
-1.893770868605889
2.819725425174228
2.3553466615571232
-0.3233433191300859
-1.259911336166127
-2.3539313575735807
-1.892144729752114
-0.7873685623928476
1.9008572095219
-0.32031113066051264
0.7882280973228173
-0.7705667806500599
1.8974245866265367
1.248202533051062
2.3525903111707245
0.755880687908629
2.352633207466332
-0.7864180472798117
0.3228075990724437
-1.893793022154981
2.3548784160662937
2.8202638408134972
-2.3537397457908327
-2.8124252895357307
0.7898886792087214
-2.336988967118598
-0.7817377733591672
1.8965866038733266
0.33001995177488286
-0.32606384114812076
0.7688429389751694
-0.80942968112413
0.31709243368793205
-1.891347284502901
1.2544298622276753
2.353825772403583
-0.3214060484421679
-1.2473196221844929
-2.355552006662661
-1.8980245475050779
-0.7906023920809695
1.9035438993329878
2.817483047715427
0.786789442033679
-0.7768943046165937
1.8908502606101905
1.2528459248369967
2.3432058169875534
0.781863360262975
2.3539868173847456
-0.3221819602258415
0.32248414622658284
-1.8880355417774521
2.3536792805201645
2.820086235941277
-2.354968387382489
-2.8186604752970483
0.7921418990663973
-1.2531454539655955
-0.7835271988265783
1.8927372721225395
0.3210614557053281
-0.3265723825403182
0.7782392836387302
-0.8045884576563157
0.317712413156575
1.891644336118657
1.2554550846280739
2.358084211051572
-0.32102103988476555
-1.249096408528103
-2.3567379610460386
-1.8953775247573137
-0.7877445026169314
2.359535749402755
2.8150152338987633
0.7822453731884398
-0.7847307798955522
1.8932284933900567
1.2449352444262038
2.337971281767536
0.7908398435266404
0.32121181230192547
-0.3169913923999648
0.31683335685638775
-1.8936176508457563
2.356571760666904
2.8129650098691212
-2.3534180314165165
-2.8244047348596593
-0.31111455092906554
-1.248164336434285
-0.7869765794528706
1.8830615384091929
0.3139101824692151
-0.32481966554958297
0.7693502468863888
-0.7844033430207162
-1.2485648386924466
1.8937942075748502
1.252989050797818
2.358548350710993
-0.32476737843728337
-1.242402573428916
-2.3534284295540697
-1.8947500210219328
1.8855500120708277
2.3573475273326165
2.814775327955403
0.7743426889233004
-0.7800793707102193
1.8964474151773199
1.2442195626408041
2.327742976993649
2.358707195171203
0.32413016880359796
-0.3139881752211571
0.3139106444511072
-1.8936841010800298
2.3545159403914715
2.8145262218022067
-2.3554678067717654
0.7870306187453859
-0.31380637355123486
-1.2426779088348343
-0.79014470491972
1.882509183263943
0.3119151414973927
-0.32659140717379764
0.7637086026634085
0.3307656399015828
-1.247847675736817
1.8918356160299252
1.2526386194093706
2.354330593965887
-0.3310762779967229
-1.2405103422552999
-2.3474266861902096
-0.7881878280046389
1.879728134697886
2.358479224872885
2.8199318231702923
0.7753278782291958
-0.799125817302229
1.8907451852934452
1.2469780321667667
0.7867468690958636
2.360979503124123
0.3258977461919305
-0.3189461296365218
0.3078583171806825
-1.89962192113046
2.3557188993313316
2.8229212960915744
-2.35565925001529
0.7817989940992458
-0.3170444365108085
-1.2442101360191489
-0.7900563534042572
1.8902988333202038
0.3068907910294407
-0.3244606953059167
1.2394665682473254
0.3228958315766317
-1.2469435336059789
1.8925832582981417
1.2616794341278477
2.3569944758969363
-0.32854349293723356
-1.2433156753015993
2.8363055549024527
-0.7876262890305123
1.8844752936848592
2.358817858811426
2.8181459373709568
0.775880651340217
-0.8077456406625223
1.8884788045803906
-0.3312538974132536
0.7834306367893269
2.3668404365946047
0.32693591841472475
-0.3237422417644737
0.316174384341131
-1.8999099571142708
2.3552999766347074
-1.2636305442146125
-2.3534737885111516
0.7843179016642369
-0.3166095008449383
-1.2520609343877172
-0.7917325691574552
1.8902739874376884
0.31049500505806127
2.359478632854269
1.2421409141224395
0.32468749722555923
-1.2429571184514303
1.8969317855299952
1.2567229376103422
2.362907774049049
-0.32306784478293504
-2.3576185210242313
2.8356096185656594
-0.7850375801768665
1.8936188092342392
2.363485499725417
2.8172983272324537
0.7811562036342372
-0.8003619543307823
1.2433272087549732
-0.32584047057005905
0.7905549633900659
2.364679605919678
0.32954045355077166
-0.32042521111857614
0.321705433000627
-1.896077915303734
2.8175638112834234
-1.263857525194866
-2.35105818643515
0.7906702612700705
-0.3186662422905013
-1.2508161432054528
-0.7914587320378448
1.8841512937548115
-0.7936650696647488
2.352007324058671
1.2432402688423894
0.3293392143070115
-1.2463262139870954
1.8920911474691713
1.255076779003671
2.3636846387727997
0.7857712527523022
-2.3591750306906834
2.829046964742156
-0.7829341215005979
1.8976589534677792
2.3592173036378155
2.813587962962212
0.7783815978184805
-2.3674359726668674
1.2470878284431528
-0.32102512481389395
0.7774539238793455
2.3609737972516314
0.3320523611348729
-0.31977711046594104
0.32761408024726413
1.247963089251296
2.817267592513694
-1.256263087701883
-2.3516090365082465
0.7970739986480244
-0.32944911213152245
-1.244022522761055
-0.7873406581980799
2.3443534319487895
-0.7883118003491552
2.3537996402286954
1.252283000751875
0.3306234436507586
-1.2414455093224983
1.895239949235633
1.2507291242491108
0.785535558208892
0.7735724305810671
-2.357503531218124
2.8252443074755704
-0.7809684794018292
1.9048516451751487
2.3544484193795743
2.812027754140534
0.772654733669452
-2.361803653590722
1.2494702610454007
-0.3245371837667677
0.789659763634617
2.358592889188896
0.33703028741558055
-0.32059518404647314
0.32528638164399964
1.2494759853422943
2.8201705808437536
-1.2511121583524276
-2.352303617957987
0.7957447511013951
-0.32748729659078657
-1.240804559600772
-0.7858959301278144
2.348545097646513
-0.7889138875610674
2.3567557395543757
1.2526148989999302
0.32712845628528353
-1.2352010103913682
1.8952511971071584
0.7899526504996736
0.7819603936345372
0.7715102959858291
-2.3550270201815082
2.8325709419916842
-0.7754560356868668
1.896712513179836
2.3548602865861525
-2.3567494190278024
0.7716908829477462
-2.360167694302138
1.2396272298276143
-0.3292296042565934
0.7878337674722427
2.361188430324023
0.3332526391352473
1.242385284633196
0.3181818517702614
1.2582788405446197
2.833382253318334
-1.2571860530393193
-2.3438508395592965
0.7919651299898334
-0.32223792281577174
2.355881807001295
-0.7889477824845422
2.3530379588669006
-0.7929671242356134
2.360773563235208
1.2343174867051836
0.3266494908995515
-1.2360767895708678
0.32589575136233234
0.7941255668855205
0.7746350988435631
0.7921768416244573
-2.354348639575411
2.835659432079276
-0.7763443695477018
1.8920737959097194
-0.3233005407710577
-2.356601301392725
0.7769047392866592
-2.3631120851347345
1.2330870344859148
-0.3275172398683931
0.7750571076746247
2.364992059338753
-0.7630776737254696
1.2439720278497888
0.31570024018660203
1.2515834483761759
2.8372846819086406
-1.2581036657617528
-2.3402491631408133
0.7893602784765328
-1.8872773174030981
2.358815485264646
-0.7918598388203936
2.3538291992171274
-0.7999824536097417
2.3433650122194845
1.2405994457140357
0.3273343743214529
1.8858252988960047
0.3238916473040742
0.805566643766416
0.7741600490900393
0.8145512992038264
-2.3490744313703504
2.8382415994004995
-0.7791172162614027
2.3653059869034543
-0.32318555319012426
-2.356907956588066
0.7825268199680603
-2.3678579453980912
1.237674888458488
-0.3284716132679816
0.7748851290109908
0.3128904943138083
-0.7782100967538382
1.244287390837894
0.3237633360277073
1.2494850403915136
2.8303253395795944
-1.2586950004434234
-2.343281761368954
-0.3237454500928285
-1.8844634223855294
2.358881449716233
-0.7884541784122197
2.3550968731428163
-0.7963629264549046
2.3442132248260092
1.2487085557037825
-1.2606905048254677
1.8893321558693523
0.32391492963766855
0.7762135333028505
0.7808953875287371
0.8202247720191188
-2.3524021767005627
2.8330533329621033
2.33747448161624
2.369242525407305
-0.3204684794593602
-2.3592487732007803
0.7856741456715641
-2.3595632158223236
1.2470201863399124
-0.32106127462948736
-2.8197533887810073
0.31721251659659616
-0.7731548636133327
1.2465481040226138
0.3314741176830596
1.247895504944355
2.8272047986795106
-1.2530012534289974
-0.8031895082871094
-0.31740560356691006
-1.8878392197938973
2.348600123849013
-0.7842760218108673
2.357512309514002
-0.7904905259799965
2.33948722384992
-1.8931413218330513
-1.2560908667933124
1.8836328878853292
0.32812402443358757
0.7775818416368047
0.7797347141072424
0.8210132573954799
-2.352662035494248
2.3778906437207694
2.331284067239418
2.36778426995371
-0.3193554554611495
-2.356958659034395
0.7868807521762602
-2.3586689258609344
1.2448747633363464
-2.366155735787237
-2.822024795454844
0.31820802599804254
-0.7708545146505524
1.2514838890222295
0.32886713520333366
1.244546568923582
2.825616544644888
0.8111030405244957
-0.7851533408982704
-0.3125559551543287
-1.8901699219180508
2.3530028101781375
-0.7834328488733856
2.355181468325667
-0.7853179605147262
-2.8241347143205666
-1.8858745015724507
-1.2497179118212296
1.8876467380270023
0.3307792989786189
0.7868875436822149
0.7772448314997463
0.8075224216848773
-0.7607774958485618
2.3680773212128083
2.329966006158452
2.360394884357433
-0.3161991305708404
-2.3537441013590197
0.7837235306423381
-2.357838135371975
-2.3318994848264176
-2.360232567311619
-2.8193906082265476
0.32031968258675764
-0.7660468932308862
1.249298990899544
0.3289533750643701
1.2409253736563388
-2.334462679170349
0.7984450304299013
-0.7802169151816195
-0.314149635805018
-1.8874543219700894
2.3547658190909657
-0.7854377588743254
2.3547404409479165
-1.8936301332639986
-2.8219778487225544
-1.8821776216978419
-1.2514544552043798
1.8868620600614963
0.3286439118405906
0.781889444584691
0.7794665973095781
1.8961201992085117
-0.7683442805631597
2.37689934475629
2.3428114296524933
2.358820606203875
-0.31640041867790647
-2.3550539340031014
0.7825277145858608
2.354742704238069
-2.321295249485684
-2.35836262684619
-2.8181335722066727
0.31888661550549374
-0.7785178398201617
1.2519543409147438
0.3251948682706643
0.7830475552604613
-2.3355575380978997
0.7987304282705562
-0.7950936130116446
-0.31597981790803986
-1.8896964028074212
2.3497986960969963
-0.788411816351159
0.7811988406236883
-1.895906774582403
-2.8215586976495324
-1.8885409570833898
-1.2511978074723193
1.8935416026236924
0.3271525840646148
0.7749099102134022
0.3191536218993445
1.9032198641673133
-0.780970246408147
2.3788239552786425
2.341937791404479
2.3580020968727733
-0.31685344413484884
-2.35804194586857
-0.32912977074124306
2.3552702617718535
-2.3298886375111945
-2.361600023860051
-2.814971821880451
0.324699586601263
-0.7787604656098253
1.2506882615985375
-0.7867357305981273
0.7879413434893476
-2.3502312996960657
0.7933940948061006
-0.8175046032187702
-0.31392058672700335
-1.8888584506021042
2.3467940107146292
-2.3719594184633164
0.7818636853828225
-1.9042422744909833
-2.8285305553657665
-1.8958167982044027
-1.2421390375897765
1.8969725224496246
0.32338790258623756
-1.890238720928605
0.32187184255081486
1.9044824923315857
-0.8018426549560373
2.3848504934752714
2.3501217521272
2.361283438525968
-0.3217487045332111
1.8893950071632133
-0.3263984386297131
2.355514830403073
-2.344281320540145
-2.3685407911844734
-2.8018994827457813
0.32065059114785793
-0.772921068193416
2.3480042825798604
2.6664960034991765
2.196012670197605
-1.4221130571194087
-1.3188740289943885
2.8808482599986207
