-1.018397797364248
3.004419039248054
-1.0073272684897936
2.9731775373129374
-0.9989965225430826
3.000094308549701
-1.046860047097369
3.0183987798702407
2.9551090805278792
0.998625548191869
0.999326549865122
2.980247606795217
-3.013042405138239
0.985050725556568
0.9859877209772449
-2.9999269549763725
0.9585388209387276
2.996956839818821
2.963134746117816
3.010789782661157
2.9885619542000077
2.9613118044764803
2.966769282308084
2.9813412582710277
-3.002166351354965
2.9580291642348797
2.9563366008143284
2.9819615480168324
2.965995007361967
3.0078923623187364
2.953878385216939
2.95396508638796
2.965640990768166
2.9788207281537047
2.9717201484268494
2.983230708092486
2.9451446611234804
2.9654747402973296
2.978267466283683
2.9703047264433384
0.9733508655193401
2.9540604192324427
2.9599185931993097
3.0103474526168394
2.971000941896165
2.9784847091115165
2.9471371232968373
2.965846867714791
-2.997588757209871
0.9788954709829721
2.95636225151755
2.9552587340284426
2.988688821272156
2.9989341323489684
2.9806188708031334
2.955460612254066
2.9586626260441555
-3.0013303261378335
2.9668548665281156
2.9802342958598422
2.967601230197655
2.959592045605556
3.002141328615901
2.9632587576023366
0.9819062451154926
2.9656479207948525
2.9457959107615967
2.9911482941984087
2.979823779587145
2.980570943179791
2.959229550003835
2.9627212315234273
-3.0070190478471877
0.9904797206157889
2.969830547558623
2.9534971008312496
2.9722687060639608
2.993146555336029
2.9737788504007354
2.9663805399061425
2.9591586547447375
-3.007340115414331
0.9692026192312679
2.979845199230386
2.9564004837544555
2.99894141101746
2.984641598057513
2.9700270146437697
0.9717212348268527
2.9727075259812925
-3.0142879879431215
2.987122696472821
2.9696325184649988
2.986393639796276
2.9548383075301436
3.00177213985173
-3.0242126591754963
0.9764395908717469
2.9739245383702126
2.9568843197205834
2.9915856438502977
3.0047572962548834
2.968335599138144
2.976364888615943
2.9661184212804232
-3.0157381044126663
0.9617097776348043
2.984838446214501
2.9675928052055185
3.0133747576710594
3.0068855218027983
2.970020218591104
0.9858448795996623
2.9715512185785458
-3.012822723537626
1.0181997267620886
2.9747010960295572
2.9834987952138334
2.9890565790352888
2.995133201121586
-3.0068461057068596
0.96365786768005
2.970102309348235
-2.997103701977016
2.987572574956855
3.007682582781765
2.9777361771285
2.9632636830748242
3.0027042370231825
-3.012802364693887
0.9737741841993688
2.9859021927739455
2.96353792117283
2.994009338101016
3.0014380563903877
2.970110266205601
0.9683591976193964
2.968455222251108
-3.004537287283197
0.9997169740558994
2.9547320848037346
2.972656640297354
2.9877487212833196
3.0059181160081927
-2.998476787056464
0.9709839352117081
2.9476543191938203
-3.013249340711926
0.9918750801549269
3.005711017794177
2.9631291575452585
2.983827015255121
2.9788613128557193
-2.9913997997970747
0.9727873773967267
2.97456715371982
-3.01972888615675
2.9922893491200684
2.9952105414550303
2.961213533207373
0.9589284087303468
2.9978709929756473
-3.021621505529396
1.0110186857647656
2.9707139425162166
2.9620705437056247
2.986567500190706
2.9942234238274184
-2.991431539731343
0.9756588033370137
2.963351786516852
-3.0195901065618473
0.9899455170963952
2.9995161587059576
2.9586652385473347
2.9840939593293387
3.0011693648777
-2.9986979129853406
0.9796959372778664
2.9826154454010747
-3.023724075920154
1.0026536216464517
3.007640321611146
2.9715828761054084
1.0011184138801548
2.9896631014148904
-3.015340226503616
0.9951232468981517
2.979968689515185
-3.010286729123528
2.992700000437259
3.003725527589732
-1.0066096942793405
0.978195879343808
3.0005440785567767
-3.011405519240049
0.9812960215287397
2.9881690466261315
2.970301791774173
2.996997891969187
-0.9737012591022189
-3.0162614170312985
0.9680371732563097
3.005999083055096
-3.0130309443063656
1.0361435848358984
3.009353882593714
2.976300683345784
-0.9958859477261237
3.0075660905217716
-3.009711039686258
1.009618388239488
2.9665930825657894
-2.9874129898275315
0.9955857558203055
3.0036926049056
-3.0120744738927883
0.997385631202928
2.9904532563313584
-3.013890033900524
0.9786043812236405
3.0137506766914823
-3.005535571043096
2.9964048748192442
3.0048227747275735
-1.0035993433274897
0.9601429318489565
3.0045378353669676
-2.994534766497514
0.9993856172801283
2.993984798905269
2.974672875284177
0.9886571912481644
-0.9752259540269559
-3.016809499856874
0.9886623383300241
2.976545714661523
-3.004242768571294
1.0129653374686942
2.99912210293738
-1.0236982005514847
-0.9936289856884967
2.987526913066505
-3.000823954321822
0.9948219354919243
2.9941941068895708
-2.9959871246263554
0.9911913231140217
-0.9834488576128179
-3.0145979476377884
0.9929994772157646
3.007251640144798
-3.0091214104135564
1.0163148207993882
2.992725261114044
-3.021463619825987
-1.000100999009075
3.004308449506394
-1.0205395160513753
0.9964030075777822
2.9999011337956927
-2.977922098222818
0.9918653253462085
2.9927117768732505
-3.0179088062856922
1.0028322605889464
-0.9806423709428419
-3.001337823287438
0.9804892232998003
3.011420569698119
-3.017498540050719
1.0196981593805206
1.000962632165522
-1.0196175428292014
-0.9927808029157092
3.0240322765729886
-2.9992095791181193
1.0127705791085369
2.9940574711717334
-2.99628715782318
-2.993561645402525
-0.9821005473104423
-2.9962592026317534
0.9760987535340921
3.016862787318852
-2.9885987522411996
1.0085290570991656
2.9971866548531487
0.9690788056903002
-0.9916144779233051
2.995235506612999
-0.9934645101636004
1.004204780626585
2.9763925573844605
-2.966110705738491
0.988063568478709
-0.9849141836395248
-2.999801815448053
0.9898418720377039
-0.9666598022813492
-3.002105920733645
1.0115896010548768
3.0162001321946206
-3.0259383121679333
-0.9591464916676793
1.0022840341188846
-1.0209847376631438
-0.996759726791375
3.017924949875294
-2.9886548801354302
1.0097555367731146
2.985323482011828
-2.987398490208877
-2.9883141425675768
-0.9845265351544654
-2.985003689420264
0.9506922676203946
3.016192277131871
-2.997855313295847
1.0089975153607023
1.011287094227957
0.9801315050024488
-1.004136458979036
3.0097315273889267
-1.0183171842255798
1.0157391878804272
2.9738179865990295
-2.9889077345682193
-2.9888069563560573
-0.9926925102382067
-3.0092618551326162
0.9718737158219286
-0.9750967558928741
-2.991857521678913
0.9970134559356626
3.0207614358738875
0.973447129231445
-0.9719919847808344
0.9967448251409105
-1.0060333361955351
-0.9983336192585243
2.997664108570049
-2.9892143337279564
1.0092718724624379
-0.9895607804126588
-2.997262254848913
-3.0001767988926553
-0.9777417012975435
-3.00155806794632
0.9951430524250324
3.019301189694917
-2.989590109538864
-0.9945165499970553
0.9987766462816091
0.9680795025227117
-1.0008590974789326
3.020195923136192
-0.9909373559324377
1.0023038839126666
2.9662627559247685
-2.9769071978650414
-2.9918616386233308
-0.991534769759669
-3.0030827653967362
0.9766822302571478
-0.9627603795694265
-2.973935485066605
0.998344971006663
3.005025817344265
0.9572266721930046
-0.9567676800218013
0.9867712253134105
-0.9984480978348511
-1.003572514996012
2.9890542050919895
-2.9862456154665975
3.0040895279649233
-0.9959400956735568
-2.986688836259916
-3.0248876929220163
-0.9479050523807525
-3.0252677046462098
1.0046154252322244
3.0063563756306677
2.9747909439605253
-0.9839519762201632
1.0109054075852968
0.9755850764285182
-0.9911482757653264
2.9728199706231995
-0.98943698489576
1.005563980106869
2.9719614371473786
-2.9765424402332736
-2.9910876030657607
-0.9901742499960066
-2.9979207945816717
0.9703077044872339
-0.9669252543485178
-2.9864894461458364
0.9936728053047512
3.0189326009903534
0.9736847133660088
-0.9755450211915548
0.9884395726931721
-1.0031915280281472
-1.0058120716666432
3.0024450694691547
-0.9866645895541719
2.996644650878276
-1.0048616364759724
-2.968783266550372
-3.0305957585516348
-0.9618969241498249
-3.011823600690302
0.9994159537112194
-0.9728695304609853
2.986770283190581
-0.9873373215967537
1.040740974207987
0.9542616047651886
-0.9574737923056531
2.9711368166191843
-0.9898399672470845
-2.971714649779839
2.960831077816222
-2.9720150751309835
-3.015503643242682
-0.974831835128991
-2.972664655215792
0.9633168261153957
-0.962973023028155
0.9947493224845796
0.9918167193795933
3.007125311432142
0.9871784487036237
-0.979960812802642
0.9781590565584501
-0.994044272416149
-1.0049600129355265
-0.9835672022436659
-0.9974125980062235
2.9930358201108542
-0.9922009384092115
-2.9741271155122964
-2.999816529088743
-0.976691949234016
-3.0073523344239304
-0.9850054807884898
-0.9671401847139863
2.9701378105466425
-0.9739752023955413
1.0290835497298298
0.9799615079515301
-0.9676970258031937
2.9763430033567264
-2.9835396082126397
-2.980184072431029
2.9673495351338888
-2.9818257980704623
-3.009263844414964
-0.9846038389416514
-2.9891117863232886
0.9805544145271853
3.0172176615260806
0.9995287187766466
0.9982000983100978
2.9695200618995687
1.0004429764959357
-1.0039014825960242
0.9667075538343469
-0.9869950690513484
2.981897117366953
-0.9910238075486677
-0.9832847495150352
2.946815652607299
-0.9849547715585297
-3.0038239153218824
-3.003841577788883
-0.9650897729209055
2.9541120744492253
-0.9819809849002313
-0.9755698810177851
2.964777832749597
-0.9688178768817605
0.9868832622577947
0.9730861981952668
-0.967435782567048
2.9670890248243857
-2.9795510429071568
-2.969589881165339
2.973972677704836
-2.9878655391458455
-3.0037487606820994
-0.980691154413011
-2.988316210995634
0.9584191319106244
3.008153350725543
1.0007159262025116
1.000144526980992
2.9865554655673403
1.0089478728625203
-0.9979251066432221
0.9761373455070025
-0.9875895398433013
2.9685488269608253
-0.9791642394099043
-0.9777864508236521
2.9600585824999976
-0.9691909833520287
-3.010162474954065
-2.9948172474712473
-0.9770330324955416
2.9739390409417217
-0.9972124132132455
-0.9492549739532377
2.970024145820873
-0.9689707043125751
0.9937420488543438
0.9869253854010145
-2.952914898634903
2.975216443596175
-2.9668463894472397
-3.003242083260268
2.9812435837129527
-2.9817479800079627
-3.016466727968471
-0.99483333062474
2.9912647737460714
0.9792128382531428
3.0149029719549127
1.0001012750227218
1.016618061385241
2.9461267390162065
1.0187354995489664
-1.0091623312516478
0.9808330017405755
-0.9829855090696373
2.981320034040472
-0.9895595544106522
-0.9764228650696638
2.952058383433099
-0.9858219780424757
-2.998914077292078
-1.006687977236268
-0.9744982677882407
2.9603294228411285
-0.973629712124502
-0.9715765396032165
2.9669197017487985
-0.9643171039535293
0.9922341071092027
-3.0009231484347083
-2.975960632249394
2.9784345595344504
-2.978436970148639
-3.006447907456524
2.9957405797953367
-2.987251023092561
-3.0086040886804137
1.013675081059238
2.9916383886120608
0.9728269974473653
3.020281701019335
0.9893717628602736
1.0069600788955126
2.9536930648485358
1.013540852008258
-2.9981099433975804
0.9774023605828399
-0.9755466603905055
2.955337182560378
-0.9930508568348178
-0.9652725613349993
2.9498292640845674
-0.9728613586859789
2.973992347740666
-1.0060836999016827
-0.9655032716037821
2.917807780400569
-0.9548250430875085
-0.995696537338634
2.9604114816294427
-0.9784322036661097
2.9921507754915773
-2.9992842521936285
-2.9468860571904836
2.9494813476789745
-2.9667056751016614
-3.0297790389166734
3.0052639527664855
-2.984342738337413
0.9702684647001213
1.0214598018118741
2.9893413905595843
0.9631095934985764
3.031656169596841
0.9730347308671725
1.0073723980119327
2.9421270477374355
-0.977072601343083
-3.002944119219299
0.9874124829373749
-0.9826559154088327
2.9480559407606948
-0.9731573632981326
-0.9630694966171395
2.94813300879359
-0.9732289701384809
2.9693270290513714
-1.0259635850199322
-0.9589227186199828
2.9478723111342644
-0.9660175275497365
-1.0057620328337118
2.9612664676419898
-2.9566422373326455
2.9800797333323166
-2.9950609386260365
-2.9764080176942374
2.949056685918397
-2.9519027659718473
-3.0140448576407493
3.00480283208392
0.9948737825026819
0.9708013898203172
0.9981351521066891
3.0123546989265013
0.9894044039399292
3.0039369105485623
0.982040404694663
1.009578595085586
-3.0113266871007855
-0.9818948521044437
-2.9918018450073913
0.9774969138535751
-0.996715073917583
2.9879033686666756
-0.9817468759387519
-0.9685914618037426
2.9518665393163137
-0.9798742040920526
2.9786971587424325
-1.006445073380359
-0.9504232417882215
2.921676603404473
-0.9585760770356262
-1.0026977630413052
0.9864425853623675
-2.967471317087982
2.9679050240584854
-2.970842948766626
-2.982798633552614
2.97779222495944
-2.9520007476807786
-3.041872797682327
-0.9839470929166496
0.9920073950160967
0.9699523714591571
1.0271335773790622
3.0185559511001063
0.9836725157779808
3.009784717376934
0.9834953912503489
-2.9761438604593344
-3.0317510763446025
-0.982448326782346
-3.0102960801606082
0.9862698205984621
-0.9603987022185232
2.967066305439203
-0.9901533022438226
3.0285964771900056
2.9531942692659285
-0.9590248029911922
2.9296855546679197
-0.9899263282669126
-0.9889528552159853
2.953965271034198
-0.9530957017053421
2.985475242825594
0.9799871152298849
-2.965711582608588
2.959492106792352
-2.9557874217425346
-3.0176615221545298
2.9759978794525104
-2.971383013816779
0.9615172317250611
-0.9695105411545694
0.9984883672749679
0.9700097672587915
1.0181501171253673
2.986213478028022
1.0063043587409817
3.000747371700034
-1.0118268847040413
-2.973695329947491
-3.023623340069971
-0.961826582915273
-3.034882479889956
0.9869562139765805
-0.9855811154168626
2.984267828903189
-2.9675912016879065
3.0184269750636576
2.9615657750110898
-0.9844933530077863
2.9471338117552017
-0.9817462837030974
-0.9927388672271956
2.9483887239816156
1.0242666814367143
2.978608681682031
0.9871549577890932
-2.9591757222826627
2.9543179255034206
-2.978117803472285
-2.9999602057325347
2.978765399380263
-0.966226461605867
0.9529998601551843
-0.9841300633702509
1.0115997530104996
0.9825377712045427
1.0301102465070655
2.988348021953859
0.9993203202906683
-0.9864211244995214
-1.0167041053543573
-2.9844801970511194
-2.9910646638760467
-0.9854646287109357
-2.990406284237258
0.989136230019198
-0.9688910813330702
-2.9949955381507585
-2.991184137760319
3.00349869624817
2.9526210081617106
-0.989359444788062
2.9912772323685117
-0.9921662739324975
-0.9972532285175166
2.938933994489829
1.034744902053656
2.977827031524424
0.9938170627721274
-2.9632498748447396
2.9529522227284084
-2.978437939409614
-3.0037480473942924
2.9719746751238887
-0.9779239507010752
0.950847046302448
-0.9956932864346653
1.0160494847037222
0.968915360327537
1.0136576818878278
2.991892352513392
2.9960065579759325
-0.979128456581585
-1.008168598107876
-2.9800890010907226
-2.9950793060960876
-1.0000213424756281
-2.9860125275735863
0.9791746169179064
1.015509154015105
-2.9949744118407238
-2.97549141447704
3.0236643763276674
2.9714113449383865
-0.9900635219921982
2.972828231460364
-0.9820373542444302
-0.9848467501312032
2.9588937425993365
1.031958012142353
2.9797080316425957
0.9815137110342919
-2.9662892252830018
2.9670118696690446
-2.97318679013945
-3.00934023015992
2.969996998167712
-0.9677956086832308
0.9824808280660807
-0.9870914820458296
1.030883221001926
0.9675093823323483
1.0342776189887684
0.9980991931477133
3.0019184025928722
-0.9938194894432067
-0.987553924714903
-3.004847455959571
-2.976734828629154
-0.9909706236545645
-2.992545953999438
-3.0057085689664134
1.0170535973218533
-2.988758052867815
-2.9989646451766534
3.023443039562898
2.978009248648614
-1.0059245034487287
2.9883787943947566
2.983113194034845
-0.9862355249111385
2.948977086859986
0.9963433693616551
2.987193533842939
0.9589855870197367
-2.951205177875365
2.9569029695119333
2.997581313448413
-2.998404200019095
2.9861019871455956
-0.9842109806150683
0.9807540347768781
-1.0394506478862922
1.0262592226744596
0.9714755140760888
3.008180718729349
1.0030003876923865
3.0004862488454807
-1.0237815372934167
-0.974064369093308
-3.0190767065376902
-2.9667711174357536
-0.9986263501532426
2.981839327347165
-2.9973913083450565
1.0202078652243254
-2.988887069019176
-2.9952777318845674
2.974129090818839
2.985138046348977
-0.9984936805736155
0.9979150759841002
2.994863869710359
-0.9899035463549647
2.9803241607570845
0.9884403294826435
3.0123026089664338
0.9479647009221783
-2.957281607258561
-1.0174775180155033
2.9956925262930154
-3.0151572476163153
3.007518062173093
-0.995400406035627
1.0048945140089862
-1.0457627410870307
1.0424819489572783
-3.0134715002164514
3.010881221261179
1.0082950053870212
2.9911203334188823
-1.0380278047503162
-0.9516794760393745
-3.0211410696422054
-2.9732395648663865
2.9972049747372673
2.980618082293533
-2.9918522400192598
0.9906880128001505
-2.970562114939003
-3.0217505467383567
2.99120639511222
3.0039909889643472
2.979109774725665
0.9923383009403143
3.0020685851640323
-1.0315306656026673
2.9827611241232916
0.9722782596237256
3.016451293089446
0.949518942199297
3.033734938370869
-1.0335233481190593
3.0097049881398643
-3.0280689650210464
3.0155887801317034
-1.051230085017792
1.0259457987172425
-1.0293970582199397
3.008720861903241
-3.011708941917685
3.025623813564124
0.9546770554219434
2.9976456283590105
-1.0303261005091207
-0.9504289685357729
-3.0333258751924568
3.009523638804031
2.9819627385084564
2.97241627357646
-2.9742827412768333
0.9957243492760173
-3.0166499075355064
-3.011232618088849
2.9901403146362373
1.001824467862555
2.9658923987233905
0.9935376344302161
3.011765492967771
-1.0332667100766344
3.020880559383786
0.9529035668315943
3.016629710293536
-1.0343483276612602
3.0119102353471003
-1.0198447643975164
3.0074027878504754
-3.0340294131726115
3.0204928930962143
-1.0308011934136319
1.0324023850662276
-1.047080850443863
3.023473004871196
-3.0125478672543187
3.0058394810368507
0.9806356995036409
2.9930034513456243
-1.0512802708526587
-0.9424403378942562
-1.0298880294020836
3.0073111524672593
2.982842152428618
3.0089147725480685
-2.98618131020519
0.9925355908540434
-2.9957991619343556
-3.0140004565909537
-1.0043739577765856
1.0087088926875418
2.979055578800519
1.0226139344562586
3.0041025201995804
-1.0161838887730599
3.000209653644288
0.9613105216151737
-0.9674128275562062
-1.0543504211908286
3.0173596704043084
-1.0166918773852898
2.995862341057953
-3.0071387870583477
3.030195999698243
-1.058831192090925
-0.988649539216128
-1.0316491528091365
3.023230439679427
-3.0107630757083452
3.0122209707970717
0.9848892238249171
2.982288304344662
-1.0359922345792176
-0.9372390189082255
-1.0469732312089197
3.0061261363653595
2.9733135759865625
3.0054963703092565
-2.989104983470048
0.9891338679133784
-3.007347769255547
-1.0094740130267286
-0.9925857020780684
0.9901848719055204
2.993290454434749
1.0025287626233264
2.9999940626364268
-1.0111299792201842
3.0023507648160503
-3.0308128377289605
-0.9636040474333137
-1.0343417608456564
3.0027118487989437
-1.0171931243824084
3.023524211044989
-3.0071864915139783
3.022350932920961
0.952683217146723
-0.9670819909335422
-1.0494727832341857
3.0245300583176644
-3.013354852018637
2.9852654445103814
0.9858186421608719
2.9846753268209887
-3.025777271086858
-0.952137917000587
-1.0185823918322414
2.971239657320611
2.9764034973321407
3.0129395439289346
-2.9883716441781547
0.9753182186966521
2.978674410223945
-1.0247940121894914
-0.9999463294871158
0.9921396385415796
3.0011484396092705
0.97958714283709
3.0050248933548795
-1.0142199085461503
1.0152727773031924
-3.0387887744758304
-0.9656527187049887
-1.0210397715960007
2.982934984923283
-1.0190564416828918
3.007951096705515
-3.010767720369334
-0.9675224379149441
0.9496208488454345
-0.9696390903704851
-1.0206923241036647
3.025832885493527
-2.9832670900905764
2.9870019508882684
0.9888489174004704
-0.990830245040968
-3.0490983275101002
-0.9390213961811351
-1.001948020554141
2.97337367144166
2.999694041899067
3.0155867142733195
-2.9920236470731467
-2.994002257594062
2.979535595024702
-1.0230457579561496
-1.0228798192441446
1.003302070111249
3.002461623025961
0.983838744108843
3.0148955487024702
2.968352540962968
0.9998964269624289
-3.0084936866812306
-1.010353475896087
-0.9897685435364675
2.9580516871582803
-0.9807022925065181
3.0106252151094455
2.9667604934763068
-0.9551955563800267
0.9395914275998771
-0.9914585464247844
-1.004872044275298
2.9826420906672992
-2.9673664269343534
2.9849745861106203
0.9913167915276649
-0.9855919643875132
-3.0267055350227645
-0.9481910563305439
-1.0019464846161479
2.9528739244988715
3.00382350924159
2.9907951677435283
-2.9784357759345332
-3.0011579483162794
2.952208628937279
-1.0058609535355716
-1.0140571969321217
1.0047614145597499
3.0329997209250235
0.9651788042989213
3.0050482093603406
2.9773415300300834
1.0205919760526936
-3.0239578184511355
-1.0075515394815104
-0.9952611123906628
2.967419145925959
-0.9981811585715781
3.0157086357912055
2.966965070480389
-0.9528740955843013
0.9708855085903557
-0.9725144599627439
-0.9953975834116082
2.9951599904682165
-2.973928063947474
2.9846752168118975
0.9895878675610184
-0.9949969955464297
-3.025358114604289
-0.9716881562275328
-0.9928854329607423
2.9691119768261554
3.002472962387229
1.0339930991987472
-2.993671040740242
-3.010599774664569
3.0104866752845747
-1.0291069294231419
-1.0071690193622624
0.9967572675770017
3.0185436021242693
-3.010060597984861
3.0058865980350196
2.9749627071070317
1.0006327858466155
-3.028109746346534
-0.9869352473791395
-1.0092251533656886
2.972505465501087
1.0070932288109453
3.0112269666384
2.9727609984661365
-0.9677544057848112
0.940622468817628
-1.0026776332215477
-1.0055485048493518
2.982348223280325
-0.9853135622011475
3.007431695820942
0.974203585569796
-0.9633021358933229
-3.025037108373549
-0.9601652983882913
-1.0039832003697817
2.969346044537604
-2.980439984486398
1.0182110509548503
-2.989704251655913
-2.9777438465989388
2.982350516334083
-0.9822573531610861
-1.0143959339457376
1.0054852707086184
1.0319595415592953
-3.00163351762123
3.005089847825159
2.9930503689744903
0.9877820039756248
-3.0002221542106664
-0.9977235626050394
-1.0134724187643203
-1.020499940116695
1.0019628224298593
3.0107810928952734
2.983991135009913
-0.9817063625363827
0.9886407259409141
-1.0005070454112828
-1.0098098321664604
-0.9902172228336573
-0.9798979972147083
2.9751467703359804
1.0062559676256906
-0.9761094740109139
-3.0034119426916175
-0.981350343222183
-0.9821652404429009
-1.0177097510845818
-2.9722292693427126
1.0091468217984978
-2.980159372279529
-3.001353470453555
3.0147521117755236
-1.0037397232068517
-1.0144791645500477
-2.9855775663589292
1.0282786011339615
-3.02012520122653
2.9970298845369725
2.9938334974845837
1.0129001967027382
-3.023039779738895
-0.9875376473450295
0.977683850654976
-1.0048963514230789
0.9841597411225849
3.0231393457799873
2.9895960544795113
-0.9926232570046372
0.990815553448456
-0.9965374602786515
-3.0065341541955846
-0.9918586802648865
-0.9837002278949016
2.9675199960420433
1.0119322903902694
-0.961808179287317
-3.0022953312554685
-0.9620650009946133
2.9867924626257487
-1.0099440129341823
-2.9711663931249683
0.9897979547847828
-2.9616109905275354
-3.012827688513209
3.0135970116265556
-0.9875181355100021
0.964887356299274
-2.9823872883340785
1.0300245861073125
-3.0030383841189776
2.9906634885699375
2.981309807157762
1.0218297506752607
-2.9993052597681573
-0.9877642007621934
0.9903419998702769
-1.027563778170783
1.0164309470144686
3.0030504684657537
3.0009276887972383
-1.0000494949031253
0.9873610914022144
-3.008098576772824
-2.9962494441688294
-1.0053378157274853
-0.9882214801570085
2.957634628842178
1.020303010385697
-0.9698555651743085
-3.0027283826404205
1.0263753503257418
2.9845902896552277
-1.0243748437002362
-2.973841574604242
0.9931622530438404
-2.982341007954878
-3.0229972640890104
3.0169807826149313
-0.993583427536755
0.9818832259109392
-2.979635910100496
1.0391818759885039
-3.016631175510406
2.99459303453629
2.975870112556023
1.0274692541990182
-3.0185432967359813
-0.9971712149975346
0.990836261557549
-1.0250814463582207
1.011234350030366
3.0223704866126107
2.9864845636331134
-0.9970952910163576
2.9741130065834285
-2.991411164152874
-2.99299104604367
-1.0179119248364719
-0.9851063877737302
2.9599336864310017
1.0185950276633025
-0.9635238070517541
0.9742222956564548
1.0100281508618947
2.989567643748331
-0.9978714875317567
-2.9604312989110624
0.9790140391221341
-2.969291574192748
-3.015045887175277
-0.9672807280582495
-0.9943280186552781
0.9613894052081818
-2.968638683660848
1.010200783512867
-2.9718298908027463
2.987937071745276
2.9897699667698423
-0.9793845997668733
-3.0054419425418892
-1.0004611520147044
1.0055007726482244
-1.0319395950839325
1.0186555689684194
2.995026817114429
3.0018311790812215
-2.986482220885106
2.981469963121164
-2.994474306680663
-2.9951934237677214
-1.0297919893502203
-0.957588983579128
2.9418904445492506
1.0094703255459447
1.0140619031560587
0.9805349803955589
1.027597738193299
2.962537635042274
-0.9855518997479147
-2.994725702285473
0.9739299653419072
-2.964591499085175
-1.038619024851345
-0.9684418030718513
-0.9959112538125878
0.9980127878381206
-2.966032876035039
1.0161944272915826
-2.9948521270184054
2.9797514386526336
-1.0085025843896749
-0.9712908805799709
-3.0206386278721116
-0.9816954184449617
0.9861340530789132
-1.0203888967953778
1.0188393914299383
3.016260536587513
-0.9970926947563635
-2.9801471387872667
2.9686260299620355
-2.9674089176982346
-3.0112056282126978
-0.9910321717661064
-0.9836569517687835
2.9323123534121156
-2.9543069970760327
1.031448965573576
0.9849499346182191
0.9999795110126677
2.9678405376458947
-0.9607186622135565
-2.988114974956696
0.9900501477113232
1.0124841489850618
-1.0163299081638548
-0.9580907801221065
-0.9734689724201151
0.9862999372027711
-2.988223460551729
1.0162675114246713
-2.981879326238875
-0.9899439259781723
-1.0021548714605923
-0.981995985423923
-2.9930103283665614
-0.9734601617492862
1.017572291609287
-1.0154170038504944
1.0089899972293592
-0.9713840497974183
-0.9829777274357006
-2.9839002050809538
2.9992380730509596
-2.97342856433725
-2.991921736148819
-1.0060439904531546
-0.9788598346162918
-1.0327963420682131
-2.963877016220614
1.0155114552363365
1.0089050653364209
1.0008029532937261
2.9918355913759864
-0.9796390544367801
-2.9967385232596846
-1.0139870498530963
1.0200267509941363
-1.0330270356776672
-0.9668009072338564
-0.9930156604808383
1.0135821037705028
-2.9980585941319937
1.019167106573363
-2.977886691833122
-0.9998702822714187
-1.0005592220890276
-0.9875285479774182
-3.000649338344312
-0.9859039040270249
1.023988239845938
-1.0141997036690595
3.0012113147098347
-0.9690656612123647
-0.9794204997769342
-3.023487626457766
3.0053415597444904
-2.9877395458827753
-2.985165312161686
-1.00439618292054
2.9985364609460725
-1.0454220220966641
-2.9607110735967104
0.9823553205422343
1.0199287047515537
0.9637425365662087
3.001105424705496
-0.9864491154875171
2.9858459848805996
-1.0104757306765073
1.0201587545809665
-1.0411093276574908
-0.9585012195387362
-1.0089529384873448
1.0105398750434578
-2.99028032986347
1.0216137815162516
-2.9840507009400947
-1.0003962912221933
-0.9833331756983255
-0.9953144581440899
-2.990400211342635
-0.989151562548944
1.007112976357372
-3.005798627790421
3.006940301880569
-0.964433221977956
-1.0050812462552283
-2.998700509819676
3.015659248201432
-2.9860771751259723
-2.981331636182617
0.9948934737531391
3.014928896732441
-1.0361232870067205
-2.945050256555734
0.9759189288691746
0.9995039042988377
0.9738808114099203
2.9957448351962146
-2.968798642977683
2.982096611931074
-0.985481818959729
0.9864789350897
-1.0128705184133786
-0.9584586712404143
-1.0159266153155442
1.0141978312041746
2.9834058692408343
1.0172284201839796
-2.9692063303422547
-1.0109451564635517
-0.9768682230303728
-1.0229963212756001
-2.981266923789264
-0.9800908728468252
3.012945885661651
-3.0129725302966706
3.0088443720599747
-1.0045161845322512
-0.9668524344433561
-3.035097810355652
3.00867681707013
-2.9924972327381183
2.993352970547982
0.9859388355657738
3.0078010796038925
-1.0476727888946697
-2.938735278863574
0.9586674211494108
1.0127191284878116
0.969057576594583
3.0051588837422987
-2.9816337181784545
2.9762575506534272
-1.0046082155979477
0.9860681075218173
-1.0325814914208076
-0.9619754004872052
-1.0147470407538275
1.0109322264955016
2.978720220119811
1.0167941976358759
-2.991289371311713
-1.0221660547508837
-0.9710318771768915
-1.0412973897304199
-2.9865968240352
-0.985530992710006
3.006590623956636
-2.994924841808649
3.003027653042038
-1.0030361949141182
-0.9821616980777617
-3.0380782921497986
3.0268708907866935
-0.9986464502359359
2.9849592622366363
0.9976494111744612
3.0055099362516438
-1.0401939660066457
-2.9352791533368654
0.9401405341306934
1.0078358944472667
-1.0124976834910095
2.9987474369891345
-2.968287477252633
2.9813488542609083
-0.9983863998565284
1.001918796650057
-1.0267453683546421
-0.9466901481347205
-1.0274738948875806
1.0124748197863729
2.974218710927627
1.0065279968803593
-2.972402505344571
-1.0095305377097874
-0.9858235491139511
-1.026166916136475
-2.9685526027179336
-0.9792032417827639
3.0075392804837713
-3.000334501281379
2.99951773972377
-0.9992261333955241
-0.978127979595758
-3.0277742221910224
3.0133610192689257
-1.0017165420529952
3.000724654051692
0.9857892687658587
3.0216147416027486
-1.0410988824453993
-2.946669698658958
0.9569078344184798
1.0110191076001196
-1.0288363768980502
2.9986467303335806
-2.965835663739753
2.9756785360504345
-1.0096972941747673
0.9966685337020268
-1.0277126886997572
-2.950399717170221
-1.0168745298795678
1.017014549699419
2.9670097801946698
1.013902127696817
-2.9692299112317824
-1.0229000259368157
-0.9644912931466051
0.9701825901512697
-2.98266810993484
-0.9817202924662616
2.9929144457722763
-3.002055805112461
2.987009676105339
-1.0088868990406397
-0.9833404456794538
-1.051463766100802
3.0298114837815775
-1.0132416086228806
3.003326607335349
0.9855679454978166
3.0118861632849043
-1.0469236632717205
-2.9401385459671037
-3.0433711369797423
1.0113627311159723
-1.027085680231608
2.9882648143330703
-2.9573230161354234
3.0004350881928947
-1.0016715506643967
0.9999985432764881
0.9582917185492288
-2.936974325942569
-1.01646633607012
1.0034933913122317
2.9733775177329607
1.013416138995707
-2.9761817074754204
-1.0106537233541668
-0.9695953340642176
0.9540995385577908
-2.9830791858690486
-0.9623868519108555
3.00179270741295
-2.988534007374893
3.001882341652633
-1.0046828469965965
-2.992703801453201
-1.0260532753431337
3.019576831639224
-1.0317802390168502
3.0257311681956067
1.0025375380152417
3.0013451767247634
-1.0278484180085243
1.027093226442208
-3.045649547917558
1.008997302531972
-0.9985857982077301
2.992760877571921
-2.973173142637559
3.01795994826433
-1.011008015702026
-2.9792144120450823
0.9728700861259509
-2.9401272987619698
-1.0355521722036096
1.0164430139005887
2.992415039087745
0.9968828679445193
-2.948120361816439
0.9673794225821822
-0.9805461895054831
0.9647738693214242
-2.9894430258750777
-0.9620902686723708
2.9887728714082944
-2.9944542430087355
2.9810577025950025
-0.9901780194305643
-2.975424770942264
-1.048925837567422
3.036345270935082
-1.0245297142520804
3.009217712531458
0.9896140266508234
3.0035476058763644
-3.04693144883069
1.0357205995633452
-3.0182176031025936
0.9923471145177133
-0.9932493785158221
3.0054439015611187
-2.985069304724887
3.009219189150128
2.980623378427691
-2.9877708619114167
0.9613245726981228
-2.967581750955069
-1.0150157613763002
0.9795801343364514
3.00911472568921
1.0020092393917572
1.0152530036069292
0.972687787265474
-0.971393963403586
0.9811396057576847
-2.9861175224539456
-0.9863444398609681
2.9836583945668593
-3.000143185758636
-0.989658367556321
-1.001680317712108
-2.984879718041476
-1.004641333532906
3.0276790115453602
-1.0065198893763638
3.0162148752645104
0.9986984082734189
-2.9765024784806684
-3.0426820063244295
1.0390752098570946
-3.0257186826613967
0.9829215618986695
-0.9683652222339156
2.9947102461814668
-2.9756206103583134
3.015738411451564
2.973421627005458
-2.9768637511964573
0.9585623476102776
-2.9634363222760043
-1.0290300929437832
0.9908368237906061
2.998785789983637
2.987150126092968
1.0243238029879926
0.9845522282608458
-1.0120328768200806
0.9933597208332208
-3.009034966367691
-0.9762685968981736
2.9851097028204236
0.9979896283862257
-0.9853841041856006
-0.9928648116508274
-2.9615376964251543
-1.0068919410289991
2.99519922413841
-0.9964331949185944
3.014722938884995
-2.989178292159075
-2.9615237622089614
-3.015363773017294
1.0064772558377515
-3.0227328658120474
1.0005983999730774
-0.9517418049347647
2.9871068425423255
2.9976858444884353
3.0180447299157973
2.9718861059968096
-2.992118294069757
0.9664851663361438
-2.9943735423712274
-1.0081571356207393
0.9791330808870655
2.997956897195473
2.9907572472743733
1.0236924561917702
0.9967756950329368
-1.0095863879561358
0.9862187584340821
-3.003220179951414
-0.9781695749471833
0.990632564650728
0.9889951752615688
-1.0060041019787735
-0.9783503584596854
-2.9763335561838082
-0.9976184251836779
3.001969241519454
-0.9994052938793604
-0.9816651623232513
-2.9850404674626327
-2.981357399262449
-2.9941656143607696
0.9929353054461859
-2.9935787350266887
0.9930252653699195
-0.9662725923676334
-0.9970282971253673
2.988386883534741
3.0071766404506035
2.9980552733059955
-3.014611027773502
0.9910301519199737
-3.009555875190351
-0.9992765915292401
-3.0034729599835495
2.994143345837986
3.0015867207404265
0.9960318788217836
0.9990047149369767
-0.9817616152634977
0.9854722526161346
-3.0031252485505413
3.0083069368317186
1.0043010617514725
0.9881898311154027
-1.0193843628874046
-0.9631982510140876
-3.003119546244897
-0.987082500826893
3.0007538718625164
0.9869040115259902
-0.9624171014853539
-2.9839102200879593
-2.9792863098180495
-2.997430478507741
0.9771230857191672
-2.994201701686823
0.9929878237370704
-0.9644438160637248
-0.9926965243010645
2.9956349732641088
3.0158192858707835
2.998323736647023
-2.9882111650426433
0.9761295370395052
-3.0114118538367025
-2.998349762931309
-2.9958669061620453
3.0080580928911917
2.9652068556113362
0.9997541898242888
1.0142676054606508
-0.9901237772386661
0.9797922830356625
2.9765948855148805
3.0057299710491265
0.9940631779398724
1.002306352829787
-0.999450920836126
-1.0040094861428968
-2.992629585793612
-0.9853718581886998
1.0031607580473754
0.9890705898253463
-0.9864086284621696
-2.9694480253009106
-2.979478299900396
-2.9798624070454434
0.9768085441677308
-2.9881952919325236
-1.0060294636742255
-0.9506204904310938
-0.9851381341525238
2.9827419474127943
3.003206229482093
3.0088439703399006
-3.004987601589992
0.9937483588631928
-3.0038263819691617
-3.0053529895693423
-3.006237609404685
3.0217706841489833
2.9655185695217074
0.9986999705202875
1.0040419495601036
-0.9909039094452898
0.9838666569067556
2.979601322600697
2.995542611512216
0.9911659382701817
0.9921768074366648
-1.0122829459279294
-1.0145444169146374
-2.998131436953531
-0.9936164791995142
1.0058276536570683
0.9928361231729023
-0.9969562502535141
-2.970829460021083
-2.9852006880147877
-2.986708627917193
0.9764356763112291
-0.9973075583462748
-1.0003329840020352
-0.973547915514387
-0.9736450522906948
2.990473016260595
3.0050519036061627
3.0131044488302994
-2.997006932676003
-2.986604812939906
-3.0112959876307546
-2.998642482870116
-3.0132345264833416
3.0092901232642655
2.988524419263235
0.9961277440945042
1.001016754088728
2.9904558376957047
0.9858552000287647
2.97756337931289
2.963014374813819
1.0048608289233874
0.9788800777461303
-1.0016916766969217
-1.00055424584976
2.9854262244160754
-0.9950911447803192
1.0039867351925515
0.9824619326796533
-0.9729680237037767
-3.015068478827639
-2.9738323083642086
-2.984310132577607
2.9686339744996566
-1.0022840101192607
-0.9901395649897691
-1.01631411043984
-0.9687753777190716
2.9745505783299735
2.996953062304175
3.017400376062343
2.9733139900883563
-2.985871217999581
-3.0045073722281805
-3.0101846684316538
-3.0181723365586977
2.9655045244841185
2.9950742825423586
0.9904956521328585
2.99844638378075
3.000348883421433
0.9865275767490654
2.9733676497956476
2.966783825345461
0.9928593678227133
0.9737319269604352
-0.9940507909352523
0.9840250907844443
2.9897162650861833
-0.9747731698279924
1.0085972601468332
0.975242363654169
-1.0010993239451316
-2.9987001060347724
-2.969843773088617
-0.9919061567366961
2.971083792347379
-0.9984322160054013
-0.9700906539388842
-1.0134676522202677
-0.9649147045141582
2.967754459718847
3.001021981129858
-0.9726372061154259
2.974612279860472
-2.9940264956221627
-2.9914049252674095
-3.0172604333742985
-2.9842694611960434
2.9753205221192833
2.9969241517965486
-0.9889374295129327
2.9900192754323998
2.997535572559656
0.9835286539735936
2.966774656533305
2.9865610575391375
0.9905486191036612
0.9669183279687663
-1.0031113902187758
0.9771584061319143
2.989848246910437
-0.9938967580650232
1.0074110451230285
0.9863247545292979
-0.9979821466283798
-3.0113802810219723
-0.9856726246101585
-0.9919378875069998
2.949698646888617
-0.9652067008323107
-0.97635245824754
-1.0208217213579671
-0.9822789959479806
2.9801507812975028
-2.9569742055065493
-0.9706974343758057
2.966095976512046
-2.9921474224185567
-3.00416319531014
-2.9875313853459398
-2.995253622229426
2.969958211790051
2.9992808866615
-0.9976878641309844
2.990933034128402
3.0027146955144275
0.9942640759912404
2.9749015583800573
2.966443560335428
0.9888635840641653
0.9740370990023443
-0.9834571307549027
0.9802547187163854
2.979048048459134
-1.0017340213473567
1.0022416863954993
0.9880274201147115
-0.9775147981685545
-3.0015600658995
-0.98406414092076
-1.0043956518706072
2.963908445623144
-0.9706089059397918
-0.9737493267310483
-1.0165428409461545
-0.9669479073682294
0.976810590080977
-2.97295255419254
-0.9765101563155755
3.020155528344735
-2.994796032344275
-2.980928384143797
-2.996827950946035
-2.997115204352931
-3.0189849246692435
3.0058601182188687
-0.9955887370092933
2.9933359516240503
2.975712141592305
1.0304856318515132
2.963301742620382
2.991560531273023
0.994887040846932
0.9755343171800709
-1.0054074138144315
0.9940760334883595
2.989638101937103
-0.9889930591325851
1.0002933001909937
0.9787755172105654
-2.992328589203136
-3.001389007311064
-0.9799485524716984
-1.0094430385734845
2.9684645587085807
-0.9516217807422528
-0.9743600596519004
-1.0188319802182502
1.02824533102312
0.980735905554555
-2.9693175022912204
-0.9877279725768445
3.0031853868585103
-3.011748045102546
-2.98198030379597
-2.992589373791349
-1.0016285969785623
-2.998400542592933
2.9858083687351953
-0.9561065556985292
2.989769879792426
2.9859347959363483
1.0223176083697163
2.9586122955013043
-2.985181140973259
0.9911255524971616
0.9735647213241898
-0.9940252175505738
0.9845304985595372
3.0295763398969995
-1.004036827265927
1.0072485715574997
0.9881332570964835
-2.9759546161838415
-3.0087098584840843
-0.9549452459248119
-1.0048586503146215
2.9724300624405857
-0.9691664548512999
-0.9762460075836765
-3.022027383746115
1.0139461240269794
0.9948272839096843
-3.0003845984503412
-0.9984412739844118
3.028046645141596
-3.0216039943131117
-2.978002956629366
2.9990007439432875
-0.9961566497704493
-3.012643018086236
2.9831196359963625
-0.964239971917655
2.9560697970107137
2.9840691155759433
1.0239195190747212
2.9629857270919127
-2.9853983433419935
0.9916081513017592
0.9636280269627878
-0.9985744645730187
1.00088271500892
3.019517334342477
-1.0059516616493027
2.991559372276292
0.9809102144824909
-2.978968642601443
-3.0243746735563604
-0.9655236668388529
-1.0179904352044438
2.9793021447605703
-0.9715783497053567
3.00901787652546
-3.0098294347241175
1.027208079515515
0.9574937290072628
-2.9843979165211567
-1.0206883222682595
3.0187641394138645
-3.0300024082496195
1.0080991453045653
2.9947248686904913
-1.000441024891468
-2.981287536794597
2.9835541804780936
-0.9873792885964827
2.962675797712833
2.994943889685895
-2.955132204108346
2.9491959680899993
-2.983257267356392
0.9745363339804032
0.9742755425834594
-0.9660622311584259
0.9800629131019286
3.026274400945432
2.9758731301513546
2.9962025972181583
0.9979239130319019
-3.0125189140174986
-3.0194487408975523
-0.9819797837652287
-1.0061983789830995
2.976354886853207
3.0281944062534465
3.0011990377429423
-3.0052519602305274
0.9986568774574647
0.9869145854061779
-3.0240254049547555
-1.0001580324692843
3.0288931269892956
2.965615179927927
0.9972328234327309
2.992802651276354
-1.0020199456706975
-2.9777541386819157
2.9536672414691822
-0.9633513548923297
2.9586708008826235
1.001108953758234
-2.9646947095409293
2.9535664970706748
-2.9428218107352437
0.9616317410380593
0.9734652648652147
-0.9944320008278174
0.9811449482674726
-2.9447877148002024
2.975998563031614
2.9836382771185246
1.0026414919908238
-2.9998192620201536
-2.973467215422402
-0.9926144005462574
-1.032628009399866
0.9837274250387793
3.0013301843705973
3.0026731552491177
-2.9623900948559663
0.9702486684742622
1.00090473090449
-3.019209363713529
-1.0071261890783347
-2.939079886777324
2.9512111483484054
1.0073471997596408
2.974311275115097
-0.999459837965578
-2.9331228438693993
2.9352744557992274
-0.9644459252728617
2.9663774378446144
0.9926710902622815
-2.950313526298943
2.934926381929908
-2.9480596736097806
0.9691803355105105
0.9823643527942824
-0.9750952402568684
2.9803337590449583
-2.964716215526038
2.9936105279072938
2.977095559087617
1.0060572682391034
-3.0136400825176617
-2.988763821356565
-0.984399588301845
0.9802162962145562
0.9797532544646009
3.029948976086385
2.9886215892926917
-2.974577101925058
0.9742811765030446
0.9983582736066218
-3.015931694436287
-1.0058981764931452
-2.9619274338503563
2.960746059121437
1.0057170024362458
2.9882018813308138
-1.0085170716612983
-2.950444350994632
2.9391963520143958
-0.9548149707321468
2.9522629199575063
1.003331708920168
-2.9634584458181257
2.920058439244885
-2.938013326640828
0.9655649899265424
0.9797026987944114
-0.9801971005353443
2.9616795292734692
-2.942513679647224
2.9801057554960066
2.9773272942170212
1.0085980396491772
-3.033886212005825
-2.9911761186516816
-0.9912381505216425
0.9748130161402501
0.9944744221762382
3.0078444243469686
3.0073263243564634
-2.9555776598825134
0.9737702505553263
1.0067357855335004
-3.0096129951320147
-1.008350579981069
-2.944045380445934
2.965054625704314
1.0020794557802983
2.9998426830999647
-1.0014800386462337
-2.9531494127487097
0.9532516236382741
-0.9719788502105722
2.9497513949293075
1.0270669142878568
-2.9561807459918383
2.9581524948505273
-2.954262576686943
0.9604407444590737
-3.0094467207786475
-0.9882375934806436
2.981565524343494
-2.9672323002943854
2.9841713715688445
2.996525899394667
1.011792866470197
-3.0043369146044014
1.00143873584646
-0.9964314873090065
0.971827020666384
1.0196740136947753
3.012545274149718
2.978533722664245
-2.965960700926665
0.9693910127145099
-3.002044806371039
-3.0170840138433794
-0.9977412554811346
-2.9703441652278495
2.959912422945534
1.0216078498373935
2.9884077631668613
-1.0037058809763213
1.037387888324713
0.94702194303012
-0.976287639039497
2.9659566516858527
1.0165813657988627
-2.983046130448681
2.946062783819098
-2.9551799806802665
-1.0245917263444877
-2.996958491347141
-0.9754523899643608
2.981721529664586
-2.976292303585116
3.0015410370655973
2.9934333107495816
1.0037404840954034
-3.028780416506597
0.9983871306442205
-0.9979713069691857
0.976652211182714
0.9965936362439238
3.0225722400991955
2.964651000994756
-2.963746923300552
0.9836561083846083
-2.9878752118207927
-3.030048484912401
-0.9969141716629585
-2.9708647680402285
2.9666227043245867
1.0183516445475669
2.9826233960514115
-3.004083314461799
1.026390413414555
0.9561538301597134
-0.9776857658052494
2.9618333618746937
1.0430709850601882
-2.9843905113208318
2.9595615849989225
1.0479989698459304
-1.0409992505732828
-3.0197893044813875
-0.9663559162807702
2.9784897406761215
-3.0015315272654375
2.999583622698664
2.996006645468451
-0.9869096623615102
-3.0310655653448366
1.0103609131133875
-0.9995524005064415
0.9710294853876094
1.0168872210223892
3.0068490810181334
2.9766417180272207
-0.9583452352823959
0.9541230369614817
-3.0025010659743248
-2.9876077219943964
-0.9971436626313503
-2.9804324978059538
2.961623783955967
1.016835546534627
-2.985192930440283
-2.9942659812163823
1.041618221454352
0.9573232456967312
-1.0026965986023983
2.9905720915874276
1.0232645891456513
-2.973960812742004
2.9571755330860796
1.0196132699507057
-1.0297002856411117
-2.996308277851167
-0.9700406834145965
2.9915319985682336
-2.998809372490508
3.005817959363259
0.9980977178568909
-0.9884248589846488
-3.0238554751423377
1.02604718247136
-1.0080442437816328
0.9767912409939404
1.0149537029520714
3.0203028866272947
-1.0156077664883347
-0.9719229353766009
0.9725603788002843
-2.962411466244221
-3.0020007775499122
-0.9691949133314859
-2.987925542652906
2.972637458946661
-2.9649956859417523
-2.9859263563944998
-3.000461281814237
1.0100693862193197
0.9501791704457756
-0.9765976249902084
2.9993357728785854
1.0248498821801248
0.9917790826170598
2.9466442376786697
1.044268719216056
-1.005533712440257
-2.9952144860936767
-0.9950239101544909
2.9866443446513977
-3.010691083512495
-0.9767990375698572
0.9926813571798824
-0.9953145746393015
-3.0017547943579324
1.0165442616062697
-0.9814301269457452
0.9763757209520989
0.9980055920355265
-2.9508961468363153
-1.0144004880321749
-0.9597906437456997
0.9632507529132847
-2.9775485715342924
-2.9684503227028474
-0.9789366634847448
-2.9879785539072063
2.978732916687556
-2.968581270040786
-2.988787101312781
-3.0038805857185764
1.0185520802372172
0.9590672497749453
-0.9852683357958734
2.9899975664399334
1.0433781740857848
0.9965940415279133
2.968177793777079
1.025005739863606
-1.0174122696982122
-2.991018474211584
-0.9891696242523854
2.989525410888369
-2.999437193393532
-0.9837457292771552
0.9984798435897614
-1.004246726421693
-2.9926035271159606
1.0231243336216744
-0.983494644994802
0.9748412384476864
3.0095506667612786
-2.958205682706067
-0.9903201290004576
-1.0079191877012532
0.9765670296013429
-2.998746797034774
-2.967714740762482
-0.9866778351250682
2.986329020544023
2.9736480855602037
-2.9660420280395523
-2.9794808997438254
-2.9898457581725886
0.9781424420791734
0.9683846223371101
-0.9797985589977984
1.0012718844960942
1.0201575306488708
0.99583504679522
2.9981760515292155
1.014853515128237
-0.9966446985742622
-3.006758019354467
-0.9971325680966494
-2.981583441378894
-3.0039108434900323
-0.9742754253172305
0.9907486999461553
-1.0188166572754935
-2.937754222152208
0.9976129268879748
-0.9750305652820735
2.971422743321742
2.9984935435026268
-2.9399498744781414
-1.0264433470621748
-0.9908334678248114
0.9719816641105293
-2.9816766760847893
-2.947283178469378
3.0051769136279414
2.97890254800949
2.9751799768125755
-2.9774563051991305
-2.987208469413024
-3.010598175947474
0.9960983993267862
0.9715805573452517
1.0191835700563323
1.0072122517284372
1.0349234192357333
0.9847821894507455
2.9995931295327805
1.010038987768583
-0.9943965576461063
-2.9851699779088747
-0.9867559454045799
-2.9884712177221306
-2.9987683099825553
-0.9658685816490037
1.002632830528674
-1.0156900121892742
-2.959456256822743
1.0143655530982139
-2.976985025923626
2.972686102921803
3.023287566600694
-2.97910952093843
-1.0350369359044453
-0.978714652202991
0.9597594369240552
-2.9966705899286246
3.0085100494039088
3.0100476058118937
2.9893802731582273
2.9643002978668616
-2.9632583142438595
-3.001483388870111
-3.0114888275804907
0.9884430155211714
2.9672164886046204
1.0185398215698283
1.0093133983766054
0.9857669939746445
0.9991277674228027
2.979520683154818
0.993150069403395
-0.9908539995832679
2.9569905101881506
-0.9968287664376108
-2.986036035181357
-3.0084790097426772
-0.9582537644234131
0.9639727683687106
-0.9965992711380836
-2.9596298681984887
0.9940284232528133
-2.9765849774834536
2.9642383597788844
3.022586654733274
-2.986132862455169
-1.015888303049513
-0.9884948297710177
0.9506096267527998
-2.9827295418380455
3.018456268102536
2.9927036673575445
2.975684047973339
2.9610759749010716
-2.9740114218322518
-3.015285766785277
-2.9809335467897258
2.9819363095168483
2.9580480776205165
1.0212319947179276
1.0101183088506982
0.9970152600130591
0.9850385697928866
2.990543776126668
1.0104696399279092
1.0049528343970893
2.98085552835947
-0.9860019824084527
-2.9839393730886643
-3.0161401271795563
-0.9650327895641408
0.9641148510392589
-1.0009727297696664
-2.9519216167862403
1.0066145817271244
-2.9744720201146677
2.9747780785007083
3.0140556537331427
-2.9807470140853325
-1.028241492528245
-0.9847439191034116
0.956482302694915
-2.9921897755008744
3.0184214511770815
3.001683424231012
2.969634642578109
2.966322660830687
-2.9628782765234956
-3.01298855466707
-1.0135523603975545
2.9829489700510705
2.9626598257158143
1.0359849698097499
0.9937511409523612
0.9903860956517447
0.9782561627740257
2.9815998093484186
-2.974652809049957
0.9978950408252575
2.9790841270460713
-1.0205030113916205
-2.996894224231877
-2.9746107705908855
-0.9851244222805818
0.9587400688323137
2.9805997732804728
-2.97221076715873
1.0183485261187177
-2.9919236163223526
2.970983352942814
2.988147837723886
-2.9776061376288725
-1.016825741433003
1.0043687487042074
0.9465796929205915
-2.9877151207214507
3.0049523188028036
2.99254345096741
2.971403720379215
2.962909980201561
-2.9697386136165544
-3.00868307650409
-1.0168396296980025
2.977126781304899
2.9658547057149893
1.0310502918888753
1.0046320124649526
0.9891591010398302
0.9913815630416456
0.988686045226033
-2.9861728565492025
0.9958405765778666
2.988423993483772
-1.0380640025143972
-2.982031396232955
-2.9902093268305268
-0.9697362907647434
-3.015003310320699
2.9842384083695386
-2.9359180780802583
0.9829522594910496
-2.987670608599196
2.998026221101983
2.9836598876890226
-2.9815552839148034
2.9647668561115514
1.0068370848788932
0.9726232215431143
-3.0393063632429294
3.043198391162949
2.9690924913426335
2.977475992722652
2.9774148167983587
3.023890055813515
-3.0225759026887284
-0.9942970878035603
2.9755735740348053
2.978978716995518
0.9975761270970079
1.007286080056015
0.988851314504973
2.972240349729252
0.980932452237211
-2.961098178178785
0.9684104591021245
3.0238024005709243
-1.0385859711781884
-2.9683240966239923
-2.9839813093595264
3.0084661746812267
-3.0365023360989296
2.985274943639465
-2.98887977152304
1.000339800524577
-3.017392750312564
3.014934203391018
2.9827490677913313
3.002092533410084
2.9679335594432272
1.0081879693260263
0.9538234777793844
-3.0156632616158645
3.005044580597474
2.9727065082069744
2.97095695291543
2.968326708607271
3.0034968707029774
-3.0184336558075633
-1.0020089628630795
2.9620974240640394
2.9655265370839055
1.002631769021848
1.0057992474556274
0.9796914715446584
2.980688540412778
0.9996499693738989
-2.972720698252414
0.9807209201155836
3.012016509009203
-1.0529539740538825
-2.975591270207017
-2.9909093224903627
2.999720590091337
-3.0224435232051357
2.9820693161539307
-2.997442915210883
0.999216350292311
-3.0105048064200086
2.9957877860090836
2.986470566191814
2.997386061221697
2.9658750281270803
1.0170474156031488
0.9589624720975302
-3.0309542529258486
3.0012802502982243
2.9893328211727868
0.985841543978354
2.9575074503003176
3.0006054243407285
-2.9951878504441725
-1.0023542535626169
2.9885675748997698
2.980852093295703
0.9951957978255664
-2.9774969938049622
0.9891710221727923
2.9962931485738222
0.9498079316322177
-2.9666588493798822
0.974916111303837
3.0044871735731014
-1.02962202598864
3.0107631918300957
-2.9851275088002787
3.0051761845839695
-3.012652381397608
3.0089699898383806
-3.0287300764753002
1.011476899964661
-3.020894968788967
3.0039739815047306
2.9886385544637992
3.003425884519933
2.957977803808934
1.0243561992524268
0.9732494047611318
-3.00855488094036
3.0098924096697046
2.98428953717616
0.9996070569258076
2.9615980934017174
3.0010353914518557
-2.99195018356638
-1.0059106121545485
2.9707632091468894
2.9745064836678226
0.9990714992452315
-2.9749643930002576
0.9826047697512369
2.9858140100591672
0.9713602394479302
-2.9579530698305896
0.9929000629660263
3.0155467556165534
-1.0399751997191509
3.0078124183388253
-2.9833429965418916
2.9876612377062672
-3.031842135890844
2.983150171495391
-3.0189203502303643
1.0188929149743178
-1.0306472764789012
3.0042863996254723
2.9806564448086266
3.01418728462906
2.965722342957259
1.0092215749885343
0.9545227425341202
-3.016067159572981
-0.9908138227465968
2.982215104104977
0.9774560023220118
2.9977528368185293
2.978030217658547
-2.9629956470453247
-1.0112084041821157
2.9696859958613993
-3.0108768257043774
0.9988723144244892
-2.9785497020465406
1.0017183329189194
2.9739078508372097
1.0023979038153847
-2.983879695701933
0.9890118741958638
1.0120761670845777
-1.032680622324671
3.0058019974066346
-2.972370701721213
2.993196201488292
-3.0053831609167134
2.9983579832970375
-3.032473944415195
-0.9915319491509302
-1.0316804085198075
3.0002546895347413
2.9652993042111784
3.0355357658856654
2.9747234833463403
1.0022007858453716
0.968060943388203
-1.032686038068286
-0.9846922322350966
2.9714407310991957
1.0147025850917883
2.9983609313349153
2.9776704002442456
-2.954373359237444
-1.0348552160082356
-2.994191342499488
-2.999573941704966
0.997600906407265
-2.985955194875539
1.002186297166386
3.0061571545195442
0.9885348913413946
-2.959863379966833
2.9733259907265186
1.0293854562210802
-1.0342829547077885
2.972707990324718
-2.9571794985257647
2.9710432470711794
-3.0046231365513276
2.9835291749705486
2.953793450951642
-0.9813382287278469
-1.020556014019219
2.994761392845403
2.9850439582716937
2.979965768004758
2.9751215591648514
1.0021593209091935
2.948449612896865
-1.024130190937211
-0.9756509763053957
2.9640051756529573
1.0244580861995494
2.9796153047545437
2.9732986960286936
-2.956136729140941
0.9755883671250479
-3.005254091002359
-3.014017017393951
1.0014094282296246
-2.991969089671094
0.9790405981364152
3.020012289590267
0.9968013457168629
-2.981906919729713
2.9835893981381765
1.0278331673194887
-1.0414651992906698
2.9734880297756714
-2.959101287191334
2.9750647105061025
-3.0121156913137344
2.987963180281103
2.9586984231651687
-0.9910626457229487
-1.0246770290404348
2.992354126824467
2.9800474412478044
2.986783892147158
2.9809671717017574
0.9994873577382243
2.948466048344144
-1.0253669545941502
-0.9968302050543408
2.9564254471079128
1.0129945451239417
2.976940059076164
2.9823121869822344
-0.9601475313009229
0.9630312249381411
-2.9980065530136164
-2.980735076541687
0.9978741519816459
-2.9926203401018117
0.9920412878738841
3.01269024022721
-2.9971962229217906
-2.9636774908531476
2.98211011534509
0.9863534859960564
-1.0073678223093108
2.9835998135527793
-2.959265547221878
2.9707119992528273
2.980551981528814
2.99715535382255
2.9538484169627353
-0.9709938693624452
-1.0257832649537078
2.9623595073252926
2.9961750727319867
2.973131633358086
0.9726507905155276
1.0082206716822781
2.9549964747377206
-0.9919614961882576
-0.9876652396045477
2.9663867662187147
1.0199086028540252
2.9839273528886188
-2.9959364587602293
-0.9636877846643123
0.9599664024929221
-3.0132041141740333
-2.9993547724055687
1.0299466973315254
-2.998575422826863
0.9859753821970908
3.010207289200895
-2.9963209400121054
-2.969046218403734
2.981087527837069
0.9857485046388773
-1.0255863166626638
2.988050735820202
-2.976148379989198
2.9761738841169354
2.957652580976955
2.990924437486225
2.956945102199355
-0.9629868721293651
-1.022233994862245
2.952400390671402
2.987350401107514
2.9847769611517556
0.9877874801011993
1.0002710453893864
2.9552112407282456
-0.9898150127592562
-0.9990899321237651
2.979912164071453
1.0088137367843666
1.008151447897214
-2.9971471144254687
-0.9773644586204862
0.991372591014367
-3.005774825079013
-2.9745526022112974
1.0287902480414601
-3.0042220046594936
-1.0116102943747762
3.017287035221628
-2.99731472315351
-2.9914572221878655
2.986550431763643
0.9993265626439475
-1.0291912979547835
2.9842182905950936
-0.9699470875389663
2.9752015767490456
2.963816275502425
3.021644588031821
2.936062907283486
-0.973928095926574
-1.0032712620941406
2.9615417489848777
-0.9894266214604013
2.984573843203839
0.9851884502313604
1.0228502479993467
2.939649662280735
-0.9552999192732587
-1.0110016867788072
2.971865653340323
-2.9757977685812116
0.9914520240493075
-2.9825936788879908
-0.9920185338928635
0.9783995144236699
-2.985692997580612
-2.9844807567118985
1.042209712467295
0.9809477099764466
-1.0070167042870592
2.995415074070843
-2.9744510252439986
-2.974791286864027
2.9692892758351506
0.9952965656505277
-1.0197887425513605
-2.9931910199224157
-0.9734348377104742
2.9720534315712186
2.966047370409263
3.002858371446044
2.9748520715101363
-0.9934788871817495
-1.0160364233402206
2.952478961099954
-0.9893182662771718
2.9842490614135544
0.9718408286246852
1.0319675930780892
2.9390637121447516
-0.9707191140193654
-1.0052661017808073
2.9748407869789513
-2.968148570309748
0.9933343193553276
-2.9969397505562774
-0.9886480728128584
0.976554398891908
-2.987927120547358
-2.9886258274417963
3.0090859978317637
0.985773890510347
-0.998964471976325
2.9924914371356937
-2.9382037815837374
-3.0049787631002
2.9756315285758235
1.0087502988784276
0.95608544601194
-2.9848319938875854
-0.9765252167356746
2.9721978017528206
2.968779173426887
2.9940256115627797
2.980512569899722
-0.9918933095703854
-1.0182383463474944
2.956574095827389
-0.9965542408163444
2.9737815885596777
0.9816562229519108
1.0311587266505262
2.9488102372708616
-0.9528154386389002
-1.0227738783587914
2.980951359057899
-2.9769078396148747
0.9886830525879302
-2.9931881932012425
-0.9935031994061867
0.9776640163328448
-2.9845438815208536
-0.9894229629384909
3.030947991640241
0.9868604033394865
-0.9962559429087073
2.9928965439068977
-2.9657201654823764
-3.0039359010832363
2.984000817342532
-0.9911870908278589
0.965928604101057
-3.008398555958688
-0.9506565770778951
2.959409800910313
2.9810361395187264
2.9985015885250585
2.979078307413218
-2.9915614261213923
-1.0046220395576138
2.975517088122574
-1.0253579533495993
2.980508119148228
0.9902098004840277
1.0326247636947172
2.9462898872856678
3.0204460701837816
-1.0044049165007527
2.983634484244869
-3.003414899104473
0.9985758792857551
-3.011878119696142
-0.9754294280826298
0.9787633807912564
2.990257228910165
-0.991936223460153
3.02527494556734
1.0017208928635757
-0.9787168251957135
2.962681911367532
-2.954932134982182
-2.986374070756297
0.9712213727376198
-0.9855443633897529
0.9479655441764455
-2.9579070055636674
-0.9793408505887955
2.985700133397395
2.9767469911231204
2.995003059489667
-2.9912004269413472
-2.9891020497948984
-1.0278613556880156
2.9802397764378963
-1.032689277398902
3.019854979534556
0.9712570585907071
1.0335923895866357
0.9489149621908715
3.0216624246918697
-1.0212882729859907
2.996164821204275
-3.029338631285391
1.008050032603547
-3.027889724343425
-0.9826455644226416
-2.9959797149239695
2.9818354330107812
-0.979070032495446
2.989012140026648
0.9855617118626687
-0.9761495016885826
2.9457438321043465
-2.9492663103234658
0.9832520866777978
0.9870047260237904
-0.9964034517910985
0.974431507235376
-2.949684221680331
-0.9867991324127475
2.9912093104026827
2.98949168909231
-2.97722910813602
-2.9892585600776607
-2.985440590864768
-1.025831171049085
2.9841993390057944
-0.9901491613365131
3.01052203700404
0.9867751421465852
3.0032966274600335
0.9699585224000482
3.029294679541634
-1.048288712177628
3.0224770512957546
-3.026650844087678
1.0228427702425777
-3.0268011747202563
2.998664757819488
-3.003802216755906
2.9968479550690907
-1.0118488898286837
3.0167149206855925
0.9567361160351534
-0.9511978742853741
2.9516536249424004
1.0273483025387442
0.9943489749189399
0.9675829368570042
-0.9891997981947597
0.9860582491454333
-2.972066006490746
-0.9838456943881313
2.993900690629257
-2.990077352105836
-2.9853033745923487
-2.999746574699001
-2.983509486212252
-1.0316244712440779
3.010577930385214
-1.0059680034385854
3.0081980213852217
2.9685198692426575
3.0250970232248413
0.9593242498661545
3.012115230555489
-1.0221292023459458
3.009790941452035
-3.0236723689273655
1.0117986075830372
0.9680073627932899
2.998021106726913
-3.016732252594762
3.038540877026008
-1.0252456937837746
2.99094136421314
0.9743398492138948
-0.9624775269061411
-3.0416182491136166
1.0353083406353258
0.9869537274662553
0.9835810626359474
-0.9638345071970935
1.0273351158383908
-2.989772927263192
-0.9827466697487951
2.9927538780723824
-2.998601364599086
-2.985899517091814
-2.9672010619681752
-2.9927200348302017
-1.021068447363418
3.013346392836567
-1.0056045503702373
1.0069491312885916
2.9768066182713135
3.0052780005702617
0.9941566681890817
2.987164656725726
-1.006603061962784
3.003991920431414
-3.0253792130682577
-2.955026924676429
0.9555402469060642
3.0018335638436566
-3.014008759447492
3.013389218726113
-0.9907963604837764
2.9757303832714888
0.9669145779736448
3.0189618123433006
-3.0212045042357873
1.026051938953462
0.9725802545470488
0.9812412921991526
-0.9988238542759633
1.0139424783345368
-2.9729742627569076
1.0075873577380614
2.9835839234359867
-2.9972330542249654
-2.980778010258773
-2.9808666983725502
-3.0079989142298693
-1.0211753521578202
3.0010239770119087
-1.0043013017308304
1.0264150478805738
2.9746323705148985
3.0039522939976937
0.9900831871194319
3.005655950837557
-1.0300293642331195
3.0067498458937374
-3.0239028067864426
-2.9648630350761813
0.965955693854013
2.9947549795410833
-3.0416566629568416
3.0220126447559177
-0.9990071238387858
2.98621599399188
2.9567730688210063
3.0253662304299915
-3.022387718999742
1.0119270482646925
0.9897836994063451
0.9636012093232541
-0.9956968787015673
1.0283184071105196
0.9878992476343758
1.0006484293569469
2.9926976577787983
-2.9694914361961806
-2.9934834924105544
-2.9823723857951188
-2.995496580785156
-1.0193692817061835
-0.9692619242106161
-0.9960274233679156
1.0002175080548716
2.995649000950994
3.006784128606523
1.0148452097913871
2.987094123143042
-1.0090795441968885
-0.988895939702202
-3.021561726122145
-2.9638163815178085
0.9852127982258256
2.9924658502353156
-2.9990236005435484
3.0310451229043744
-0.9934921067789648
-1.0013943429998786
2.959843194313179
3.0037059957843693
-3.0055440350267597
0.9994145547759031
1.0077077620299126
0.966127946584032
-0.9998364917843499
-2.955379805031353
0.9941015825523796
1.0148698275421932
2.960057312422683
-2.982134349399872
-2.973606849248549
-2.993426152150165
-2.9878459773192554
2.9599730835385483
-0.9706439716245179
-1.0066437593190678
0.977716803772378
3.0116056113341623
2.9773541081883295
1.0138083161691351
2.9852116412073584
2.968192267370123
-0.9721483974450176
-3.0181471635387283
-2.985364721544419
0.9924004929123788
2.956185108076826
-3.0056000721550165
3.010277095248644
2.993476686942201
-1.0122861338581877
2.9535253096782195
3.009586566540866
-2.989711791012545
0.9767877393391541
1.0089279237844975
0.9440742585156401
0.9813850129417713
-2.9593684504818447
1.0016469114789581
1.0094009919936218
2.9658468768518236
-2.9982802362230405
-2.972131056209328
-3.0077012531604645
-1.0081768889716543
2.9492053373155533
-0.9806216061746589
-0.9717093826252933
0.9872191710332079
3.0009576691506967
2.9798642324938487
1.0080557009494744
-0.9956854157531568
2.971112372504296
-0.99594673915296
-2.987494311104976
-3.0228255009579503
1.0162816810269186
2.9549914997582776
-2.9955202350639265
-2.956698080739211
2.9825519249103767
-1.0018751678102067
2.968780973672207
2.9853990419968426
-2.9349146319040575
0.9561412579926977
1.0128841421810437
0.9617675429229428
1.001883430361697
-2.954596562882218
0.9873506542699937
1.0049641766425368
2.9710554730375995
-2.976727184048492
-2.9477605734875016
-1.0028249673540395
-1.0010781097616102
2.9670172103767016
-0.9608748893524807
-0.9698261943652041
0.980450068199823
2.99650973664213
2.9770621433347313
-0.955389486295886
-0.9857080793661858
2.9745101048704274
-1.0010432473855644
-2.984320826136679
-3.001230923363823
1.027079846152272
2.9547019808053485
-1.0026513599433045
-2.964264068992573
2.9879655684866204
-0.987636566629988
2.9583606537170524
2.975293243639652
-2.9612908637165383
0.954163345305149
-0.9723915851066945
0.96598735022029
0.9896951569436967
-2.972786277752669
0.979290018172029
1.0156365787210806
2.968351701713015
-2.9865797634848787
-0.9770590870879637
-1.0258666224320367
-1.019327318997865
2.9888415939626687
-0.9814314941916786
-0.9899567734532602
0.9633831879183741
3.0096381328898967
-3.006603634352793
-0.9813805950350307
-0.9928216226136122
2.9677793970305624
-1.0125606599431585
-2.943537864420297
-3.0129115087190868
1.0228829738556757
2.9528974302109448
-0.9959041485318488
-2.949039799390512
2.9797669460534526
-0.9989015133896436
2.9697199103593097
2.982587439200268
-2.942132278735866
0.9693004871465134
-0.9769763287381599
0.9649138714033132
0.994712544821705
-2.966980311219822
0.9977327034426748
1.0141767433335538
2.9574883450691014
-2.9832695089699612
-0.9784287061030706
-0.9959535206360495
-1.0208907784559558
2.9904304391520125
-0.983102854798386
-0.9821540412611455
0.9832672128861448
2.996485997814443
-3.007431694675796
-0.9617297306391915
-1.0045134449626179
2.9708582737467064
-1.0046945897379915
-2.9451528307826775
-3.0201606878996095
3.012190773156171
2.957802610486184
-0.987678846203757
-2.992913836006745
2.9969266871031293
-0.9956645398511439
2.981944392611451
2.9847205388505147
3.027680183744384
0.9632894699122202
-0.9801753521542514
0.9655352506172008
1.0010712730934468
-2.996397231825178
0.9936804193742591
1.0093383008705576
0.977571588814436
-2.986581377947642
-0.9740073473315207
-0.9804437695280216
-1.0152272454447333
2.9975396214312835
-0.979627754538166
-0.9763318050733922
-3.013006251617084
2.992193904366723
-2.9905878408004583
-1.0045858788570459
-1.0013996754888852
2.998514507627092
-1.015217982173116
-2.9472561633072996
2.9617873942332538
3.0170509986660243
2.9520286245954814
-0.9951141389977387
-2.9875423053005816
2.9590756706839123
-1.0074219744269908
2.972309799054467
2.977756792206763
3.025919928187529
0.9725692741433718
-0.9870029868940569
0.9608240841320348
1.0082586778083968
-2.9982581734965335
0.9885354358417308
2.997430399782915
0.9710736276155241
-2.9948011574013584
-1.0043976382906217
-0.9749954038548425
-1.0370776775301456
3.0080040057723525
-0.9834513413902295
3.0031453313940095
-3.0035481725632076
3.0233446860552955
-3.032761424429738
-0.9942758551863679
-1.0301390671679642
3.000763794231772
-1.031599501820043
3.041325641549266
2.9600752514953603
3.0049524865617334
2.9716481429577106
-0.9958536467028393
-3.017465090842752
2.97107278120939
-0.9954539315208119
0.9847335075000611
2.988029041759438
3.0279431951255424
0.9697753023406368
-0.9957233077628134
0.9904905369261592
0.9998189751671438
-3.012562610970107
-0.9876415891731144
3.000477581494615
0.9754644095664624
-2.9730278026721284
-1.0063775289586183
-0.9754352106217657
-1.0280115026986112
2.9977392840097172
-0.9697813180457987
3.001253472794359
-2.9883083420304075
3.008257535824327
-3.0258927543674132
-0.9872197365030073
-1.0432430640552668
2.996886382162391
-1.0220052634581767
3.022881394084441
2.952276084915905
3.0385188047387137
2.9462796115421064
-0.984500748082983
-3.011383188138344
2.9667566562340526
-2.979161542979892
0.9703697904793267
2.9865114261700447
3.009567657954476
0.9862006185277983
-0.9844883380064999
0.9693323590930709
0.9911544675946997
0.9891253881236804
-0.9966465405453783
3.0077031025971404
0.9991122389791671
-2.9791878742855125
-1.021681076078721
-0.9514674732354728
-1.0515412367152457
-0.9758416069823485
-0.9867034491876724
2.9859458311725846
-2.964322537165623
3.002605685647283
-3.000238516603507
-0.9904491477939026
-1.0265686556901716
-2.976516049314008
-1.024949486794586
3.024926849215135
2.978134767458588
2.998519182335536
2.9962156306985865
-1.0050301661055763
-3.0339884587966757
0.9861253178076298
-2.9949156800599215
0.9798053969552705
3.000967981620511
2.9993083151303805
0.995090229950592
-0.9921712097898832
0.9867578011614697
-0.9931746637285839
0.9872438558881453
-0.9965264162221118
2.9945613767533716
0.9905727713003727
-2.964944073508252
-1.046076664196519
-0.9700309107040092
-1.033599458491583
-0.9675331454713957
-0.9721777439176786
2.990671928528385
-2.969786259962402
2.99588477311034
-3.000834883258215
-0.9958765180692941
-1.028552100485655
-2.967319200653032
-1.0169865987041737
3.025793859773309
2.9769907482655
3.015981309213362
2.99065815782274
-1.0034239142704504
-3.008411678678301
0.9864524677324104
-2.9864558534540366
0.9777110354622479
2.9891751502743173
2.9928815590883064
0.9872063184736907
-1.0058281474054827
0.9781032391363724
-0.9901374353720032
0.9904240441401834
-0.9966672068006189
2.9996737853726168
0.9916847401477693
-2.9745430599552445
-1.028148567452767
-0.9551259340038396
-1.0509430866266785
-0.9853539678223806
-0.9753072044784595
2.980650734814988
-2.971173969294857
2.99521533095001
-2.9931968552896695
-0.9830147724889434
-1.0297666732553665
-2.9802237312897875
-0.996910403257712
3.0208085386996024
2.9816204600657215
3.0123735904015287
2.993521823883425
-2.989022653666073
-3.0170418536732146
0.9929772373871503
-3.0052395568284727
0.9841246760431758
3.0197561982416623
2.999983889390804
0.9967452055893045
0.9939322932387114
0.9931265484067765
-0.9954359027582917
0.9989707186471096
-0.9917417374908462
2.9824958979468956
0.9946263743074005
-2.9674832992459943
-3.0110457380838787
-0.9562299108709584
-1.0388354872523482
-1.0088728535037392
-0.9750554097200643
2.995279449236299
-2.971823963520615
2.999818674128258
2.9722854668916616
-1.0014091563931795
-1.0197922511818716
-2.984322717129284
-1.0054553634107828
2.9813992488110617
2.98694837433028
3.000654584200349
2.9954587453014785
-3.0039975751728667
-3.031381388299846
0.9786605371179956
-2.9906861047458397
0.9729148009363344
3.013168027056095
2.9975545067232705
0.9853905781202199
0.9995526739532786
0.9903082917250361
-1.0069209690540377
1.0060101723351185
-1.001301590462654
2.992135850339266
0.9931535197624123
-0.975114777103149
-3.0183437674315114
-0.9651440068435008
-1.010670604414366
-1.0066022604979605
-0.9766977849242936
3.0031644848539627
-2.961585499547596
-2.9758901608506694
2.978923502661628
-0.9853090240270616
-1.0151085605704107
-2.9950351041052907
-0.970336932894326
2.986989389031034
2.985420465785559
1.0176344046992225
2.9932987223552576
-2.9966282952808507
-2.974991505088837
0.9737040004699499
-2.9848092570709412
0.9732667413309647
2.997733074225352
-2.982934041219459
0.9995917510412067
1.0025105029082604
0.9694707988201773
-1.0178538926287293
1.017553589191512
-1.0075453814105182
2.990818459024182
2.9891855705734653
-0.9670723263316612
-3.007373569141686
-1.002614964696715
-0.9812060103175033
-1.0417273828619749
-0.9813831746187339
2.9911150785286287
2.9946422694764037
-2.975153642590165
2.9720498991582054
-1.0004253902103672
-1.0040095402507303
-3.0421434887750354
-0.9432418433137131
2.974672261576984
2.9895459028392444
1.0078900475372365
3.001304334563072
-2.985431272827223
-2.991297610630997
0.9723082469714481
-2.9740545352078342
0.960717020720284
1.0166723846195056
-2.9792318789041268
0.9819608307379707
1.0328698192402506
0.9697949421440353
-0.9980771259166933
1.0399914037841074
-1.0030843987643157
-0.9826790133429144
2.981826542747572
-0.9825038105545303
-2.9737401952500035
-1.0106784997957927
-0.9502240750076031
-1.0396967294076576
-0.9839994475474368
-2.9643879598974623
2.993790433316917
-2.9786204352770054
2.986455544610043
-1.0076362751234877
-0.9732606156965773
-3.0312548160542963
-0.9668378185531135
2.9770660935468625
2.981627272306589
1.0236265402488112
2.989801658529744
-2.9892330414183856
-2.980558443926244
0.9635612489586527
-2.9871209205095686
0.9704208363803741
1.0130135709950492
-2.993119541268405
0.9847533992614589
1.0202358038040615
0.973523737329906
-0.9964274232575555
1.0257422648813563
-1.0047622752766967
-0.9904990633264381
2.9841661837405558
-0.997593445062238
-2.9637929228012383
-1.0165207967978993
-0.962525201501873
-1.0313618907731505
-0.966607363887854
-2.9736044024672386
3.009540977837649
-2.9589702546537993
2.9825372129200534
-1.000397997707754
-0.9761544312141823
-3.0460529029344796
-2.949791331796481
2.976332270918409
2.9862878789370444
0.9765497221568871
2.997300262763803
-2.985453270477029
-2.975920382647208
0.9857065000425207
2.990840282987676
0.9614820044238653
1.0317120583952566
-3.00220863067146
1.0017246825911463
0.9948166926519978
0.9780456093946761
-1.0120505146533434
3.013553388705425
-0.996992504865439
-0.9824948126868508
2.9469118337009252
-0.9757762649893438
-2.9841514742187227
-1.0136641003808577
-0.9485181851895323
2.9240906515628255
-0.9851488360831897
-2.9701275471530857
2.9644403418141363
-2.946191937589279
2.9405200407405307
-1.0027133828586878
-0.9722688877632368
2.934329960741424
-2.945967466466103
2.9735461096143894
2.9680626083064188
0.9968510702860804
2.957991453778033
-2.968971315433644
-2.9879719472594446
2.958881336247017
2.9914169714222796
0.9815713231379712
1.0073790344119078
-2.9812012060053212
0.9820576864283372
0.9965710267253345
0.9915774367546989
2.987878159848294
3.031275672069033
-1.001853677328768
-0.9954249277495169
2.9661661829126627
-0.9952804421381105
-2.9807679707925256
-1.0295319489437367
1.030286804508862
2.9505672955884172
-0.9584257808156227
-2.966692450064958
2.9611338880331934
-2.9680690078695395
2.9596978908802014
-0.993187439828181
-0.9668095833595387
2.944056043236465
-2.9426027141414077
2.980017628597151
2.9839940642479235
1.003351464403645
2.9606952171942313
-2.970550447342199
-2.9890402733969026
2.9677307170895015
2.9948417657623985
0.9625253836602419
1.0012035267174608
-2.9958286524685236
0.9973290792464076
0.9915858995929691
2.978434682438295
2.984282825124168
3.0137521642431553
-1.0287212408167044
-0.9804312597614627
2.955752706158672
-0.9988857739701649
-2.9826926339393394
2.974511929536249
1.0469020649090193
2.9409460415357938
-0.9909400262773486
-2.9723054894114997
2.9393916576428976
-2.955626138353492
2.9567765619324655
0.9871603619878058
-0.97036367001624
2.936817382941979
-2.9514072981130437
2.9821353074677495
2.9706435566082177
1.0089915611546558
2.9521274631073213
-0.984751107124858
-2.9796079923272347
2.959782830499741
3.0012311498818454
0.9519930051518417
0.9895862601652031
-2.9914905704206967
0.9679690135303477
-0.9910445427395277
2.954431571936113
2.9789741626569075
3.0365906593238283
-1.0222687692320287
-0.9746853713507599
2.9450542398251347
-1.0000581031154518
-2.980457295970752
2.9769196167452487
1.0335962721685608
2.9518336566293613
-0.9926878172515364
-2.9514858023427584
2.950227165644627
-2.963782195912125
0.9691333083920884
0.9825784475036266
-0.9824681303375143
2.983932401747389
-2.9667710531754152
3.0002821251590572
2.9473835672143314
1.0005855865824032
-1.0138084147444302
-0.9794370281170609
-2.9974745918201235
2.9811777046460244
3.0034552140386044
0.999030789825977
0.9931198120772431
-2.983219669217732
-3.0061950447749752
-0.9971719950431192
2.990752748516002
2.983529439015521
3.026963611287337
-1.0108988223417725
-0.9960862296989184
2.9554455198672183
0.9973959755815145
-2.980492295365156
2.9662079688757896
1.0249573622865018
2.966605940920003
-0.9976519383636038
-2.9483423214337843
2.9238713420160307
-2.953357805215432
0.9679789030076665
0.992420742577788
-0.9847761870558394
2.963359988619252
-2.963248804970445
2.9956311736623884
2.976363347867185
1.0050606229570616
-1.02811463249643
-0.982162107806847
-2.9865280119234714
2.989980883226032
2.99828998199796
0.990106776873693
0.9760717825360804
-2.9787916022297534
-2.992433094587544
-0.9999434772477926
2.9609293471222533
2.975262343457674
3.0222257478989114
-1.0013298929873569
-0.9833196980658313
2.940011868817451
0.9864727803660718
-2.9799241969766297
2.983275411665282
1.0207299312745095
2.950403815833004
-1.01152955476914
-2.957006651503566
0.9547684373963844
-2.945632371203144
0.9477036238517395
1.0119900542284002
-0.9912488055107623
2.98338611440475
-2.9713759597769958
2.9906932910287396
-1.0279097018397647
1.0061363525703375
-1.0172509110116421
-0.9470466129818992
-2.993775385957007
3.0117812252308513
2.984437897805028
0.9900002070668761
-2.997035601157168
-2.9919546027093626
-2.997703728485316
-1.0119951391621724
2.9706422743661496
2.9996059887570783
3.0290458819989494
-1.004382194478327
2.9902221559350175
2.957831767559475
1.0042174864360813
-3.016709172451572
2.9898198065054076
1.00261863308006
2.960198616845186
-1.0056829283640905
1.0361106752711196
0.9392127281500612
-2.9620091744558747
0.978439654735852
1.0128226182229774
-1.0043433394750039
2.999226851284004
-2.9771824794172765
-2.974131877474319
-1.0098752050953752
1.0028406185170566
-1.035730953468918
-0.9650014762500035
-2.976247214123377
3.0111070909906474
2.9907222949396792
2.9875951334986417
-3.00203423915279
-2.991431487496837
-3.020974357924703
-1.0168790712006917
2.950305034339048
2.990814052021681
3.00646563842898
2.977336998444452
3.005675011415728
2.9448535178452766
0.9874741782010706
-2.9951936822884493
2.9598212280717062
1.0021794725331419
2.9654366065283804
0.9897822234852044
1.0207630398458556
0.9421846148744597
-2.9611478182896045
0.9824956689860014
0.995424655576622
-0.997132244930097
2.977324202578247
-2.9707557380497844
-2.977322332759209
-1.0131314189677016
1.0227619747390109
-1.0343632395670106
-0.9545565704096002
-2.973428180725562
2.9988141982103462
0.9950540516750251
2.9710160858643975
-3.018417079008584
-2.958496270517306
-3.0145773488302834
-0.9946493411709284
2.953115385340481
2.9961157650690984
-0.950501003280176
2.973011762242583
2.9887040228330983
2.994488141383465
0.9680644120566225
-2.967009807669063
2.968851972839555
1.0100668357555342
-3.0077972588257866
0.9787173212061114
1.0184711312484243
0.9568415032313569
-2.9714670329636297
1.0355376406123606
0.9867836070678607
-0.9993040125957732
2.9948147940002925
-2.977852312334954
-2.9779007945689804
-1.0214171219464336
1.0172369585684367
-1.0428860131131295
-0.9597492142974207
-2.9612890641213103
3.006860629802494
0.9954985417566813
2.9834807618870576
-2.9920509887171525
-2.9661635276303326
-3.032753041361462
-0.9973289939818719
2.9605291166064456
1.0111768171056668
-0.9641089140250932
2.9777124363776735
3.0041426792324057
2.9790274578960396
0.9995511900878324
-2.982350495508118
2.940619831557368
-0.9778724474350905
-3.004436641631611
0.9876058181033838
1.0461373472317466
0.944437585289761
-2.9642804789194543
1.0092967599586025
0.9997015924001064
-2.990693409052791
2.981840468691991
-2.95853415853886
-3.0063160418439896
-1.0143610090012556
1.0282261050554378
-1.0512723929778862
-0.9581845308582405
2.9929586356787934
3.011647653652958
1.0049509448608742
2.9756975609531437
-2.995992583801993
-2.9806037390861393
-3.0145828955960985
-0.9910686610043332
2.9499749267943334
1.0070084946839928
-0.957648952282279
2.9762150255144717
3.0075530689532606
2.986827824789505
0.98536176487412
-2.9705373520723506
2.961990968514133
-0.9882071643610753
-3.006494698455196
0.9572225050002203
1.0386522083554155
0.9603432989424198
-2.9562215052038248
1.0269003901980236
2.97260863105688
-2.9822779063754905
2.9803226291332723
-2.9683037046253165
-3.010882171716855
-1.0376422951469042
1.0269570716283638
-1.0245298848602102
1.0408932298372842
3.0093724196341096
2.9985831637075018
0.9870790885172329
2.975325391578329
-2.9934367936646895
-2.9891161937817436
-3.003495382124394
-0.9947812762778663
2.9642685339471364
1.007164253595342
-0.953895231538632
2.972359467251873
2.9936960839386995
2.9917445507794995
0.9980237913469767
-2.981221000882702
2.960310812434982
-0.9824563501323358
-3.0096306826136514
0.9710945198242438
1.0650325585439342
0.9447758263598276
-2.974365719234188
1.0084107322002276
2.992907885285995
-3.0023798235843153
3.0027907805996676
-2.9774662432832226
-2.9995031470987357
-1.0338083163688587
1.02874260800881
-1.0372228209376753
1.0252667691140374
3.002769849753512
3.004061699094348
0.9969922185921667
2.990178227618585
-3.0022391241758895
-2.9873739932780876
-3.023164184355972
-1.00131039617397
2.9459530280631587
0.9958502490166777
-0.9623294290648361
2.972441936046228
3.0034868493271722
2.9929398888978644
2.9699715054028575
-2.985146583150624
2.962083863178805
-1.0260729383750935
-2.985945323735312
0.9476342641678908
1.0415772975848518
0.9491129286763059
3.0025640854074864
1.0193978438572613
2.9843203519594237
-3.006246334769443
2.9944359402364924
-3.014656286758012
-2.994148493990101
-1.023439383137523
3.0145404002014717
-1.0396065576131355
1.0447599011819129
2.969333456311604
3.014036594648066
0.986421197024715
2.970185345255044
-3.0002683967620443
1.000680293228674
-3.00131562175695
-1.0068467203783142
2.9977249326169937
0.9927611152448557
-0.9806764794562151
2.983994236043706
3.0014953022314663
-2.9768227058855223
2.9736307841960854
-2.9669717251050725
2.9642880402015592
-1.0233702237151667
-2.9637704963195852
0.9288719946146023
1.0480686982992362
2.94505623137205
3.0116156264904874
1.0382471927273282
2.97260808308304
-3.004011381360583
2.983059149440492
-2.9989848700785715
-2.99729784972741
0.9575034646133628
3.0176563074222584
-1.0383661024500115
1.0305143582177387
2.9863002533851355
3.0069719452226513
0.9820834920768952
2.991054654560923
-2.978895247739072
0.9905257116063811
-3.0234750016953664
-0.996159558434284
2.983885437171541
0.99381581901928
-0.9723157045909235
2.970403143209134
1.0028614539063865
-2.9897925549004603
2.972511844025696
-2.9709260830097857
2.944418269480827
-1.0193401918073854
-2.965530512364211
0.9474441945497678
-0.9307928946790746
2.928842925998176
2.994725666076349
1.0261394201698557
2.9764448352934108
-2.992967305190298
2.9768246732271924
-2.9984909457285323
-2.982966732185857
0.9612122366262161
3.019725081636166
-1.0547340476724851
1.0283449507079874
2.9844066717548747
2.9906644560745677
0.9981553670615593
2.97835527903296
-2.997645170636496
0.9941661638828675
-3.009303772386585
-0.9925336112996127
2.990749559753736
0.9859514875730614
-0.9873919160880738
2.9806919836333203
1.0179028111542587
-2.98909971724794
2.964124713093875
-2.952456386349046
2.9688435634075114
-1.019115469658655
-2.9516902823565125
0.9289882587116022
-0.9539442106029601
2.952678155385925
3.0092897199750652
1.0435203627981056
2.9783736247401813
-2.996295933935624
2.982464533596449
-1.0050137904387457
-2.991718044087388
0.9538236872887963
3.040499870523693
-1.0379295302071316
1.0329504613270215
2.9843305847470827
3.003742465769707
-3.0028470545274573
2.9660406885295427
-2.9886703449082015
0.9767206499616071
-3.0208308050152275
-0.9826554566778978
2.9769552066276415
0.9959288248423871
1.011440050074813
2.980291140928994
1.0023838727955021
-3.001026270163497
2.979470547592255
-2.974461052224029
2.959821123332976
-1.0078504467248925
-0.9719515393686748
0.943704732496487
-0.9374675787319693
2.964118489777075
2.9944724281547415
1.0160465254186999
2.9592001522444478
-2.9942790584023427
-1.004071421443937
-1.0102228156160253
-3.0008495929164276
0.9797098506541128
3.0457740445182364
-1.0146777335191213
1.009607530949283
2.988660460517807
-0.9820525509284165
-3.001132170516669
2.989221626288196
-2.977452362387103
0.9802783545435566
-3.0037964734584746
-0.9804983080959933
2.9715176201041436
-0.9987883752928827
1.0105292785970406
2.984260204565273
1.0178106074576587
-2.9965414809338182
2.9855738958571503
-2.9811752310191513
2.9479230506782415
-1.0099948569822057
-0.9691258474792127
0.9454027686940949
-0.9732000931532775
2.9658723157457656
3.0041971357755735
1.0276182261433202
2.9681543366548913
-0.9999644746855164
-0.9987490271054852
-1.028715577593782
-2.981674490809541
0.9784989809137808
3.0200121501310093
-1.014850094396055
1.02039161138633
-1.0077286284564069
-0.9863616213330293
-2.9920556596788934
2.994082508547032
-2.992376207452007
1.0033401564217466
-3.0007931387854936
-0.9860250534325098
-1.001284408060219
-0.9909660995743788
0.999660790512795
3.0133021301560787
0.9959055463973189
-2.9841592488124373
2.995484531552365
-2.97541993252144
-3.0116190699156276
-1.0157868972450077
-0.9694570965367183
0.9581300119760375
-0.9612838502177179
2.9988771983888327
2.981125789590066
1.0259007955670358
0.9699145106807622
-1.0142215373029422
-0.999179967208865
-1.0185310208584908
-2.9862182493590184
0.9897290693985064
3.016678651342599
-1.0159532532448132
-0.9693046114453437
-0.9911166400214402
-0.9813741745604734
-3.003473684921666
2.9962723057664102
-2.9743912078757693
1.0065418854271546
-3.002857542600623
-2.9754133590310357
-1.0045564047018123
-0.9868286985798038
0.9811887343887327
3.0211986310977212
1.0052866323388152
-2.980351817856423
2.9784734729644815
1.0038865013592269
-3.013116588866672
-1.018543262236081
-0.9637711812709218
0.9610894313270177
-0.9989067843891045
3.0109005585182
2.981268102156395
-2.964952861249062
0.9885665861155617
-1.0073205260195948
-1.0151680293277032
-0.9974417864841484
-2.9684103171641167
0.9837605025821227
3.0270305196710763
0.9828875704142864
-0.9772648072807764
-1.0061589747417934
-0.9963764061952877
-2.98793980164282
2.9745582158346346
-2.9642023776426814
1.0028499954293224
-2.9994101953221466
-2.9663152573211877
-1.0088131685960222
-0.9923773853748509
0.985747165474834
3.0023098022895147
1.0089358515011684
-2.9812481071434687
2.9847569579910287
1.008455792726005
-3.014560316758395
-1.0136722928928796
-0.9524859061155525
0.961808899336685
-0.9898424901993383
3.0009232766158886
0.9951194664973319
-2.957940102582198
0.9676036677340404
-0.9599191056464844
-1.0132995082659584
-0.9992677442821466
-2.961598597050523
0.987816910632198
-2.965104421923727
0.9794309379961487
-0.9638067255126364
-1.0040132307109257
-0.9844050841153913
-2.960882647121088
2.973918250269933
-2.9819074661398104
0.9957834485481334
-3.003939207069907
-2.9791238871879844
-1.0089249263807438
-0.9850239862763496
0.9715067529963223
3.022463740730612
1.0048262260698801
-2.9878577649949247
2.984874896675962
1.0048312394820431
-3.011838653931564
-0.9982253597745717
-0.9624997736665794
0.9682119175747501
-1.0002299489946893
3.006733555615745
0.9810895094532401
-2.973460793540006
0.9546991762643167
-0.9548161737764422
-1.0319796670724095
-0.9881724723349199
-2.96743507510304
2.9654922606438046
-2.956615220211496
0.9919586874951392
-1.001980436212997
-0.9848508057613075
-1.0302194173096602
-2.94572282599471
2.979422600368496
1.0086476479977922
0.9986194422749317
-3.0184309447912945
-2.939436376407324
-1.002303804616565
-1.011939632462002
0.9884980055257581
3.0224557656575715
-2.9699574938730695
-2.976344029179647
2.982721666028898
1.0039582239140847
-3.0211556771643284
-0.9849191484724115
-0.950537383066072
0.9717384249489913
0.9989283039647614
3.0106649000793744
0.9907406691472016
-2.9618960625809825
0.9642622340189553
-0.9668152629408635
-1.0244917727067613
-0.9939096180711414
-0.970066376557169
2.9829212803758693
-2.973190668458005
1.0219174463089515
-0.9963674294144778
-0.983179259245238
-1.0029325826168949
-2.9391498065452213
-2.9922818897535377
1.0099879687833198
1.0049888785948187
-2.9960214039069575
-2.9646242721789338
-0.9682942257518085
-1.0308812801254674
0.9914902079625681
3.017530078475939
-2.983555304859003
-2.975823055318691
2.9871083031888763
1.004474366404223
-3.018892425509165
-0.9936046887173483
-0.9679770048551062
0.9650913521705898
0.9952766105215889
3.0059350549896875
1.005074806313844
-2.9838832885595177
0.9552534213837307
-0.9821149403079599
-1.0192260015629022
-2.983346150491861
-0.9754793348796502
2.992302899570016
-3.0051984761647756
1.016853101808417
-0.9990897194010941
-0.9899797232853556
-1.0048070486102159
3.024261275370387
-2.997239537601094
0.9962247513622327
1.0002626011937792
-3.0003580013431623
-3.002560284998581
-0.9570647828932882
-1.0144101889696875
0.9855823072272265
3.0209283995658205
-2.990003863625615
-2.9858075935473325
2.984314207321705
0.9948351709499843
-3.031341325515493
-0.9782559734529273
-0.9658950697846485
0.9759877205847977
0.995669899952426
3.0134183172944797
1.005310971922153
-2.972513486948705
0.9719202599352746
-0.9771204049483125
-1.0322184517663868
-2.9818959135493257
-0.9800349791309733
2.990009634106566
-3.0144408844306243
1.0245049340841184
-0.9906582293667442
-0.9917625701667294
-3.005196764388849
3.0265164387470875
-2.9952943125144773
0.9915602854249921
1.0106084519328797
-2.990302345893139
-2.991440011018388
-0.9541616656434573
2.9556699434968645
0.988369710564795
3.0125657233594487
-3.0069541648857783
-2.970953370888522
2.9685454559242412
1.0125886512232087
-3.0203093034893276
2.989330989568346
-0.9518700149935854
0.9638596592417122
0.981575897902981
3.0161205033602627
0.9852533467607991
-2.9641037340295693
0.9731155038810188
3.003158200174606
-1.0228387891737505
-2.9913989304436095
-0.981909679788032
3.0132907380495433
-3.02120883981644
1.0238734947144632
-0.9816870328590465
0.9991229554052585
-2.9874247614337226
3.0073492317847346
-2.9760781925874915
0.9848163221127856
0.995351377380204
-2.9769249953580297
-2.999901209598591
-2.9603888778283314
2.962756126279192
0.9915703702193157
2.9952005200963874
-2.994423818052427
-2.9651153446609912
2.9557091505900774
0.9996863916134848
2.94972588321652
2.997907941077099
-0.975923926255951
0.9504272941692673
0.9775461950354764
2.974124788818985
0.9942093371851237
-2.968807862233747
2.9442621772081794
3.012190639345382
-1.023842670383056
-2.99030882376814
-0.9886018267114707
2.986520451135031
-3.0347908426158536
1.0345715612807729
0.994625750778483
0.9953141459912719
-3.000776245767491
3.0198794115025156
-2.975652510243397
0.982138107123364
0.9911486114981224
-2.9879477665619354
-1.0136898728307522
-2.938638970690987
2.951825639367983
1.0127931991978658
2.9923027741237793
-3.0162709723208576
-2.9717089866739506
2.961160096410544
-2.9790459963647233
2.949262497360845
3.0044442116303967
-0.9721891379156286
0.9622140308695198
1.0087435484470324
2.971092669478539
0.9949870439987129
1.0171434440824587
2.9676496130762784
3.003723677992892
-1.0132741646928909
-2.9917938116600564
-1.0103586405652294
3.006935602140658
-3.0245110901037124
-0.9605377187913843
0.9940476696218732
1.0062490054088165
-2.9832746860706987
2.9944789531665568
-2.9659868857401244
0.9644522402701214
1.0018167934001878
-2.984637523452502
-1.0030472697034867
-2.9603971636028983
2.959415132940091
1.006115581083473
2.9902879254243615
-3.003444268484806
-2.9535499217077743
0.9629632637415482
-2.975869282973687
2.9450324753347026
3.0285683176872515
-0.9887803921729581
0.9659618157682411
0.99090888657559
2.9702037100008187
-2.99370798438972
1.0206687957552387
2.972113602814286
2.9718153178259654
-0.999546051777519
-2.96613028542377
-1.0010308207118919
2.9959347350904335
2.935368560521061
-0.9687863147691407
1.002555588679035
0.9814387592982283
-2.9930819120960526
2.9567250817959194
-2.9616117807362325
0.9744879873183305
0.9821874566894665
-2.9819122971673435
-1.0122651159716316
-2.9508004996231727
2.973033391561289
1.0117324065752937
2.988333607513019
-3.008216566986726
-2.9740757750865203
0.9625738732106609
-2.9804648915776424
2.949800778809646
3.032909986155364
-0.9892496101429591
0.9765658879929454
1.000676692870927
0.9818892866140316
-2.988874421000291
1.0020832162952156
2.9848472121587606
2.9638071240461037
-0.9906643017309592
-2.964022428179323
-1.018757301666989
-2.9906643444131946
2.951217537949386
-0.9604304579869114
1.011374659020387
0.9961142745660821
-2.957564961355895
2.9656295113630655
-2.9581922232142785
0.9715526966551951
0.9974692934778974
-2.9843044973294646
-1.0224593662541592
-2.9390612575419546
2.9667678976173177
1.0132483867217947
2.9883489820139055
-1.0172771794689741
-2.949365889265257
0.9660123717206072
-2.969568082518434
2.961404642395358
3.0052654292634537
-0.9860021969492647
0.9752290805719412
-2.9812006694195863
0.9875946915007279
-2.9844756556160483
0.978163997037571
3.00915772538603
2.979193208266114
-1.0021748659200111
-2.9652461331526503
2.960866693628325
-2.9754949236054116
2.9666964396589686
-0.9946750392977051
1.0282527022797086
0.9552821386233846
-2.939520813166164
2.9608144928961404
1.0187760821204412
0.9784535880997262
0.9810442142977828
-2.962600460955005
-1.0213144306153596
-2.9636704395769273
2.9756660855244297
1.0100052095410963
-2.9893970180557776
-1.0146070581259305
-2.9549867826953196
0.9508649276933245
-2.9591123185432444
2.9882951334482706
3.010190315899689
-0.9831049098830827
2.9518032616113707
-2.971636684342286
0.9827656674894627
-2.9923702039664466
0.9906407115970872
2.9836373638277403
2.9845401958724733
-0.9958281991263597
1.0082045264018555
2.978328970964682
-2.995222515434925
2.9706104673418503
-0.9738913207096511
0.9881445953029603
0.9672455725116177
-2.940054672447176
-1.0293609087690103
1.0286849325835052
0.9667996598091166
0.9916958759893241
-2.94076676237727
-0.9974388046511603
-2.968680727008695
2.971585455882796
-0.9824576955820365
-2.990449748479223
-1.0158592564008209
-2.9566719614046977
0.9520491777858382
-2.947001327801888
2.981571604123089
3.0077753293315794
-0.9852399864567832
2.9721213362813823
-2.984397162760875
0.9901522961015365
-3.0115272493672745
0.9977375105168415
2.98056012819556
2.9895668489372027
-1.0021279649775456
1.0096856065147566
2.9669215779115055
-2.9789292816579453
2.9892541308877236
-0.9999441316665737
0.9872179316390052
0.9630262762832144
-2.9497391337470837
-1.0192536754978674
1.022027256356593
0.9736450636291509
0.9877439164008832
-2.9658114413794077
-1.0027527085687478
-2.9718342186544153
0.9684732528742895
-0.972657394182112
-2.9993894803719883
-0.9724822106135785
-2.9641570898800333
0.956431419181169
-2.9656714592333744
2.981343522888591
-2.976608174655383
-0.9802030113150275
2.955304921548642
-2.9792134770457346
0.983161769553058
-2.976939854878014
0.9785381352073875
2.9955107818780404
2.9803848362326093
-0.9866654467162098
1.005803871769752
2.9605010428120377
-2.987428109343804
2.9796045413658745
-0.9891797200814828
0.9905638749875256
0.9535120705992961
-2.9343543979766666
-1.0356355695206774
1.0197484873471363
0.9913384275721173
0.9833330613057003
-2.945099015429199
-0.9879721819298959
-2.971666201754985
0.9874470250543199
-0.9817480917884978
-2.9802908449516226
-0.9677991287810778
-2.97180613446588
0.9625340969484233
-2.9555245221806103
0.9913422182685486
-2.9622479118592753
-0.9903458881399225
2.987496559696742
-2.9889698424223674
0.9972975325326163
-2.97328903468675
0.9929055276994766
-0.9911000644328407
2.9924280416703133
-1.0004317623415102
1.02351488336131
2.968401682888497
-2.961935801711682
2.9688198399459638
-0.9891868962211958
-1.000526400681731
0.9675703031678262
-2.958645805813788
-1.015517848108091
1.03450301893348
1.0005640833636456
0.988982032786588
-2.963361303160885
-0.983363323956821
-2.9695954635140156
0.9764637125596607
-0.9889173837464988
-2.978152919451998
-0.9928124292067343
-2.960857887101637
0.9558425066716763
-0.9711754484743853
0.9966131281666791
-2.9750485236413637
-0.9725999968716526
2.992159927546229
-2.998293518503623
0.9904829390670128
-2.9792513038803397
-1.0162716530139744
-0.9902481662978965
2.9865551202136467
-0.9971980127389536
1.0176227340409996
2.9725512717194933
-2.954213156135622
2.9686851325853385
-0.9953462904816923
-1.006008174626658
0.963424092020351
-2.938047725550241
-1.0124577836580262
1.0283379471336949
0.992159831297049
0.9895273837124017
-2.9517460904301243
-0.9980417123245485
-2.971934340816299
0.9874140468662698
-0.9963821471782452
-2.988785996729227
-0.9799740433554665
-2.9675854880370807
0.9571817720764622
-0.955843811756491
0.9901059145572633
-2.971418664144823
-0.9882784690449803
2.9770876494801364
-3.00198792443354
1.0025936794416035
-2.98098841317887
-1.0121186267223385
-0.9980029843488722
3.0001467667011488
-1.0051694209057656
1.0171083315214797
2.967230597382389
-2.960610166097743
0.9771975536901485
-0.9821257691784571
-1.00147301552745
0.9710723405253919
-2.9499300958383503
-1.009943580476159
1.0249124237642397
0.9926098140369319
-1.006546116244715
-2.9544093220242775
-0.9899262158130543
-2.9916762262800822
0.9883320121502132
-0.9884319391775814
-2.9845105062977937
-0.9838924901852414
-0.9704214657251758
0.9747642505762472
-0.9808359268208986
1.0148125633211769
-2.9673875285596347
-0.992164005407815
2.9902475451806274
-2.9998496965563217
-2.994292244786286
-2.9708450944750147
-1.0079593321789084
-1.0225413347484207
3.0034348165196194
-0.9785548025374966
1.0180627780450586
2.985373787036068
3.021668836246597
0.9779621141340621
-0.9879938269004064
-1.0120595588858614
0.987743992029311
-2.9740344260303115
-1.0020265973890463
1.0378657833574545
0.9901962938249004
-0.9944565836385522
-2.9644999535928886
-0.9768417179751993
-2.996829274180841
0.97827500451668
-0.976507972648466
-2.9890322294646494
-2.9795202885141405
-0.9741378271268212
0.9666678539307795
-0.9983392529425131
1.0110101288156892
-2.9721050811201235
-1.0009025569747763
2.9886772892541797
0.9887371339710416
-2.9891898563539505
-2.9804447096802207
-0.9787873812778959
-1.031086277712424
2.9793501091595864
-0.9701380846154701
1.017377285994508
-1.0140373117568358
3.0209778357987527
0.9709661497816744
-0.9849449126636416
-1.0176837541088009
1.0095978372371983
-2.9905880890704326
-1.0068996101652323
-0.9712129143479983
0.9956483877802552
-1.006789275066156
-2.950757272566005
-0.9905570894160146
-2.9820020603234245
0.9763112506966409
-0.9795510398592101
-2.9869862015927082
-2.962020655960263
-0.9801960410601719
0.9784241939266527
-0.9957408586773691
1.0267442433074003
-2.9609696239694165
-1.0030991905928537
0.9908049474365024
0.9907394453494202
-2.988465171619136
-2.9439640142259758
-0.9858365397668766
-1.0114490523745696
2.9745890063799645
-0.9625636492698149
-2.964263974987369
-1.0132799399396448
3.0181144851569752
0.962091872201542
-0.9711751738091091
-0.981402252226823
1.0035380485762708
-2.98782115634675
2.9911425046273985
-0.9717031846373403
1.000737105269153
-1.0071120552116415
-2.9606610795523616
-1.0093663253138272
-2.9618307695471406
0.9794134357736667
1.0105500913002885
-2.9979961359900207
-2.98333410562955
-0.95823896996448
0.971740542988812
-0.9967281822425091
1.022425754151782
-2.955524565940114
-2.9768647734630194
1.001431841211842
0.9914803505048853
-3.0017326161723985
-2.964953511141301
-0.9764113920251292
-1.0098377563409897
2.975765782720846
1.0102867054395381
-2.974778666128149
-1.0123118912108249
3.021943899875061
0.9665223541994264
-0.9853036461892578
-1.0035640122056755
0.9989572389740468
-2.988005529847387
2.993354248121614
-0.9818114558228873
1.0010919885019247
-1.0218968645882367
-2.9393411725151886
-1.0104441980470678
-2.9592580429689166
0.9806495067215495
1.0117876235633525
-2.985410105239876
-2.9836254799080932
-0.9635370776808173
0.9880379226288963
-1.0214710937145484
1.0346273909948822
-2.9643707249441875
-2.9811127820179144
0.994851073431871
0.9998423241041847
-3.0033933707027045
-2.962430079122332
-0.9797957014169402
-1.0212923168094106
2.9761540810340965
1.017871881678203
-2.967559066282641
-1.0114722734652355
3.0089520712515596
0.9468125862256775
-0.9847408316440625
-0.9961595736065542
0.9939564608778721
-2.990343089287315
2.9846746711010868
-0.9706163614215725
0.9971521740553457
-1.0218783965793827
-2.9598257452290926
-1.011544472567095
-2.972441935942762
0.9862176773941088
1.018532118509742
-2.989062619579026
-2.9735398136308873
-0.9747498012441557
0.9798379301755332
-1.015934901251619
3.0155909803992054
-2.9576156691972773
-2.968973925104064
0.9920610945929571
1.0011065015458576
-3.0220587965146612
-2.958392385216093
-0.9751162487673519
0.9786942510854534
2.9842261015547513
1.0229525245272804
-2.9613781960305356
-0.9987603189731983
3.0063850352587567
0.9635802503893025
-0.9759459005876927
-0.9852377428042306
1.0177975972874758
-2.9861209564735893
2.9967012330105662
-0.9753833507783126
0.9919630740193855
-1.0118651723046264
-2.9539517431713804
-2.997130060867283
-2.969837425715566
0.9927654679451586
0.9976110892399945
-3.000742685370943
-2.9781943360904823
-0.953753978205564
0.9793512448406836
2.9733368131840274
3.022002627260268
-2.9618691909637644
-3.0177551927824924
0.994505988630679
0.9614074871734933
-3.0026597556717705
-2.9667566297779957
3.0119930411363316
0.9697916146850876
2.9766214176883503
0.9818841286892421
-2.965604993638524
-1.0373127381746698
3.0209739495918186
0.9562669489599156
2.9996842339234986
-0.9937933537399567
1.0056489712626233
-3.0273068113954014
3.00502832613189
-0.9991525323076534
1.0072830963961823
-1.0173045539731775
1.0407790197258648
-3.003306428778512
-2.982081409892727
1.0005036469436785
0.9960621863119226
-3.0239504266436907
-2.955168654577959
-0.9819737144073457
-1.0054960052677875
2.96982230604668
3.0325873623436235
-2.959764999993278
-3.0088232127206447
1.0055240666553513
0.9700650409467165
-3.017332073994212
-2.9417924216495397
3.0062850575627
0.977550189836603
2.9720819724015604
1.0018685656528505
-2.962452572083903
-1.0306808053356893
3.0090483874120393
2.955510860269631
2.990590315538266
-0.9796588659894706
0.9968095425380897
-3.009813860464567
2.9908123712578925
-1.002063727679468
0.9953289751940643
2.9667714182547043
1.022477810494772
-2.9894614384185063
-2.983224922500765
1.0022332366366256
0.9803995625500324
-3.0005760838755835
-2.963389933989311
1.0248163686461673
-1.0069437170538504
2.983847711545739
3.000816458650718
-2.9484331873983867
-3.028361328402608
1.014643049660495
0.9696543650480987
-1.010543084203066
-2.9517131752160455
2.9984795270752467
1.0064896892314266
2.981780532399383
0.9945594869830197
-2.958051992368485
-1.0439045239701974
-2.9555292360900216
2.959724763708614
2.9912233133828066
-0.9786207720549196
0.9740108781027416
-2.9776514721226586
2.983880477321435
-0.98052556203441
1.0189597644445383
2.958390415550327
1.0437493594953438
-2.9929386894658574
-2.983878805136861
1.005520717544851
0.9501433341418023
-3.0139369988068636
-0.9609693417217087
1.0185885290441463
-1.0087935124850922
2.9820929670944576
3.0035450585066297
-2.956757664228702
-3.016455884831333
1.0051366444001304
-1.038064308312242
-1.0173517775496952
-2.9561804763964545
2.9994788888239405
1.0068506736795164
2.977379235071721
0.9719895918959095
-2.9670721689336124
-3.021733308081205
-2.9749486753552765
2.9447091595335446
2.9724266783990307
-0.9807490097404341
0.9850815122127466
-2.980286467596182
2.98830563111397
2.9759306037762903
1.0024055380820929
2.9662171327790863
1.0067677460199833
-2.996201717229904
-3.0153914030066655
1.0049937722014226
0.9765864086704101
0.9809713636167114
-0.9511658489931419
1.012378724195076
-0.9830722455261761
2.990135924175366
2.9878317565865995
-2.954408349171252
-3.0216709779256408
-2.9802478529407295
-1.0144935729256124
-1.0058594054478307
-2.9910338664643277
3.0161419179992026
1.0232775311729125
2.9770241619452418
0.9848318354599487
3.0233140741593973
-3.0222758611607072
-2.9527589704155193
2.9730451579410015
2.9782874174917393
-1.012054629324219
1.0060953501875562
-2.98039860645437
0.992714275992902
2.999647098330971
0.9990403030136642
2.9818775111133733
1.0144077908942029
-2.9875254015276926
-3.0057861645119925
1.0041134011050248
-1.0235015876537554
0.9746793930628429
-0.9683112988753778
1.0241214954562956
-0.9888741894523722
2.9970307489677777
2.978901136093545
-2.9578733596715594
-3.0172166147351542
-2.9716883879989586
-1.0193774519289032
-1.0173006699295357
-2.9960655983100306
3.01176106298981
1.0295039570172395
2.974787858096647
2.9715018316234447
3.0223821125915413
-3.0261114561624165
-3.00259873973942
2.9709833509884844
2.977306193665447
-1.009940328990722
0.9914572884822079
3.0006722692563
0.9985220266422647
2.991405755625059
1.0059932720550933
2.9894984910184004
0.9681459069119092
-2.97666005376739
-3.0158710924483056
1.0126388227261285
-1.028693843470284
0.9774128549574544
-0.9830373907607411
1.0127454227001758
-0.9910257227519048
3.006450021072459
2.980272857315528
-0.9616098195348366
-3.0151110421179497
-2.9932769985930157
-1.007066410678687
-1.0320448433982496
-3.0019134724044343
3.002898419305029
1.0223903235805543
-1.0165388810036595
2.9594702385219547
3.0151990165852176
-2.9891701851288497
-3.0042853233423905
2.997663093368658
2.9490396700044608
-1.0004497944232085
-1.0010647839471711
2.993228561915444
0.9922187107091274
2.9730406116104615
0.991978083758014
3.006467895648578
0.9630382888926385
-2.9774411265829506
-1.023214009813617
1.0107525684573657
-1.0295515332387406
1.004478314746643
-0.97285294719161
1.0108513145697313
-0.9923835847680433
2.9939041979730066
-2.995206556847781
-0.9657511368942429
-3.012535287939587
-2.986391196810137
-1.0041608980018735
-0.9960475193950655
-2.9952892293885616
3.0237792342358425
3.006214569478926
-1.0086780502102584
2.980787412945141
2.976636979908748
-2.9917857425979375
-3.015046162870196
3.0087604387540448
2.9724620284934726
2.966405558824376
-0.9934976063785276
2.996572194331599
0.9610185022770303
2.9857626487328015
0.9701029200529643
3.0091605414090874
0.970111734251241
1.014998076585516
-1.019702617250685
1.0084902859911054
-1.016468338759842
1.0157726541834626
-1.0155404525342633
1.0096692869312192
-0.9720503761949009
-0.9823276632589145
-2.9921145032297556
-0.9774706136008778
-2.9730151614964386
-2.9974223630246724
-0.9712429668105546
-0.9993020980429818
-3.005038019251314
-2.9729559424507155
3.0211579843355842
-1.0026297493198102
2.981255275801891
2.9832967432663264
-2.9617563692419147
-3.038757698650763
2.9962045156122192
2.96987397564008
2.9678344078439283
-1.0000186191663707
2.981315269721309
0.9766708010809997
2.983714209523616
0.9705974006833271
3.014542712031104
2.943579401422715
1.0152760974475006
-1.0252280203541821
0.9836705144612325
-1.013807099329622
0.9980254418392238
-1.0022563453395166
1.0224110273157199
0.9957064799680384
-0.9761133023012115
-3.002017638184375
-0.9879544393933435
-2.9759992835525826
-3.006676014978556
-0.9804802215995362
-0.9984099372363744
-1.0193026334936806
-2.9557766054184236
2.994035963488599
-0.983635625829124
2.982705654185557
2.966898569151878
-2.950830792849862
-3.0163271773010525
-0.9855774080476409
2.952087748712375
2.961535962131287
-0.9554095427652716
2.9876332049563836
1.0021593160864122
2.976115852747071
0.9704935944081607
-2.9651154218617504
2.9729242254234314
1.0045214150624933
-1.0347356418904372
0.9793408183027031
-0.9705257939251557
0.9919655182564381
-0.9937594053659783
3.0104561467171638
0.9940156440842276
-0.9814644243393278
-3.016599253449091
-0.9840098078890843
-2.98739791206827
-3.0188005845686963
-0.984947207058632
2.981156750730846
-1.0048149536842257
-2.9472387902401134
2.967967399027943
-0.9783213560221161
2.959179634300616
2.9826540138418607
-2.9543830807122045
2.9302893242082857
-0.9785533788044506
2.963598701040586
2.9578975893668544
-0.9447334890430763
2.9271681872566986
1.0069814347364288
2.9947675322566916
2.973058371523833
-2.961077530385547
2.9549294885746296
0.9865733111504313
-1.008890964854553
0.9727248887398174
-0.968883149396492
0.990658161135449
2.976473682066544
3.0048198547351364
1.016644926523702
-0.9966208720199818
-3.0134862138742218
-1.0251630010772337
-2.974084462766565
-3.0030264328553606
3.007268499736225
2.986136778153908
-1.020285509921258
-2.9914712362197005
3.003665399621111
-0.9955347435637507
2.9577702984509218
2.98159341642666
3.021134901053847
2.9458562316696613
-0.9831486029560755
2.964421909839067
2.948537464545076
-0.9716901441895337
2.9547093528072312
1.0064557081824803
0.9934001376586039
2.960091460243353
-2.9676996648771325
2.990986639235953
0.9795401376502848
-1.0110599654002446
0.951240168906146
-0.9713235118239193
-1.0006917377434206
2.9842359841332486
3.009774547055758
0.9979125890358155
-1.0129484686421026
-2.99752083398837
-0.9929155568607352
-2.976461361581163
-3.0122339425611937
3.0039755581738494
2.9774409007160174
-0.9857855585209062
-3.0008857961910445
2.9878313371908183
-0.997799247304654
2.961205431486131
0.9767258775551955
3.024323454064472
2.9401798764827998
-0.9746929495655722
2.971637017153787
2.9709321769703547
-0.9739030805532239
2.947744643573485
-0.984663648822612
0.9943527327886736
2.96598081265197
-2.9629357518952246
2.967686201089295
1.001087659737944
-1.0133198160860362
0.9700639768480912
-0.9640528544960035
-1.0011524645243843
2.981268875122607
2.9976076485467833
1.0050511227173013
-1.0086561027307928
-2.9900130214078455
-1.0074302610557595
-2.9793209570357937
-3.0037943502960225
3.001384314836705
3.00098240631518
-0.9940242616614839
-2.99033597632499
3.0013019449603955
-1.0058699130528408
0.9789756252165921
0.9937803219876031
3.0084918869875765
2.9585751257392934
-0.9676932218289442
2.978548811876178
2.964674224480358
-0.9863217937929687
-1.0360624652439092
-0.9857017546935504
0.9851653948578214
2.9825874707188267
-2.97282941813297
2.9996838718846432
0.9850601046349291
-1.0113751587222495
-3.0224083258819414
-0.9638657174584249
-1.0081335923255494
2.9746093721428912
3.020415303664658
1.0129936790623437
-1.0067701216659204
-2.997175040290792
0.9845657087674557
-2.9777457820350115
-3.012917386456923
3.0138219197742253
2.9985049918016444
-1.002148460972402
-2.9838994050566052
2.975816042799701
-2.982393779195876
0.9609668541048922
0.9909817774551816
2.984310871679727
2.9592981950392496
-0.9717044221730314
2.9833560644085004
2.957712263835557
2.992929301471552
-1.0239539140340324
-0.9747584120481658
0.9466971527708079
3.0031022201695587
-3.003725678674575
3.0107198899165324
0.9923030578766217
2.981516605485468
-3.0234079160390364
-0.9685191369666707
-1.0146238277398274
2.9866863383841347
2.974941434729554
1.052840730682101
-1.0200213894343568
0.9902015235929111
0.9991359930660322
-2.990879849498063
-2.973543213797707
3.0190861170729377
2.9912739394416934
-0.9920443507619148
-2.9839665110998252
-2.990220780208045
-2.9997807868228534
0.973056972249775
1.017340235025847
2.984190951610079
3.0102716740712667
-0.9736199341396496
2.971721393594366
0.9782809719294427
3.0044157763994757
-1.040109713022861
-0.9670437996862958
0.9554482816385436
3.012571663074833
-3.009155485610771
3.0012192972067457
-1.0080591651965207
2.9739174918923346
-3.000511792161709
-0.954881711843731
-1.0339572691399148
3.000837601891819
2.9804995841597
1.0276262409001857
-1.013798429558122
0.9880415582532243
0.9887711983458347
-2.990433679310274
-2.9850513728865873
3.007691433270772
2.9768249304860874
-0.995523403101295
-0.988737914559506
-2.989493877996703
-3.001997403566492
0.9844412412954086
1.002153157031398
2.9696508093397953
2.997522610224436
-0.9746992814060895
-1.0069328750197402
0.9731082302490928
2.99147242508331
-0.9959802820197869
-0.9804220573971075
0.973293612501731
3.0060552174356996
-2.9980887585079863
-2.966025728180453
-1.0028600866181936
2.966034889282979
-3.0268853093175667
-0.965552524549741
-0.9909003502966384
2.9794435728309865
2.971755487839107
3.026564342340606
-1.0092532361664965
0.9932701194535085
0.9826830988532953
-2.9974188660986005
-2.9913481749620097
3.0105898204411767
2.9791146833355078
0.9881246069147425
-0.9966625878066148
-3.0074039929100835
-2.9853957083717972
0.9917172698446413
1.0022831353639767
2.975526727817304
3.007073561741224
-2.97160523625636
-1.0050035246561173
0.9802879918199309
2.9634588683928422
-1.003296595518334
-0.9720500727181801
0.9782905899426881
3.0069508574801596
0.970665495342918
-2.9695063000302016
-1.005922462421695
2.9972653656686172
-3.017314208913612
-0.9805022872808271
-0.9936627005194959
2.9959804322148798
-1.0124418104848285
3.027116707915572
-1.0352986198825156
1.0216453781271901
0.9650977123780178
-2.9737602149138365
-2.9915403029055607
3.015402492159996
-2.994212223268463
0.9894121938692342
-0.9926979773975433
-2.9899733851857
-2.995959799176497
1.029568485158518
0.9924583824490738
2.9729327093197306
3.002658276088086
-2.9644995239855962
-1.0116114738967108
0.9900147149587439
2.97801041418941
-0.9890357496238871
-0.9549621533476087
0.9735273937902768
2.9967107566881404
0.9797827352646538
-2.967691284558582
-1.025112778408576
2.9966425657708613
-3.0093305842854905
-0.9829733606155868
-0.9918493295099416
2.989740676384762
-1.0088184252191175
3.0235023226721602
-1.0098859010021424
1.029054693715372
0.9624147057742353
-2.9604845213887234
-3.009175905614326
1.0097298563795885
-2.998627177968824
0.9743937679893103
-0.9547083180381106
-3.0034746172435374
-2.975941220102612
1.0202872008668966
0.9897594348430301
-3.003630750912259
3.002981202557718
-2.979955710234991
-1.004070786461526
0.9673699373611203
2.995834591660625
-1.0053824453837192
-0.975486543236438
0.9712662682595951
2.999878206389257
0.969082840363085
-2.9649634857043874
-1.0170569026148955
3.001338381965011
-3.038122257606602
-0.9860930196517578
-2.9833097140925178
2.990976483415665
-1.0084155401088137
2.998777939735391
-1.0123399450855661
1.0308759455386185
0.9559389986788408
-2.970895332295
0.9878495693071143
1.0322255842701995
-3.0049767955877598
0.9899597698593317
-0.9553996566603125
-3.0298714751896547
-2.98497201734137
1.017612696759218
-3.0035619464688996
-3.0048861449740274
3.010775318268554
-2.9745551062528257
-0.9913065212374367
0.9891750310468674
3.000541832229762
-1.0027128399079432
1.021212408300755
0.978715214800681
2.997989705402695
0.9770816757940104
-2.9494989333693167
-1.0304420071411915
3.0084927913518222
-3.0112027310993663
-0.9829314463073492
-2.975412607342488
2.999703640812136
-1.0088110994217727
3.0007028113765872
-1.007842039951085
1.0470030692146832
0.9555693408096773
-0.9698109340606932
0.9907415933974509
1.0122420827092777
-2.9944002838736363
0.9984303392636117
-0.9812452889627411
-3.0169902296618356
-2.9699038914809193
-0.9720971638120616
-3.00142283958727
-2.999111385932081
3.0187714842719373
-2.977106329176902
-0.9921909560087213
1.0002747848483182
2.9874492195343034
-3.0006903506758036
1.0311283254080763
0.9860628488266345
2.971955259789267
0.9883440663931402
-2.953619235858771
-1.012520833242658
3.013238681154175
2.9602329590114747
-0.9940472361365712
-2.9795781450206307
2.9851587189313937
-1.0100075492067402
2.9783970435966918
-0.9977361870665037
1.0317371044637764
0.952103931747789
-0.97563971506954
0.9867192262934104
1.0178893098861597
-2.9988897637549554
1.001549197397458
-0.9710389600599407
-3.0156914157220913
-2.9784138645949105
-0.9780044263156643
-3.0066278023223285
-2.9911613557439174
3.026011161058622
-2.9860236695735476
-0.9855411723787602
0.981523285804376
1.00896641859496
-2.9975235797096
1.017520089922958
1.008068826357748
2.9668596820126822
0.9958645815189205
-2.948687041579474
-1.0298348715329524
-0.9845492579284204
2.9426759512125384
-0.9987339213988481
-2.9509765558796
2.9722131803081333
-0.9777409466620907
2.9552311841980776
-0.9958966340803378
-2.9410168979036753
0.9544328384070595
-0.9714442095048234
0.9508609075967821
1.0284118620591214
-2.974863584645028
1.0044289164325868
-0.9736331680972373
2.958623791992203
-2.971124649551142
-0.9709681068257981
-3.005034698754068
-2.9755420350956183
2.978391327275983
-2.9655543093802135
-0.984302272371558
2.981145543613382
1.012547674318255
-2.9956005902425265
0.9938676667080593
1.0258636495405689
2.9683305344602764
0.9888500951338878
-2.9547447022958675
2.943777847416369
-0.9741083487242777
2.9660052063660465
-1.0200000948099153
-2.939407966669646
2.940951587899442
-0.9657264834150782
2.967733545244774
2.9936199745864833
-2.9384176154628108
0.9555927114985396
-0.9871647627107673
0.9758164534422961
0.9965221396144025
-2.96898419541396
0.9976631221741078
3.001807018064993
2.9668471867108623
-2.965397534371152
-0.9886721401928587
-3.0089019971183437
-3.01154778955758
2.989843835475358
-2.9682721753967245
2.993482187017433
2.983274781134429
1.003346176748716
-3.02039275744093
1.0014421403769205
0.9954883156630602
2.95090080367953
1.0034123218954754
1.023080334303855
2.9605065707293825
-0.9828629594056835
2.989348229094056
-1.022956868908703
-2.9693428394009036
2.964052445748333
-0.9636477952166641
-3.016921739419557
2.978545943346347
-2.947781572770925
0.9698842648074266
-0.997315714092613
1.0008397726164238
0.9907821784856917
-2.9706136195085793
2.9895003801085234
3.015695885983185
2.9566262028345163
-2.9915700877759352
-0.9903245097437356
-3.0216114151445543
-2.9902055598022863
2.989799124601536
1.0085008390611547
2.988954874738766
2.9610959997718793
1.036820228937279
-3.0117524548577874
0.9731249018160365
0.9943008311449255
2.9561110866692983
-1.000239961988746
1.0493971248261198
2.940317087106646
-0.9853345566724636
2.981911286960883
-0.9994719695752224
-2.960828381617688
2.9445989861096136
-2.9610051968937166
-3.0142976206949177
2.993754524969554
-2.9738568066330218
0.9502613287229723
-0.9945146188584822
0.995415386106148
0.9990324855500942
1.0170601612137034
2.996993960469821
3.0024463724716157
2.9903977328945697
-2.9864309466304233
-1.0096725798633477
-3.0097679077939614
-3.0075521099604514
-0.999241163103102
1.0122148791948757
2.983717569375208
3.0247351913540426
1.0009196151488042
-2.994273662409486
0.9724637622983131
0.9912619209728601
-3.024817940046503
-1.0006133750724384
1.0305329044897302
2.966654427456434
-0.9943305540674434
3.0211396774882306
-1.0263879542903835
-2.97222397909326
0.9699556028744164
-2.9535231159676893
-3.023075169940553
3.0062577670809203
-2.9785271488854237
0.9732113285532291
-0.9936163145342924
0.9971979309287443
-2.998527510490646
1.0123654336214614
2.9915702906018256
2.9676899156437355
2.9820976924841798
-2.970394431726148
-1.0035201563618943
-3.019645388838996
2.9667488857527293
-0.9809160965419516
1.0065107371204511
2.9644675620483913
3.021471754248497
0.9739177630990629
-2.9757748057761235
0.9737801659515516
1.0013406406107608
-3.030845478031991
-0.9976205814713771
1.03477521682933
2.963751241133534
-0.994203989440063
3.0301614921079643
-1.0249532537678137
-2.9693910433352912
0.9669827750559153
-2.9630660985654242
-3.0229813444115323
3.0199235693668554
-2.986578428848704
0.9775100391445862
-0.9942112720596659
1.0011166122763546
-2.9905537291685156
1.0172388367948912
2.9918853627361126
2.9907438164200313
2.9788175393843295
-2.9731671385261462
-1.0174658583162008
-1.019766187349161
2.981377061253015
-1.0091110782415365
1.0395442316424897
2.982499029134504
3.0124463904364727
0.9862429109952111
-2.9912050455907213
-3.018870290025082
1.0016853262295515
-3.0075755852637647
-0.9981819696491676
1.0320432527628602
2.99013593783672
-0.9911343618688362
3.0156334776269627
0.9773495980543021
-2.9587920928529123
0.9684665107254564
-2.95493744620368
-3.0160966508419427
2.9945526884992804
-2.959732963147208
0.9723769965229854
-0.996607691591023
0.983493135923586
-2.9914306241538466
1.0262088687591713
2.9878916420098793
2.9797623644613034
2.9931109571523735
-2.979321694756444
-1.0117003650211047
-1.0303519144665672
2.9673893310709665
-1.0079893938313138
1.0358800491996754
2.9722334077590413
3.020981969433459
0.9721807402053081
-0.9838788440067535
-3.0051768005449975
0.9853356339022817
-2.9815874864913727
-1.0067658029356925
1.0174263381041377
2.9888395213930052
-0.9946674633264724
-2.9471642240850193
0.9678914293038478
-2.9699449726583613
0.9672813415512717
-2.9810110130930485
-2.9779274798749147
2.9974405603663845
-2.975274021326854
0.9848380247728372
-0.9811376336838488
0.9959005930389907
-3.0062131990724725
1.0179166196415785
2.9820342803570856
2.977486840910202
2.9848699290580285
-0.9653945696409957
-1.0203810331013
-1.0312501444437614
3.00025212101788
-1.0170332124458363
1.028712248173101
2.975284198983489
3.0054199986947907
-3.0029747201118173
-0.9771022302870553
-3.009360468388605
0.974269764932845
-2.9911665867164983
-0.9872577682861299
1.0224690279025483
2.9996381042892013
0.9975555204271769
-2.956904696106358
0.9716584526553195
-2.9774004290069795
0.9678233059874385
-2.985962378574423
-2.976799039843018
2.9850375978190833
-0.970085517915906
0.9634722898500171
-0.9973503997373308
1.0272561524052002
-3.0106691700874837
1.0115823013359213
2.9937449062236166
2.979867330078097
-0.9967106024806788
-0.9878310180649429
-1.0277617588746635
-0.9932594464147727
2.975148288072507
-0.9869659352725051
1.01548640459661
2.9699731918237933
-2.9522621372737876
-3.007675428236224
-0.9903521043881063
-2.9958724451529712
0.963305791080386
-2.941432946486003
-0.998923613083668
1.0173112861453384
1.000690766434001
1.0101896573411269
-2.9630123763323843
1.0101567797346873
-2.993484714288922
0.9851915808459221
-2.9899087498081536
-2.968619250293556
-2.9943342611110726
-0.9860246152436674
0.9743911439214299
-0.9774746273235932
1.0067639279868115
-2.977268450492707
1.0031238977250776
2.9792006518679104
0.9865369788808606
-0.9960069363117653
-0.9817576571273431
-0.9979161667619552
-0.9974769354160445
3.000175258196234
-0.9835433338478331
1.0156124406019513
-1.0093850517025262
-2.9619211398544127
-3.014168430777142
-0.969879949571212
-3.0005407685263887
1.003971316181154
-2.9467445645107375
-1.0025275560244316
-0.9777282924669218
0.9832516408472183
0.98501959785416
-2.9578563067906827
1.0138057319295202
-2.9828871359747615
0.9811983271353983
-2.9915169098133974
-2.979493464346131
-2.9810261005624867
-0.9843484863660115
0.9908056905878212
-0.9809250476891184
1.0140522990208178
-2.979729011088835
0.9961309447698095
0.9939974240249655
0.9939654592005761
-1.0077705444767626
-0.9557644595999564
-1.0127749983213135
-0.9847859279175892
2.9933801806980145
-0.9917008811686228
-2.962248387487143
-1.0145574436773463
-2.9603348332539974
-3.0100550526474628
-0.9835788090184862
-2.9847177421343547
0.9846946216766034
-2.964911774055304
0.9933004972496956
-0.9651863186499268
1.0067099730681301
0.9929425099374474
-2.9593308616742746
0.997660996571562
-2.9808969078321907
0.990470657312789
-1.0013465618855024
-2.979350828079386
-2.9909325965948987
-0.9673614159903361
0.9807796801282034
-0.9990557231141816
1.016975903210222
-2.982296339194604
-0.9809418610202976
0.9949576108344066
0.9843524938912996
-0.9880702608335962
-0.98517299372566
-0.9977886781868173
-0.9789090275950508
3.000596973316892
-2.9933416395196604
-2.968058737355767
-0.9970664256148888
-3.001525341803794
-3.025246705651932
-0.9757567413347238
-2.9857125420746726
0.9740062482606747
3.024001662284902
0.995819923982852
-0.9732637180342705
0.9925323141161722
0.983983793718329
-2.9901806232909367
1.0081348124668292
-2.978734319950077
2.963235914457678
-0.9890542364641736
-2.9653067813802405
-3.0201088762308794
-0.9701516491169149
0.9786667654707671
-0.9982094002365139
1.0186599863840247
1.0161795858594642
-0.9904514085773418
0.9922452424213949
1.0266349154395178
-0.9967859682354114
-0.9800104115200947
-0.9825475446141595
-0.9979222398357614
-2.975744005683628
-2.979019791130655
-2.963448998200593
-0.9941623033537228
-3.001836311651763
-2.9685027457741096
-0.9570647870844545
-2.9809288325463354
0.9911325608283508
3.0095664064153325
1.00024793951942
-0.9877694791475289
0.9932245845687896
0.9930757279786763
-2.9916302423224304
1.0088998219397054
-0.9786686938226127
2.9726445075649246
-0.9937983362448979
-2.9555441865388876
-3.016315983678454
-0.97982245875451
0.9707029766329188
-0.9900209443202229
-0.9830055655995606
1.007701258739221
-0.992270122706605
1.0034657832793616
1.0095915188882765
-0.9861687689465846
-0.9911157405131135
-0.9946052265294489
-2.9876029735482534
-2.9838773568441397
-2.9741980104025942
-2.9975590698937937
-0.9911328171159369
-2.987682064347478
-2.9925501704029878
-0.9814099509203582
3.0017191629638784
0.9837996283069744
3.032144893184268
0.9762195507695652
-0.979471810663298
0.9528756965898546
1.0019784038980157
-2.9896099804157954
3.00215855773071
-0.9868523015019659
2.975431428018662
-1.0231078266752311
-2.952256861664057
-3.0238183557608216
-0.977226584536157
0.9630073145009612
1.0058958880160669
-0.9814187075168103
1.000182900084472
-0.9968599464770412
1.008295903054606
0.9916904517212465
-0.9672379845030145
-0.9909641802605405
-0.9871017974807356
-2.976316593085773
-2.987781236339904
-2.9593579258866773
-2.9975582623018675
-0.9865760713333045
-2.9932011883300516
-2.9845701591601226
-2.97499262498797
2.995355973032374
0.9872303368477846
2.990754584632719
0.9887881985033478
-0.9607022008243218
0.9629145826281521
1.0002375502707517
2.9840282754527103
2.993969088812621
-0.9821427582387968
2.9813239210043223
-0.9958069934129941
-2.9878761806042147
-3.030133566624158
-0.9741843971700571
0.9763288474167726
0.9977041449142313
-0.9754577515624684
1.02645564468406
-1.0022811758851082
1.0005239484773965
1.0009789882345967
-0.9730984577881472
-2.9735819854003
-0.9781519682350651
-2.97109474662238
-3.0034915441709944
-2.9536376188521016
-2.985972695104881
-1.0045742984074904
-2.9856944047551286
2.9960871754014327
-2.9661262233478243
3.0043447243716215
0.9959435773643938
3.0041285957970376
0.9437960272226419
-0.9626359498422769
0.9483208768052468
2.991438884135467
2.984963962288048
2.9913701761837252
-0.9905649114356735
2.976929317748747
-1.0159979790046603
-2.9782210147560115
-3.004536534806956
1.013999948975888
0.9687601007813983
1.00575017904959
-0.9830070530089068
1.0124388224354588
-0.9888586870022973
1.0155175981178501
0.988407384848705
-0.9749542295682941
-2.9799253228471483
-0.9885493787821027
-2.980751580977527
-3.0183560192322756
-2.968804007552189
-2.998459694950384
-0.9966336713147724
-0.9940299393316266
2.984403267316162
-2.975622019975948
3.006710065006077
0.9743104032472206
2.987781017685302
0.9504536813419545
-0.9568807503725523
-1.0381470331437077
2.9895161739505207
2.985314101652531
3.000177132817117
-0.9980183873188839
2.9884703832932633
-1.0130508693948106
-2.98948666589495
-3.014017123605884
1.0145723624146616
0.976901960999234
0.9982817936019346
-0.9763171295281033
1.0200975043281726
-1.012284641637431
1.0044697128309013
1.01263689994524
-0.9742396152447965
-2.9934454795414656
-0.9769306291248534
-2.9870897950991235
-3.0220464719639835
-2.9553753521977
-2.9907384799630785
-2.9861344930484393
-0.9974727593902304
3.0168563169887594
-2.998641194301171
3.0166233484600613
0.9959747127118307
2.9919173088147564
0.9494731717107329
3.0360607246972022
-1.0301866357965277
2.996395945971257
2.962265474667748
3.0154681513730286
-1.0235223214283158
2.9984610975642654
-1.012525847340856
1.0004751854370968
-3.0119424980985317
1.0187532978425229
0.9801388854940715
1.0007084134142805
-1.0059855626492151
1.0248826339804933
-1.0030224856602468
-0.9724755790490943
0.9853367732231536
-0.9747064454736534
-2.9989806505413843
-0.9650536664886445
-2.9793211074475545
-3.0040825744884914
-2.959963195440811
-1.0040596470840022
-2.9785827881623184
-1.0065285967666846
3.0152985285201916
-2.994019318071302
2.997685153630305
0.9893003047732944
2.980949047178255
-3.0144484831093674
3.0283972310747167
-1.04342047218384
3.0000400477680045
2.96473666227919
3.02471998924603
-1.017616926526112
3.006295792488899
0.973464013502176
1.0027533610650854
-3.0134682014349194
1.0211230971057115
0.9825541605392399
0.9944346874226863
-0.9962722488764498
1.0254231238421314
-2.986086667711559
-0.9890224833740532
1.0086396992165423
-0.9974529729390343
-2.990106355614566
-0.9799570705643568
-2.9677462459872364
-3.0256080204230598
1.0165170290138286
-1.0070781754675262
-2.9878542614129877
-0.9901211936348904
3.028809384228691
-3.0257383917519682
3.003356934379349
0.982426465710644
-0.991819712274776
-3.03920062973199
3.011009766927473
-1.000547255800268
2.9822865451653415
2.973276324884691
3.041795326237382
-1.0311924466775402
-2.968694299724733
0.979423819690195
0.9939825366288851
-3.0242614164615316
1.0312024567129072
1.0098053386052683
0.983022277243214
-1.0011572349126803
3.0311416417149206
-3.015252873374198
-0.980913599902912
0.9692574233724659
-0.978829216451891
-3.0150649207477507
-0.9512964471593608
-2.979642485699778
0.9699533249231077
1.038969376022756
-1.0011689693284926
-2.984831143558277
-0.990198908041361
2.9895105340872243
-3.0145296786355176
3.0106940291012356
-0.9942089120744393
-0.9907310422002792
-3.0358709951208356
3.0335737478267437
-1.0057170915049132
2.9878778259559144
2.9783400913823943
3.021092449808381
-3.0149072475847976
-2.9686769019286303
0.9750981532418665
0.9806961328033416
-3.023681769131207
1.0336151139291183
1.0130357530011467
0.9815679270316994
2.993041079350817
3.023961328113987
-2.9873970223420865
-1.0160676720487565
0.9844418246824769
-1.0122416315657887
-2.988381475478204
-0.966066708513036
3.001237617849847
0.964544602058066
1.0190383260987352
-1.0078904635599417
-2.968118040970371
-1.021321452283575
3.0143478162600017
-3.007911744588497
3.000812041402066
-1.0096318188089526
-1.0050099729973518
-3.0291640167794154
3.0304251844135566
-0.9992917400196317
2.9980048133775226
2.9759712447803564
1.0276188248434244
-3.0300886602376575
-2.986788902608042
0.9983188533946771
0.9609735787717707
-3.0233769904701018
1.0170221727118705
1.0082925884790515
-3.0043843652248725
2.988575548330482
3.027720675728283
-3.014097160549917
-1.0302763278825093
1.0131701060765208
-1.022977048554421
-3.0073323933816605
3.0151024628945606
2.992755640156991
0.9792426107587449
0.9930530714751525
-0.9985133862453558
-3.0004481025453322
-1.0049221477283294
3.011014256502296
2.9579337918166777
3.0108461943792335
-0.9948460852048625
-1.011114206941139
-3.0067568487579432
2.990926385984972
-0.992622069483755
2.9947448001600736
2.9830708296402166
1.0399820854478339
-3.026801240983347
-2.982308903839291
1.005715715443213
0.9779157937160533
-3.0066465954225485
1.0373898844649685
1.004248808335499
-2.9952742624546267
2.988566597208497
3.0175381771084244
-3.0128516713261897
-1.0142711010849608
1.0138426795507955
-1.0170365839094495
-1.0079159845552634
3.0327581606224494
2.984980399569892
1.0127500214245806
0.9799073018554889
-0.9985839553864674
-3.0028272297819187
-1.0123827772478067
-2.9603057379273796
2.9669442077607866
3.012632175610786
-0.9946593140562716
-1.0196473883088832
-2.9859090771775763
2.982312748957608
-0.9901436096414501
2.9974091579254303
2.982510995288105
1.0297010345467756
-3.020445285694748
-2.9682441652882474
1.006313411017679
0.9618210542192835
-3.0045867838716642
3.001202020633439
1.0148987891370653
-3.00483749196117
2.968031415836639
3.0197258275458703
-3.0148378431702247
-1.0137769059378803
1.0202957591776667
0.9715916224641012
-1.0087140202581568
3.0164339991621794
2.9951569829408635
1.0071490466349136
0.9797980684532778
-0.9995588371847972
-2.9938827063668683
-1.0174315080799032
-2.960211476472787
2.95352799917824
3.0055832184771067
-1.0031298967055464
-1.0046987730740449
-2.9713443896448846
2.9873464609109295
-2.9919001802648553
3.0076762958489134
2.9762000119546212
1.0016442642233223
-3.026345836293318
-2.970628937689549
1.0008441475416079
0.9755738938520837
2.96379063633421
3.0222166885587773
1.0055247525027644
-2.9957154121600453
2.9669636229496503
2.977911476576894
-3.0123319486257976
-1.0032881485430118
1.0099770118237446
0.978358678452597
-1.012208830227895
3.0231012474056276
2.9803123804664273
1.0140654713122048
0.969522601910363
-0.9940316819040954
-3.010384824223916
-1.0018877734518747
-2.961347190753516
2.9610437663238147
3.0198204241143594
-0.9994464982019654
-1.0007308032386708
-2.9848481562048192
2.978344558028447
-2.9872135267417863
2.9892136275917354
2.9891252528272623
1.004316642702508
-3.0303367805263064
-2.963744432328311
1.0104982089466037
0.9722992978123713
2.9763217733572813
3.0153133138987775
1.0137453631658182
-2.996922481919989
2.9822733490200393
2.982627154695696
-3.0173227042285804
-1.020500803932971
1.0129038546185296
0.9675169172894467
-1.0001914480592586
3.0291309291330726
2.983412634408019
1.016789347886288
0.9744963149901114
-0.9905055407195597
-2.99986075946891
-1.0185116346125904
-2.9628323584493907
2.9584814121676772
3.0129395077171983
-0.9914626909154928
-1.010750712465614
-2.9889976238026863
2.9877727799597387
-2.977358325497773
2.9856993170645834
3.000655251971455
1.0027341305182107
-3.0246780676809366
-2.967480209016727
2.993725119968003
0.9630787912160138
2.973840169945201
2.992482094240323
1.0230059735941286
-3.028880716563194
2.9788082529894693
2.9860147165924085
0.9815368523198325
-1.0124877266449759
1.0153013654161667
0.973768374162332
-1.0054090261032325
3.000428994997993
2.996810067015476
1.0061199431905752
-1.0250909985365644
-0.9979561410354395
-3.006528509505797
-0.9997273009985089
-2.9662351295108245
2.9672996629524153
3.0123835306294056
-0.993859683936809
-1.0075811034906277
-2.9771186275524557
2.9835618714559424
-3.001625312570427
2.978458364126499
2.9869152841740414
1.0084481247677146
-3.0302936131926916
-0.9865303343804521
2.992911614171101
0.9705723017258582
3.0090592694997533
2.9866963077034003
1.0139231777907793
-3.0026478352431254
2.992665571585279
-2.989582893947441
0.9655207792825213
-1.0081429249040876
1.003004196776636
0.9786103615299727
-0.9735230072275904
2.9952372245876693
2.9774097147048275
3.018088336110569
-1.0178358005938781
-0.9855135088555926
-3.0202362996519696
-0.9925012832352191
-2.981578838368099
2.964387947372766
3.020916507645406
2.980749911301815
-1.0184391696855863
-2.9745726706279236
2.96233446258844
-2.976531414283165
2.9481352618977947
2.9975103327925345
0.9997111725378777
0.9585767508316859
-0.9749527925523974
2.982890413080977
0.9837450540097342
3.0005710176714517
2.968216356098802
1.016623712260385
-3.019197404146664
-2.998742731617288
-2.987492506869637
0.9726038959940655
-1.0041751669508354
0.9985059568311507
1.0069811151072723
-0.9805673665605505
2.988498459670329
2.9965458266928096
3.011046934795337
-1.019424473684523
-0.9768377838060556
-3.035429496577036
-1.0032762990951198
-2.972875845106288
2.959529148129596
1.0201014888045388
2.9910787680167474
-1.0041012770586544
-2.94392497204733
2.9464743943802034
-2.967387854711344
2.9550923405417255
2.9893768075122167
-0.9840229642544965
0.9588525889939138
-0.973772914385903
2.9725487124309953
1.0035229907034806
3.020616046663727
2.9698711925162122
1.0140752318530857
-1.0236428941604867
-2.999833528094142
-2.999346676853636
1.0011003087990755
-1.004851354723582
1.0008190250753954
1.025922935296845
-0.9842284628598406
-0.9960876203064075
2.9942848482452016
2.9852480316499115
-0.9952128857114471
-0.9866344917963319
-2.996870830566875
-1.0035531762299286
-2.9842415425563944
-2.994446463666983
1.0327704534089415
2.985927972597611
-0.9979425482314009
-2.9763224042870164
2.98989427625564
-2.9867871374659907
2.9591501374089786
1.0081718615533442
-0.9905142358679125
0.9461127263661815
-0.9595346951239287
2.956703499504148
0.9914122445233893
3.015352965685396
2.966623585592304
-0.9703806790728162
-1.019408102578974
-2.997372662176358
-2.977046454155996
0.971274219921182
-1.0009846135805445
0.9770245942479332
1.0017794495031147
-2.9818904634019012
-0.9970697195667807
2.9949126089613833
2.9718811265882894
-0.9856642083500521
-0.9847539215526402
-3.011349272545234
-1.0142598498566289
0.9996154932034924
-2.999918025659801
1.016732941447023
3.001373093929384
-0.9953464195150871
-2.9824908569029187
2.9903557794263778
-2.9818527098490173
-1.0328938492475164
1.0027500547478114
-1.007767046333567
0.9914999371712147
-0.9813289566847185
2.989477442245458
0.9968791437416421
3.009724506231228
-3.0070604743552534
-0.9775415616586426
-1.0294281341815865
-3.003566017857602
-2.995564373667401
1.0228026097996015
-1.0075159083557474
0.9821929201792626
1.0203728259907914
-2.9756856973973234
-0.989875287081538
2.992427564167769
2.9676788336230375
-0.984834789627115
-0.9881616638213482
-2.9967532512416533
-0.9980972047365241
1.004507668095344
-3.010878067302376
1.0183090605471017
2.9945829343238426
-1.0001245810046515
-2.9959087033749783
2.99996490985014
-2.9751337989720397
-1.0237043902368586
0.9995167492260735
-0.9897146431328498
0.9903217930327431
-0.9816648405771267
2.9947438319514212
1.0043360603874512
3.0141949214802626
-3.0175353834968233
-0.9696115746156386
-1.0173260172590282
-2.9887674585837245
-2.988085331470171
1.0271552981760868
-1.003823393564739
2.9746101069748927
1.016606143422564
-2.9687897204164284
-1.0244056189133741
3.012120711979063
2.9636712980540705
-0.9748618091992559
-0.9846301765458947
0.9897528334894063
-1.0156172622456094
0.998625514680063
-2.976124098329366
1.0229507889339207
2.9823750795619106
-0.9888491142331718
-2.9926965136321417
-0.9950788246146022
-2.9842533325890983
-1.0424653980239895
1.031153746589459
-1.0005679004390116
1.0076268817057832
-0.975156934010067
2.9862325847742426
-2.98713494821659
3.0106193226640414
-2.9984320440750527
-0.9932163326093846
-1.0366107269369114
-2.9636908219912392
-3.0062571684766564
1.0207957679588786
2.9736666880661717
2.9783365515514575
1.0001812592345032
-2.978711703814049
-1.0034359863250732
2.9787929073476844
2.9628053514542194
-0.9744734657566406
1.007588306438152
0.982217207660001
-1.0032424745858963
0.9920026824119436
-2.9853207254312224
1.0004539094160103
2.9818139002240236
-0.9973881879062995
-2.990861013918296
-0.9946990261021188
-2.9740330844368237
-1.0297895442378355
1.0298478158477231
-1.0105613302302843
1.0157762565280375
-0.9835299501130275
2.981789398458024
-2.991172604835353
3.02555422849926
-3.00048631741904
-0.9853381990149493
-1.0381802267547358
-2.9679482912800315
-2.994482334263022
1.0130247624116901
2.9871861938974797
2.9677701670623104
1.0434260465550174
-2.978693449244525
-1.0020184686791516
2.9868947594951774
2.9667084619756716
-2.9779345084918907
1.0116819703830715
0.9931140608525784
-1.0282729999440454
0.9975712685178654
-2.9503192306928976
0.9991276121184388
2.9791181987410185
2.98926184031878
-2.9857662882251845
-0.9725226268979398
-3.00014901494895
-1.027256843181419
1.0079279643279029
-1.004459156298203
1.0204189261792835
1.0153003331368684
2.9946817318094694
-2.9870346129617404
3.001469927737221
-3.000327785345671
-1.0125326127045549
-1.0248980466813242
-2.969336811511393
-1.0049004276567137
1.0237726119255472
2.965551160122248
3.00335862995669
1.0190840552904847
-2.990349222347415
-1.0050722168337582
2.9723121563013994
-3.0088563846421175
-2.9892089433133293
1.0014002326509344
1.000688389082683
-1.0376997271914374
1.0296753589040681
-2.985005420885261
1.0070741644047245
0.9933010074446773
2.9927554401944723
-3.0100320253598487
-0.9726556309097072
-3.0080328993753773
-1.021680094477487
0.9990474511941226
-0.9928263147881642
-0.9820426343564704
1.0038974496841226
2.99150138528468
-2.9790828512840846
2.988832450200972
-2.982783732335838
-1.0014675023547144
-1.0368768183160326
-2.9629971994535356
-1.0055062909148396
1.0248030334308569
2.9818999143243383
3.0102463446856684
1.0336992506315585
-2.9967397798243636
-1.0070723574011005
0.9892022092465584
-3.0145731927957966
-2.9740993563684652
1.0264495213169749
0.991890845238326
-1.0155971927897665
1.0360299372571626
-2.969228737551249
-2.9828960795434973
1.0012332275096274
2.9949133188901507
-3.0247793249959796
-0.968392042596825
-2.977575007304581
-1.0149894821546075
0.9991543500642921
2.969105785976235
-0.9701091607431053
0.9987283935994445
2.9781753090053256
-2.9762485857617804
2.972782208267729
-2.9763045406530764
-1.0010943249842092
2.962050535524448
-2.9696489854059527
-0.999110213283046
1.0086464839962372
2.99532774714028
2.979155513664966
1.0232964809299714
-2.9908760242655426
0.9866634808317192
0.9975882890792269
-3.0032957743691466
-2.9827255722609203
1.0270429258911888
0.9810779469785496
-1.0281537004543608
1.0229286610709694
-0.9916203314535679
-2.988745146783033
0.9969016158322634
3.00493951708924
-3.01789936008316
-0.9776523525217184
-2.9887540695306885
-1.0229583427804678
-0.9889255419743945
2.9825455778780707
-0.9864309804026696
1.028120245260443
2.958556217524178
-2.960323731910436
2.968938185730875
-2.9789067364188933
-2.9972712549021483
2.939315470409574
-2.958035469302919
-1.016843861478616
1.0092520797183633
2.9912656845249024
2.9705727421892956
1.0271635549761748
0.9929766312336434
0.9846525126596137
0.9828030655146182
-2.9999483578394783
-2.9999027081921916
1.0181412930153413
0.9931063344346993
-1.0219814357418615
-0.9545980201981592
-0.9936593988598585
-2.980521499422762
1.0064746498348252
3.007746817575983
-3.004340443018702
-0.9855651891270507
-2.976051545426074
-3.0002382340395553
-0.986758340548843
2.990235365137063
-0.9996017527219215
1.02184781003272
2.971995550681661
-2.9511126663211984
2.9568978746194707
1.010924386441968
-2.9908908391517532
2.9580011711526786
-2.956827734877433
-1.0285680654990008
0.9936582827038106
3.003787213059281
2.974346504831255
-0.9407157361650812
0.9971228172397709
0.9892041647930354
0.9944991307518317
-3.015514046282925
-2.964750953019877
1.0092795405180046
0.9791753536607174
-3.008151408664675
-0.9683724391425966
-0.967237405461913
-3.0095591724437885
1.0081968793187053
3.0070206294325845
-3.0038576746447543
-0.9908175283185716
2.9978977739660255
-3.0089355413039054
-0.9937662976153223
2.9838351900605633
-0.9942351854609998
0.9962046191938603
2.9762208407646438
-2.965601835668033
0.9891358378722649
1.0010253422238544
-3.013304159320748
2.9800106330175975
-2.9648002705846404
-1.0051443867447662
0.9893299164603052
3.006319775478092
-2.994905184100878
-0.9725896456953028
0.9928588799553206
0.9760841213991899
0.9975003639065714
-2.96944822512883
-2.9861624305054155
0.9977816501800193
2.985337200063147
-3.0120636215050567
-0.9667041977083899
-0.9897529878032192
-3.0118035243030215
1.0042525833312979
3.009576376331403
-3.0062730045994726
1.0065171226215746
2.988259910212969
-3.0157836101454722
-1.006894528191222
3.0032945888617575
-1.0061853345466094
0.9905223530687713
2.9749753893144564
-0.9570804070713096
0.9678882448571041
1.0020686758167192
-2.986661508508276
2.9863767657017455
-2.9705794745716334
-1.0008051204481152
0.986549395265683
-0.9832646160462609
-2.996772798464207
-0.9552011868459942
1.0145434788572463
0.9740604435872384
1.021268133149359
-2.9724890581242125
-2.991708369032914
-0.9840002382204066
2.988266810146098
-3.0064977056143127
-0.9615862090499717
-0.9935861829158087
-2.9925367688614624
0.9886583925490019
3.0076057604142123
-3.0038310345478876
1.0210482317351626
3.0051333046265953
-2.9901832332795513
-0.9979662179249221
3.00729703791476
-1.0049987261124185
1.0010892715247448
0.9799284438724853
-0.9697011550946449
0.9782239786431551
1.0317975212871322
-2.9903731728954517
2.977388454920949
-2.979176905071284
-1.0045477947423018
-3.0048236672235884
-0.9834351556028247
-2.998186935042591
-1.0021201312396883
1.0169616182947405
0.9834509816510698
1.0083481800388558
-2.983766507357927
2.9948187454323234
-0.9818681392028631
2.971949669865394
-3.0062291366967013
-0.9536376716419421
-1.0268588076851959
-2.989758181168048
0.9907227763206471
1.0190590591829891
-2.9954537415286353
0.9965229140864491
3.024269993154453
-3.00623678341407
-0.9961685161653697
2.999371432177042
-1.0033237447239725
-2.9795039023238514
0.9850416695283076
-0.9633651368874915
0.9555644177605278
1.0050448276532682
-2.9612443391144345
2.9992091129714082
-2.970864728907225
0.9997400158575414
-3.001261422539789
-0.9805584748704548
-3.0048086865723342
-0.991869128034695
0.9987852747082853
0.9854280083616386
1.0224094917474174
-0.9707511952871101
2.9998789829258845
-0.9873402725477053
3.0014804181846797
-3.0119775076304873
-0.9583599643074171
-1.024580495766694
-2.983211133796847
-0.9970779118928222
1.0345099692452597
-3.0079270904231126
1.0186425455832724
3.003014948829247
-2.989706313071108
-0.996778311244137
3.0035734729240655
-3.003447984321421
-2.984392668353622
0.990633411508026
-0.9934099032113078
0.9510791201680181
1.0352169735599543
-2.989129902416373
2.9844199223795775
1.0105146767993358
0.9806169629973975
-3.010552981743956
-0.9684477098490875
-3.008407771642328
-1.0173379601165575
1.004550003370817
0.9962956727405077
-0.9868482543124972
-0.9912402118316339
2.991502650484073
-0.9887548495173849
2.9890859130099994
-2.9983138216570326
-0.9747084675788872
-1.0246040986459395
-2.9895599326383175
-1.0031682199564598
1.0072943880357106
-2.999547715361991
1.023017593550801
3.0199909798345272
-2.991176051750733
-0.9974511361853918
2.994814789979331
-3.0079339351788152
-2.9840957903957848
0.982594268536041
-0.9969421112781403
0.961029478961829
1.0389014657600915
-2.976383995274836
2.9887159261042475
1.003549559681799
0.9917000678447915
-3.0016707094978496
-0.9655980278252901
-2.996536818632815
-1.0091023557960335
1.0115626919783574
0.9825763309033781
-0.9666916167298455
-0.9781404179981804
2.9927767080705006
-0.9926253723895868
2.9961150162635275
-2.9917448243845612
-0.965456390071995
-1.022697679489512
-2.9884548844908143
-1.0000707102329265
1.0238996022447342
-2.9983814876396004
0.9968324019603391
3.0113753353938804
-2.9918410144591694
-0.9931014484706601
2.99899407167645
-2.995983830933725
-2.9931648221582257
0.9910333682948568
-0.9877918205003053
0.9667617728329705
1.0346463533073786
-0.9752261946485566
2.998868290135476
1.0102573824207903
1.0005441741540428
-2.9982977446230272
-0.9780909687033517
-3.0069482619943773
-1.0166993728362055
-0.9904063385707088
0.9896265858173033
-0.9818527692279488
-0.9539949133254036
2.9821835038923266
-0.9672418313520986
2.981807606407759
-2.9890071881825673
-2.957952037871139
-1.026879419830768
-2.9827925465949425
-1.0193854464546996
1.0157163944572167
-3.0007963908770243
1.023819871168853
3.00616640293795
2.9895171069812525
-1.0046869413524708
3.0014070418668646
-3.0212280959360145
-2.9769477339497357
0.9723226112894564
-0.9807543500347756
0.9600241603703706
3.0337690993630884
-0.9914599937101098
2.9881761798957958
0.993626706324254
0.9938239496981036
-3.028766099508007
-0.9724872569830133
-2.994504600053946
2.9650276537723643
-0.9875087189394334
0.9969254216590947
-1.004931351770985
-0.9692895980644637
2.964316021625543
-0.9648180338937346
2.9958634590139246
0.9951963877681373
-2.959224247474677
-1.0237274831213072
-2.9583027936836603
-1.0455440399034392
0.9933647479848068
-2.9891476073356444
1.002617100597975
-0.9656419864114473
2.9841107042099124
-1.00237261964908
3.0284017821559233
-3.021150525259436
-2.964820966530786
0.9392296109471406
-0.9910791215832543
-3.0055364591066147
3.0075506343404306
-0.9713201986971066
2.9670145062244146
0.9729217651049803
1.0209220269512322
-3.014790318954538
-0.9768128073679796
2.9824511593022955
2.9630310614765216
-0.9880781721721382
0.9948305314243142
-0.990898628532298
-0.9966040717511426
2.952452758993009
-0.9772467698453887
0.9958359904751896
0.9775387656138568
-2.9608604989229517
-1.006649644515289
-2.9704712695618873
-1.023263602468462
1.0054834047874615
-2.9848098577266517
-2.9741966143581267
-0.9820611464702775
2.988432808493648
-1.0281475336446921
3.0333693100969805
-3.0114561854159323
-2.9656081995677255
0.9590200705668176
3.0151907942420855
-3.018710903701477
3.0344989343645064
-1.0009671257011148
2.9815101897303715
0.9597375138467821
1.0354117237074407
-3.0159914960734806
3.009554407979512
2.9817977971073883
2.9697108399139265
-1.018225401605093
1.0241842955708764
-1.0170611258949056
-0.9848632711298848
2.9712174751073666
3.0236699112531777
0.9839371211275288
0.9936624311588759
-2.987759764688483
-0.9899203222858688
-2.9979233730724846
-1.0107040241569265
1.001958299616134
0.9899296646145859
-2.96389801298904
-0.9722170107987129
3.009469764704194
-1.0217279393219973
3.014940488339607
-2.9986254215983426
-2.9560567366061683
-3.017924097769894
3.001889196924842
-3.0094308280000446
2.988668911519729
-0.9947637574935393
2.988011648971085
0.9575944788984022
1.031579732417482
2.9415853614864536
3.0053900026602176
2.986306940275948
2.986151820566444
-0.9977020438860407
0.9708757788360731
-1.027021994613651
-0.9780774046659966
2.9666725412848978
3.0083142458500625
0.9941961303532596
0.9774176752207105
-2.988052527386834
-0.9953037347677317
-2.9889119396136485
-1.0164991520500852
2.9976589792582113
1.0002378813587305
-2.974424025681586
-0.995915903505582
3.0336456079307563
-1.0416889600128958
3.013676814599502
-2.996756683319415
1.0169028344609667
-3.0361135240113173
3.0019218270395105
-2.992081052004325
2.9966400756228695
-1.0172614438380618
3.00230629970156
0.9445459854882056
-2.9437277786234026
2.959168126516008
3.0146926283639037
2.9553378909816557
2.9736058397399963
-0.9964246001631724
0.9867723347577946
-1.0106466445825397
2.9953301966175783
2.9707568627630105
3.0208041962927585
0.9670947651772511
0.9991617936419775
-3.0035498699000227
-0.9824509475866483
-3.001556753506227
2.971734452775167
2.996603745175855
0.9959145699295794
-3.012170138689858
-0.997017964591754
2.9953686528275765
-1.0218580390464267
3.0182726140066425
2.9869038630361326
1.014556356824075
-3.0213370915117688
2.9849497075937212
-2.986107176076559
2.9476754956005995
-1.0110834885610207
2.998728205133284
2.9555950593789664
-2.9506691079127023
2.9562892484905055
3.0032370552969327
2.9703614607349493
2.9664908092182887
-0.9768116711259961
0.9692274341028905
0.9743594706394365
3.0032968947427987
2.970969729531384
3.022537096294916
0.9636724209535621
0.9753220191715819
-3.002645351761263
-0.9880626736945732
-2.983424680343694
2.9576078397561236
2.9790374504150288
1.0005205409738889
-3.0076298134583332
-0.9767428013177064
2.9932234076218047
-1.0289685359069536
1.0148474571283919
2.975675922525829
1.0125425690705465
-2.9936084708246877
2.963349495581121
-2.97070548182262
2.957510172776471
-1.0151490989082708
-2.977203950738874
2.93984568275807
-2.940378666162724
2.9544850610345694
2.998443615713923
3.0023546412249735
2.950369438118944
-0.9862180857305288
0.9794996351064367
0.9738206316502094
2.9915590726918335
2.9613830064496156
3.015556653303456
0.9717332519781547
0.9988083298344756
-3.0201293557749205
-0.9848294985783292
-2.9993157295564172
2.9771778421070865
3.002870689593364
1.0121887448380371
-3.004303163257327
-0.9912575021009664
2.9901957863690156
-1.0234769173122196
1.0304957720720131
2.9674623344981037
1.0261288271417046
-2.9783832643038775
2.973486945906093
-2.965101968695486
2.9544180960317585
-2.9926599143196952
-2.975441922213836
2.9467211404317792
-2.96960194210857
2.966150964298361
2.993764758457623
2.983234648984444
2.953205074775413
2.9980285283257353
0.9671323691664997
0.9814910291758092
2.9802398812546023
2.982085345435243
2.9899792957659854
0.9831724417446186
0.9804681931693302
0.9967122155871441
-0.9865978291576127
-3.003348924183467
3.0023692601467
2.9750202558079852
0.9947898665024676
-3.0023594212097975
-0.9802373746093623
-2.9814634340226887
-1.0291112506897218
1.0216975311701901
2.999235437810058
1.0104272277299642
-2.963398023041088
2.9592529493294295
-2.9684495487214266
0.9742001328184304
-3.016498588865805
-2.9790052787753933
2.9737165282342035
-2.976635178317734
2.973708507723193
3.001682216149767
3.000738955154563
-1.0265094835342874
3.003686727465563
0.9632179995561971
1.0142794289003676
2.957505098939553
3.012396337785901
2.9876315086373797
0.9785857682414817
-3.0013650004324024
0.9696953433887501
-0.991175503646689
-3.0170854972275736
3.004459862145404
3.0145971164906125
0.9904393773817723
-3.0006994723689693
3.0022855591901645
-2.9896764758071064
-1.037328324088071
0.9940763699390163
2.998068521679132
0.9757043818205418
-2.940024462162363
2.963364411846465
1.0146446868864192
0.9701463414135318
-2.999990693644241
-2.9358837390083456
2.967370198543693
-2.99977352091242
2.981516772263642
2.9970675834554954
-2.9933058419897693
-1.0392630003046819
3.002314228400467
0.9651062849364527
1.0006755713249547
2.989160847249584
2.9905826507718527
2.9796207755080677
2.982167863435407
-2.991360440975046
0.9813431037928726
-1.0159130673286183
-3.0190744328506605
2.9820353191982454
3.0159372793771526
0.9893503210431317
0.9815946670095812
2.985020359765125
-2.9912818317974343
-0.9843639704573741
0.9869447705328961
2.9778376932006614
0.9908980239926399
-2.959726061464145
-3.0134243039655755
1.0277959195929844
0.9556326753904147
-3.0152042949754794
-2.9697370396013807
3.0034562777092186
-3.0186643355487295
2.9742921739947614
2.9973875284359677
-2.984347207946876
-1.0255703808775778
3.0112722831766
0.9504991123270133
1.0045269551577123
2.990664004529756
2.983377398973765
2.9866211341342495
2.9671454990765724
-3.0038117559564608
0.9698847233637377
-1.0039339611795328
-3.0222894226106125
2.9834945932892403
3.0230377309534706
2.98328098922893
0.990520476005132
3.014643223153308
-3.020342432289379
-0.9939400644816322
0.9803550510005562
2.975863618815306
0.9860827033349288
1.0488505624152902
-3.013537057009042
1.0113407131727201
0.9926054078791909
-3.0006798442465272
-2.970295696003257
3.021815248938164
-3.010411748210633
-0.9997117918316408
3.0017554873923564
-2.9748173502543103
-1.0142444715073746
2.993109874393036
0.9927211572429273
0.9944419150434473
2.987058179144828
-0.9745550376048429
2.992088873988297
2.967392346161936
-2.9741055826889466
0.9428449007628935
-0.9793423377154403
-3.0104521940236832
2.997031529587202
-0.9649178406940012
2.9772877607658215
0.978576932325813
3.0224889219608353
-3.029908923373186
-0.9542192917462544
0.9681900988119486
2.9893621800838197
-2.994655488005689
1.0236621602047682
-2.9964275989243747
0.9883005586119787
0.976515231679573
-2.9841721645243773
-2.983048794528397
3.01378382048695
0.9769818339194277
-1.0066839166609303
2.9831175602847253
-2.9709656455723565
-1.0017408831424952
2.966435321111757
0.9782221980845797
0.9978592815243463
-2.9725790807731567
-0.9975204463995508
2.993839607820962
2.9697913042257316
-2.9790848210397955
0.9803691889401568
-0.9980795130641688
-3.024274001686516
2.9880226856095105
-0.9713202794893738
2.978345795416738
0.9811025257039511
3.039753729142036
-3.031991363496349
-0.9587687999609481
0.9708259391498544
2.982894638427321
-2.9924509580875225
1.0322078320580939
-3.001899683234697
0.9937190421958838
0.9857740765751937
-2.982533250903462
-2.9921089242187793
3.004204986091323
0.9764123903513476
-0.9877081815393957
2.9792911887448974
-2.9465628184876036
-1.0003194744883852
2.9771689099729297
1.0011428064234968
2.983558080971476
-2.9840269465334748
-0.9866869243748533
2.974665574464066
2.979449168913086
-2.993424075477342
0.9923240180293394
-0.9900029088345024
0.9668794120648161
2.9999016083969567
-0.9593307745542521
2.9903900235197436
0.9914895762241703
3.0226304086597326
-3.0194047697260413
-0.9577200712692343
-3.0187075378597767
2.990601091502466
-2.9936378920789957
1.0249141895238723
-3.0097137521644743
1.0125261480158403
0.9742728924780137
-2.9864848481226574
1.013687788910606
3.002975906296035
0.9641046003089366
-0.977637189163631
2.981142179729857
-2.9744668034624953
-1.0048662841686848
2.971723106027101
-2.9918102865686866
2.985603260826005
-2.982975594694001
-0.9851097680836948
2.9609440370741913
3.001177839125177
-3.0028357674930093
0.9967947409188157
1.0050271274913951
0.9677980796505725
2.985422861792992
-0.9740883001841405
3.003254632639653
0.9613063775454745
3.0137963934354244
-3.0233995324868164
-2.949444619143689
-3.023918836401436
2.9931975143455
-3.012790437874564
1.0007601083215785
-2.992829758499338
1.0064110824142727
0.9825950665660359
0.9940688834965494
0.9957283601016557
2.9939385952241135
0.9842737213874077
-0.9729326706767502
2.935335583195061
-2.9680393788538306
-0.9983605866794202
-1.0211479207707896
-2.9913261068823145
2.99394296336227
-2.9768614995585136
-0.9936368888060092
2.9864159343980137
2.9802828939183743
-3.004968786296618
-0.9949880105729607
1.0058247466580381
0.9549125084627547
2.9826740986191465
-0.964125302475783
2.9977171453894944
0.9686242377126826
3.020675315571353
-3.0239188051434103
-2.9528218478109247
-3.019175134565684
2.994185789738334
-3.012637242431631
1.0100301164171208
-3.000355325572785
1.0146809687173095
0.9803039196186487
0.9936327867542735
1.006695510351501
3.015476490269969
0.989960389738617
-0.9801794747253947
2.958488383010611
-2.958382310143481
-1.014694481627797
-1.003294672478352
-2.9808436457446983
2.9762711871660334
-2.957858621297838
-0.9964387997252728
2.981691345335594
2.987854161792132
-2.993945736595516
-0.9965463802476859
1.009132881834071
0.9711484470914836
2.995135308982957
-0.966524456313711
3.0176950659804747
0.9621664472065866
3.0113597652561275
-3.0175328718991783
-2.9469160048106056
-3.0326150580859648
2.9915282766581024
-2.99876028538894
1.029136059173015
-3.004391833418796
2.997949218088131
0.9763645732633184
1.0130956324046239
0.9827841709796383
3.0192635679959463
0.9736605552977056
-0.9729241686974461
2.964520830188376
1.0031129922765734
-0.9986323780537026
-1.0292454029593534
-2.9625250514490675
2.9705905012617353
-2.9769812262385087
-1.0005533608343724
2.9887107354826687
-2.978566199415512
-3.0005047654112587
-0.9858821878905719
1.0016316386318427
0.9443434195560063
3.0270613874444603
-0.9842268288754787
3.0081301631161184
2.954724618723112
3.0183079300704936
-3.0301662801888645
-2.9786658937349624
-3.0196434251798547
2.979786792739288
-3.010056619081249
1.0167338369248395
0.9786338079387378
3.000507622066228
0.9634299717174025
1.045942971528016
0.9715034465458177
3.0026103847414847
0.9663158575527206
-0.9791235436811453
-3.021740364432843
1.0197872156932246
-1.0065535737042577
-1.0119561531274248
-2.960691069260758
3.0133700235049217
-3.006822882171541
-0.9853062897692475
2.9877519017239034
-2.9809229304740787
-2.995755659234901
-0.9845946972140385
1.0008607309146946
0.9712033970189446
3.0182011692333597
-0.9657989021291166
3.0097789280147045
2.9716261697241166
3.017903245262147
-3.0153130756677906
-2.97869849244542
-3.017779420944212
2.9842161217694687
-2.997760335903275
1.0257375077174586
0.9876362095460623
2.995184345512661
0.9630214760141929
1.0301140902901338
0.9829866019097223
2.9987654808920396
0.9891716019235524
-0.9707752837359693
-3.013069961841012
1.0070005822412382
-1.0145704675755078
-1.030136920081872
-2.9828706140402357
3.0123118448130777
-2.991255631395256
-0.9925729466657673
2.9780350959933712
-2.9807973208833234
-2.993450137098377
-1.0028529202533432
0.9953289115829959
0.947726105320057
3.0207058420685087
-0.9779141330740347
3.019050864927874
2.9603889836397252
3.0067121314959393
-3.014793438748788
-2.974172868560244
-3.027654483636176
2.966967666863412
-1.007866002569648
1.0143003364509837
0.974895553477101
3.0153305827432675
0.9638389802810718
1.0321131572312745
0.9707359748437623
2.980985962809948
-1.0201432324771171
-0.9768111769537212
-3.02966018648279
1.0251977529530418
-1.00387446422006
-1.0033136295037697
-2.968394802647542
3.016459156359652
-2.996471278571885
-0.9950861558586619
2.9868240399949983
-2.972570312743161
-3.0078632452609275
-0.9857760202997863
1.0001394387297886
0.9552028763737732
1.041734427279906
-0.9747053535719167
2.9973899485166635
2.9792186551105817
3.00832300170918
-2.9991002049449995
-2.966881573953457
-3.0064731060994507
-1.0014630916304406
-1.009298955390728
1.0147997412982364
1.0158027528967555
2.9939112480610266
1.0001766483521957
1.0180322459430893
0.9667289360760029
-0.9771692124764298
-1.0077711289415583
-0.9857087642914164
-2.98416810353628
1.0089148750192944
-0.9866755573122595
-1.0119637477587327
-2.968654448865095
-0.9622558674922344
-2.996356672509727
-0.9930893769713584
3.0011506394447682
-2.9919887266590783
-2.982389800275097
-1.0094898035129933
0.9880988242980979
-3.022886574947344
1.0155599516765856
-0.9635509694667159
2.9818318890059725
2.993247441942679
2.9987649947459376
-3.0062293561644244
-2.9829682083015245
0.9541933505683826
-1.0075066058048934
-1.022500551191343
1.0185669911980695
1.0147222200585764
2.9865864585352315
1.007726243414414
1.0115982996438813
-3.003975730174522
-1.0017678574227302
-1.0062941387007942
-1.0018348032057132
-2.986622733291771
1.01884871912795
-0.9814561352767832
-1.0179484982897793
1.0124676359908613
-0.9724555603446863
-2.989731675901021
-0.9976853363243696
3.0149046683538634
-3.009619011967255
-2.9729452489754236
-0.995946895605322
-0.9910643447823309
-3.03262163375973
1.0234390103209956
-0.9775290644638682
2.9830966110297976
2.9858455814086344
3.010069718693474
-3.0177205018304756
-2.972009711864682
0.9732857789377308
-1.0006797405873507
-1.0213374246428575
1.0389099798925066
1.0059090234176635
2.9827794615382572
1.006178916814991
1.0237516406857021
-3.0193054584686982
-0.9939415564835867
-1.0055726610975346
-1.0111356702800247
-2.9977965470452914
1.0261802680525853
-0.9946920094683067
-3.0051210087671345
1.0226095368503625
-0.9592320631228095
-3.0273220728092847
-0.980190096079219
3.010723708472059
-3.0109596952939586
-2.969594587962977
2.9853837400763865
-0.9983272744307746
-3.0135185421560937
0.9855222200885053
-0.9465933229115837
2.9472587078933095
2.9969270772230203
2.9985809754179593
2.970755967476818
-2.9736448486667926
0.9748833128747406
-1.0094277520191515
-1.0086333862649144
0.9859118393984273
1.0234189337318529
2.987864395730745
2.9940343512188297
1.0119355811655375
-2.99348267562935
-1.0227819234116964
-0.9785725448374802
-1.0209832666064809
-2.9889252282186893
1.0336720823829197
3.001202114121342
-3.0067850692839824
1.0105408403572018
-0.9942915517226535
-3.01515540168321
-1.0192159109019137
3.0288486009108286
-3.0066605442512504
2.9982338189038087
2.9792753748796152
-0.993814222318539
-3.033984657471476
1.0039703878124895
-0.9863953668834787
2.9579971213144582
3.0081130377669463
3.0163478115052826
2.96443397676799
-2.981584678169991
0.9743362753421436
-1.029573067982453
-1.01716632776886
0.999556196803065
1.0185083433391613
0.9834382263510356
2.9921659226094226
1.0097501726306293
-2.9889489464561336
-1.0173108209418642
-0.9822770376769575
-1.0268500318323603
-2.9818775994332585
-0.9666342052908782
2.985294273079521
-3.0034410148965986
1.0219222959473433
-1.0075610078815505
-2.9996599928472563
-1.0205274976648622
3.0245624786571357
-3.01731966054177
3.005309904099841
2.98655553768098
-0.988132382364178
-3.0245739171629817
1.0022513101707815
-1.0023288242950563
2.9673283150281917
1.0086299635166212
3.00524369065274
2.956319607986708
-2.9666415234292076
0.9777047687177493
-1.004684797870213
-1.0083502301486569
0.9914853037535566
-0.9628222232750172
0.9850288821672486
2.9882374665893714
1.0218224429629077
-2.997587041222392
-1.006641358747177
-0.9826600946238337
-1.0112121411592128
-2.9898855485947835
-0.960600287634714
2.9898357066977392
-2.9981407650268865
1.0225906354588112
-1.000080248561649
-2.9879982225339474
-1.0125011582914214
1.0235300808734118
-3.004848077102482
2.987520075537415
3.0152288278073436
-0.9977401683477573
-3.0026418708422007
0.9942711315639348
-0.9889430341898291
-3.0207974697115043
1.0240424775995451
3.005216015725505
2.964631152258437
-2.9735817067141954
1.0182166479885504
-1.0252756441812485
-1.00353093115305
0.9973008001267094
-0.968159794070889
0.9869640859329621
3.012803183429341
1.0119173484053996
-2.9827657240124816
-1.0167684129738344
-0.9691569405736412
-3.0202923423084
-2.9798737175593804
-0.9696495124772789
2.9865037131397014
-3.0013959779505934
1.0408398986153884
-1.0027799089394054
-2.988083714508002
0.977041832754368
1.0450737876281635
-3.0074525702413304
2.9957234335800234
3.0100419911467933
-1.0102286729718033
-3.0061270054156726
1.0006894629950145
-2.982605711773376
-3.0115571382584116
1.0138515988528858
2.9898275230943545
2.972091894240488
-2.9705162444515234
0.9960888261526876
-1.0145427100405568
2.9713807999222226
1.0092138504478045
-0.9707815392919154
0.9661438913895091
3.0138798594500495
0.9883777560335696
-2.9928815748518214
-1.0021378692624585
1.012457289381481
-3.011729052841684
-2.990147082246653
-0.9624104043830294
2.984217448993525
-3.004438345069533
1.0354996087655666
-1.0115166503237336
-3.003162930362775
0.974042481437274
1.0211753360913418
-3.0022868356178716
3.0031866660316746
3.0199305599450863
-1.0033364789940111
-3.0029816095211976
0.9876999469644466
-2.9800762373107337
-3.018926621821882
1.018775754526366
2.9812138931744787
2.9694714539742413
-2.9583692861150688
1.0124235967754465
-1.022640669774685
2.979200473973673
0.9850318433223897
-0.9494518942591642
0.9722097578916179
3.01403297244736
1.0000576920281816
-2.976407865301107
-3.0075974107611008
1.0178713533288906
-3.001437361121989
-3.0169674940101747
-0.9522904703157963
2.9968295578337836
-3.009403431127501
1.0279548854827742
2.974463270957371
-2.995766249628021
0.977328452283397
1.008397828754594
-2.991959075117317
2.9778132453503727
3.0318746227804105
-1.0108580209928626
2.9675709325531887
0.9909353203206264
-2.9808887402601485
-3.0167416856549494
1.0213513272206327
2.952855480635313
2.9891821462094255
-2.9672334784705217
0.9996151381009272
-1.0182417905147798
2.9761289386593464
0.9860568225171746
-0.9603786213250416
0.960535314651252
3.014536424636189
0.9863275136423456
-0.9870014389954017
-3.005132462981126
1.0072124062853103
-2.990539034197836
-2.990844911606863
-0.9809810016831764
2.989244248724223
-3.0075324135207446
-0.9542068078368099
2.9713405586785684
-2.997814957143663
0.9938086970401663
0.9914878764878351
-2.980790459242299
2.9787678974270655
3.0187016403697147
-2.9937731084373476
2.9738080574302406
1.0035796705669704
-3.007276174879351
-3.0195966685657316
1.0218476285206004
2.9382582790420897
2.976463089445725
1.0272246548750912
0.9953318650652647
-1.00496199911451
2.972020317844943
0.9799467017167702
-0.9719783843653077
0.9784367338423191
3.006544531966866
-0.9983078335423428
-0.9837252403165164
-3.001158718060848
1.0146989753923752
-3.002423182684081
-3.0083676341364654
-0.9718975341482434
2.985327683916825
-3.001764258304695
-0.9670784660010777
2.977717771602034
-2.9988129482261603
0.9861953972950563
0.9933561810254106
-2.9809128155887357
2.9693506026850454
3.0351681443946674
-2.989554313740579
2.9743552771475055
1.0006755321987386
-3.007551211693207
-3.0215419210358676
1.049594456658425
2.956259949394565
2.98216698459841
1.01307728022505
0.9958728593684094
-1.0050850238829911
2.973919122931704
0.9819689595938645
-0.971939619026848
0.9682342792224573
1.0413532204605784
-1.0024752297900397
-1.0030508837093626
-2.9788029191693606
1.013996142706258
-2.991485840619201
-3.001901015014724
-0.9703917678676448
-0.9777123054685044
-3.0115515033958404
-0.9584015410206027
2.997719876822041
-3.005323886732673
1.0293784134311872
0.9822178371728633
-2.9835652669387436
-1.0026217220931681
3.0193793357684275
-3.005193532297351
3.0001000747400948
0.9950735289257635
-2.97910817034639
-3.0255735782687663
1.0395579383412261
-1.0421192997517053
2.9866511214760014
1.0147337345581573
1.0256543221001757
-1.0211702655545398
3.0134880463421196
0.9758543718764645
-0.9762530910889627
-3.007178311234731
1.0139479900205508
-0.997484019463197
-1.0156322403169469
-2.9791216176106885
1.0183025663841507
-2.9847370044657238
-3.013531220938602
2.9954901143087205
-0.9892144572131794
-3.0011920000438406
-0.9963347270264782
3.018055978267764
-3.03381795808631
1.0187429764655014
0.9900680491378461
0.996707211729066
-1.004616636381455
3.0237146893269244
-2.9931942826143123
2.997949632789454
0.9611465055892898
-2.969571819585932
-3.0277158836855143
-0.9572128096980582
-1.0293349850888147
2.9778461482429197
1.0323924851499975
1.0310943981162708
-1.0114625618796511
2.9985433205253633
0.9679346018999243
-2.9716528629034853
-3.016589540709246
1.0314845669284103
-1.0211329303205319
-1.017607736478666
-2.963345947224294
1.0243081082073677
-2.98866064279344
2.9672896904397343
3.0190551944862567
-0.9788238243520683
-2.994634487282043
-0.9809669526552324
2.9877338101028443
-3.0313182377237613
1.0411271749445745
0.9805436458588591
0.9980734469214414
-1.0053049111671994
3.019418234091916
-2.9884584331698285
2.999690477351203
0.9840826678967822
-2.9695736915239386
-1.0300781819296068
-0.9516520585204113
-1.0412232065938518
2.9874566557653406
1.0195696710495468
1.0132270695800978
-0.9968293692396959
3.0021134542551327
-1.0142578345120066
-2.9666603038826156
-3.0107996038666025
1.0177186975372499
-1.040265359716077
-1.0051869581233044
-2.972886063697206
1.0269805658044902
-1.0012483045040357
2.980913413199189
2.9956777638286805
-0.9713457278578709
-3.0172993077092953
-0.9885110717391642
2.9804452723004067
-3.0111235847074456
-2.9563372926902978
0.9764456031063649
1.011055003825465
-1.026897656064009
3.0012017095541226
-2.982023379838389
2.979939044694627
0.9672815373569748
1.0078790458942273
-1.03199569567119
-0.973498129316759
-1.0310769241788023
2.9916192741695
1.0067576482194827
1.009458146524155
-1.0011007481228285
-0.9808576606818025
-1.0168360764793785
-2.977866693234599
-2.9841048415637257
1.0140385753855774
-1.006971654181568
-1.015101656643029
-2.973545505653647
-2.979372663255549
-1.0035941042081677
2.9737848790308985
2.974567197832047
-0.9595617186305823
-2.991599856306175
-0.9985745346999384
2.98738022320644
2.9476853511976215
-2.9507488723185333
0.9939926057114958
0.9953400916856169
-1.0223882445431298
2.975407580882926
-2.9647604005227564
2.9897393419977254
2.962220988230218
1.0124473545972323
-1.0299923064907526
-0.9866585496331848
-0.9982518788690771
2.9845131748285914
1.005445079455005
1.0330526759754568
0.978279266574965
-0.9776890758120975
-1.0200269171097425
-2.9698865720514567
-2.9720814895574796
0.986832450609438
-0.9925962046914755
-1.0021142593998775
-2.964495722368589
-2.9547745260958322
-1.0114870854343683
2.998376024357897
2.97383348175892
-0.956712968537331
-2.990947179002096
-0.9953954698615248
0.9941625515013717
2.963610434962183
-2.951723916893028
1.0372546320177145
0.9756056531862369
-0.9971876501335606
2.968231357170096
-2.966290754584387
-2.9873580564039157
2.9735714521503267
1.0114192029715028
-1.0291791860824755
-0.9796896827961921
-0.9716666949244179
2.957174389651701
1.0166309584734299
3.0133858518240833
0.9905323201165672
-0.9680708910146107
-1.0202491353888854
-2.977271709474763
-2.9935716389171145
0.9984093635538427
-1.007139953484116
0.9719765187776516
-2.9768925021645205
-2.9735893458593057
-0.9885024856199112
2.9919919064474163
2.9561791094088625
-0.9657611055857854
-2.983921682028015
-2.992513429452507
0.9905415525211164
2.9555952718296874
-2.9852943623718478
1.0248408851961472
0.9765188435112568
-1.0059530008502418
2.973478649193513
1.0110088211423127
-2.973647539893146
2.9565244409681233
1.044214749501651
-1.0399126091769857
-1.005842514728454
-0.9751032950714579
2.9695596253641847
-2.971898056353036
3.0094719356905135
0.9851275132495949
-0.980603450547584
-1.03561422393784
-2.939187644388754
-3.0026414762713065
0.997775772888181
0.995662959021817
0.9823311643555422
-2.9692864933923677
-2.954665007314639
-0.996158411115318
2.988288982923704
2.9560250152274326
-0.9480267344022367
-2.9853207720196138
-2.988387709834818
1.000040495115633
2.949415556163976
-2.985383810549221
1.0422615793208885
0.992037974367505
-1.0055550460338878
2.9782440225755233
1.0137579136869774
-2.9923427542575003
2.9753489120610976
1.0297799442455156
-1.0338861706409836
-1.0168137645420556
-0.9621290707568211
0.977731238255801
-2.9834854778602873
3.0007972071667544
1.016204395441961
-0.9867096425736622
-1.002941964124618
-2.965067018903344
-2.9881331974379917
-2.9838044174679945
0.9929986210731166
0.9867770952976884
-3.001715093524516
-2.9726323866474162
-0.9620567028588
2.972459777764071
2.97916701832907
3.0156783115378096
-2.982581903923666
-2.9960563195557555
0.9797909296275109
2.9689308929087717
-2.9961398549012412
1.0314381162531985
0.9813467338551753
0.9913669309121149
2.9735492750194314
1.016794907421168
-2.984669832390736
2.9635889818461987
1.030939320769523
-1.0376040380222278
-0.9937273684906981
-2.9692324895456754
0.975532047789722
-2.968952449842671
2.983485578372272
1.016239533326633
-0.9810654019401881
-1.0172050446716896
-2.952300708479927
0.9876583129820442
-2.9815088064532866
0.9743649803703376
1.0259904688689905
-3.002096886976074
-2.97911964993729
-0.9554405598588919
2.975964593985567
-3.0217802580979445
3.019330952075306
-2.9960743782427315
-2.9766592838875274
0.9724622447631008
2.993253409281175
-3.022329070654426
1.0428348139336918
0.9856202403626837
0.9910010915200418
2.963684313642796
1.03485149933402
-2.9838196679870377
2.972107379211846
1.017201422449943
-1.0302739072157403
-2.998666263677477
-2.9665438117102174
0.9763623446100853
-3.008209554924833
2.9739969084069986
1.0271610789459085
-0.989030760551978
-1.0268213813498237
3.0254549833733124
0.9917357442296345
-2.984192308488696
0.9993943163027822
1.0199883660869928
-3.037387283414863
-2.9693608465648076
-0.9644496775419472
0.9899447746293106
-3.0024906391058876
3.0233650481097114
-2.970665585589925
-2.9852808754740616
0.9929496215053196
2.9938216551022516
-3.020386612536398
-0.9541865640843948
0.9905420352177737
0.9943739682696651
2.973244760516419
1.0245172260172635
-2.968425697875892
2.970002804642358
1.0251381764844798
-1.020173057231383
-2.9990399808776544
-2.956985884759188
0.999738844757166
-2.997564053676994
2.992737052056258
1.02023820738217
-0.9898533563955347
-3.010891595298755
3.0138934643629645
0.9940967156273727
-3.0064980181354324
0.9966486028781579
1.0519602901037401
-3.026802167244974
-2.983506653388899
3.027886965125182
0.9827229862612155
-2.9992407710868974
2.9932451215581
-2.969916855588188
-3.011767222239849
0.9840043696086253
3.0062906025646616
0.9660194470911421
-0.9591110011396644
0.9872160769691594
1.0005412631253217
2.970612136768931
1.004943350298278
-2.9717813192369187
2.969592513658218
-0.9751539679177481
-1.038493678362785
-3.005197255113799
-2.965589329695885
0.9829071712416216
-2.9968707256477356
2.9820988235872408
1.0180062119828546
-2.980447823538621
-3.0183736006138093
3.047503777107597
0.9567354166670529
-2.9943078072623397
0.9933700327657711
1.0309195283200505
-3.0436743066166954
3.0028160044017613
3.0029752013943827
0.983058580104507
-3.01489201778885
3.0089824939260748
-3.00087909126267
-3.010690787023835
0.9871253262286966
2.996993892039748
0.9574872309027667
-0.946674548608131
0.9758616992582709
0.9962619574228526
2.967049260016213
1.014272978888072
-2.965029455544229
2.9704531408407493
-0.9711154254983417
-1.0314443393583421
-3.008960959175497
-2.9496990614319554
0.9907312390333193
-2.9971066249602276
2.9767153188816966
1.0319432154595538
-2.991267991317782
-3.0069499571158262
3.031516668882569
0.9514882836595864
-3.006283317022422
1.0015349106636013
1.0221601958391224
-3.031468079154518
3.0000505069093144
3.034734794075721
0.972107147272076
-2.994592335032732
2.9995356097360957
-3.0045317125646473
-3.0044394612833907
2.9839992575142387
2.9970902848623515
0.978424053541844
-0.9759699686961232
0.9963977295955592
0.9947789844611291
2.973959196100824
1.0059858614775432
1.0259727638265086
2.9656431602560613
-0.9742075062630824
-0.9969382704515853
-3.000126298898498
-2.9697148570712777
0.9976171630760535
-3.001409049598306
-2.9873992914815357
1.0059649687244343
-2.980440658888284
-3.0258427419023026
3.016368848892921
0.9922757098885845
-3.0013849053108794
1.0002892004814736
3.0323527426790755
-3.0426560419845763
3.0091104764073124
3.0005050808416236
0.9753783851599214
-3.0266641622020747
3.0015274044307168
-3.004824136163806
0.9864349486960471
2.976145556748187
2.982241977983322
0.9867472171126332
-0.9747766832271175
0.9765362380786236
0.9893134649228825
2.968668529583541
-2.9676940423359324
1.010256879054712
2.981525719224764
-1.0200180861230355
-0.9919872111367406
-2.988377992435884
-2.9789063803908458
0.9835524302550911
2.9862949817210223
-2.9835735897061877
1.0325469255418458
-2.9852652131851047
-3.017464895296795
2.99091599874435
1.0034931475440823
-3.0224320079632374
1.0063538369108693
3.0094597895454522
-3.038966371620032
3.0090357072203604
3.008510443090697
0.9931234737542829
-3.0140582906170503
3.0109474647855015
-3.006886901888983
0.9838066081586063
2.994197744198964
2.9837368777922824
0.9928751264841104
-0.9776270044033556
0.9704526997474467
0.9880234094355388
2.9736499523307414
-2.9817397707701776
1.0368455112012507
2.9677667030714954
-1.0034724461383182
-0.9943191289016748
-2.984618472180543
-2.983817445417454
2.978983660813437
2.9722128022259553
-2.9853880046356216
0.9860719890358375
-2.9684152798549865
-3.0292988311718982
2.994984650562908
1.0089479328536903
2.9742741000025994
1.008963237648284
3.0365250495380045
-3.0284330367781283
3.016313468370346
2.954858068965908
1.0006593728961575
-3.0164544883557127
3.0024673434489313
-2.9957925933727587
0.9881855012987979
2.9785830803845323
2.9969842859962683
0.9881869569096271
-0.9845490664627741
0.9661504904946898
0.9910811746206207
2.9793813229802435
-2.9795938281064145
1.0234890424382792
2.9613106750817035
-1.0082919398999357
-0.9999444930394731
-2.9954477536691058
-2.9766035200206464
2.989653759221986
2.9742335736811136
-2.98264853707028
0.9798322569898261
-2.969868175542046
-3.035194020710802
2.9992429342631843
1.0077178648086051
2.9668483693757923
1.0012090727663232
3.008068508264227
-3.0415515630469154
3.00995273245449
2.9770322694047593
0.9867149922175433
-1.0410107910091932
3.00103094492208
-3.0080751140556043
0.9908263055100031
2.9826532126782737
2.981407264407799
0.9881264474905982
-0.9774530485079131
-1.0163004141627492
0.9995841532799162
2.964196491816762
-2.989626890442378
1.0077601932534352
2.977046172115616
-1.0059794151222983
-0.9993264420567246
-0.9873814173316897
-2.9766225557394894
2.980929398146616
3.0070254192431123
-2.9874637106433957
0.9858087138142542
-2.974361831231089
-3.0270698752326832
-2.9854695550680037
1.0115550573483034
2.9671179626347355
0.9998300142890109
3.00253729484479
-2.9960629081047423
3.0147597350058066
2.955022488442483
2.988263711031026
-1.023305060658704
3.004279759721425
-3.035119378028012
1.0003977243722413
2.962762859080955
2.9923641126611735
1.0022246188803234
3.0026114668394754
-1.0217179123686997
0.9839258598740922
2.9750910061299436
-2.994131893282299
1.002526065581604
2.9670245955216066
-1.0183332441822661
0.9879681763529474
-0.9913156997025224
-2.9693670552763987
2.958368772266075
3.0219599580832073
-3.0040349004928544
0.9850094114746049
-2.96429342786935
-1.0484011956197432
-2.978588450308336
0.9911514994723276
2.996970336163565
0.9856876163610018
3.007556689075624
-3.007022237203054
2.990677405903446
-3.0087025759386847
2.9840653200792047
-1.0386327719309039
3.0114979992071227
-3.021780238293688
1.0330906086083926
2.9654593941822864
2.9762309989108613
0.9970980496287288
2.9933831118060645
-1.0052206788094034
0.9897235338711746
2.9572706764098577
-2.976075973183151
1.0033840361141018
2.979985852528337
-1.0078138491465691
0.9978118481975436
-0.9981731582097237
-2.9887489500309043
2.9672034980196873
3.018557181847495
-3.0070447577733974
0.9872833277233226
-0.9756586624666866
-1.032869886022624
-2.977666688413782
1.0178451151802537
3.00047691837551
0.981684325410364
3.005476752733705
-3.004710735299006
-0.9738195979705071
-3.019150283905726
2.965267053307968
-0.997142912251557
3.0131476515028353
-3.011850407426553
1.0245097827717498
2.9639097558980554
-2.9894408377017747
1.006440275962912
2.9986668390520435
-1.0027164856522723
0.9881006010493649
3.00440888783377
-2.995197415736892
1.0029662255192235
1.0019651604714697
-1.013572877003947
0.9968913239566958
-0.951771679953981
-2.9906887907259416
2.9817044449005636
3.0128411680518035
-2.9961138643064857
-2.999390365639172
-0.9706817225037858
-1.028960926689947
-3.0159209427631386
1.013746999578576
3.0183186719155293
0.9807303857414547
3.016925526717159
2.9668894458888353
-0.9756614578118489
-3.009171723531418
2.972677566577215
-0.9852480344570821
2.974945117271224
-2.9994578812058204
1.0329830063097556
2.94562436416983
-2.9831791560993253
0.9926319029258319
2.9976617711581284
-1.0179907973430995
0.9721729960345366
2.9938770395030554
-2.987712237732403
0.9973568958382393
0.9784591694286028
-1.0120404890151287
0.9683603702312733
-0.9561373754159764
-2.9991561881430586
2.978927277124543
3.024581175693548
-1.010071612612097
-2.9946978686755346
-0.9778465797639462
-0.9905487259183513
-3.031135999715787
1.0076243938874703
3.016861046872306
0.9772867786521605
-2.979247516280129
2.9752661044235755
-0.9805457695079955
-3.0072104462050193
2.9597645214934487
-0.9457591873767368
2.9559709338672633
-2.9889231860113186
1.0210658395969425
2.9548788823504206
-2.991301225104452
0.9837430433735875
3.00415352192864
-1.0008139516200614
0.976293231004414
3.005096567807526
-0.9903948980718489
1.0013490015223137
0.9866067653711605
-0.9859346461307225
0.9720176010833588
-0.9648689269637443
-2.9944199082860665
2.968912751304469
-0.9710186898974145
-1.0134084512893666
-3.0093213197854074
-0.9624217957916187
-1.002915555044788
-2.9914177574376315
1.0068441402818356
3.029194827615863
-3.009525306678843
-2.972748069805053
2.9851495327145896
-1.008525692790417
-3.007453377841088
2.989946315111461
-0.9671869052631084
2.961491596784682
2.9683328069540713
1.0462884568773183
2.948375543947327
-2.972578644152605
0.9938039767447252
2.95823897046145
-0.995601884166
0.9947702468945764
0.9979183304264161
-1.0010158001476417
0.9926538727656097
1.0190871210632673
-0.9968355268485176
0.9853927200669592
-0.984903793541283
-2.9871533267127295
-2.9890962959444387
-0.9556502993159854
-1.0060840194937801
-2.9847208415932625
-0.9651516420122227
-0.9628079797398479
-3.010228283283295
0.9957882528913405
1.0290402931854783
-3.0041912318869866
-2.981631253210139
3.0375872481147312
-1.0102517705417806
-2.9884426412717446
2.971915607236202
-0.9484497064320779
-3.025895260249033
2.9802091720280135
1.0206913415917176
2.9530025824397836
-2.9820635660239976
1.0344517096183405
2.9664188689404742
-0.997222562149518
2.975029857183219
1.0091871420809697
-0.9854511687770806
0.9800000095827115
1.0293650381958164
-1.0034613543400346
0.9895808397360074
-0.9651839348551561
0.978205870496128
-2.9872006705112746
-0.9808264688247966
-0.9829685684038509
-2.9923804557877616
-0.9965003889643264
-0.9621238057626126
-3.002570460555596
-2.9800343610794138
1.0381077437346322
-3.003617415221839
-2.9970331490156914
3.0176275851406444
-0.999953117319429
-2.99670368585899
2.976396140613439
3.017616415004894
-3.018682439468681
2.9800472503787705
1.0148771927309796
2.962875353345666
-3.0116317653032434
1.0314770769948232
2.96212409402077
0.9875240292064593
2.9788721798551183
1.0089331231084047
-0.9687348364085041
0.9637560381081379
1.0203123707771118
-1.0169848046084995
0.9888251296083678
-2.9691243802319507
0.9891002381479269
-2.9900628743520157
-0.9960102183650139
-0.9797417373478904
-2.9704173698893674
-0.9893230922998213
-0.9569059364827931
0.9729150728500403
-2.983120196203487
1.012086986147129
-2.970971696992801
-3.010413925413597
3.004922169774001
-0.9876092367701871
-2.994439003931647
-3.01320543269309
3.0193710884250367
-3.019663221505656
2.997393012868324
0.9997520995991421
2.995130181516064
-3.0105419735589574
1.0294291615630338
0.9635236532090099
0.9806426813593475
2.9718587628821687
1.0243070991665562
-0.9969985684929414
0.9768812006780854
1.0232040064755588
-1.0169996765386355
-0.9988237086157186
-2.9803941492951553
0.99213189814921
-2.9753802901360507
-1.004378635920426
-0.9657005130588606
-2.9952288921558696
-0.9979945431490196
-2.94553789009943
0.9745965077285557
-2.9750467707646813
0.9911828241532096
-2.978785352347053
-2.992152125518923
3.0011348062247882
-0.9956222605017682
2.984437227193475
-3.0046512682831135
3.0374451252881745
-3.045722442226391
3.0077286956863576
0.9827922554580931
3.006730382974716
-3.0151656955484465
3.0209542207896924
0.9661773813839085
1.005170584258351
2.9703306288479743
1.0080959733609356
-0.997845687270337
0.9895390390221439
1.0053791054593784
0.9854893907579398
-1.0042979693026404
-2.96642824170005
1.0000141515335104
-2.9713306220719136
-1.011808244640247
-0.9688388862539932
-2.985660681499562
-2.980025945817524
-2.958784200102212
0.9743336468997286
-2.979753743289582
0.9844293506028352
-2.955471990702607
-2.9994756222036028
2.993818494317135
1.0066672179307603
2.9821117086747706
-2.9853359548087166
3.0117246451866406
-3.024264462098539
2.995729378907394
0.9721660738675434
3.007305951361819
-1.027058039814373
3.013355891734814
0.9636905626595186
1.0194352734814163
2.9588620846739806
1.0234233722645252
-1.0043522517393357
0.977884980277896
-0.9805935044993648
0.9782262124027035
-0.9987443668233102
-2.9702560993788474
0.9987083304009539
-2.9570824990374556
-1.015958970072808
-0.9732086068093129
-2.983368170797631
-2.9918576481074504
-2.942819888737296
0.9726376397196649
-2.984603538979838
0.9819811776891676
-2.944626365636599
-3.004217125932913
2.994528157195449
0.9929505436362069
2.9736538718594834
-2.977195671234385
3.0210477738921035
-3.022299355685076
2.9935478999614653
0.9735202496932072
1.0039220840528165
-1.0352037235955467
3.0207506169882494
0.972271513073802
1.0097790119689272
2.9719696675789913
1.01476591655598
-1.0058225070983267
-1.0029143364217015
-0.9763519572493685
0.9917661204687838
-0.9882837112487899
-2.9648780543708364
1.0013085808301774
-2.971760656593537
-1.0093349668407223
-0.9673165885495819
-2.9864326509953254
-2.979326608835764
-2.964476976739127
0.9705055016896523
-2.9884932545568033
0.9905040270984871
-2.9595313666325374
-1.011095676132811
3.0112365019810343
0.9917796763474851
3.0079800510529475
-2.9875506539348047
3.002475994162368
-3.041076358579873
2.9934175361914273
-3.0084829454057513
1.0187569752488301
-1.0206373189271234
3.004851142536515
0.973206688960805
1.030030043697488
2.967735636133491
1.0129440811234893
1.0056018635629833
-1.0135227230294626
-0.9781460181408422
0.9794102613117832
-0.9930608658321913
-2.9841457318559805
1.0249029875423827
-2.966516754746063
-1.0068115671401585
-0.9780676786747063
-2.9778543696010145
-3.0026064017573577
-2.9653614998850513
0.9870335619232564
-2.9770731684100253
0.9843128535358125
-0.9471325507933602
-1.0053062129154346
2.99955226900052
1.0109133669080688
2.9962480769276545
-2.999050810456825
3.0212621832568733
-3.0275220249609975
-0.987594576298732
-3.0340045854281885
1.010187394291599
-1.013397576171111
2.9850016760621156
0.9909742331946187
1.015968529948528
2.957707162357625
-0.9736077486992607
0.9984588650964333
-1.009553147332762
-0.9883922326292482
0.9748654314314213
-0.9870851957759272
-2.9830498765006084
1.0140801364606842
-0.9695721177998083
-1.0191588634570845
-0.9740358468568494
-2.9658774861416726
-3.0057904582393724
-2.980163619135234
0.9801005724497187
-2.98805762482457
-2.993565227660621
-0.9679891888175097
-1.0014477343311157
2.958616173727674
1.0111040596314094
3.000267228141865
-2.997859120896744
3.0109013474943733
2.939791072526087
-0.9904809310565197
-3.0046723311665575
0.9942463828662875
-1.0078241021357475
2.9598748734025406
1.0111179933922063
1.0204583037887556
2.9631849471181924
-0.9904921404748235
0.9963311054028281
-1.012170855543111
-0.9922765839103272
0.9755967184421154
-0.9738183051187391
-2.9884172247756733
1.0046172119660253
-0.9826472560406578
-1.0092924902138716
-0.9963574920538087
-2.9543945392805715
-3.0058770560705343
-2.9770984729525827
0.9767074104329627
-0.9959021045445947
-3.004207142334207
-0.9739408327641255
-0.9820262761397189
2.966956560264253
1.008645165796267
3.028073792577835
-3.006853855690991
-2.9606860005272027
2.953583755098987
-0.9883596943814635
-3.011169541672271
1.0073701299726305
-0.9776843016350836
2.9569482738627806
1.0066807780585945
1.023255941487463
2.9623162105222947
-0.9695430163078395
0.9933422128194872
-0.9982505969686047
-0.9900244712481799
0.9817561315131349
-0.9782635945741135
-2.9848302607814503
1.017771709311586
-0.9728859472091288
-1.0170023347594843
-0.9962936388061423
-2.9635165761066045
-2.9978770446974665
-2.9701147782646036
0.9869579305183928
-0.9994599815625113
-2.999780944366288
-0.9760733427196425
-0.953830321495605
2.95173123816924
1.0074920160088636
3.009613765553142
-1.0163581323796744
-2.9547801270471252
2.934813418255944
-0.9840008292071091
-3.0037029443816787
0.9784695982899694
-0.9630642491826582
2.956361315661858
-2.9754214241664716
1.0151070094017927
2.962246959810759
-0.9824769022979456
0.9993270747284866
-1.0006023976167013
-0.9976570288654315
0.9754797482049802
1.0118482582008677
-2.980062194362446
1.0130718780339614
-0.9885682803996272
-1.0084090577709637
-1.0010881744120903
-2.9477683438797277
-3.0046722051211825
-0.9706386119676899
0.9777869573047356
-0.99263599848086
-2.960732594729211
-0.9932349584398896
-0.974201952753594
2.952195008427319
1.0112212328377173
-2.955073858892895
-1.0117685963590028
-2.9715515647696056
2.939039143134469
-0.9694532239081652
-2.974715315557158
0.9823137588690221
-0.9615471587752528
2.9510622153630157
-2.9771452625873076
1.024240263030022
2.9693930105834596
-0.990699579742705
0.9894557449043831
-0.9849519460444315
-0.9916206956834718
0.9873192290618467
1.0083293351250797
-2.9936823946139177
1.0166772937397068
-0.9900535498084798
-1.0104860767880304
-1.0013530056131608
-2.9471661603124093
-3.0050514276672757
-0.9789667841284417
0.9915912316652488
-1.0050243622986532
-2.948644735173625
-0.986726856305128
-0.9620791354488717
2.971759218328972
2.9947995859641123
-2.9494398036474756
-1.0003556800608655
-2.977863790390243
2.9577327230588617
-0.9993684357489515
-2.9621725707109356
0.9776335194736938
1.041299492005207
2.95845181108627
-2.9670720468228087
1.017962858193452
2.9698174832930984
-1.0018528555333959
1.0032500450632411
-0.9774437313419743
-0.9886160966613754
0.973563968748535
1.0070399314979916
-2.9837901223266208
1.0126019659303869
-0.976190053582228
-1.0165348643073162
-1.0063096154248343
-2.95783126183657
-2.9968319639845618
-0.9884764750404292
0.9835488217020202
-1.0131997323514415
-2.966724743729574
-0.9976609507836385
-0.9731900675387084
2.9503934202298794
2.9966680371311414
-2.9492299886330513
-1.0136104413869593
-2.9784232334781504
2.9470746396111474
-0.9878151867600561
-2.9741494019336985
2.9652446088837574
1.0252372368036191
2.9555940210942655
-3.0042576661159246
1.0143421953460767
2.9577336033249915
-1.003063496961853
0.9905974207885886
2.9864417924883444
-0.9924548905739999
0.9876718337963175
0.9890025501360585
-2.97976418519495
0.9755989040084556
-0.9744449712936878
-1.0041083664881567
2.989370559322328
-2.9530325307220586
-2.995884740504469
-0.9943689943433428
0.9846456237892378
-1.0318898456639365
-2.9454203852765817
-0.9787802662411403
3.009787533835505
2.9542266771507513
3.0092931555539573
-2.9779225826494278
-1.0070221665967196
-2.99825661568275
2.9623635024548776
-0.9833062650921149
1.0206675150665656
2.967388678751572
1.0242186185246476
2.9832090483316076
-2.9927113126597966
1.0002251570964424
2.9652335656873055
-0.9895280866489999
-0.9960636993346351
3.003357547237064
-0.9913573833034445
0.9821642900689551
0.980593336670566
-2.956983475842101
0.9875538739359654
-0.9805353671540877
-1.0026379183632588
2.9756337053296975
-2.9638769366750077
-2.9894798149706987
-1.0115269611350808
1.0077546596209814
-1.0312805377392822
-2.9562976072366896
-2.9870943357836377
3.023011967158561
2.9584424534836296
2.9853898687963403
-2.9788016707224925
-1.0131503254424972
-3.008240972197147
2.9576254036384566
2.992426833208924
1.013638352245522
2.9674473755245248
1.0102171702738294
2.9734354496810895
-3.0180963489466808
1.0134816449167798
2.941589356606611
0.9850369420166647
-0.9863943987764945
2.9876037275360967
-0.979633606266238
0.9844041429097541
0.9663610126174552
-2.961210341539785
0.9827473520917138
-2.9800198839432306
-1.0135819058846307
2.987284964060842
-2.9699826195112276
-2.9762759884234646
-0.9908618521418083
0.9923354407977302
-1.04491618432903
1.0391505984872955
-2.9897795237798777
2.9934259589199814
2.9896796500005816
2.9837381769327056
-3.00474393870542
-0.9858543611810575
-3.0044401828257015
-1.0321625927946207
2.990364550455645
1.0021603310075577
3.00620150888036
0.9945288387112163
3.0027637588307923
-3.031502083724647
1.0026801234559626
-3.005030845953293
0.9841825958147337
-1.005840336818076
3.000758244321191
-0.9868417985746294
1.0209575780073703
0.9626742674274776
-2.954103672910627
0.9867056987109839
-2.984690991885694
-0.9967809570956512
2.984170636455015
-2.9812072256509246
-2.9728107825499124
-1.0102888794341798
0.9971799333137937
-1.0165773147671404
1.042504631010087
-2.9771241092208336
3.017198262866093
2.98816985527141
2.9834696731473063
-2.9873402818862402
-0.9993237085697254
-3.0098131717014094
-1.0141724007225192
2.9952341767851323
0.990812879894846
3.0208014262270404
0.9981081408221674
3.011695553262839
-3.0209055706433268
3.010531007382759
-3.0202116348820303
0.9970460728577004
-1.0125767826304959
3.008215770315967
-1.0052903514613174
1.0249518692080706
0.9542620427290754
1.0135388672207166
0.986684947431347
-2.978059212004781
-0.9845766966321153
2.993176380570147
-2.9985741248915527
-2.978756162632552
-0.9992839278928003
-2.9890109077208478
-1.0461406677039342
1.0260509633095816
-3.0017392083836882
3.0127326581215086
3.015115524009831
2.9809341368107836
-3.0007843890700365
2.9937063045917705
-3.011219740404607
-1.0182000644644826
2.960380061608689
1.0002427044232882
2.9766535960583758
0.9988189043132559
3.0051387976235953
2.9386522883173933
3.002310577184893
-3.016563789035986
0.9825290398800937
-1.0246784708100378
2.9655259179408353
-1.0002960481516074
1.0312824529305848
2.9504910480148596
1.0324399159925
0.9795013801183863
-2.991297749844483
-0.9724885053163859
2.969031469813585
-3.0016180307645777
-2.962308450055047
0.9876532462738754
-2.9938627120660306
-1.0400443853129828
1.0516440957217736
-3.0060413889923474
2.990478007057435
3.0107776400218595
2.9707778654696617
-2.9950965011875197
2.997695092721824
-3.0022825563383075
-1.0023140949675236
2.9434523362374794
1.0080280152196812
2.983379452174129
0.9921755308931266
1.0133011783306116
2.937213732429899
2.993955764656441
-2.9964827979963555
0.9827249514785712
-0.9895062216655461
2.9579309408565497
-0.9953469373372568
-0.9692081061615959
2.954411103844829
1.024066359309499
0.9980980080400017
-2.983709836801667
-0.9608949877040498
2.9757552227331323
-2.999379073594289
-2.9731206127605203
0.9991272662937768
-2.979691171988817
-1.036567665268847
1.0372738662900154
-3.005938802079491
2.97515063902612
3.0043847079617603
2.9836303295534963
-3.00352106852556
2.9879080954409445
-3.029716758064109
-1.0111875709151048
2.9720955562131337
1.0057735901601845
2.995356328428149
3.000524169427492
1.0102220002074163
2.96205517012379
2.9895866069629413
-3.0033208373842215
0.9632398062318356
-0.9973354955184536
2.9712167206475204
1.0022085323672707
-0.9501994775125837
2.9484402673852053
1.0088165999814867
0.9849083596435408
-2.9972134558323136
-0.9682939128839481
2.972650301116968
-1.0142201118577145
-2.9745250287008087
0.997292263552532
-2.962763150440745
-1.0502115716863396
1.018231173611394
-2.995486387103179
2.9889216986409064
-0.9725379364871257
2.97639785433518
-3.012198420064214
3.022737217734277
-3.0300854828681634
-0.9684200297196252
2.942270117632039
0.99332288966096
-2.992170732680744
2.9876098092598307
1.0161349097170578
2.9596901190874005
2.9729949576116277
-2.9560296776028068
0.9568670587629307
-0.9968853757933935
0.9635949062585124
0.9951260033848576
-0.9829290236734994
2.9796087847243595
1.0097878728055332
1.0218629182081989
-3.0192564361132748
-0.9734830059440339
-3.0021262165776754
-1.009986971327002
-2.9714295117937075
0.9920955646696785
-2.977693639887267
-1.0027000828461112
1.0286545097533069
-2.994590901860115
2.9963517144236294
-0.9774413528587605
2.9699010509767794
-3.0048076374902477
3.0408722668958448
-3.028713897671681
-0.9663106507221597
2.9473274593507544
1.0075759110976155
-2.989653730182094
3.0016030153172193
1.0064791630908159
2.9691281446334825
2.9776899358840896
-2.9429716081372077
0.9495432405117263
-0.9883825680801465
0.9705121014413292
0.9944153322504027
-0.9699620140122005
2.998959180035173
0.984989790126396
1.005312791632587
-3.0111333076279143
-0.958562673279086
-3.010766947844253
-0.9895580982354565
-2.985675952660655
0.9947438612442356
-2.9676593917221594
-0.9979998015201499
1.0094044528333896
-2.9891823375108433
3.0012331270221044
-0.9753646770949728
2.991802697557806
-3.015371904807689
3.016981272867567
-3.021997028455845
-0.9771636804440803
0.9544422749721514
0.9946048911229481
-2.9991261071080575
3.0100388403772502
1.0096551707959924
2.9724911504737705
2.977649636240369
-2.9563813136306156
-3.025456070043001
-0.9935436586354629
0.9879218954976533
0.9839019036172525
-0.9843680067973607
3.004430734043612
0.9895090857176386
1.016687549964946
0.9723776349553125
-0.9732360607210033
-3.0038438930387663
-0.9956971616665898
-2.9676996868300396
0.9776996055723095
-2.9668388185118935
-1.0126355232428483
-0.9650084914598642
-2.9977532856292535
2.9845390912593364
-0.9629019099117325
2.9817983897343967
-3.001772824039879
3.040381805592269
-3.0278972840657787
-2.9577579328723917
0.9516200118447345
1.0117116805243485
-3.024255313304002
3.027959871923171
1.0139020058478927
2.968691458273937
2.975652675905356
1.0367762669105347
-3.0152219919556855
-0.9996757085286107
0.9833630565468819
0.9597295601328861
-0.9927304190664792
3.021871686832679
1.0121084390464654
-2.972685859652981
0.9671826890040852
-0.9602331703665477
-3.015398840376822
-1.0133867955538867
-2.9486970873900815
0.9589983294397294
-2.9623911254107527
0.9908764937268066
-0.9739306858424995
-3.0028857235669832
2.984906218072164
-0.963352847124715
2.9750213396777077
-3.0101789844912648
3.0373787697310766
-3.046019054678236
-2.9682452979359977
0.9578056190377768
1.0244653592789006
-3.0208898996756264
3.0292264168495113
1.0097269746341186
2.979769897197131
0.9789160391156184
1.0216312087538222
-3.032678028598905
-0.9713175494617169
1.001458493678825
0.9891869836958176
-1.0041741503985147
3.024487279180038
-3.0034010624859104
-2.976308131328508
0.9838967936861499
-0.9807969618361455
-3.020316281074869
-0.9725928849104298
-2.96661922627802
0.9740589201118613
1.0208696267339046
0.991440827779797
-0.9808310728165899
-2.9821412294931773
2.988319818186936
-0.974966996662451
2.971558986651049
-2.9903353461525533
-0.9554750133920712
-3.0212830881316215
-2.97283937369834
0.9814289941625404
1.0034264957294978
-2.9937294991074843
3.004832862340034
1.0155167708071529
-2.990264472076847
0.975277979198824
1.0235860255702354
-3.0157176413008693
-0.9998906487452917
1.0381374300138977
0.9739717487580105
-0.9986059371184284
1.0142991051965924
-2.9966792367227053
-2.967581213153192
0.9880440276716458
-0.9875843979011154
-3.0091002748521887
-0.9825675335261272
-2.9332467656064543
-1.027343414189549
1.01465167071145
0.9863345863838947
-0.9722423243762601
-2.9792239558790854
3.0113351914997466
-0.9853866901956363
2.9831593792521383
-2.9960683115157947
-0.9399568045578864
-3.035092871619974
-2.9731750404854047
0.9948867887044636
1.0172267906820673
-3.004532897227246
3.0152708775977612
1.0052257588571134
-2.9996492395229435
0.9701586624362993
1.0282299524943657
-3.012988842052204
-0.9844183499669845
1.0222872923863737
0.9797894700072043
-0.9988389112703883
1.032674891071615
-2.9970248839902145
-2.981680575350003
0.9947037263837145
-0.9765838497324437
-3.003232703878917
-0.9831521990392619
-2.965457418781104
-1.0250450413185834
1.0197727604227018
1.0062519377975536
-0.9889209266469937
-2.978880639178005
3.001935471573849
-0.9907283729870359
0.9832811854472452
-2.998681333717961
-0.9643821374768992
-3.0130476245799773
-2.975224365841795
1.010117424246124
1.008577056285079
-2.999266745047856
-0.9772860996662281
1.0138937126233734
-3.0057809643852207
0.9884788224375022
1.0154434029776656
-2.990145310407985
-0.9939606458683268
1.0389026745531253
-1.0085977263469015
-0.9954272234010145
1.018338902018609
-2.9702114675478417
-2.9764077295847122
0.9958021481800372
-0.9858467526872449
-2.9996080752973246
-2.963948276796769
-2.94130212161292
-1.0187258335038618
1.0049179740685255
0.9995342154182844
-0.9674563381645732
-2.9770538015885433
2.997775927306644
1.005965397274415
0.9828144494542208
-2.996330979377686
-0.9551906380466021
-2.9986368859664783
-2.994448841875904
1.0013029944162932
1.0118456695066649
-2.989136450333995
-0.9762472846652676
1.002850440479838
-3.0117694258373615
1.005279819547172
1.0300978506449199
-2.995534291331697
-0.9934008423892998
3.0085669741101326
-1.014462057610641
-0.987725686324288
1.003027881506176
-2.9741508357897994
-2.997414327278133
1.0086056933913259
-0.9923899695739854
2.9737337961566004
-2.989094328971064
-2.958216609674618
-1.0286179069736692
1.0101126904443656
0.9784484445822802
-0.9657044995221049
-2.982416048746312
3.011857674985124
0.9993868119287517
0.9915274623979923
-3.001507158441044
-0.9597322795158497
-3.007298308683558
-2.9935342807586567
1.016096057682137
1.015894336452712
-3.0049625348320355
-0.9592572538414476
1.0128519104073122
-3.0097789661892334
0.9982406215474531
1.0159389084238748
-2.9927252736722907
-0.9890131396311032
3.0094436671022122
-1.0164605232580273
-0.9802036362315513
0.9825422770498932
-2.955787708111859
-2.9960786274810665
1.0023553633483608
-2.9848913987677244
2.9664518676546177
-2.9532741840844303
-2.976899585395542
-1.0193703135510304
1.0164689241424798
0.956829085513945
-0.9621665827757425
1.0058892712085006
2.987008789472931
1.0033937189728965
0.9961386899862537
-2.995556604789619
-0.9896032245083195
-3.000459050843999
-2.9936306915312327
-0.9729177605309622
0.9984536316121996
-2.996913042146486
-0.9845021394360448
1.0132095154823726
-3.001337907755656
0.9916049250856751
1.0125456692224772
-1.0110633055026015
-0.9932688457086203
3.016968496442376
-0.9970155340281395
-0.9769251534784139
0.9779126372239156
-2.960931540768292
-3.001325689415824
-2.976016890081059
-2.9793268864196305
2.9711807867985187
-2.983253937015815
-2.9813333980673433
-1.0053579166317954
1.0127403413387306
0.9582870634447863
1.046145766565203
1.0022562077217074
3.0141231043678167
1.0023587596513432
1.0006679874381157
-2.9935381298510197
-0.9775966728785713
-3.002373406418843
-2.994867968022377
-0.9822765159094784
1.0221129134431184
-3.014773133844767
-0.9693635710963282
1.0150399520145374
-3.0016696321594813
1.0007617948812222
3.0146607435450794
-1.002618237779565
-0.983019994776006
2.995992240570253
-0.9925742245522169
-0.9905344020418441
0.9856765135525917
-2.969041381869103
0.9882580002506756
-2.9796356881973654
-2.987510072928601
2.979303854130697
-2.9671202657990037
-3.0076055340049392
-0.9917258911427236
1.0143389597783192
-1.0304596597969953
1.03230007619757
1.000782333677378
3.0054005646813606
0.9987185891397654
1.001916867047292
-3.006762966424654
-0.9870016778317332
-2.9963241377505456
-3.005001146660355
-0.9791665381973887
1.0093868381667521
-3.000578545200027
-0.9788591794688575
1.0156975174530332
-3.003873196254134
0.9893655592472994
3.001411025951495
-1.0095870820188875
-0.9894533163876378
2.990969652558729
-0.9834506535226273
-0.9970664056190413
0.9791795681220127
-2.9586921184418253
0.974833173683561
-2.9743176646146305
-2.999636977105045
2.9895342206055973
-2.9775160669655825
-2.9961095439504746
-1.000337216525039
3.005055756054
-1.0319984334847403
1.040936208115516
0.9895409407610655
3.0030814771533194
0.9848043677218681
1.0179203067710396
-3.0082094062867095
1.0143613286139854
-3.003069110834312
-2.998324631218271
-0.9819262505502655
1.009361708206487
-3.0078863277687997
-0.977071342209555
1.0152039213111053
-2.9996040680698077
0.9978829788434157
3.0206341820372886
-0.9976968376783178
-0.9823427850590802
2.985785573378452
-0.9883369849151548
-1.0030562573082296
0.9862849438195117
-2.9783146656661255
0.9839284573632107
-2.958997572834144
-3.0042969131103194
2.9824956103312785
-2.973162470988481
-3.0041276389547913
-2.9883003953543663
3.000433289340973
-1.024967480540734
1.0173421748530598
0.9858986087216038
3.013545789467857
0.9855827732084599
1.0116601497683362
0.9734767314721992
1.0027998790800101
-3.004888916376629
-2.9801522015049846
-0.990569389267509
0.99547005582848
-3.020337840507947
-0.9753234724973898
-0.9760044551349975
-2.9948579422386095
0.9949993013284357
3.02219869140224
-1.0061737202351484
-0.9597850226852551
2.981343169383324
-0.9873407911412998
-2.9863236123593215
0.977869352343227
-2.954957495437652
0.9572519225528452
-2.9489080449684386
-2.989659447627993
2.979167840592399
-2.9653630879839907
2.9807489339884468
-2.9968917962219574
3.013208585195047
-1.0538306843056107
1.020579413781123
0.9655569062626563
3.0194902712897065
0.9767271830144527
3.005913617980006
0.9734545399222466
1.022383709125303
-3.01141051960055
-2.9823334047786947
-0.991641292666484
0.9866363210520606
-3.007121604388899
1.017724289088465
-0.9759788890084392
-3.0063592882486567
0.9920780335643798
3.0150253506285623
-1.0063988239326631
-0.9854501023270246
2.994095160787579
-0.9873893799807221
-2.9914616553522646
0.9820345860012908
-2.960267913984211
0.9461177050645346
-2.9581124944167496
-2.9880263793160666
2.994281855970674
-0.9822417198818535
2.9723076544462206
-2.983940299947858
3.0133919910112734
-1.0319529746095388
1.0268474878547709
0.9540257310797383
3.0259726704287564
-0.9995977410443724
2.9954405946476093
0.97791753214596
1.0227388134468234
-3.0293143781902288
-2.9688350449941616
-0.9910513782026814
0.992903641265503
-3.0149259356215636
1.0194416242973332
-0.9886081214290897
-3.0066139668038523
0.9976868187724084
3.0176719885905623
-1.0243606838252195
-0.9765338683231072
2.9847029239204375
-0.992908200026933
-2.9930511489909892
0.9971438544990255
-2.970040717657886
0.96527772164308
-2.95261075534478
-2.993875194706477
0.986375616023546
-0.9751090675393764
2.95629094321949
-2.94677508388654
3.0100995423601344
-1.028208831935848
1.0073709699800315
0.9596615263469092
-2.9380861506618876
-1.0034711502988547
3.01141748250578
0.9813860937112349
1.0172111059042332
-2.9795592293694253
-2.977275989249693
-1.0027502163241575
2.9951425036784776
-3.003252355180297
1.0337067558049107
-0.9865726588421224
-2.9906388785458984
0.9726212952245545
3.0228768339548444
-1.0183773639805658
1.0152298043397603
2.9776933334947375
-0.9931882300421074
-2.99207430897142
0.9935664721931636
-2.979410398183703
0.9563072014871526
-2.9518943568359957
-2.994700213992037
1.006373176579152
-0.9816126985474102
2.9648517779744425
-2.96375247737364
3.0068148308126506
-1.0280498216762475
1.0082969412245644
0.9574784163435454
-2.9484889782979344
-1.0045345010495108
3.0073880806456588
0.9566972339213097
1.013493860333381
-2.989517645103533
-2.9861543437358335
-0.9977409210236351
2.980092316183973
-3.008683637083486
1.032374515513112
-0.990752318318129
-2.9984749220814297
0.9726412068443178
3.0336445784183246
-3.009652549557425
1.0109921390902898
2.997991052692309
-1.0015378843062666
-2.9912182321110596
1.008671157662734
-2.9859054658144863
0.9541079963416201
1.0395870993801775
-2.99727564910378
0.9899866051462198
-0.9940174835612304
2.9720429462896547
-2.9808141342528742
3.0075749634475852
-1.0121652058832185
-0.9734528681907176
0.9504944799678997
-2.9319644864341536
-1.0245454685815305
3.005863095387559
0.9794711855755067
1.0099505374793019
-2.9837285533691853
-0.9811233717964021
-1.001627395371804
2.9926542670704657
-3.000632830382525
1.0362298885349792
-1.0071520471004693
-2.988001673221491
0.9803907596783191
-0.9520825751235206
-3.0221376304179404
1.0330811015409156
2.9933666102933327
-1.0248202145312142
-2.960783556647959
1.0047431605925137
-2.9662841771746997
-1.0294095800615357
1.0280220527674404
-2.9948858842929575
0.9929291207486423
-0.9668684000700678
2.9756070126662064
-2.993350553430167
3.023001536647471
-1.0273425879556126
-0.9848843256027491
0.9663348610499556
-2.9566345088737247
-1.017470255955097
3.013787595488216
0.9725674669392699
1.0075079177362425
-2.989032912351938
-0.9948548583080816
-0.9930674059953956
2.9674581373835003
-2.981803421668789
1.0208744363520306
-0.9985350961431094
-2.9917105483222564
2.9665363427022267
-0.9517267006187917
-2.9851020509310637
0.9673229359502765
3.0191746905195265
-1.0149278800233839
-2.970777781567892
0.9982471161462871
3.000452278810603
-1.0442838489190724
1.0319872749731234
-2.994350622518141
1.0016007417253396
-1.019894771103731
2.996595272049282
-2.992408042120213
1.0129616409309028
-1.033846257188674
-0.9772266239866211
0.9783136914178755
-2.947677586199977
-1.0152084734139604
3.0038630137883198
0.9736811519335004
-0.969994977090587
-2.996339006607957
-0.9710754932141535
-0.9968592424127837
2.9605834329644947
-2.977707615313694
1.0413987114818293
-1.010817204225927
-1.0173395954360542
2.9751798802300335
-0.9525441736858847
-2.987857249390628
0.9881083079841932
3.007634487744226
-1.0351986681624077
-2.9647333599096
-0.9853111805400359
2.9934884969606177
-1.0320193450974438
1.0180727492777293
-2.981705059982743
1.0091020501091503
-1.0097359052756854
2.994971977357421
-2.965042125290962
1.0186952177996507
-1.0096325052180144
-0.9934587296545091
0.9785203750129624
-2.953702074353233
-1.0011384719016367
3.0189082457618364
2.9738144212204096
-0.9859214978882008
-2.979626737341658
-0.9894252261550968
-0.994172663993249
2.9568964670999858
-2.9732081533998236
1.0359382891516808
0.9879805372372685
-1.000154694217336
2.9574340348378683
-0.9659583769293623
-2.98129738200634
0.9672311677485385
3.0101631671210884
-1.0221334056362474
-2.9648233688452135
-0.9961125582127089
2.9973467294500065
-1.0234147090961534
1.02178669578476
-2.988154421266647
1.0153844930470681
-1.0140702078861
1.0004395624511264
-2.9797644945629767
1.010234993068007
-1.002554395813393
-1.003055885549582
0.9844947540826459
-2.948827235059318
-0.997501938223604
-0.976199469249544
2.9714571957786946
-0.9851595214214482
-2.9700530454852907
-1.0061642124495225
-0.9803523857350862
2.941998255003268
-2.9701408021077698
-0.9738490125156526
0.9900998980944575
-1.0067098449087402
2.9651035304736437
-0.9623727643078329
-2.9824112647301586
0.96152980642777
3.007469888116169
-1.036490088662173
-2.9588305237327184
-0.9878560030263388
2.9923597409106506
-1.0334607437602985
1.0370250188692158
-2.9931002272555998
1.0158545915577726
-3.00128209967652
1.00261886587897
-2.979277217168162
0.9960153986341548
-0.9922758260564214
-0.9940732592346436
0.9856387948008872
-2.9430731428825307
0.9848079174935723
-0.9764239071643979
2.9728040494525625
-1.0002917741239064
-2.9586750916660742
-1.025463308639495
-0.9784183848697854
2.9623212199478726
-0.9835966736701172
-0.9558064548804935
0.9859730807824683
-0.9822804532673667
2.9757547698162594
-0.9701658388245797
-2.969839072291907
0.965434742632466
-0.9793257404319364
-1.0317875621328207
-2.967250258192636
-0.9737505138986949
2.997797346737966
-0.9954677308474988
1.012929562718378
-2.9802978182012136
-2.967305255484487
-3.002134782643336
0.9977221671697332
-3.00859481428867
1.0066921575745884
-0.9687529338682939
-0.9963576958332864
0.9914615792703778
1.023818335557512
0.9831003448390317
-0.9886772187956708
3.018653137091529
-1.0065530404749528
-2.984501194783239
-1.0185773396189837
-0.9693071290864441
-3.0267582770771595
-0.9848775736699438
-0.9725549997788205
0.9744019437366135
-0.9796865866999241
3.0031869205425044
-0.9787750212593944
-2.9772885117529517
2.94903309795572
-0.9673698387184141
-1.0067651470583099
-3.0036083684929356
-0.9706355067841368
2.9860870071602283
-1.0054997413231734
1.0265748252914773
2.967462882823685
-2.9789020751915567
-3.0078092135011607
0.9866241965510087
-2.982946862190047
0.9774667738220991
-0.9714958796990819
-1.0045565954159494
2.977615524374974
1.0376560752546506
0.9874649891452303
-1.0194175267075072
3.013959525184733
-1.0067014250589326
-2.9768574716839136
-1.011815687982346
3.010229666218745
-3.0252308654241755
-0.9711839231219481
-0.9987838076207141
0.9855474144749468
-1.0059865445087193
3.00623194949408
-0.9715377034617734
1.013372225837505
2.9602803123976953
-0.9788928017436467
-0.9995618245785015
-2.99876641151263
-0.9849827414342568
2.980292727403173
-0.990846698435792
-2.963217396584306
2.9879875228797177
-2.961533759349894
-3.0045722440309266
0.9934669877612832
-2.9621706783212427
0.959073765424749
-0.9617138043962623
2.9816322409932483
2.9795341584545554
1.044746907063348
0.9615615426452231
-1.0088064379005777
2.986650911314592
-1.0105348580800266
-2.972749314940759
2.960142019944746
3.0159260526225005
-3.0113646455789596
-0.998764899235092
-0.9693011403295844
0.9574885908810644
-1.0111537136421658
3.0136907440255007
3.0010536459080424
1.0080530181432301
2.963073427047524
-1.0057345567589293
-0.9864297071892603
-3.0200866040863907
-0.9712734846707061
2.978388643193731
0.9944411744771581
-2.972271343579409
2.9754116042041012
-2.95709966921524
-3.0235857024043518
0.9773498456571379
-2.972295928124706
0.9658036769321455
-2.9637358983632325
2.9834498701287036
2.9771510341315923
1.0067705537356875
0.9699698766997126
-0.9820977344017691
2.985754244411692
-1.0118466660332972
1.0085402470161358
2.9685472903243757
3.001473405660263
-3.0041239840519687
-1.0124131269001622
-1.00252750069399
0.9721071071022626
-1.0016325426170638
-0.9821029317108705
2.993747418197739
1.0010330216325836
2.985836018497065
-1.0027459493084852
-0.958509340633675
-3.038029832470915
-0.9763922165018163
-0.9956544416404388
0.9891964375394152
-2.961132305715539
2.9869426607315406
-2.9693572798083596
-2.9849028791051233
0.9752058929110576
-2.9661309902382156
-1.01941532016857
-2.9621831787435644
2.9776717716873744
2.9957583521826883
1.0147059308292061
0.9863656149658961
-1.0001993696572256
2.983922701181001
-2.998058247415442
0.9954002349001773
2.9791321058272615
2.9957231533893856
-3.0039389236264036
-0.9895108280063728
-1.0020913240175964
0.9630750116105479
2.994548908539963
-0.9787990763729618
3.0045761076645965
0.9777643773466546
3.0014092836763893
-1.0277508624845275
-0.9546648445428946
-3.033532096814612
3.0089361069137768
-0.9934644180007295
0.9989790828494228
-2.99979777329253
3.017047706734003
-2.9839592384097413
-2.9951581268400673
0.9754401137766009
3.012567429431694
-1.0354351121528171
-2.9608386685840204
2.969985009283326
3.000854724049374
0.985128049296722
0.9800901012704785
-0.9914396021457099
2.9904892820227778
-2.9968290210407926
1.0144210752010854
2.9756990556929535
2.9837382374998542
-3.006331136167198
-0.995101954095803
-0.9962910933769301
2.9532946855694155
2.965779666511223
-0.9561234063052486
2.9696721248210824
0.9938363472166568
2.9934633902572187
-1.033734124883981
-0.9585414226716366
2.9514243119694474
3.0093081683531007
-0.9974983405509452
0.9791145681438369
-2.9968573535412277
2.9774227686845083
-2.9865429664032543
-2.9856115328190627
2.962339538207158
3.0195248759603843
-1.0134150257365488
-2.9728049576543896
2.9850369118878053
2.993174173915084
0.9682170205451878
1.0086024377975915
3.0063946467510467
2.9806982658654952
-2.9952768301417323
0.9744116972049297
2.98924937897328
2.966996421882715
-2.9873417303328864
-0.989116285614333
2.975958189371847
2.9614769915789325
2.9784603284707893
-0.9810701923484136
2.986976688867996
0.9589207480640588
3.0028214707603786
-1.0250754004746823
1.0316287439068759
2.935436501336407
2.998711333884447
-1.0023569305782736
0.9979940652037379
-3.0006257335076914
2.9755500495490224
-2.9796296286401436
-2.9869560676226863
2.9706056394586113
3.01924732385724
-1.0248148695339447
-2.980888828108857
2.9834932146730484
2.993803888850112
0.9750431085804874
0.994026512443588
2.972426209155846
2.9808494256527402
-2.9987663930349844
0.9871773508457624
2.9761682058284236
2.9589063779817835
-2.9900644775285237
-0.9808965510902053
2.9884242206267317
2.9522563094080567
2.97487421739567
-0.978202609443918
2.99294989306859
0.952546134849091
2.9817168577597246
-1.026381467043631
1.026314988250311
2.9353207254107603
3.0184904660608938
-0.9955359539346623
0.98301172752919
-3.0097634514131064
2.9827335087253135
-2.9701992198502274
-2.9954677709059134
2.9489853272446402
3.0039989792645
-1.0180138289035003
-2.9734611545683047
2.9786123645951768
2.9917208576099363
0.9840818542063973
0.9862510597155352
2.992438046527028
2.98797766585818
-2.984330016833985
0.9834527583502359
2.9816794800322817
2.9642558687834133
-2.9928416501673074
-0.9911986375760728
2.9779582659024113
2.974236802752001
2.9888311681822417
-0.9760246559641742
2.9782150706971002
0.9777054915797614
1.0102327391496095
-1.0297658694739111
1.0389564384221652
2.967097964900246
3.0000626538515243
-0.9792852413826385
0.9857728420101971
-3.014715518589133
-1.0055841030950117
-2.9870299530525943
-2.9962502124104904
3.001337562706471
2.993734408762888
-0.9807260261220796
-2.9931175623408937
2.9804854780453085
-2.983206554416911
0.9747101646023032
0.9996336709766364
2.9791900162988196
2.9740950120384433
-2.961943385038637
0.9663465616093595
2.9733687854318496
2.96150023471855
-2.9982177403523007
-0.9892450016767846
2.9736376309909835
2.9758339537241048
2.9848774992316116
-0.9847116522725504
2.9898726666726647
0.9554534076769732
0.9975013640853957
-1.0327023339166084
1.023009257755027
2.956698018310001
3.0060362030689567
-0.986146623549472
0.9847705482854826
-3.0055033546414895
-1.0064438185853157
-2.9839758251057575
-3.0004702455652628
2.9967501518918214
2.993452636220917
-0.9879978948810623
-2.990331769921161
2.9747066297298534
-2.9815337065331664
0.9919469989187748
0.988503778617236
2.986519866951757
2.9829987071227504
-2.9650000098190032
0.9739870358988996
0.9902073155860165
2.9589259413553
-3.005494943688856
-0.9702874625582648
2.9753571536750996
2.9793288990562656
2.974022985472357
-0.9772746761654427
-1.000180413065348
0.9808043810489296
1.007174467238648
-1.0187713386137216
1.0183615927391811
2.98372344108374
2.9926918643549034
-0.9730545876505626
-1.0093234519034142
-3.019572167251878
-1.0014507010661684
-2.988060603398232
-3.003750874534771
3.0192726122833475
2.992983936799106
-0.9927515278771207
-2.988200507304589
2.994372259698928
-2.98644619798748
0.965360645582055
1.0050321361238153
2.978899075390672
2.976806999244884
-2.949951753097881
0.9711206467728731
0.9835260464022603
2.9680303956401386
-2.9941144697321955
-0.9674608982260591
2.9671424140710005
2.986095597311984
2.9779168126102635
-0.9847145795119918
-0.9962772503409008
0.9590214522743964
1.0156770590162942
-1.008041698484269
1.01988997304626
2.9936309699984287
3.0002366813863994
-2.974389226599021
-0.9931161473317287
-2.990649814817064
-1.0141818276601335
-2.96974334651125
-2.985289857191658
2.994562030245672
2.9816360182323645
1.0066801181414542
-2.9926419515204654
2.978649362115177
-2.9858814661692996
0.9722691461712865
0.9893063899709736
2.990287551202154
2.980273783652539
-2.9671669927419577
0.9772968284082251
0.9748415587019266
2.966823738648344
-2.9962562228504988
-0.9681695023552834
2.95188168370951
2.989309127647781
0.9895385465288957
-0.9772800606057637
-1.0059541480266558
0.9750684836295529
0.9981926058595171
-0.9983183698641941
1.0192439031456169
2.9900886795066173
-0.993496192475162
-2.968425290207632
-1.0291686863420577
-2.9699707951542176
-1.0234239018615368
-2.954754390072009
-2.9973316305000095
3.007244490324735
-2.983169293919034
0.9976658453769338
-2.982852845392594
2.9914416094067864
-2.9970440351606613
1.0166687245913937
0.9790972053671888
2.984521162855509
2.9800601048941946
-2.955162807487133
0.9685729207834989
0.9806994515654451
2.980250571078007
-3.0085313150243573
-0.9666371132637619
2.982869428293363
2.9742538400397125
0.9830060772598211
-0.966221754697641
-0.9955094048879091
0.980287705176146
0.9989487207086121
-0.9979076371019079
1.0208843821857407
1.0044718193656519
-0.9835271071796995
-2.9748529312881473
-0.9879192539914778
-2.968265168716732
-1.014313200383779
-2.9509013546398193
-3.0035100588767163
-0.9659581495547181
-2.9750384535848724
0.9857991379182569
-2.9537293964706626
2.9668840029527765
-2.967976021309244
1.009590939503064
0.986816505774234
-2.9890173155073385
2.980593468404429
-2.966302005339045
0.988470130566879
0.9711285494236592
3.00171629435311
-3.0095748276391237
-0.9605282828538448
0.9755948829669746
2.9826637912357685
0.9779462063191245
-0.9702133084570551
-1.0054429496038184
1.0013388135289485
1.010721517016377
-1.0048985351982818
-2.964544063754761
1.004449611602846
-0.9743914540029885
-3.0133745356359003
-1.0035624113659616
-2.964377925844854
-1.0249215986108664
-2.951062991578177
2.970624943282126
-0.9774159692638912
-2.979242815883828
0.9656198773400717
-2.93551980496467
2.9329658996723897
-2.964840865026148
1.0074805567123815
2.9688332240724944
-2.976432385528847
2.9881763415238156
-2.994163147730486
1.005630568318528
0.9601138244824983
3.0240137290984674
-3.0085248241422176
3.005509950142783
0.9696897651506028
2.9945429613124475
0.9469782656411881
-0.9403932736811457
-1.0345787376630338
1.0121582874323132
0.9872269563784528
2.9846537318479847
-2.9645416131676865
1.0020403863373561
-0.9973902131439766
-2.998786940022909
-1.0101971278698052
-2.9356633008278297
-1.0221799666266067
1.0198134494091113
2.981617396375081
-0.9736484548392144
-2.983519445829175
0.9827339356322343
-2.9568089803971205
2.949592845324392
-2.9562386351857546
-0.9886528252366289
2.9830730623410884
-2.9913413312890103
2.99609257795557
-2.991358751973828
1.0116134620531345
0.9592627829694412
3.010411223822111
-3.0245999278538647
3.0220649038574448
0.9886811391538474
2.98397773821953
0.9686176705074425
-0.9539223166694224
-1.0452059638831275
1.0022140679881255
2.9767069225159046
2.983262971449872
-2.951663420606189
0.9717009403539738
-0.996909204382462
-3.0047627663471728
-1.0056628513523171
-2.9488774818581094
2.9655842655131615
1.0335114461416532
2.979557240316569
-0.9944342907705458
-2.9533603236618826
0.936574427992053
-2.95150833809754
2.9607273825583036
1.0218169511449386
-0.9907553509209109
2.9567585978681774
-2.9572883459806873
2.9838989759345353
-3.009308073886309
1.0200105379518623
0.9540552894387446
-2.967947154280119
-3.00194788891384
3.0149382944393937
0.9797197212039548
2.9673506798290434
0.9861562639502305
-0.9723643150774333
-1.01823680932338
2.99315542590047
2.985235363942451
2.9827710138932293
-2.9789026156950866
0.9865021058003949
-1.0004947765270282
-3.018355501534842
-1.019461345851382
3.025475074485477
2.9767410290451437
1.0251752207351348
2.985343585457125
-1.0090681394081071
-2.9896016949893824
0.95959153666112
-2.944987013083273
0.9420363306457159
1.0247843048664174
-1.000075398275732
2.982695552157513
-2.9541993171274328
2.9959965006520415
-3.034002923970388
1.0162584652543392
-1.041710770555777
-2.952008884968986
-3.0172085476215824
3.0261639186234324
0.9686299359774632
2.993188995428003
0.9897024668897865
-0.9496085392079462
-3.0312609470025076
2.996049724695127
2.983557755371901
2.9667413690807294
-3.0032190878325635
1.0062962963124535
-1.01668070750605
-2.999214076642152
2.975540181317295
3.0400922166402102
2.974656865025109
0.999702028796301
3.007516483800706
-1.0195242896183818
-2.984094595924266
0.958459834511913
1.0161301314580773
0.9605542983877535
1.0158791859745508
-0.9577654509410906
2.972582711301136
-2.976770405149573
3.0085334655254483
-3.0081545522445845
-2.967605307633887
-1.0420313896641762
-2.9611111619460844
-3.026517973669975
3.033696932862537
0.9944447865578417
2.9757129070265305
0.9834122653611613
3.020787418688153
-3.025423111514613
3.0030629448365658
2.9770906312683865
2.988622663657611
-3.015245306253767
0.9989393873485864
-1.0169190531952208
0.9715357428438048
2.9755087538331906
3.023377968200523
3.009986186685703
0.9968104273986055
2.984729774262052
-1.015459512526707
-2.9739432501807053
-3.0480849187835823
1.0261914929423084
0.9555248969058475
1.007972918410226
-0.9755347689425041
3.0073777725357185
-2.980979948005782
3.0052440562676472
0.9717952818083224
-2.968903619736783
-1.0574411961498735
-2.945248143154712
-3.0441747837330015
3.0160886862925635
0.995148712387567
2.9819625066406745
-1.0021391577971532
3.038524875773032
-3.0246518061771805
2.9963358637553448
2.948754656436458
2.98859257194654
-3.0085179414301004
1.0122964118378253
-1.0147839644457106
0.9747794709208797
2.9783503664432494
3.0051748260158697
2.992486685032703
0.9925947152221245
2.972739366074523
-1.0237958047824711
-0.9941773502247713
-3.0108456834714272
1.0111715134762396
0.9930890094686334
0.990694574927721
-0.9715160878983443
2.9848201108691876
-2.989753272865384
-2.9606329637866784
0.9736961445622999
-2.964811546555239
-1.0328582121099632
-2.974620971883612
-3.004815949447879
3.0056163185547535
0.9964293496184986
2.9821315391993606
-1.0050832191794037
3.0231572218251084
-3.0536441032087476
3.0046480901525547
2.9728165399978215
2.999264207565702
-3.029555538128907
2.9989647325893256
-1.0248644165844343
0.982415591889187
2.978173730565808
3.01904074619477
2.9823677251313288
1.0053913024131913
2.9785734758768414
0.983425523715591
-1.0009455668624951
-3.032510998745843
0.992087052018989
0.9963972111214647
0.9849627162138878
-0.9731383759414238
3.0061172541739123
-0.9889669593299317
-2.9716142791351183
0.9752192135088535
-2.9437448360577037
-1.043296304187051
-2.9606249788410044
-2.996800237051279
2.9992319731884938
-2.9715269296905147
2.9788577013450057
-1.001219264218986
2.9950959272836117
-3.0344123910088165
3.038880280416766
2.9457335964725675
2.9991923990319402
2.958948469712605
2.993844438908601
-1.0105503354608258
0.9780830114297787
2.9667397295369597
2.979554072204741
2.99547766190475
0.9950527928666197
0.9946288234391898
0.9792171062630471
-0.9899487098492507
-2.984916294134543
0.9953023798842693
1.0229455847315847
0.9697830381083486
-0.9818171251873291
-2.97380647433197
-0.9924653940578557
-2.9643328750817513
0.9782991701063212
-2.9632970646028354
-1.0026170512504196
-2.973208909522174
-2.998156238766943
1.0111316243070056
-2.9819665226791736
2.9715773976116
-0.9618577010568752
2.987637707037687
-3.0204429350742448
3.011763795199582
2.9615660306418183
-2.975682804845369
2.9473101776638235
3.007128190514523
-1.0088082516035919
0.975475047144693
3.012109886521339
2.9590692307394972
2.9933088129802554
1.0012714815059525
0.9959307344859646
0.9722929481900834
-0.9888266963284515
-2.9878185423758765
0.9899602720343805
1.0101922180347276
0.9762387656695155
-2.9581829995170468
-2.984380683072019
-0.9991589125295044
-2.9829693763212335
0.9792057990543283
-2.9403427343151267
-1.007535368153992
-2.9720641794580045
0.9937518068155567
1.0078389573543103
-2.9937712321374392
3.006209679617481
-0.9723275512740263
2.9631018164740976
-3.019586840025689
3.0276008829019916
-3.0189313172646663
-2.9766411266821944
2.949707323037103
3.0135587856752637
-1.0278888521536855
1.0205519945688744
2.986192754683032
2.976001513801381
1.0006131855318392
0.9974119253632697
0.9801009725060932
0.985278960323878
-1.0025363732453052
-2.968386604554775
0.9954878374434595
1.0215539323699503
-1.0055962425400489
-2.967531875346787
-2.9673885673911355
-0.9917585811172879
-3.0061973499497094
0.9776635281801562
-2.9542122539279605
-1.0041385593390635
-0.9849277330798057
0.9939777245360493
0.9965282554214366
-2.957421161081648
2.9998897919877283
-0.9660764861983925
2.961617688959362
-3.006191212593692
-2.9549717218803777
-3.020043081062488
-2.983065635106776
2.9462859020960304
2.997723350018539
-0.9910875168789762
0.991179568164492
2.9942163707548417
2.978982834062965
1.0071152070434042
1.0030648784037528
0.9733487061878607
0.985480710148234
-0.9996124494339544
-2.9792120774190654
0.9897397751538555
1.006941279219768
-1.011695631579083
-2.962627120287204
-2.983549975006966
-0.9944646792291439
-2.999817222944969
0.989284914180674
-2.9506100474832726
-1.0143322357957079
-0.9920671799117792
0.9804476753657253
0.9924753387288072
-2.952670583328696
2.996692584551152
-0.9756905460427079
2.96714913554646
-1.0256467518030408
-2.9532853470215743
-3.0220690658588722
-2.9549487583019802
2.949703425964067
2.9887899981569355
-0.9882951445331537
0.9997376912686056
-2.9781735252244035
2.968345826786172
1.0049999705499748
0.9912883678102204
0.9876797357451549
1.0035260402153894
-1.0141488133094656
-2.979024728584547
2.979571581524014
1.0094389014062706
-0.9983107681247958
-3.01576225665202
-2.954588706416381
-1.0135127876570476
-2.9959836944711946
0.9864046682736392
3.023199317145986
-1.001499177933141
-0.9958416945455031
0.9939960119398558
0.99553409553992
-2.998646445875965
3.0109262704848736
-0.9674132512339894
0.9848571328096472
-1.0145513718209471
-2.9522693903028845
-2.999099012893867
-2.9484690689251005
2.9660387219282174
2.9954180303967437
-0.979540717828402
-2.9830941214913422
-2.9708769792653915
2.9764321697063543
0.9888061985208789
0.99373258700697
1.0107066254464718
1.0165669610865955
-0.9986029775167309
1.020765778447828
2.9915013948945095
1.0083944330984522
-0.9860692139968598
-2.9986697533325026
-2.9780712651563914
-1.0074721898752295
-3.0049818102078025
-2.985231096847875
3.0185169132100107
-0.994843115055207
-0.9925520873385377
0.9961097237978316
1.0182060392224956
-2.9974522399691286
2.999483712278826
1.0254162113948846
0.9762878787371331
-1.029117085832801
-2.955865290359747
-2.996304576730521
-2.9677890319433073
2.9591250493484407
2.9864530404508787
-2.9813588196478507
-2.9949600152405513
-2.9681957149719875
2.948727748270748
0.9857595716166645
1.004785174110861
1.0004625942567344
1.0095602967529465
2.975687969631315
1.012745258812098
2.9868054702477176
0.9663167403006928
-0.9741930908175612
-3.039673959473083
-2.981649746219187
-0.9987006794129264
2.9870550191931664
-2.982851727463483
3.024036718574114
-0.9984364932130897
-0.9890136550192691
0.9704293485572303
1.0242781323596069
-3.00437978875659
1.01800777018029
1.0146894207114814
0.9702978767177464
-0.9795379559077442
-2.9624934126733664
-2.9977015293886855
-2.971053327630197
2.9781067944591766
-2.976431043952822
-2.981182324992198
-2.973626940830547
-2.968845223093709
2.951245243631459
1.018796010446291
0.9849815344846748
1.0048375420553897
1.0150349087189248
2.9734056305748964
1.0181380299064815
2.9847107523275374
0.974448386059907
-0.968362370645467
-3.029166710375203
-2.9703470561521876
-1.014260188429905
2.9819308163862472
-2.9850232184034176
3.0104956360515103
-0.9949481957490665
-0.9792937322214349
0.9657159295758739
1.0269791607547678
-3.008235198281885
1.023512603680059
1.0327049444273086
0.9575283935578468
-0.9885519370948787
-2.963669137839072
-2.9758122404045606
-2.9678608025125808
2.9571210733014057
-2.986394220158298
-2.98078592030162
-2.9856452395289454
-2.970061795541139
2.944813960975174
1.0147064534559769
0.9867261779927912
1.0020341782838622
1.018832378066023
2.9920391192291906
0.9914438815234431
2.997586309951912
0.9533118525189738
-0.963326224071832
-3.023908518051354
-0.9863232854485892
-0.9997568876082106
2.9766379693318443
-2.957466369220586
3.018179991127173
-1.0060652412688618
-0.9897944709235649
0.9680937921311266
-2.955697262984487
-2.9976930273259335
1.0263802717419321
0.99024564216293
0.9620678511452907
-0.9520774639749056
-2.970896142892259
-2.995542356288468
3.0010232297599058
2.9657236942551286
-2.9793352002285287
-2.9891072516465402
-2.9792012010631566
-3.000567509372513
2.960820370609315
1.022518188196197
2.988676793857761
1.0001016277233026
1.0191233583840502
2.936080770780968
1.0130567083151376
2.9867546226284225
0.9738515450876544
-0.9816210810988859
2.9349137343531932
-0.977009625312589
-1.006040385072419
2.970652819193517
-2.9648721248425876
2.982368715951001
-0.9882100382009628
-0.9812485630358819
0.9667554940187963
-2.972444631023093
-3.0085275008248122
1.0087196667511384
0.9821482929496812
0.9723311700970794
-0.9707198595006868
-2.968175467182391
-0.9972027877595551
3.0024583246771464
2.963304944305703
-2.9685903541792045
-3.0060441096550203
-2.978879974562191
-3.005896882402192
2.9692084653151025
-0.9685353791813398
2.9744340459251974
1.0002173745474412
1.037709261006391
2.944562575933722
1.018522597319835
2.965029978496511
0.9643645986647812
-2.9519618377414414
2.954956390624353
-0.9805296713019299
-1.0085962773783985
2.9702459017349017
-2.9441579843500514
2.970190377779887
-0.9873203149208392
1.0023574422596497
0.959252327016938
-2.951771249860707
-3.0016332916651374
1.0171736023491575
0.9768641409800783
0.962859022715845
-0.9646391876434962
-2.97815454461004
-0.9934402362850201
2.9968428996426435
2.948124621615402
-2.971883604325391
-2.985919766022991
-2.988577594151041
-2.99763981599681
2.949792020397157
-0.9836010750224458
2.9917451200506724
0.9783517315817282
1.0345679795901692
2.92560668325377
1.0186109641025836
2.9803911550405275
2.968031188897659
-2.9569378701571916
2.948730933922084
-1.013782661304156
-0.9975823558534271
2.963262732709746
-2.947800232990624
2.9819127653451383
2.985538715298366
1.0079387163851814
0.9788285112366971
-2.972560366335678
-2.9903088379709404
0.982980639547788
0.9949375473043824
0.9803803514172849
1.0360872962279863
-2.9603307861253274
-1.0040738117483086
2.97633979751284
2.9765569926501767
-2.9768320574827905
-2.9961475662519574
-2.9860101840750186
-1.0087520994158397
2.956357802183562
-0.9738633974666747
3.0125195731108447
0.9796531049595939
1.0210966518613525
2.9508270195909763
1.0278502857964211
-1.0160637306691904
2.972016265606495
-2.9656844596908845
2.986815834475013
-1.0069735798443444
-0.9885145210288443
2.9475572780018178
-2.9547570536124423
-1.001594166310005
2.9890619957014435
1.002664700270093
1.0014580528962194
-2.986152964087147
-2.9760818941519203
0.9939850506742575
0.9787668080050911
-3.027592709247251
1.012830083837126
-2.96467217682802
-1.004155934605232
2.98689301576599
2.99685989966929
-2.990948164426386
-2.9951372135919403
1.005369133162494
-1.0007624864382727
2.949911850222499
-0.9690508391013262
3.0088028758312735
0.9442054049953227
1.0458680053674057
2.940619044363714
-2.9766401712333117
-1.0125774201665105
2.961982322985199
-2.9987211491580004
2.980437984512604
-1.00164336345457
-0.989642312934305
2.9501979389397746
3.046070307932474
-1.0071197158621124
2.991655261402273
0.9869090969577887
1.003239671383034
-3.025038347594132
-2.946304525158872
0.9764250662845402
2.972840377834656
-3.0086657235846705
1.0413111580722416
-2.98789891983668
-1.0101357150064085
2.979621535032488
2.990737717351432
-2.9870513411205897
1.0053679134780074
0.9961522173717183
-1.0116819925145255
2.981164767554646
-0.9525010058827307
2.977419127012807
0.9798921540878927
1.0285011401983128
-3.0268067806490513
-2.9613608152191153
-1.0058470562236042
2.99228287656582
-3.006812072399986
3.0129512134735865
-0.997305025534388
-0.9898934997630602
0.9608564167008021
3.0172477761379204
-1.000909154872336
3.0323537467630213
0.9779917719723256
1.0194778522205523
-3.0111030975353676
-2.9590376330208787
-3.007734666346236
2.980710939765115
-3.00299804077588
0.9989130661557127
-2.9784025220032224
-0.9783948910939807
2.961955546291943
2.9945979852767883
2.998099509006042
0.9772530733399649
1.0142759408527706
-1.0257831542057356
2.9828669682677282
-0.9942422616336605
3.0047055464363894
0.9519647921183068
1.034446593385368
-3.0340535200009424
-2.9630387972773833
-1.017808968812053
2.9845040776526948
-3.0081151267171036
3.0138536736918398
-1.0055991216723186
-0.9903808650940985
0.9558532745482408
3.035568396618175
-1.0150293574255365
3.0106301062912815
0.9754789077335544
1.0292809625663837
-3.0283297448679907
-0.9641711923644968
-2.9919675773716556
2.9737351959610847
-2.9777378368096246
0.9980265079153161
-2.9973929877891874
-0.9899066781729651
2.974099741196763
-0.9944647919969178
2.9882862348018935
1.0063099499351915
1.0197835346381896
-1.0317559297617118
3.0301766246329587
-1.0031758334985972
2.98759693750723
-3.016834050689617
1.0369644245035134
-3.0363909508232267
-2.9856182515065632
-1.0105244960383994
3.01209374160874
-3.014440136414249
3.027646827104914
2.9812209441979265
-0.9837813828405455
0.9726661588837183
2.997895297923247
-1.0066713994419287
2.9922770122823352
0.9818381504467599
1.0251418166563107
0.9574202802145017
-0.9498483082726831
-3.0121331652554235
3.0026765629106116
-2.969257480151563
0.9699209941671653
-2.981325187440029
-0.9677468499205214
-3.0050020237668047
-0.9993615951153294
2.9830964261216795
1.0010792812699674
1.0128269558995648
-0.9909566250835408
3.0057050641077248
-1.0094944180349015
1.0074333362778038
-3.0224774524529776
1.0161709933983119
-2.9842428754023524
-3.001111444985478
-0.995833820997698
2.996328760046921
-3.012409661797156
-2.9680943212481314
2.9721181993359815
-0.9852788303033209
0.9675077335964163
2.9915479810030354
-0.9908639302602641
2.966672809938991
0.975399569634619
3.0078350555833713
0.9614918438114803
-0.9686394095799192
-3.0198270898193686
3.0060275830337067
-3.0105629408622647
0.9806778710844681
-2.986439261154113
1.0085808463934154
-3.008298594652624
-0.9899004098353006
2.998909349359502
0.9964486966312281
0.9948024450190028
-0.9971093680262206
3.012663994490798
-2.989458253439341
1.0081338056504288
-3.016472173124271
0.9842152661431873
-2.9743131819347344
-2.990913334204681
-0.9955229982804515
2.9948873967900673
2.9539375800260967
-2.96193227927983
2.9831232006324013
-0.9919667465123069
0.9675976413322599
2.9586208399240954
-0.9700185904729358
2.976226343413847
0.9802307125697513
3.0074013521905756
0.9412172038476208
-0.9494874897112361
-3.01606891251931
3.003386372234908
-2.99577395955069
0.9762379397422347
-2.99457622398331
1.0122534985820397
-3.0093280071208253
-0.9996727053383767
2.987529731294846
0.9964667588921318
1.0003949489901616
-1.0026018803186685
3.0153367157780147
-2.9978680758181224
0.9919082360451689
-3.0007953108643166
1.004939367794961
-2.999011170774472
-2.9862646829299737
-1.0045786943211683
3.0062694160105
2.953108179751189
-2.963545758985244
2.97564282710202
-0.9836770497333205
0.9736743078041337
2.961677470548909
-0.9771613677210292
2.979782351144154
0.9810690799770824
3.0155104837677573
0.9741380922676115
-0.9545228535510294
-3.029796974718766
3.0137754706289592
-2.990387313549905
0.9852020552438695
-2.992488846678794
1.0011275186747812
-3.0006855292029373
-0.9974948697024092
2.995865134721911
1.0115072377621785
0.997685143265241
-0.9943453896250429
2.9986346429435673
-2.9991081274699423
1.02031794231761
-3.024217719009085
0.9796913618981754
-2.9869712650394917
-2.9811918845741063
-2.9790270959244363
3.0133924896501623
2.96092619270778
-2.9682365715008614
2.97494916277567
-0.9753923445877891
0.9566392656828527
2.9685651059263773
1.025934313161595
2.98047961222338
0.9889684764399996
3.008095664433863
0.9429032839284237
-0.9661329502760703
-3.0194443623264777
3.010665426470671
-2.998772398745985
0.9760515206252205
-2.9873206109549892
1.0156521705319297
-3.0020818465975805
-0.991886603003826
2.9853541382872204
0.9987392049877042
0.9985054217902452
-0.9947833241747762
3.0137665038713837
-3.004302260447708
1.0163937347916594
-3.0145579206473383
0.998497091051608
-2.9887660869891137
-0.9912311172314547
-2.9886490243434447
2.9910258214428955
2.9907721118913613
-2.971414841549859
2.9706560951581387
-0.9731148632133743
0.9658731486571442
-1.029060944380938
1.0414771922921613
2.9744424738913304
1.0054034241782839
2.9957987993718596
1.0029376770866247
-0.9777236497218739
-3.0203052308403224
-2.974183356418626
-3.0001685036337937
0.9821441495170373
-2.9783878642290804
0.9966812845761619
-2.9683313384593766
-1.0021362835883414
3.0023834417958133
1.0113430685664522
1.0118766996398136
-0.9916560337085532
2.994427673975766
-3.0138716003535078
1.01589645513173
-3.0129182011018907
0.9951712236331431
-0.9975217730295604
-0.9976815422427222
-2.9939278732298256
3.0154074219363833
2.972374564945916
-2.981298524273326
2.9730278283508005
-0.9712879721334728
-3.0187071178842477
-1.0138221690954226
1.0246191516763918
2.94192149229386
1.0262056194012235
3.0220363790702818
0.9837598383986638
-0.9754578770771221
2.951728332450577
-2.9547898389241487
-3.008668499636018
0.9817600547225365
-2.9702830890307133
0.9687823241907855
-2.9501663525147244
-1.001147818946036
2.98654130331876
1.0100210587756508
1.0024698448879106
-0.9882301885764222
2.9985283000119574
-3.005941672266022
1.0150983387605605
-3.0232514986122543
0.9828891549794787
-0.9944864349927661
-0.9894967129215888
-2.992000066339768
3.0185441144337184
2.992008551896674
-2.9790601205979663
2.9763697777185865
-0.9732429710432552
-3.0211677110417168
-1.0227733172345344
1.0446495529197843
2.9445805877140945
1.0205399772676456
3.011760280426747
0.9970793314551322
-2.9605970396388726
2.9484045463590016
-2.9640294034573027
-3.002682065131959
0.976640449242705
-2.9658249875403646
0.980003615752386
-2.95705836909712
0.9825609860575635
2.9910318840086116
1.0010825998961304
1.0112604225320676
-0.9880935302334249
2.984588844285761
-3.0029908561087133
1.0183831788914153
-3.009561281521057
0.9994094696389243
-1.0053154071825738
-0.9877858519027376
-3.0004194472944685
3.014390518458587
2.9867823409369474
-2.987710915117387
0.9814908043055753
-0.9756178867542458
-3.020829636365506
-0.9987278012436339
1.0309639652910065
2.9480758097784054
1.017019408779305
3.0026020781392337
-3.0073285343192824
-2.9613606722514967
2.957137274752978
-2.977324662854213
-3.0008781040429446
1.0013729789908707
-2.965308939729143
0.9513102616964014
1.0215495135824206
0.984508631866865
2.997011072576085
1.0072547475922748
1.0043790388222715
-1.020638117238207
2.998369821689215
-3.0056048745287365
-0.9770344788093241
-3.0179723337377062
0.9869213605172616
-0.9947402399038558
-0.9852228426079704
-2.9859572680378603
3.023979314272319
2.9772763423566864
-2.96702371198314
0.98940009923941
-0.9870135681368256
-3.023695622432457
-1.0000501925225898
1.0351169444065624
2.9494980956966588
1.0137020802526775
1.0332150563012932
-3.0031054098511745
-2.9779823147360274
2.976365467990634
-2.988444692663206
-2.9950544488050386
0.9990716946143624
-2.9765389072483646
-1.0215745424341078
1.0231704135461896
0.9840547063207454
2.983564418422717
1.0114272753975126
1.0081950258226753
-1.0024233860153071
3.0050900215117604
-1.0027429248815607
-0.971947068728546
-3.0163736491419115
1.0113642516499959
-0.9986542753870407
-0.9990787479591561
-2.987615100022784
3.0015009166952593
-0.9973064662536285
-2.9810993904804537
0.9694679475502227
-0.9611292137921122
-3.026585025059835
-0.9788624714601498
1.0431038795832157
2.95495110763804
-2.969019104456782
1.0152163678164137
-2.9877339713144293
-2.9991133875716023
2.9675258661903556
-2.9717531149938754
-2.997468216646294
0.9875053262232933
1.008544318071463
-1.027825886326416
1.0140684978909216
1.0229822141450315
2.9870095109922783
0.9896855012871366
1.036306883083819
-1.0089587823117827
-2.9948069402517192
-1.0178879869935575
-0.9705644843261213
-3.0056087746189846
0.9983665432081475
-0.9786938219285997
-1.0011033192915164
-2.975710945942526
1.0387178577652412
-1.0036052543558072
-2.989235210009828
1.0037929136331543
-0.9529452343437773
-3.005116406708808
-0.9761376225926276
1.027457142524358
-3.0333223027600624
-2.9557126413744736
1.0270634866281234
-3.001287813894781
-3.009960257586055
2.9976528219211067
-2.983257705085234
-3.0002039735973067
0.9925111288878384
1.0092863247766826
-1.0400936639717016
1.0403018010938705
1.030441081905357
2.984155126859991
0.9821262275107967
1.0219327750222178
-3.007466717056371
-2.979685858384973
-1.000239944455158
-0.994284508236208
-3.0043434274340495
1.0176006859875797
-0.9666519167292531
-0.9955632712803912
0.9935423408582362
1.0200546711527518
-1.0059011063573613
-2.975029341196835
1.0206677093361591
-0.9900189404703574
-2.9948669030550734
-0.961790711815802
-0.9592525805167738
-3.0232218738263956
-2.9675323649629277
1.0124810546334435
-2.9953647015828073
-2.9904678995698806
3.005139812839871
-2.983611021125432
-1.0172675154120858
0.9889444610035042
1.013203170856593
-1.0043172323462768
1.0188569081450858
1.0173817227017614
2.9743800177128
0.9939132482376196
-2.9611895778526054
-3.0056244518523973
-2.986164655487271
-1.0386361584955506
-0.9949581479985277
-2.9853322754862033
1.005316073138331
-0.9806383427624512
2.987338884202197
1.004867891991558
1.0216931568135124
-1.0150052819359272
-2.975794005592831
0.9853467727382764
-0.9850398216956114
-3.0093451760233014
1.0064574365531165
-0.949011916861706
-3.027882150008818
-2.955135531965615
1.0140101601621279
-2.995553827761085
-2.995527040711902
3.0155539673737577
-2.9803091835971642
-0.9988295096168631
0.9903715836935422
1.00605605356053
-1.0123146781043444
1.0310278520720664
1.005212172839767
2.976753919326923
0.984795855221759
-2.958289097443257
-3.0188398420665554
-2.973002873914716
-1.029054019738766
-0.9953549298301316
-2.970781419380768
1.0070171697316168
-0.982727203683846
2.980820862567342
1.0061867545390797
1.0381226595402362
-1.023380531594997
-2.9737770186898618
0.9906652081925056
-0.9792135613509761
-3.009370503891081
1.014446373014836
-0.9638806060417218
-3.021682299526386
-2.9559287514580217
1.0207286191126859
-2.9953677062606596
-2.984605091197
2.990141129391331
-2.97757959532152
-1.0140272727795057
1.0099101534513153
0.9977083528657535
-1.010751025386089
1.027210311625864
1.0127022459490758
0.9937717859386268
1.0000739790157107
-2.9756983724658257
-2.973654641229589
-2.9863555158605686
-0.9995749619793314
-1.0093108712288767
-2.9736173365967327
-2.9893139527803085
-0.9624942803979754
2.9732121505928277
0.9992312786867087
1.0229783042864857
-0.9918673013679912
-2.9818810946439154
0.9974666695175122
1.013869181403441
-3.0011656073029584
1.0066239122182448
-0.955650893446399
-3.0200450781371027
-2.9815953948437657
1.0194152895574913
-3.012851217180584
-2.988651636519812
3.0161247308377277
-2.9825116089338444
-1.0112483378398271
1.0030477570080116
1.0008667361476327
-1.0032767039844392
1.0244107040089083
2.9926992857166876
1.0052167182323628
0.9949810418648689
-2.9835636388732816
-2.980748201239591
-2.9985857082134793
-1.0186824862258246
-1.0083883536624065
1.0039033538463813
-2.9812025628218075
-0.9777056740143382
3.0092632365993093
0.9846672906828678
1.0074084720543808
-0.9961771734411051
-2.9942435423978164
-3.0089838376878237
1.006565000855266
-3.000619076316855
0.9855973643984962
-0.9743078974310178
-3.0007704631594607
-2.9753263814116817
1.0231254700673484
2.976205295402392
-2.9930911544724585
3.0002870967186324
-2.9865037323285857
-1.0120666894182537
0.976529304492031
1.0141931818119674
-1.0170612416921674
3.0337071955548893
3.0044856774818753
1.0034137638418783
0.9813457254687546
-2.987729635484093
-2.988064294958021
-2.9950093743798756
-0.9947974935467689
2.9818624000998115
1.0019465070093783
-2.9669407947513493
-1.007964050644618
3.004641645419636
0.9710834134914922
1.013947715946858
-0.9846019163260914
3.0024571741432995
-2.991435375339695
1.008190484627354
-2.9961571097808295
0.9943021555920428
-0.9952652030612988
-2.982363055862232
-2.989252656161032
1.031541563621236
2.97774345090945
-2.9738292700686433
3.0290301923176837
-2.990254913614093
-1.009158574986584
0.9658338130957127
1.012918372346557
-2.9940310963572263
3.0134865409497724
3.0036919138202234
0.9775562011254035
0.9669752602782317
-2.9733908425219826
-2.9925677534543937
-3.0012819877540817
2.969090841204135
2.97732130541867
1.014282013726676
-2.9881936741816775
-1.007094259702459
2.9946213449872117
0.9549559538959567
1.0111121518055612
0.9946763390448726
2.984946648474599
-2.994568268064203
0.9951009989318683
-2.9891474098330413
0.9755373789372607
-0.9976886942112548
-3.0013605021465013
-0.9981851291465177
1.0153153795269398
2.9725879079101483
-2.975720885749289
3.02777172496992
-3.0078381197638833
-1.004832754410744
0.977254695862665
-2.9672362422653817
-2.995177964920586
3.022727828332635
2.98335425529698
0.9847067520499342
1.001937820294925
-2.9814239186114473
-2.9960608836319267
0.9933807653331291
2.978085642440891
2.98141331424913
1.0174051071770105
-2.9594671741028633
-1.0192819653731886
3.0009342521225615
0.9728933695463693
-0.9727291721929118
0.9971244030791026
3.0059974029750043
-2.9969828072780373
1.0069765312004721
-2.9802036281678284
0.9725995051145168
-0.9839091114363666
-0.991656049701029
-0.9800735399684108
1.0245889883233181
2.9819788894516814
-2.9781114303110905
3.005086596739342
-3.0016420498701715
-1.0175346143773651
-1.0218227796235848
-2.975226970110923
-2.994579724268934
3.021355436905118
2.9857793756198374
0.99190183666355
0.9873123202945343
-2.98633145685093
-2.9853892955858483
0.9837759046208366
2.9779509725914024
2.9714190578646176
1.0084658990348325
-2.979546785283937
-1.0313232035572744
2.9916747196502103
2.967123570202462
-0.9834917153400627
1.0076747875411582
2.9685250568547157
-2.9979541818099356
0.9842537957176534
-2.9788262388068096
0.9669025126011557
2.9945665743837204
-1.0021123589857877
-0.9835837042846881
0.9906053940569665
2.9901029493652107
-2.987407127267163
3.008739371686049
-2.9885733807307187
2.976339953578164
-1.0264037761024107
-2.9533154196677933
-3.028466555117038
3.02801198757599
2.966212098395216
1.0000121348122304
0.9971721631344612
0.9934263876040691
-2.9864832421209577
0.9889074796434135
2.9964326559750374
2.954717689993977
1.0044482154799326
-2.9814951034426316
-1.0280049335388826
-0.9889332096775658
2.9553474690733967
-0.9833622342247011
1.0312658860719877
2.952811920590329
-2.9646845021720343
0.9697544741237013
-2.972694525290965
-3.001148031382959
2.990883154555232
-0.9896259966129869
-1.003280599900589
0.9844979799523037
3.0029762956697663
-3.0044912947159954
3.0151912148938678
0.9822281955553277
2.9630936857931203
-1.0120429333296999
-2.957040072515236
-3.0182758802109815
3.011872195731711
2.963062175020199
0.9894469684079806
-0.9970857634115738
0.987792629049594
-2.9955797366508947
0.9823914621250528
2.996396290281528
2.980926071613406
0.9869371113035869
-2.9693835413976992
-1.026628819772273
-0.9834787277704516
2.9667846299773943
-0.9989214945294216
1.044986141822056
2.963898979680272
-2.9669415206663854
0.9848437591313423
-0.9886897322625272
-3.0178031186362966
2.9791826911932136
-0.9724967874075384
-1.0016412605085423
0.9869035068270484
3.0198607771823065
-2.9979841349389065
-2.9663852959287174
0.9892680261701403
2.9800638424619637
-1.0371047189103217
-2.956900895889349
-2.987205766028183
2.997286108098957
2.9721515396998557
0.987547487068661
-1.0080169023670411
0.9996259546961634
-3.0076542204301493
0.9931150042443762
2.99221550152444
2.9742962012840204
1.0002426088314404
-0.9830418632224955
-1.018433285275983
-0.9863437198853414
2.9659303381532616
-1.0049966898040446
1.0147504829437066
2.959162770767941
-2.9630074498570265
-1.0279171678741212
-0.9811869012358257
-3.0061514360513217
2.9882196820423914
-0.949862135031372
-0.9978977853236793
0.9812711730932288
3.0050238943624885
-3.009369632327095
-2.9516989191271725
0.9789485571912292
2.9849827579316606
-1.0169121228990483
-2.9690188849220194
-2.983186404635793
3.0075411020164675
2.970615178580305
1.0043519341299945
-0.9947302593299854
1.014213774518741
-2.9876677690628237
0.9897307645158814
2.9965275181996764
2.9821144377703126
0.9878875985327907
-0.9849830698797698
-1.0254763551029213
-1.0009600276714072
2.9790226204026244
-0.9961415719956667
1.03231959871922
2.9629847442147517
-0.9728494810169274
-0.9973412153160713
-1.00391644728097
-2.9800630133591803
2.97911390225842
-0.9663016281012939
-0.9892384077811613
0.9750095140971141
-2.9644451664391585
-3.0014380987156857
-2.9698341607236225
1.0072029411108927
2.961117315135513
-0.9845963131062349
-2.9740510006459324
-2.9872178581424387
1.0131288920516925
2.96483486969358
0.9855457833045356
-0.977404091703128
0.9970336644288926
-2.9913149103884074
0.9857350600912603
2.9810167893560187
-0.994894369485382
0.9922207309195457
-0.992085945242046
-0.9858857104694032
-1.0238923257301866
3.008023067139987
-1.0124037958952603
1.0243935337926284
-3.009319136177273
-0.9836959359533686
-1.008554607225577
-1.0018811215104975
-2.974219553267599
3.0094356404514437
-0.9814904959878703
-0.9949021111080464
2.968521475164999
-2.9578860059943035
-3.005487511152078
-2.9812295228822534
1.0140920540296694
2.9448967293018553
-0.9665230835388836
-2.964251782468509
0.9923125772417579
1.0159582279316952
2.9625834176773846
1.0080567194348062
-0.9674751984037616
0.9737926815447484
-2.981924461183161
0.9871176841397832
-0.9887728815714322
-1.0063237501836864
0.9984852690895737
-0.9834048095221853
-1.0014987196962635
-0.9866843583295153
3.0029683713222077
-1.0062317780637435
-0.9638510529215533
-3.012505919584138
-0.9797956946885547
-1.003183786931694
-1.0115340900577627
-2.9744510824842245
3.002129979924025
-0.9724050623739169
-2.9895694386004505
2.9700073860697462
-2.9690202770796814
-3.027741669919827
-2.9880275180534994
1.0230669275779232
2.947256793802888
-0.9854416522297728
1.0121288421123054
1.0012903925398586
1.0137725792886023
2.979768643529064
1.0117531275302127
-1.000433112788432
0.973833869281031
-2.974013944925796
-2.993727163509134
-0.9868804401576925
-0.995472026595339
0.9735565489525696
-0.973833884525133
-0.9737033065665331
-1.00483961274086
2.995079510458669
2.97440611705674
-0.9585291827816632
-2.997793012175802
-0.9935378182213856
-0.9928215865400147
-1.027888352611187
-2.9548962984173164
3.0119850112350544
0.9986304104018292
-2.9841925854525666
2.971570960779731
-2.956196519925362
-3.0105813935433963
-2.990713283936584
1.024202577708098
2.941943912929616
-0.9709115529535082
1.017137900667144
0.9824722344306877
0.9940785131243894
2.9801077830708405
1.0055182881987692
-0.9936377305248806
0.9989547461350009
-0.9953574987149338
-3.0098619085644156
-0.9961651363514034
-0.9547899740335982
0.9640849024124711
-0.987113230894292
-0.9680024283939669
-1.0011382228519554
-2.9721242694625474
2.9816418309091186
-0.9735671194081552
-2.9921021282567226
-1.0229017901487136
-0.952183692286469
-1.0404119841534543
-2.9575217980332944
1.0207002737139625
1.0228125740438028
-2.9972979659233943
3.0037569982057106
-2.972193369128891
-3.0029476214862303
-3.0057829253220447
1.0231233046490626
-3.0185878487037203
-0.9857463239662152
1.0036924125351505
0.9945115098453636
0.9754747413062116
3.021120554523938
1.0043856614448528
-1.005001593885351
0.9808169595574204
-0.9783108557399602
-3.0072773885347606
-0.9855508421586902
-0.9618334087744081
0.9536703093304999
-0.9857402960037572
-0.984667099967656
-2.990542491207378
-2.9766568161348474
2.980158137155904
-1.0047182002860922
-2.9875558160202647
-1.0076549780375361
-0.9512628490916393
-1.0532521816430016
3.0069708590874193
1.0177222369085261
1.003267018368657
-2.996782778979039
3.0145206228312373
-3.0046980977722795
-2.9808025424659665
-3.0053208330865693
1.0192382304457808
-3.042483083622372
-0.9779451740273176
1.0084829534560735
1.0015726577831514
0.9863572132303001
3.0316384018434235
0.9886701409827533
-0.9968875016015099
0.9828217953147741
-0.9846975129191218
-3.012330448127634
-0.9820537594782205
-0.9759584403967989
0.9763119403058976
-0.9714976927663137
-0.9579612025960287
-3.0002884388837576
-2.981587165421554
2.992336877308493
-1.0075229768460447
-2.9786660659487674
-0.985182350599265
-0.9628234950078401
-3.029724287616295
3.019219421888194
1.0381224032005638
0.986730796346441
-2.991812311369888
3.01014460780103
-2.993733632477101
-2.990346809510075
0.9896474076290113
1.0105597852339725
-3.0274176110741453
-0.9750427204863704
1.01817553171593
0.9727827094527359
0.9945632395427392
3.00865046636702
-0.9851128530184867
-0.9897463608919349
1.0015813480802422
-0.9940652391246985
-2.9995311836099026
-0.9830224220353292
-0.9622662004107572
0.9720901248040353
-0.986412897451523
-0.9779400316412774
-2.984188447447915
-2.9609960290789292
3.011059334212088
-1.0064196877514728
-2.990228194008258
-1.01409333854653
-2.934967338083248
-3.0391750007338185
3.0113505432983776
0.9978214439482838
1.0020980081146078
-2.9846404731979237
3.033672343372521
-3.0066011026162336
1.0026017921208747
0.9685087717976
1.011889368991535
-3.00930173514139
-0.9703398772941348
1.001952554284797
0.982886928487275
0.9958155023363879
-0.9546627017136806
-0.9981944895822552
-0.9952786626906729
0.9948529505160263
-0.9959400910278704
-2.977194194819342
-0.9823610931762349
-0.9732455886176593
-1.0209558051341168
-0.9830237155498154
-0.9646730269346901
-2.991748394497445
-2.984049170822225
3.0026961552913245
-1.0196648517663518
-2.9866589597363205
-0.9894423016163986
-2.959445875838496
-3.04023668168362
3.020245690245685
0.9999123629859712
1.0029632710240928
-2.990746051386242
3.0225730658988312
-3.003688276899221
0.9963597468658324
0.9938905149116719
0.9994468215440797
-3.015718569919136
-0.9583444122095048
0.9926311468042612
0.9914464240584104
2.9775181226756153
-0.9757000285299315
-0.9762066125515667
-1.0215910670526143
0.9982564577353792
-1.0068764359126219
-2.9774830785625954
-0.9768483801448633
3.0074628579366838
-1.0229886606026175
-0.9755098596756046
-1.0043772902602541
-2.9725363552691983
-2.999747549671418
3.008152932407929
-1.0001188354312367
2.9898353879016004
-0.9977229156630166
-2.9340325005836396
-3.040943112850094
3.0263868138972922
0.9633102229382962
1.004042208763444
-2.975817411984815
3.007663847364591
-3.0051206980950824
0.9926166257974924
0.9856501170230203
1.0034461913003976
-3.006342695736021
-0.977963316042394
0.9960963747966971
0.9850875450441354
2.991844626460274
-0.9603904695283693
-0.9829303234248079
-1.0349151756267012
1.0060079857235955
-1.0056711789796269
-2.9724415263595994
-0.9884754869862189
3.0153526271470175
-1.0379590249760204
-0.953657330905061
-1.0050636398334798
-2.9707339937463835
-2.997161345816142
3.015848459175859
-3.000630151074055
2.990452886299663
-1.0024086230214324
-2.9700338439924536
-3.0445938686449425
3.0422114195034284
0.9632506576400244
1.0099952036560502
0.9883466976985615
3.0285123974269483
-3.0178162336381087
1.0170323547134874
0.9874566955412694
0.9837906671267455
-2.9964621006414056
-0.9720041812067037
-2.997938689033569
0.983626751249381
2.97422050795264
-0.9799957616135017
-0.9891410549014976
-0.9989706985224849
0.9998277704222643
-1.0114754508825659
1.009175061243995
-0.9722447358201842
2.9942216077025683
-0.9934238605955593
-0.9536438147876203
-1.0356561062710234
-2.9739996518911513
-2.998244305302004
-2.966092173295942
-2.9939895493866655
2.998134721789341
-0.9926661895675963
-2.9778776983983892
-3.0024551928297787
3.0311671622472285
0.9606339718188737
3.001006175862365
0.9985255012495013
3.0174167323995293
-3.045561399007022
1.0312185282120734
0.9650843722647078
0.9980640071748087
-2.995910042949285
3.0090206089426084
-2.9929223322003597
0.9889477273681275
2.9697282520784043
-0.9824194939129091
-1.0063922436250734
-0.9943131858574037
0.9915018854959963
2.9856517178280026
1.0126771660064104
-0.9835347754011802
2.9733245217252433
-0.981188235750494
-0.9852407077996014
-1.0199469474949232
-2.965414955575461
0.978835246577652
-2.9579057964688693
-2.99707017599866
3.0068051992310374
-0.9941488956495927
-3.0011965095372717
-2.998573880296479
3.025236966744778
-1.0165430515333458
2.9973839833272
1.001752159057116
3.0288450352791485
-3.0363972739747305
1.0306437824009183
0.9802251902575062
0.9874828200677066
-2.999501355656057
3.011721499265517
-2.985774314268275
0.992170845761981
2.969525216401172
-0.9724412765052292
-1.005825389654788
-0.9960484726880763
1.000812317351983
2.9696818128067424
1.0215096865896875
-0.983109560408009
2.986023432284885
-0.9950879728781514
-0.9958688239839034
-1.018713565943283
-0.9841779432324934
0.9835931358547975
-2.964956217716079
-2.98729786406292
2.993606984795327
-1.0075122751645802
-3.00204914189418
-2.998736391838533
-0.9435204598325445
-1.0362431612869307
2.989001261871443
1.0070954635769473
3.019439871512815
-3.024770422399765
1.030346117911498
0.9621813592710513
-0.9980274493191047
-3.0052198632495246
3.016067315679538
-2.9750256824596506
0.9915524999978116
2.976657226350632
-0.9797393426321537
-1.0198529689589608
-2.983376100106756
1.004020786062109
2.979391966351776
0.9767498509488021
-0.9874745421348025
2.9869683393921984
-0.9859968402008568
-0.9869187514325534
2.9534306633129597
-0.9752344262996459
0.9890639885079464
-2.9970092438922884
-2.973594767806297
2.981187503190313
-0.9972346100863724
-2.98735888291679
2.9774462094293916
-0.9606006778311846
-1.0216711888300147
2.9711043795143763
1.0196592978193844
2.988872614488363
-3.007503156960748
1.040365846292362
2.9485112986591053
-1.001303057634318
-2.9871375704341188
2.980126252480557
-2.9688565806501113
0.9712136532561032
2.974534804911182
-0.9866213158314492
2.980200497044056
-2.992125924946785
1.0082606891463093
2.946087029835114
1.0130840295932797
-1.0064595759994295
2.999923969199889
-0.9771591428199624
2.98820531152828
2.960381461120965
-0.9703979368673719
0.9664170410092935
-2.9911203208745385
-2.9973579941083495
2.9826435795714166
-0.9953938164672056
0.984801716120035
2.9717688310293866
-0.9579852843958013
-1.0174657895481485
2.980450834737328
0.9956737203998708
2.988175321550668
-3.003887626621685
-0.9662037944019536
2.967706827005966
-1.0081383009723377
-2.9980170131169928
2.969948918816611
-2.9693531711366075
0.9846127543137645
2.97454184026264
-0.9712835648073731
2.9701292996741158
-2.9838789529823337
1.0185364673847759
2.957877984982684
1.0057355795577374
-1.0038637142972704
2.9890782740126833
-2.983499419053671
2.990902279061034
2.960255370264556
-0.9851798664489994
0.9675651828312035
-2.9828777703084803
-2.9921171957766743
2.972582685262212
0.995075262184526
0.9906596793951502
2.972565624345789
-0.9611499051314683
-1.0132720526116064
2.967178369725482
0.9998364761182442
2.984152608701716
-3.014037896943768
-0.9561056044355807
2.948181170895076
-1.0038450596140909
-2.9935274145683723
2.9804936976152043
-2.9498535667256074
0.9660068389308071
2.9780853322401013
-0.9800899994481114
2.963850367452878
-2.974235707310541
1.0147415873458978
2.9534483832975935
0.9929089005405136
-1.0138244969494772
1.0073336912460515
-2.9708097534685325
2.9879121223711116
3.0019535027290165
-0.9890968673991387
0.9808158223128951
-2.980976462829036
-2.994806168064277
-2.995934155260572
0.9841992890516297
0.9827947177223834
2.9892126840881743
-0.9747560813583177
-0.9843970276504861
2.9522086990235543
1.0058808737039462
2.9880281552971444
-2.9936789709606155
-0.9637295658113458
2.9569725972865557
-1.0090777707034757
-2.9890827523121266
2.9844175367887886
-2.9669884384414518
0.9783564290455131
2.9840895035969126
-0.9884499638577631
2.9764266265375507
-2.9837798962050983
1.0163188811172155
2.934911287411945
0.9917479951797571
-2.997108674611128
0.9965553306111695
-2.976448064857757
2.9474593176875357
3.0121180258200537
-0.9825065779298274
0.9860087140066308
-2.9963910307245785
2.9745965260873293
-3.002446134713979
1.0116891946448965
0.985544932827062
3.0003397583927476
-1.0043906058182273
-0.9703207461808862
2.9554621753993535
2.9891607450512234
2.9901846112800854
-2.9981801466942355
-0.9981168182789139
2.973646410613362
-1.0133008685816656
-2.976909799107663
2.977378831094775
1.0301714597738438
0.9745378486264527
2.98439590220604
-0.969041104932941
2.978396263153596
-2.999625663370289
1.0248998186588882
2.9568057494182645
-0.992577985097845
-2.9978058103692717
1.0029865635183497
-2.980539068019636
2.9606802464219695
3.0248849446730945
-0.9845774809706946
0.9802236021219642
-0.9952828216336573
2.9796779044152326
-3.002595144974768
1.032589170823288
0.9781319049809775
2.9863468699842586
-0.9965924341653232
-0.9598747505883061
-1.0186784081163809
2.9861996880247395
2.9745767761350015
-2.9793492034957643
-0.9911817498695095
2.9894289345612215
-1.0301288391800394
-2.9937466037964815
-0.9936714602934125
1.0275461160331378
0.9590914006680135
3.0190000730553543
-0.9906339693832346
3.0084857751182077
-3.021574102616457
1.020569637176123
-3.0277014773120214
-0.9823319373695594
-2.995546990242998
1.0019615673820523
-2.988445181604206
2.9875373176625954
2.999021944333915
-0.976452578517592
0.9781244038433357
-1.0010307736212884
2.965945157677538
-2.9932698999744454
1.012777262675268
0.9667860170661002
2.9800066542235015
-0.9906376103375947
-2.9595936376293763
-1.0270448620816943
3.0087084037217906
2.945068322752336
-2.971622345116883
-0.9880133746729655
2.992841347760934
-1.0253283952241945
2.990659693295533
-0.9970068026063151
1.0267728008449906
0.9532457101091103
3.0313903571747525
-1.028930168094872
3.0104872139377616
-3.009407646805953
1.0219086346886215
-3.0196537303529127
-0.9946113502616438
-2.995428339329828
1.008865033845846
-2.991560111411965
2.983570371628963
3.0152128098510214
-2.975056836212114
0.9933438501685912
-0.9961121078537521
2.9688250169568526
-2.9879614989230547
1.0267673792682508
0.9799646081790989
2.9849440757292864
0.9882583934214917
-2.95443310945563
-1.0276156379728452
3.004228051991571
2.9570655478825247
-2.9877867828465994
-0.9817537871498505
2.999345989064594
-1.0191465048363295
2.9858953124920733
-0.9952969383024876
1.012176742932227
0.9567794886106785
3.0190334885899115
-1.0109757571037052
3.025045176194105
-1.0214995900948365
1.024520825981908
-3.024969353119087
-0.9807275807962533
-2.9944368478435646
1.005282693511528
-2.98015684362371
2.9855248699695753
-0.9723491983719966
-2.9820121664624972
0.9755022757719733
-0.9460719820937052
2.956111184247223
-2.974526219596687
1.0212300486603672
0.9592802731817778
-2.986088961276927
0.9930733391561659
-2.9619511449650444
-1.0302705805167738
2.9981260845819113
2.99195921033744
-2.993963787610285
-0.9962030079777464
2.9854814305306796
-1.03689041308367
2.9747323628110744
-0.983969542015312
1.0134472316902676
0.9511691411956682
3.029235377117391
-1.0298926382196951
1.0258250084113019
-1.0173454389106846
1.0040588791596916
-3.001405635353249
-0.9908922790231318
-2.9795779299763923
0.9941098250008314
-2.9911174338723057
-2.9894911099059693
-0.9885085477723484
-2.9759875850493156
0.9795175519971948
-0.9608560098944173
2.9859062108295955
-2.971770977276812
1.0128887746327448
0.9749640994936097
-2.9830113774330966
0.9907617119811012
-2.9678929785468253
-1.0161371199926705
2.993121000741052
2.9821349044116294
-2.981578898876471
-0.9833055135835457
2.9870274121737257
-1.0263415680191488
2.9863346353156235
-0.9777798262134878
1.0088207221838204
0.9712301126550063
3.0022619759659896
-1.0185756042313776
1.0284537165077392
-1.0157148841172552
0.9963575796703336
-2.982404624953389
-0.9841173685213561
-2.968070840130188
0.9897616691310434
-0.9826919096419101
-2.991766391083476
-0.9822704503762111
-2.949259408332131
0.971152479241865
-0.9723323524202849
2.983152412635643
-2.9802040283482856
-2.9660409665943974
0.9806205551875262
-2.9917678115488076
0.9691986582523301
-2.960403351776189
-0.9974120953743356
2.988010225892986
2.976107184939781
0.9968443104477182
-0.9741310602813236
2.9921376313637045
-0.9849298728007279
2.9757286196097477
-1.0072326358378256
1.0166964751894594
0.959994547303529
-2.9579123800449225
-1.0226990266865985
1.0218705266401622
-1.0030909022956958
0.993252015733123
-2.94644832069446
-0.9955656565017811
-2.977055113109455
0.99425582208981
-0.9946977963521159
-2.9858034227189623
-0.9810157018429317
-2.9585652049974374
0.9713286371773058
-0.9637896718336277
2.9901357774878212
-2.9701596141218216
-2.9629786443511046
0.9637059839941003
-2.9931062746281913
0.9689563234814617
-2.95249084021341
-1.0043289328703815
2.985518909480831
2.9917406573656513
0.9996703720212314
-0.9884061904050565
2.9751605282612075
-1.0051601884112873
2.972322324065956
-1.004402733417269
1.0184921096704949
0.9730006007065563
-2.958639354781111
-1.0159165717940137
1.0270619931447655
-1.00827091624187
0.9848687995919839
-2.9551556225186806
-0.9910623842696616
-2.973711329768256
0.9997388757328406
-0.9951199725936946
-2.9757561535510204
-0.98164829037511
-2.955753543157371
0.9806799061616636
-0.9831772178037803
1.0001685355552217
-2.9744007555113203
-2.9699264303940267
0.9908814442050978
-2.9984827239641616
0.9834461484859508
-2.9539605623797405
-1.0075004407986334
-0.9947273243421727
2.986106822360288
0.9939755306591666
-0.9656494681421369
2.973501517206183
-0.9661670971089749
2.9758981283128407
-1.0137318180487807
-0.9682909371165872
0.9638923633559339
-2.95708973630355
-1.0144135976015232
1.038239492220629
-0.9994200567919989
0.9907380481613622
-2.9603331570607057
-0.9955118901656453
-2.9781978295143032
0.9917119419067384
-0.99203614408319
-2.9839817877082875
-0.9976319580885185
-2.9473965643116666
0.9610997739945102
-0.960098337918745
0.9879668714244237
-2.981443380001279
-2.9730646747525213
0.9886975160645505
-2.9921830782216343
0.983102879737537
-2.9694696439696413
-1.010050695095962
-1.00023428471305
2.989813925323478
0.9933405642990454
-0.9774533770143218
2.9743932287158756
-0.9681347277084571
2.973266312640013
-1.0065464967057662
-0.9783806936081754
0.95885329565565
-2.9432001268811376
-1.0213437271640744
1.015298102745533
-0.9935069366491657
0.986169448308806
-2.9425324990955803
-0.9949979170885836
-2.989471061387081
0.992613895549197
-0.9997025515662239
-2.9806626016182367
-0.9722767492858289
-2.9714073174451925
0.982449831240457
-0.9700097655047313
0.9974624766681951
-2.9625049147737577
-2.978817242511056
0.989503495579425
-2.9928818677195848
0.9839497251147513
-2.9535023983838053
-1.007228868072596
-1.0018594354166364
2.9847533310805305
0.9930977691211668
-0.9722027524443849
2.9843443964909717
-0.9786545841130722
2.975081408544546
-0.9991773942037115
-0.962738901394694
0.9509888066608456
-2.95048246642316
-1.027676898873126
1.0240658235170161
-1.0037234447959253
2.9851658218498356
-2.9573270864636925
-0.9834464235423387
-3.0046982823514607
1.0059376848890804
-1.0062592825129886
-2.9708373243339548
-0.9932061531864784
1.0300787079766938
0.9746294375221541
-0.9850946779452467
1.0158507141785935
-2.968459692473272
-2.989221968559679
1.0012709264003674
-2.9961570939032858
-2.9935729252385093
-2.9738927769600934
-0.9938240708256963
-1.012799233670178
2.977985760590092
1.0040329589907775
-0.9760861576345246
2.9750721110911966
1.032299739094787
2.9691325781327587
-1.0081099481741937
-0.9628899732877547
0.9428650240383294
-2.954124651078797
-1.0148366626810843
1.0155678949732818
-2.9965743671808456
2.9844618573361688
-2.9486787284637357
-1.0214530902639194
-2.9962544855103745
1.0077128045012687
-1.0132222532244066
-2.975769952396425
2.9949959336541965
1.0212228458949852
0.9932517879778989
-1.0111896800039388
1.0242773652220818
-2.997637860660231
-2.9871883019688603
0.9883960464280729
2.9829641260114124
-2.9988108833573937
-2.9679044362548996
-1.00771666458234
-1.0015918884176676
2.94590607811674
1.0158243205360937
-0.9856760185523993
2.9688589490522634
1.020425184057168
2.973749130427563
-1.014512334495063
-0.9582701187142697
0.9540371053127411
-2.958379230704928
-1.0261222196666826
1.023670145528845
-2.99317440467244
2.9747207391882817
-2.945834380466278
-1.012901877355119
-3.006682984077926
1.0195786014381494
-1.0129830945026512
-2.9785230954475033
3.0066894383282237
1.0235469511640911
0.9882428712010695
-1.0166836789271214
1.0396677012743558
-2.9984953773682164
-2.9986501994094965
1.01179037491183
2.982022217240454
-2.9935263762867983
-2.951164178765064
-1.0021758812971924
-0.995303723785705
2.9494443225910536
1.0266857704471624
-2.962001773846671
2.9770654315504594
1.0318468821287967
2.9645969923281914
-1.012749903401282
-0.9380933614636673
0.9399762686656551
-2.9618358555953135
2.972096440418304
1.0185509076097308
-2.9847512871506625
2.9523270392634817
-2.9489311191780896
-1.0328289586236703
-2.979850083080296
1.0214300286559472
2.9724372268648342
-2.979878663861059
2.9931985315932987
1.0080955810299506
0.9952342368049704
-1.0372077060741827
1.0192045839579142
-3.010033734591285
1.0058286025576257
0.9987241653577215
2.982579288834819
-2.9980789126955387
-2.9648723620679114
-1.0136277833100913
-0.9884754336493604
2.947647737609814
-0.9803407802954869
-2.9725254826193366
2.9762680140629922
1.0211622612983875
2.943683803079415
-0.9933353852105709
-0.9734524415019139
0.9357684159703608
-0.9623789748795231
2.966349162933962
1.0201398609816532
-2.9653952683764855
2.94374544260715
-2.948082103138184
-1.034507189362512
-3.000634923075468
-2.977238780158805
2.9697306829970858
-2.9661532377409032
2.970662850161152
1.0061135653699373
1.0101608689371206
-1.056427204578204
1.043366798038007
2.9708378233213835
1.0034561164574292
0.9952204888558551
2.98634504527902
-3.0009331327332407
-2.9824266109866904
-1.0216939039497093
-0.9874268050525729
0.9407632374900903
-0.9646882135048829
-2.9718545423363376
2.9912120663301986
0.9995188403634426
2.969312552506048
-0.997883659420867
-0.9444783985406608
-3.0308415504565227
-0.9655402139497983
2.9742512155203245
0.9971469851733357
-2.959251240365865
2.964222201612928
-2.9618509621077043
-1.0285894326388085
0.983937707662942
-2.96999219634091
2.9668317486790423
-2.963560661587495
2.9779219432591333
0.9795524365208903
1.0276142684643408
-1.033153782770444
-0.9566173240988173
2.9719938760081033
1.0030500592558769
1.0025952066988697
2.984823820830701
-2.9809401455651647
-2.995648327383984
-1.0327433798504877
-0.9922965102895718
0.963735199553807
-0.9713584071055938
-2.965910938379927
2.9974956390284815
1.0159214730956976
2.9706549249877137
-0.9921816896179574
-2.9550796112092295
-3.0521781221072692
-0.9656260646503316
2.962616421389233
1.004627969805686
-2.9524660006190184
2.9667664465050754
-2.958751754275459
2.963291439587346
0.9990914354135212
-2.958921233322327
2.9315316889789345
-2.9418931531532726
2.9524747637244366
0.9912233280879251
1.0248413702289596
2.9207901798695626
-0.9597914542727
2.981908908164716
0.9838842759968214
1.0169500997112577
2.952598518589762
-2.974335090114078
-2.9774512740666967
2.9763064507716477
-0.9868709916654768
0.9579528291763656
-0.9933304832848389
-2.9626786551825486
2.9737374967507155
1.0190129435249569
2.954878764618748
0.9725628534994695
-2.944580763203691
-3.0292575149950056
-0.9674329659786451
2.947154333350349
0.9842040259166325
-2.9580040646585717
2.9699209567275817
-0.9463585164304705
2.944964093589551
0.9798902869840466
-2.9527021470054424
2.9368462601772003
-2.9493253254769334
2.940005063250822
0.9864348823900553
-2.9650958265076786
2.9337663953344886
-0.9292167568646392
2.936008388505947
0.968407228568931
1.024018202040937
2.9507037308776223
-2.9650226551028975
2.986834289945532
2.953966280001151
-0.9839527048138992
0.9626339318412023
-0.9675088187515338
-2.9997309251996915
2.9778485631677905
1.0216953665628052
2.968016543823062
0.997038903779464
-2.9348154377143354
-3.0418470008254093
-0.9792358218134852
2.953362606935148
0.9897724183568247
-2.9523542222684647
2.9693513430751275
-0.9649052559554135
2.9644278428793
0.9946544206804309
-2.9299167391733207
2.941603299649179
-2.957220870425072
2.9544772031001183
0.9964407633024495
-2.964074985574844
2.94276615028054
-0.957277068316936
2.9569742843492195
0.9781511841324362
1.0341743867235567
2.9587250620886114
-0.9744431180724346
2.9800306293797436
2.970466498719732
-0.9571639317933016
0.9592897832360413
-0.998392647579377
-2.9952881504613442
2.98817329125265
-2.967772848556002
2.9657949612656784
0.9774976205627667
-2.9779575584541123
-3.040139387166522
-0.9555429250847975
2.9473565023524353
0.9870399554111935
1.0275181897936474
2.97196951393581
-0.9592720851635592
2.97804410544759
0.9787278079794387
-2.966716736468592
2.942467919852494
-2.9527973786943136
-1.0361104477250935
0.9934732566016775
-2.9725968881716485
2.9655016424787126
-0.9657534645693118
2.9847962127217835
0.9662470353136724
1.030121023268936
-1.0363123407237855
-0.9775151908455192
2.9844300777105834
2.9926237855825075
-0.986149680899693
0.9782314946041499
-0.9960038371788639
-2.9816560777331618
-2.9826666131536803
-2.965674038209537
2.961780018224948
1.0044333722785603
-2.9718785261124903
-2.9932677144768625
-0.9626299333965531
2.9450979064998974
0.9877179832786501
1.0322649348016146
2.973857478802454
-0.9842501515348471
2.9760547548350087
0.9745226728202505
-2.964308369874911
2.94504134553044
-0.959068631100351
-1.0383441983309099
0.9736898612131322
-2.9433565912410757
2.9735244075725618
-0.9710990671330566
2.9754316801222185
0.9610910062087897
-2.9580030868020164
-1.026521648036936
-0.9757238737416642
2.956140283227589
3.0011366231881866
-0.9631258986307487
0.9848387934863405
-0.9880018278235708
1.0019052754356608
-2.996453479354119
-2.9687239334736817
2.9899823809744803
0.9952046040616201
-3.0020152127899817
-2.990645590702012
-0.9688271378354735
-1.030273402288114
0.9977787586890174
1.0253282994390776
3.0244722189799815
-0.986108072077125
3.002720249890524
0.9795620037777862
-2.966527705955595
-3.0447783307186906
-0.9659894973987618
-1.0279419318824297
0.9823566885196758
-2.9526815861374627
2.998580933053506
-0.9840780730101012
2.990884642339565
0.9784405329674402
-2.952799670707495
-1.0405135926175282
-0.9743097223606315
2.9683032355716334
2.98967916913277
-0.9484516637948772
0.978549908994038
-1.00714959997148
0.9914044606024037
-2.9782475482988686
-2.9649434792673497
2.983917136883445
1.0021725043048126
-2.989479214143213
-2.9879664744736565
-0.9602199360773851
-1.0407618497446975
0.9859323475705375
1.0166182608583787
3.0001654348226703
-1.000053063956892
3.000532951336223
0.9656744508415359
-2.9568745073262215
-3.025308738381647
-0.9602677442889184
-1.041074397445313
0.9929169467955963
-2.958062109510243
2.991795176935744
-0.9811800499969742
2.9814876243694095
0.9592485874586522
-2.959850362758837
-1.032911444607613
-0.9665634981089087
2.9462316388585568
2.989675366653145
-0.9689061123078497
0.986217926355456
-0.9870991282129862
1.0050902423741561
-3.0112451088352143
-2.976984851545112
2.9888496104190656
0.993692791702361
-2.999235659324537
-1.0027603889504193
-0.9659334602896475
-1.037771702729188
1.007465135994547
1.028214582319122
2.9997774685314167
-0.987619979211564
2.9906403203808023
-3.013338742786997
-2.962182341861899
-3.0327335149341805
-0.9800059092648495
-1.02585956478057
1.0105794693531027
-2.9618096631554907
3.0021561986470577
1.0000355778184347
2.9747354210816117
0.9707939885243082
-2.955197945232853
-1.031795961678539
-0.9690071681263525
2.9662252275761163
2.9867910556934776
-0.9537766128211563
0.9815779190135642
-1.0013187857144468
0.9926811095621357
-2.9911200809924767
-2.971684609258665
2.9859332877035576
1.0031274989395724
-2.9963838107963667
-0.9948157117723163
-0.9587285294516942
-1.0411114721368082
1.007268725945098
1.014932977933219
3.001242631287966
-0.9931579842630838
3.0079922574871145
-3.0073753638296536
-2.9641326253007945
-3.0266197059960813
-0.9744872346501643
-1.0280045765698
0.999955844186037
-2.9733471811248555
3.0059239369208033
1.0100966048595226
2.979980342703723
0.9765937171564711
-2.9615111099349964
-1.0292424947608512
-0.9758382493701745
2.961106508198375
0.9971044359216301
-0.9654348278425084
0.9651614111585546
-0.9566359873198171
0.9897793262209503
-2.9972824225710077
-2.9759479553198025
2.9806664172019395
-2.9786993820819525
-2.996761554356065
-0.9949703977374973
-0.9767243667595632
-1.0517199206891037
1.040797370450703
1.0222019359217909
3.0006546875157922
2.987277191207478
2.9850443286477604
-2.990153061494616
-2.999192480992165
-2.999141819074449
-1.001293971577252
-1.0303293656347903
1.0036493668629942
3.0173864019528236
2.9883967021585858
1.0060381748900544
2.9733791835687353
0.9796789482839946
-2.9827247766259126
-1.005740112760142
-0.983205745519038
2.9624463804128403
1.005398200590848
-0.9613532933927745
0.9773359236615164
-0.9751157193120282
0.9953819972413218
-2.987059531644947
-2.973820637628131
0.993118131053156
-2.9864257873163917
-3.00670211805059
-0.9603610913896161
-0.9976378568900885
-1.0132088288596937
1.026254624390968
1.0194665558616676
-2.956428170587156
2.995890096104617
3.000339999606119
-2.997764135261292
-3.0035469539363917
-2.988347477850459
-1.0132752858526142
-1.0132394292437539
3.0019463708662237
3.021033375352569
3.005466909851376
1.0066236892559355
2.9660746158215865
0.983590192752393
-3.005478049147262
-1.0211572177329613
1.0146905672110855
2.964024268418132
0.9954862779189555
-0.9654718192592224
0.9794210644673726
-0.9842909077958039
0.9931403614984272
-2.9865925192757983
-2.9696802469715036
0.986931870414492
-2.9655302437539235
-3.0210777790118413
-0.9600518054903051
-0.9954993436256883
-1.020026025912167
1.022547115303022
3.0020949793493514
-2.9803508187612637
2.99453605920041
2.9983872488142493
-2.9924480067177424
-3.015159975515396
-2.978542975823615
-1.0135825808042471
0.9617899806627541
3.001035954393101
3.009209887733334
3.010647884437881
0.9765833397429234
2.9638712624894694
0.9616273067014031
-2.9852239677103447
-3.00964343208393
1.0070749790571079
2.96375035164953
0.9791137760017045
-0.9648595560688386
0.9976310597687952
-0.9929983832006141
0.9958675952137906
0.9882250185270335
-2.9717568011863813
0.9775714429065455
-2.9596251575397696
-3.0214630426983335
-0.9698811892657856
-1.0045513574864284
-1.0239499239329861
-2.9540205460994473
3.0150811494370187
-2.975405832290516
2.978936286413063
2.9868255602701925
-2.9719411450486493
-3.0360102343102966
-2.974242949009122
0.9810573167468836
0.9635547166133887
3.010263241067452
3.005374251681407
3.014444928875191
0.9779419656786648
2.975336688579556
0.9926048929504083
-0.9999048115971119
-3.0108914200661387
1.0137122122055784
2.969044502375294
0.973020958786692
-0.9703764098708332
0.9893492317094372
-0.9917008903677474
-0.9926804975619279
1.0018295700324367
-2.973656279856022
1.006890606913715
-2.9630000871070745
-3.0021961717520993
-0.9791098301434935
-0.9943279163824869
-3.0207070734689236
-2.9664364283908684
3.0035272063785565
-2.9895218323015387
2.990261430873253
3.002538094054903
-2.987057655117169
-3.016528826043494
1.0144188270222558
0.9739474735764297
0.959845184533734
3.0086106648107784
2.988681824123034
3.0036143252187513
0.9926235119556063
2.970928111195365
-1.0087696422823043
-1.0008883950163903
-3.022696649821881
1.0251046760246094
2.9747750208787758
0.9934539743141068
-0.9732587482464142
1.0066496118973653
-2.9760257890888413
-1.004075145882923
0.990965116888347
-2.986177456683016
0.9944405453287164
-2.9467487903320704
-3.0062638764815777
-0.974030292181978
1.0014158593049671
-3.0114584230239276
-2.961249948853914
3.0189578385865232
-2.9897239631041406
2.9806293096948413
2.994430707630598
-2.979124644472402
-3.026391429786682
1.0031027764886369
0.9766091444364192
0.966725283297972
3.021694300053482
3.004061639327756
2.990366002547799
0.9934921868096832
0.979520006917309
-1.0213777116563019
-0.9969936858000447
-3.005058691645371
1.0121635448137063
2.9830022593485324
0.9956679889764906
-0.9672383302557637
-1.000878731753489
-2.979459483581538
-0.9878077152331203
0.9886068680952603
-2.98147375116544
1.0103314044418634
-2.958726972679733
-3.0107773888721523
-0.9794614614420574
0.9945895536408924
-3.014238794846523
-2.966123724527398
3.0111472083405784
-2.987578939451537
2.980452777971368
2.997755104582829
-0.9903986607464186
-3.03680495289995
0.9929645625202689
0.9966466565228498
0.9749901842812655
2.9971103411132414
2.9921564691973304
2.9971570373286553
-2.99303019095966
0.9842618290797449
-0.9990504204468771
-1.0244472295356182
-2.996433161232696
1.0417983317581494
2.970034638339865
0.9919933865357419
3.013579772011484
-0.9976870677299862
-2.9722648732360906
-1.0337629575953595
1.0201713204808833
-3.0206004092216436
1.023289442274534
-2.9513908467369543
2.9689390449894906
-0.9836634118881566
1.003025450282533
-3.019467967273913
-2.9668280809482903
2.9796545602152493
-2.9866708374609763
2.9699455262001915
1.008330427265189
-0.9887082811434957
-3.0310179422466335
1.0254070462978315
0.9860797888209062
0.9847406950423897
2.99978969767725
3.0034110302656285
-0.9872024972235561
-2.9873089510874347
0.9746474455164028
-0.9867759124225456
-1.0190590711575307
-2.9754610847627774
1.0205406160113262
2.9775869811084883
-2.996570666889318
3.001840303822153
-0.9905831435390479
-3.0053265435818046
-1.0436369971884862
1.0468079964481407
-3.018969482169605
1.0124668630215117
3.010686194498749
2.9582631606484604
-0.9805826580685014
0.995118410654188
-2.992217220566768
-2.9942290126592166
2.9915065842770234
-2.990354801652932
2.977191503386135
1.0012560636048282
-0.9981101498014113
-3.029290172511664
1.022406456220853
0.9990085954677673
0.9817477227667141
2.996418512970086
1.0074275533388315
-0.9879217513791579
-3.004635869959869
1.0082819823420528
-0.9939691660933951
-1.0219015253523027
-2.9825377768369457
1.007898986688148
-2.9927412081460156
-2.9926396797129677
3.003502799161843
-0.9877293098599542
-3.004043662406007
-0.9963607737205817
1.0233349116206867
-3.0365758651763257
1.025243216948605
3.00654686198286
2.961844110207042
-0.9825233832905077
0.9945283776583305
-3.0024121630881964
-2.991519231792624
2.989079671735297
-0.9851635940359145
2.9864963400979043
1.0041284388534253
-0.9572083552675934
-3.0199500202937384
1.0220198966271172
0.9888364602537518
0.9853968704230031
-2.9754082232166894
1.0034149630888796
-0.9909611486478983
-3.0164328397485836
1.0050800906136552
-0.9749168818670814
-1.0295233343677053
-2.974260055536683
1.0268856786871372
-3.007350317111766
-2.9888845085301807
2.9872962147428828
-0.9674971689812215
-3.0187737511011186
-0.9948766812940697
1.0155511287625454
-1.0222910637160387
1.021714810745189
3.021703390607331
2.997747444654344
-0.9994572552330557
0.9849911620808292
-2.993170070547279
-3.0030297174141016
-2.981097431406124
-0.9893529884338568
2.9724873160531984
0.9956809871140154
-0.9599931692411214
-2.996745920635834
1.0006631367057865
0.9959194851767085
0.9821462266575638
-2.973232985490568
1.020735692998568
-0.9960132719645556
-2.9929340095392174
1.0044233993461582
-0.951079175118772
-1.0288299189732537
-0.9924515400614118
1.0317791225849036
-3.007585907158853
-2.9543680807215407
2.9964681200669085
-0.9814323075670552
-3.0008325848308184
-0.9996332403976853
-2.954809564266676
-1.0378985644323189
1.0203698119035443
2.9737813344113353
3.0195943431822685
-0.970098543570094
0.9813162606674964
-2.994074883109517
2.9779038004036558
-2.9972898698361243
-0.9890043087351775
2.973147752035153
1.0030634081698968
-1.0053559487034511
-2.979113658714725
1.013041757676312
0.9999251903059905
0.9743625568696065
-2.9829496213858744
1.0315623148638335
-1.006952901979975
-2.989060781045998
1.0028495554844084
-0.9651929808325036
-3.0270037962692267
-0.9782690791313223
1.0306328308994863
-3.0266199637528755
-2.9648628733207114
2.9969273599077573
-0.9930448207803951
-3.0146935341643726
2.9906801547823454
-2.9710557801184634
-1.0166977237664336
0.9946416378035453
2.989353511839958
2.97784526698632
-0.9727234677702429
0.9693088594774126
2.9812535228509485
2.975958538195899
-2.981027705939886
-0.9940332092280688
2.985348624695051
0.9722847780177637
-0.987377630111054
-2.9861261203221448
2.9940457212787845
0.9878507073468253
0.9987903013927262
-3.0139579345028538
1.0244941908351057
-1.0196454968026498
-3.010080134883751
0.9947361781567198
3.0279066772391987
-3.00521827748911
-0.9831271158400124
1.0035170854981514
-3.0163432307647806
-2.9959656361810265
3.0053402733236285
-0.9954606220447114
0.970388588291261
2.9855040070963503
-2.9798338487578326
-0.9877369320219344
0.9885689563137312
2.9671188993918864
2.9828211719029554
-0.9675073857237673
-2.995825770966322
2.986849647627565
2.98807907597497
-2.9993108288964057
-1.0199682025362058
3.002887402857287
0.9673195809603234
-0.9871134956451879
0.9969456928710614
2.9904027555145785
0.9967307327665407
1.0060523697534272
-3.0075582609904465
1.0064305571724301
-1.015314965102945
-2.9923732754146384
-0.9974094604808107
3.0316683738542953
-3.0295287981733816
-0.9783638534468053
0.9995808863166531
-3.0029528238520045
-2.9825901953283864
3.0195863829403415
-0.9862220010459279
0.9789765683222689
2.9824670451455564
-2.951097558021378
-1.0035180985344534
1.0013080298209227
2.9757032487755173
2.9889485201568844
-2.960844110234229
-3.0063776883063307
2.9790342093180047
2.9765278675571354
-2.997741571448662
-0.9945641759177427
3.0061520460078777
0.9752773904125683
1.0025773227287524
1.017808501071337
3.00144102949473
0.9766683968502691
1.0080923938402424
-3.011807807603262
1.020717385464958
-1.0079862885966577
-1.0039079432826528
-0.9841873641446387
3.004545156625737
-2.9879433763371885
-0.971260639087804
0.9976151964082196
-2.9945615157409513
-2.996559544902604
-0.97754882644954
-0.9905877985431408
0.9580234044485473
3.0060101425075096
-2.981395460029048
-0.9772581198150849
0.9890197205447363
2.9686600968473686
-0.9959935730074352
-2.9690053659982443
-3.01299927362458
2.991672734755305
2.9539964528622624
-2.9803605025409308
-1.011803682658325
3.002276730010935
-1.02825338010801
1.0050186403545283
0.9902964576961074
3.001060484450264
0.983082054808909
1.020844253357907
-3.0175599760347662
1.0120697484113874
-1.0128340068010702
-1.0022401953049118
-0.9894643803380465
3.022019642117498
-3.00105096462422
-0.9869597657363847
0.9913598099006978
-3.000421688239867
-2.99908252258954
-0.9709168098117025
-0.989405808087794
0.9878175795625224
3.0134369444540274
-2.9559933533193408
-0.9835917405368799
0.9901126365903268
0.981953436586854
-0.9965093835863581
-2.9711615425160827
-2.9777717208355994
2.9816584713883425
2.9851714806358935
-2.9773708198894524
-1.010894955383995
-0.9867427377964914
-1.0180929488975365
0.9959829703493482
1.019469522058058
3.000810625238749
1.0139492054217716
1.0069512675590033
-3.022857926386265
-0.9818207065496071
-1.0134355461086961
-0.9954356096473982
-1.0032712838402598
3.0114509149753377
-2.9781538966520875
-0.979166109649934
0.998542872207699
-1.0099674219672214
-2.99642747856014
-0.9856110406529937
-0.9627096099557351
0.9752192272591109
2.9969860140247073
-2.963192814929083
-0.9771192807950515
-3.00598667238143
0.9770926488985529
-1.0054277334011603
-2.9869401342269746
-2.9922586820211112
3.007668149897798
2.978273577116849
-2.9822038788409957
2.983721969485787
-0.9840839626912857
-1.0135766768370793
0.9737163136541283
1.0220578850855182
2.967259320770131
0.9957187810517353
1.0031249758041512
2.9486076516897723
-0.9791953799648604
-0.9932384889987733
-1.0124128367593903
-0.98221870515039
2.9837808408121558
-2.982273987489819
-0.9873937505376582
2.9812498093505786
-1.0187036415856345
-2.9868295301582846
-0.9949848580867374
-0.9747588013100673
0.9708632519879249
2.995016571725393
-2.9544041104493575
1.0127606256086013
-2.9871969004137213
0.9712153899532804
-0.9929945498091067
-2.9924868604262835
-2.9821920629765826
3.0045334687572454
2.967724202307585
-2.989327042606985
2.9729957208544806
-0.9788406933596163
-1.01299720744821
0.9455087431016443
1.0412751314013484
2.9614494883457105
1.0189223393488225
1.004518597665986
2.969235391108041
-0.9741047601765805
-1.0041182685357222
-1.0124532004386784
-0.9976120798637829
2.976754556982406
-2.9774717586492043
-0.9850999364362746
2.9852726232252653
-1.0016394838440528
-2.9797969075536828
-0.9893911876365441
-0.9613002006760507
0.9664167863358186
2.997618961904567
-2.9686103042793532
1.0159907970128181
-2.9953439127762826
0.9764149245416416
-0.9844276556422138
-2.994499323850312
-2.996116892266427
3.0127293706825036
2.9704568700615717
-2.9815798089953183
2.9819105672026494
-0.9820372142514577
-1.0161560080398035
0.9712192975121957
1.0307010016081448
2.9590584985492403
1.0156587204734733
1.016239327430686
2.9633912648096707
-0.9909796639902982
-1.0010596765482536
-1.0307286048933928
-0.9814278180319759
2.9855399321415033
-0.9795166210001885
-0.9825785510687668
2.9750617163482076
-0.9594567979236115
-3.0048036271262792
-0.9925848818337114
-0.9629091939455668
0.9585070867458273
-2.9643262638666688
-2.970102646213799
1.0086541989192288
-2.978147375947742
0.9643611598244007
-0.9528875796421327
-2.997249291330352
-3.0005001199653965
1.0153241978054843
2.97863354693478
-2.9863178169532065
3.0050758403899134
-0.9822327958539562
-0.9978039132832931
0.9454036910002994
1.0270391665001868
-1.0161767436984066
1.0104199855492295
1.000117105440595
2.9823892410015476
-1.003949702552142
-0.9693426053759893
-1.0227298235025921
-0.988738165942113
-1.0007480587965298
-0.9911202630589122
-0.9930765824815373
2.9947243100126006
-0.9824274640934098
-2.954994539446086
-1.026364041488266
-0.9583540575249376
-3.0111812676355334
-2.98790609578579
-2.9459963735852277
0.9910139877339583
-2.9791369720461454
0.9872850345209845
-0.9514370133133455
-2.9940327876220976
0.9963121906996666
1.0169874549980868
2.975211320700923
-2.9690112655631298
3.008777082579853
-1.0099816813484224
-0.990284889244505
0.9559273960592302
-2.9491114865752204
-1.0210877264751965
1.0308723976604852
0.9756860438840463
2.984115322730486
-0.965127245099709
-0.9809227106882423
-1.0302831957384901
2.9915390067458274
-1.0026319907495793
-0.9640830524870347
-1.019787337839489
3.0195095968742467
-1.010814453155197
-2.971119913463549
-0.9952177031981302
3.0219456510210696
-3.028623367545136
-2.964941315198202
-2.984639375774758
1.0023250336407137
-2.999165401100709
1.0035588508460573
-0.9706741780289148
0.9868514530299353
0.9904753469186783
1.0313880359999996
2.9824799769980697
-2.965999078016901
2.9873897165806045
-1.008327711429731
-0.9916586602257463
-1.0348727429623765
-2.9635867132847586
-1.0180895541813677
1.0288727874067904
0.9714065635733935
2.984686342036465
-0.9892905804890466
-0.9882844158580253
-3.011815607755195
2.998125208687135
-0.9942393238930479
-0.9906812530347533
-1.020943906747325
3.0229919160332983
-1.0179203634867362
-2.957789746044762
0.9781470441833198
3.0063325319677725
-3.020814788005647
-2.9632958050174927
-2.982047429333408
0.99788015590134
-3.0108552038007383
1.0025050409207261
-0.9549371750263493
0.9932949424105577
0.9877926436600714
1.0204316047296942
2.974088956675452
-2.962862748840178
2.9863774649218167
-1.0047426532785564
-0.9897328136962151
-1.0392677019870378
-2.945114429845058
-1.021700537881542
1.0241415520383348
0.9737088113008123
3.0023780147473995
-0.9765094618322434
-0.9794591711824775
-3.016661162288811
2.982088251716038
-1.0191874184143963
-0.9860866668918333
-1.0151147552655546
3.0195114825942837
-1.010274655110527
-0.9626532954612954
0.9895412747361693
3.024397707474173
-3.0091539362832482
-2.9718206795288213
-2.985256318665729
0.9916424570170645
-3.001231561803618
-0.9911749165109148
-0.9674411839855644
0.9920774969408276
1.0038273977573338
1.00951153091751
2.985534346071223
-2.971899218875563
2.9844074608190376
-2.997068815956243
-0.9878348955751681
-1.0200762424003234
-2.960494098208102
-1.027956696886603
1.0483681058850098
0.9700504971655278
2.9953312417408573
1.0045044716191276
-0.9948392161315868
-3.017521281825157
3.003176355740053
-0.9965284750917974
-0.9928614120326122
-1.016302663543524
3.0356518983159115
-1.0190514092104306
-0.9799479931753943
0.9924841226400024
3.0216740050707616
-3.006915031705396
-2.9644661951652105
-2.9847404698616398
0.9826689556587375
-3.0117448085495626
-1.0067029029420964
-0.958982826638043
0.983070974807996
0.9998165564010645
1.0233354685751457
2.9907878891850723
-2.9561027334066456
2.9970465525427175
-3.0008860129518204
-0.9967987942613385
-1.035582063173433
-2.9702400235877344
-1.027497137210735
1.0323026055163382
0.9785674017344459
3.006739531478531
1.0078361849083546
-0.9864859799390289
-3.003536710088397
2.989776613016797
-1.0151839043485171
-0.9963143165733868
-1.01418648303102
1.035825371779359
-1.0125498207514028
-0.9782890305331563
0.9960946012227935
3.015556059706888
-2.9877874931683435
-2.9848637279081847
-2.9970636517282365
-1.0004402875098817
-2.9946925032182863
-1.0101370171123107
-0.945788075921568
0.9772911368889455
1.0072047437766691
1.0030070152906578
2.989054317094425
-2.978801912513224
2.981492742583834
-2.9859649598856315
-0.9987585985067978
-1.0315329511471358
-2.9667959930463397
-1.035958075021359
1.0422637742757983
2.9740315418834373
2.995802164810913
1.0261805216287316
-0.9949191770162789
-2.992021295974928
2.9842291136687082
-0.9953660952078014
-1.0061989749276805
0.9621336794596679
1.0343677941678386
-1.0161554398951125
-0.9679743294305063
1.0010484142743798
3.007329259256391
-2.9993262660794326
-2.9716594917282464
-2.9910175299924537
-1.0119059856314985
-3.020475046698718
-0.9820703308410018
-0.9545889111494332
0.9801730168104161
1.016535640692072
1.0113225118618365
0.9963896266448766
-2.9687177967947864
2.981954919685123
-2.9754960212208332
-1.016114606257701
-1.0194969490616987
-2.969476419008206
-1.026062303680179
-2.9419198425296296
2.9584056778698176
3.0038136214932694
1.0018197269977467
-1.0056517631028439
-2.979544623319208
2.9615003053573155
-0.9905629477593219
0.9972889972345608
0.9794405229975307
1.0449584765819098
-1.0298777776466386
-0.9761424749160359
0.9959490653339419
2.9918095942280223
-2.9864219337324407
-0.992094940815536
-2.9823179394844592
-0.9977706354802426
-3.0038591115002937
-0.9900309476167122
-0.9689111643477906
0.9748165482437076
1.011997913998758
-0.986534667888311
1.001479832836631
-2.970406584644982
2.9834873719396864
-2.9675212420349055
-0.995904116052668
-1.0206642537034138
-2.9636551083855354
-1.0166811805261942
-2.9431079218469365
2.9659707635572077
3.0170361676164896
0.9955312531579399
-0.9945866434084116
-2.965012871545538
2.975388259395363
-2.9963821659141496
0.9914505720226937
0.9896140036544872
1.0007607174988862
-1.0270004239024624
-0.9572625142364244
0.9735276896536802
3.000424699876903
2.980193137861924
-0.9903698094047774
-2.9825717307512445
-1.0206385989219044
-2.976833059346953
-1.0160224187652915
-0.9780250029407953
0.9858532750084236
3.0259769488445487
-0.9795917300958168
1.0033115887014883
-2.9969545464170784
2.9932400488079027
-2.97641137761458
-0.9971481203186542
-1.007948098614269
3.011149736181834
-1.0216453423857157
-2.9319268548999236
2.957848315631689
3.006034800496967
0.9785863944476869
-0.9960045085922375
-2.9688927241344234
0.9878540508798639
-2.986295240977808
0.9849970159973173
1.0299807464625819
0.9893173571546546
-1.0094917383885635
-0.9725577974277617
0.9819564887656043
-2.9872677100727696
2.9825052818272706
-0.9701609110156453
-2.988892213305321
-1.0249242453568963
-2.938810837484304
-1.033902627894987
-0.9612289006818164
2.9687740341055435
3.0018569351706508
-0.980593346496106
0.9945957152889962
-3.003312370867374
2.973810907126395
-2.9903655446897197
-0.9897961226402969
0.9804383041467446
3.0108257552101048
-1.0135391362351776
-2.967274055226907
2.9881914848469493
3.0087676533905716
0.9663910193966354
-0.9870994129962924
-0.9824924546964087
0.974761090937366
-2.9939724420628258
1.0113486760988672
1.023428089852772
0.9777560279828683
-1.0056592814853826
-0.9528722648374929
-2.999357439818496
-2.9827666833481117
2.982641787175991
-1.0042855235631971
-2.99438118419807
-0.9973888944735149
-2.972314344576059
-1.022652445996624
3.0146047343391706
2.9798019042135278
3.0091279336554986
-0.991737232851592
1.0054914097899184
-3.018031974092976
2.9773541707506657
-2.9791593892091783
0.9968386505360927
0.9687785406701863
3.0080463028759996
-1.0136943630608612
-2.954372103057557
2.9613603080311943
2.9998615188229203
0.9765751377766964
-1.003319612538714
-0.98676605180334
0.9870114238639139
-2.9851478644718537
1.0015876142591378
1.0246075068315221
0.9697588057550479
-0.9950874838631291
-2.956972941478585
-2.994559274212175
-2.9720074395178986
2.977115009719336
-1.002425330843942
-2.980296506176897
-1.0105882484744282
-2.946355179117547
0.9660842793091774
3.016901663437427
2.9760771767468364
3.001219226172913
-0.9912340760887225
0.9994659798948825
-3.016139257860354
2.981873125814405
-0.9980898960456192
0.9970735255671741
0.9722345908127684
3.0108424320707177
-1.0136407303519475
-2.9673858905412445
2.96360849079427
3.01072213922355
-1.0164449274423013
-1.0008781038443317
-0.985374067371664
0.9783792616887751
-2.9840704687053505
1.0168405451159386
1.0231835693182036
0.9818830563287975
-1.0102642044538555
-2.9568411464145576
-3.0077153106772547
-2.979533982596194
2.9730808355518095
-0.9968582584149355
-2.9907892606541284
-1.0045774709285216
-2.964345758645925
0.9616392759579797
3.014195738464558
2.9872279334487466
2.99006376959694
-0.9894008124187742
0.9862891511889376
-3.0284339621825613
0.9910250348058521
-0.9835395413505091
0.988025222539046
1.0066775140358437
3.0027576551913393
-1.010123929358915
-2.977867220697831
2.9677870781918503
-2.9776531405303075
-1.024497887047871
-0.9795622070323928
-0.9961018382772044
0.9772387215771606
-2.955126338876021
1.0200417634632557
1.019733875098555
2.979889014932999
-1.0004735434601948
-2.937901026489623
-3.0178386147479452
-2.9520124782657278
2.9671232766885294
-0.9884888729255537
-2.9829882004763477
0.9907340130396265
-2.966165679356099
0.9782997192122564
3.011657636437847
3.004722765601001
2.976004126457663
-0.9747272465428292
0.9867772530946605
-3.0160020735593194
0.9942842945945228
-0.9893323502868063
0.9967950138711733
1.0149160368072585
3.0075362017627794
-1.0049364561992664
-2.9715291684436136
0.9745214832776204
-2.968629882873163
-1.0233044670809919
-0.9742098084150009
-1.0007742720804071
0.9934104101286707
-2.9642796261262925
1.005444836266486
-2.958969922357386
2.976271897963752
-0.9998567056557947
-2.9838414401358277
-3.0088718805940844
-2.9487910662805277
2.957549518259937
-0.9962757315931741
2.9932751469739514
0.9845049767948886
-2.955595858816856
0.949081072245192
3.0261491318131037
2.974306283604602
2.989414303217486
-0.9934037163706398
0.9823543871224147
-3.0236753118825352
0.9927770919392256
-0.9997407975338759
0.993463454511081
1.0002946070025536
3.003754097550661
-1.0000978113178713
-0.9834245712502037
0.9711458852877224
-2.966355415064426
-1.0191828514163674
-0.9612301808221954
-1.0037043187590415
0.9909403541828015
-2.955559695573646
-0.9901317641724904
-2.9762149762934533
2.979620983213326
-0.9896630136604463
-2.9898299355079283
-2.999027845991339
-2.9570852448582183
2.971376449327002
-0.9984605634436431
2.9870196421329074
0.9965159902402715
-2.955589808308962
0.9493768453263252
3.0271559039242235
2.9608733786779218
3.003339330452763
-2.9732331197990565
0.9891065795553994
-3.01533957382798
0.9711443477079844
-1.0019209546773482
1.0016663196468072
0.9911048441516598
3.0140149425208813
2.9843814886308633
-0.9744410238856787
0.9952818324340124
-3.0067989515127818
-0.999378778153001
-0.9957207248020271
-1.0031780262278462
0.9874132406757161
3.0043562625790496
-0.9803174398088184
-2.9535041636199875
2.9627507522959693
-0.9901909719985902
-3.022400949114101
-2.99544447987677
-2.943917904026959
2.9528207377436266
-0.9939950231060886
2.986617022097957
0.9934895559794132
-2.951682241696134
0.9477019532281405
3.0215662163374772
2.965036366126297
0.9948778516044188
-2.9690003909145792
0.9842109594932111
-2.977052043387687
0.9728309469083529
-0.9834155884673915
1.0056940100164138
0.9954661336837686
-2.9779713941017594
2.98446159431653
-0.9763886182840757
0.9839215804146156
-3.01122182959473
-0.9741788734737973
-1.0091910142868061
-1.0019492270567274
0.9852999095855937
3.0171096705699645
-0.9915673001268521
-2.9700783428792796
2.9801436250010944
-0.9883215371441622
-3.0227690050374028
-2.9829970559411825
-0.9714301116488234
2.9525597255434435
-1.0048175563980744
3.0147699103671655
0.9877678570712898
-2.963877247544294
0.9599948509288543
3.0312868602390832
-1.0314796086666607
1.0094386211892632
-2.991622040703619
1.0066969120206537
-2.9894022447434776
0.9937588565868317
-1.0018167549330348
1.005065734014279
-2.9990742329992233
-2.9583257852170592
2.976881947727663
-0.9891522771670495
0.9934049862204241
-2.9955615136437017
-0.9709865889566357
-1.00149076773328
0.9891959261495483
0.9862682889930953
3.0176979137989766
-0.9840016565305694
-2.968582183756485
2.9699825725201365
-0.991382468556929
-3.0289378398620843
-2.978119688465058
-0.9512504926466915
2.9673895151667757
-0.991971629458138
3.017800723703902
0.9907173294452485
-2.9465411206762555
0.9650655531272936
1.034033615856484
-1.0347050983682065
0.9901713176688378
-2.9535182072714274
0.9816646259281839
-2.981796830079124
0.9939211100052514
-0.9997709471117687
-2.9871619240780354
-2.9784653658431153
-2.963957334603215
2.969683332459496
-0.9836824406418225
1.0104862692166932
-3.0026782250183635
-0.9705081789045008
2.982716094028097
0.9869292921073213
0.992309426234111
2.9878818155784375
-0.9881828888656253
-3.0079876097455114
2.9610561866039085
-0.9783291244496813
0.9715916567571977
-3.0011013344151722
-0.9583720381995707
2.9583241691073736
-0.9831837032142526
2.9907778180734232
0.9882480982526003
-2.969385478958556
-1.0361981114025103
1.034225504939106
-1.023755930226107
1.0155906823713947
-2.9681063757342776
1.0045586846746561
-2.978122813193605
0.9738387243762874
-2.98203008654777
-2.970681574754637
-2.9700967286821136
-2.982351292928376
2.970877319816686
-0.9896054969755278
1.0053581912908112
-3.0079403643823146
3.0081205103858624
2.984361915680978
0.9992874228203735
0.9717836695712548
3.002735181103301
-0.988258281735306
-2.989632908883413
2.9671172198066733
3.002803334502178
0.9534126377835158
-2.9846292516300847
-0.9894245349544009
2.9814377516456414
-1.0272764262412217
2.9863191861983713
0.9945255889149585
1.0280493301569342
-1.0252326979658368
1.0383529812734664
-1.016145414704585
1.0120829453882232
-2.99012884584719
1.009197741809643
-2.960242048326425
-1.0020191246919985
-3.000611090256028
-2.9804276268454797
-2.9907309551429324
-2.972276443168827
2.97222391356023
-0.9849917762975533
1.0008330218148396
-1.01852278382676
3.014547850087479
2.96307882593869
1.024121802483489
0.9706989748477984
2.9799111590976772
-1.0008935855607248
-2.9936223917489855
-3.005510088096111
3.004870553457589
0.9742414553370639
-2.9909917331987455
-0.9863371170477555
3.01530423237473
-1.011845544105765
2.9848904166870502
2.9852496345211788
1.028578174834759
-1.0158545385543027
0.986129171547985
-1.0006507812594954
0.9974412836076195
-2.9750547088834027
1.0048809699408907
2.9928096511373474
-0.9956228175147231
-2.970925090941484
-2.9930042833449413
-2.972628202354737
-3.0171130671033772
2.9950551317203495
-0.9836422637113225
2.9918943885482485
-0.9955429350054731
3.0127220256852745
2.949319673564827
1.0427986929290012
0.9502299633562993
2.9936720132667207
-1.0012384255496456
0.9896149233636197
-3.0047284421996383
2.9939062246712225
1.004177245983254
-2.984394589121642
-1.0037285708858523
3.0212042260412897
-1.031580097612789
-2.98424682572062
2.983053680100036
1.0218111673256147
-1.0318392164191397
0.978804775960352
-0.9773754512545708
0.9896585948762845
-2.978206294171726
3.0095631648641965
2.9886062161149627
-1.0043994389580526
-2.9868935611728578
-2.991060127414323
-2.995540366841557
-3.02509206721742
2.977543216882366
1.0011322132854592
2.990951474783625
-1.0085446294415732
3.015335277637249
2.9442514882580713
1.0220008629033162
0.9611317248462257
2.995799188396993
-0.9996581956227035
0.9904625928572134
-3.011147854289116
2.997999784277954
0.9955476722904831
-2.9942586165732696
-1.0086878797801428
3.010077444649038
-3.021072075461736
-2.9847028427110582
3.005348702584926
1.0001188886853394
-1.0100723651508834
0.9923403350324828
-0.973169376314541
0.9874681477959963
2.9895361011083996
2.999231732423014
3.010778404275453
-1.01259092797358
-2.991846968572737
-3.0227797805401484
-2.978296360284291
-3.0101155175917773
2.978544233957053
1.0057704718319822
2.9949934075781255
-0.9886044094553951
3.0184355366659674
2.9500611677701127
1.0285805643894241
0.9596511537855558
1.014751638075013
-0.9950399755198337
0.9813229675123937
-2.98961407159372
2.9939871891756784
1.0041905297584544
-2.995364830084484
-0.9974844368286836
-0.9652246444669706
-3.015650367387037
-2.9830912611798004
3.017722275817937
0.9719132425839317
-0.9965692212332008
0.9765830458780954
-0.9796894665465364
-2.997981127028712
2.9969617807370574
3.028499238187162
2.964532171005411
-1.0032698230458132
-2.9720212986023413
-3.022326751093892
-2.9746153844392462
2.9674362301174164
2.983088834615539
1.0118815950993028
2.9745985414093514
-0.9781944326069553
2.9700971209152507
2.9698456534142625
1.0205820687751492
2.9490482967176033
1.0040465417057851
-0.9865095890158968
0.9632134720100421
-2.976103158373792
2.989420292637913
1.0012884130159545
-2.9956300152437345
2.974117194458061
-0.9679138173504185
-3.018195329813256
-3.0026444001316546
3.039802151230532
0.9668423931069122
-0.9802756245673353
0.9881724553966432
1.0249780378140292
-2.9973991953272643
2.995956616891473
3.009976913985645
2.965588607910805
-1.021569460832135
-2.964870655830528
-3.029008765531703
-2.9785657986305205
2.9503707452567838
2.985290128173494
1.0088726957445604
2.97318247345779
-0.980909973819022
2.9824105741348887
2.958142153381651
1.0314637670319373
2.9556107158371066
1.0068282113505658
-0.992739343560442
0.9413585774123906
-2.9696076122853667
2.9822082566826453
1.017756945730306
-2.9879309058045527
2.957722174677129
-0.9667292758408842
-3.023783757068364
-2.9964930605113445
3.035311489408708
0.9460046655276203
-0.9916865406950396
2.978303820237528
1.0151642587742253
-2.998632691399848
2.970838214482556
3.019438055594226
2.966123397269554
-1.0113826083302322
-2.9672473003674997
0.9399961188418745
-2.9848884433357883
2.961309323139734
3.014339015956755
1.017106218466534
2.9519328265151854
-0.981154684168584
2.9794920481661666
-1.018203002430596
1.0306019145595968
2.932196324915939
1.0300525137574599
-1.0032189398670999
0.987386603770405
-2.98076469317157
2.98092352570026
-2.973868498292787
-2.9909821182245246
2.970886706005622
-0.9757878264232073
-3.036737995770642
-2.9952918541040425
3.0122499441839183
0.9643855579128888
1.0076433620101288
2.9861084983137154
1.0076831982515517
-2.9877004284018587
2.9652587881755137
3.0089453315110455
2.94093396584955
-1.0136220843138506
-2.964806167334951
0.9620737696324883
-2.9743243843988196
2.9472256718608674
3.001402834222419
1.0145831472802935
2.9544492667864755
-0.9642124956935175
2.9740018296957964
-1.016423350378939
1.023746002746828
2.957426377929143
1.0361800791062192
-0.9918211396534886
0.9748626869496747
-2.98702332667064
0.9846755381055623
-2.963724546317642
-3.004420245579848
2.9883587268770246
-0.9792953869268805
-3.0130137008451077
-2.9792067674733507
3.0251254752364796
-3.0430421163901027
0.9899836092150617
2.9821440305936604
1.0106718945268731
-2.992967957693301
3.000533173359722
3.0100187147977233
2.960689517063912
0.9839196439781537
-2.9632424801154573
0.9419998648236957
-2.9632576647667133
2.9535490029519966
2.9966323005532254
1.014828079062468
2.967563118455049
-2.9784328041711046
2.9763730233359467
-1.009198718580558
0.9852579816677952
2.948781035582168
1.0285318520501137
-0.9974968156095559
1.0028108295916702
2.9862296703066193
0.9892268029495642
-2.977575587948848
-3.0076545740819163
3.0171669719728103
-1.0299665007307806
-3.007131412659161
-2.986387161564869
3.018550751186956
-3.0278817106349454
0.9920901828447166
2.9835516632842705
1.010413772276189
-2.994804982427902
2.992864683247957
3.010554004056023
2.9522016154587782
0.9930303282801987
-2.9691836334402417
0.9535933509648545
-2.963600607204408
2.9412842897463447
2.984916190313088
1.0212420883137296
2.946387034443883
-2.967487953933195
2.974248573331988
-1.0032473383287772
1.0008297443886345
2.956844788071017
1.0407493538568584
-1.0032288428698424
0.9860176443927398
2.9919600238695603
0.9846901949052862
-2.975769552747142
-3.002526975762395
2.9939192343512873
-1.0164075712021563
-3.001078556563023
-2.982719656423943
3.0248623381889765
-3.0265852011328525
1.0165555242888107
2.977882909420144
1.0021646489087237
-2.99129521191485
2.9974013636656505
1.0136263237465752
2.961830629064808
0.9720805246867131
-2.9340213145085894
0.9389911998732635
-2.9603940162562004
2.9495556271171965
2.9952770328319516
-2.9679786125299215
2.9650737752986545
-2.9611543147828265
2.9483047594413927
-1.0134146244728648
1.007722484727536
2.9554799056931405
1.02296233986569
2.970434621912407
0.9873537997606031
2.991313001389362
0.9652463286298956
-2.960882904157252
-3.037016301208599
3.017028073971146
-1.0132751372893312
2.9827225022838695
-2.978060247367556
3.0104203096297852
-3.025701235608858
1.0114793832095672
2.9496946278322094
1.017272926207797
-3.0077486422469795
1.0129064626619424
1.0121516516865532
2.9641153590899796
1.0027891574006838
-2.9473871997148944
0.9569482632996067
-2.9442823309708284
2.9510184785095355
-0.9867730949480296
-2.9711987390524017
2.9402268998663503
-2.949159349162241
2.9505969368118
-0.9793124332745379
0.9900092272400385
2.941986683140104
-0.9516901940383418
2.9856673193132366
0.9908774930887436
3.017859296867838
0.9418683567167858
-2.9414188547813356
-3.024477704323703
3.0199052901592927
-3.011440596047139
2.9652980368888366
-2.97633720203851
2.990636424269473
-3.002390070062773
1.0225295827926255
2.9451554091337857
1.0185813623915014
2.982460731889318
0.9973496210628906
1.0202850747386396
2.944139837538155
1.0038869705551214
-2.9766926116702668
0.9734997719116923
-2.9573237165727027
2.949437853213347
-1.0052902906907277
-2.9799640406784627
2.9695440330507274
-2.9442366400640467
2.9490057896890467
-1.0005408415913117
1.0034814930939997
0.9638757919710403
-0.9463964787507161
2.9834510694823178
0.9957677961982723
3.0114664044491413
0.9588155868092345
-2.9361691322085592
-3.046505237599404
-0.9702581025504567
-3.00903281237568
2.9678222970199832
-2.9399275328522823
2.9858263771277276
-3.002080593866239
1.0228409280690174
2.944180529564131
-2.958368060503261
2.9834824416848003
0.9969011683920282
0.9899772955371949
2.958638547463238
1.029162080587993
-2.9877220403389404
0.962497269244441
1.014662715091906
2.9580171617970086
-0.9694696974053781
-2.957108282086755
2.9636847733165745
-2.9744054985151402
2.957086866957524
-0.9838116588387112
-0.983481203290236
0.9582369837247579
-0.965271910649065
2.966587431555512
1.0213719534191168
3.0121421636979284
0.9555210520813311
-2.9571284505477275
-1.0418074419169536
-0.9565582583863392
-3.0342250522397007
3.008453146576233
-2.9691756934369242
2.969923455852776
-2.9805455580689895
1.0136614004644933
-3.038522619260993
-2.9651524233391027
2.9723687868002515
1.0197975814195501
0.9868647557768778
2.9885387831206933
1.0039190223779206
-2.99850918202856
0.9750443312250753
1.0222869156075933
2.93748564925719
-0.9918920607691617
-2.97323782344928
2.9707034891440123
-2.978656636754159
2.9485545803086484
-2.976966047212097
-0.991101060773586
0.9615919004253164
-0.9669066739404825
2.9602619389940497
1.009955976694185
3.0082461520995905
0.9648802562132848
1.0405294352202508
-1.0438368433724945
-0.9811373516119293
-3.001084821027681
2.9957000389135957
-2.969615817415811
2.9790404507963046
-2.9905554192783494
-0.9786363338148909
-3.040776188819614
-2.9668872794031036
2.9752805357714593
1.0087358754433584
1.0029910346765551
2.9767092542129046
1.0259831628918368
-0.991768503700481
0.9722982065320237
1.015773308655104
2.964211614432612
-0.9715730016159266
-2.9759556399295697
2.97412770228865
-2.976932693083318
-1.0363725755719955
-2.977864519065085
-0.9904706763018217
0.9750722765702536
-0.9829070900631542
2.999851017729871
1.0166732034860892
3.021107364172989
-1.0260114230150996
1.027005221377737
-1.0471991089717292
-0.9614799041829721
-3.005818739752976
3.0159560838491077
-2.9743649435523247
2.9842269691636507
-2.987866737125307
-0.98115164871305
-3.0214557365352466
-2.971123988750101
2.963212003142395
1.018078114647453
1.0059964176391005
2.984504523738587
3.013176127356966
-1.0109398850863145
0.9822980758439159
0.9830812040681738
2.9808539287244176
-1.0013637313186408
-2.9742392180773973
2.9694945774902375
2.996839577233221
-1.0145115512279204
-2.9687615476209412
-0.9860666097857304
0.981619669462463
-1.0275565243352598
3.0041354367504796
1.0049880896459344
3.001835503980413
-1.0424570002225653
1.0355271553021745
-1.0385036119028437
-0.9774174453726758
-3.010812158630913
3.0174224972275923
-2.9822136949248446
2.979146500414648
-2.9847949170935757
-0.983708427659894
-3.0156897077831646
-2.9827889167146737
2.9741435646391685
1.0093779413435193
0.9934047699925415
0.9869418381258334
3.0042877036436253
-0.9937295923684564
1.0127790862852448
0.971669690638424
2.9918750121127275
-1.0000211697453847
-2.9778071659680663
-1.00944752685168
2.9982345849524736
-1.0387549411678667
-2.9567660494522734
-1.010856405766002
1.018681034109808
-1.0231119336384633
3.001868405619152
-0.9830076652368566
3.0147926359185084
-1.0242945009427256
1.0276744693891382
-1.0449102985242154
-0.9572177588040819
-3.0111851499645326
3.0065942581176937
-0.9754288025357719
2.974937474998335
-3.005954146178822
-0.9621878887959735
-3.017171001895366
-2.988354163413082
2.9701338717404657
1.0034446745519723
-2.981388266149107
0.9747377060218373
3.032775513358136
-1.0493211562303655
1.0004082712327462
0.9946787879742477
2.981038060444655
-1.0017971231957359
3.0063211418871587
-1.0131709838446907
2.9932468591420487
-1.0352749185109797
-2.9577384753478637
-1.0634157281090943
1.011658862083837
-0.9588520999861645
2.847047980645867
-0.47355841250200853
0.14773000953091778
-0.061457387415087904
0.007229723221599348
0.0030549220211115256
