-0.29467515935913496
1.4646977046635608
-0.4984077595702649
1.503311386211627
-0.5084399427728862
1.5045893271385151
-0.5218471250697515
1.5123640524981408
1.4960207648613326
0.5029010264954155
0.4986746079932664
1.505582039558307
-1.5169705413066272
0.5050975463557447
0.4844703362912017
-1.496248420769708
0.484155861399045
1.4965939182165544
1.4969352677152252
1.5037401092883083
1.5017916459224792
1.4967580768383049
1.4845930019989044
1.5068448509346561
-1.5207995422754783
1.5032164327281232
1.49060795762683
1.492249695613022
1.5024795594893618
1.501280156419241
1.498987960524589
1.4912640974514673
1.487632737701818
1.5061363968175834
1.4768201405402326
1.505100521045089
1.4901823754755492
1.491025142023259
1.506173807634425
1.4791323303198034
0.5044286145607096
1.4913049971916434
1.482862664236481
1.5149005582429886
1.481302939064203
1.5048739387153718
1.4910812825996096
1.486495326011788
-1.4934318629816212
0.4795160806477811
1.503367145410374
1.485535156035917
1.4947139593004837
1.5118351952629823
1.4829359788064742
1.5016658219692531
1.4915065641601641
-1.5130579457585713
1.504539457661065
1.4916342823206783
1.5035191415643394
1.4864233041711108
1.4973182404236969
1.5018897171165895
0.479899424914134
1.5048842441991876
1.4851643851202614
1.4976989676283694
1.495533787046578
1.493257061072287
1.500711416573104
1.4911244256180987
-1.5135001665349288
0.5062508281379823
1.478799341270719
1.5000481570139137
1.5071465433384446
1.4962452355197624
1.497302392856131
1.4781747534464993
1.5044746200084054
-1.508616568485791
0.48609653148636467
1.4997371573931544
1.4779079662673267
1.5039786370966612
1.5082124686733613
1.4857560397009164
0.5050106170343829
1.4791163864896775
-1.5009776543190825
1.5099494761881789
1.4947887704950367
1.4993986721185126
1.4773372328091863
1.5062795305842855
-1.5131012531795094
0.4874237312198216
1.5071880805835118
1.4789728551998376
1.5038772700300351
1.509043469839682
1.4940029770285945
1.5013087736868307
1.4792165787876088
-1.4967689531874033
0.48867805484168286
1.5000957676082483
1.497308636883432
1.5001887396358018
1.5032390364967476
1.489158453101402
0.48529797548671966
1.5068568887324518
-1.5258116798511823
0.507998635405653
1.4865899550139996
1.5008664812092534
1.5084647661767054
1.495993487669784
-1.498895501221277
0.48921861500942504
1.4868240051124515
-1.5013362242809234
1.4953752556180955
1.503835404892445
1.4897618633461793
1.4844684790736518
1.517426648117295
-1.5266517799016386
0.5032353748895814
1.4922289333793224
1.486610073318277
1.5083151224847526
1.5091314847737864
1.4997363126813288
0.4894654090373075
1.4868366273914082
-1.499549871820289
0.49966151519997426
1.50034146480548
1.4885494046675976
1.495316924607388
1.5148523325505086
-1.5126146879771505
0.5014717071654146
1.490613180119135
-1.5124968905263316
0.5116140397121449
1.508396745017891
1.4964230660016316
1.507730479644171
1.4926337758972148
-1.492076067733762
0.47468832087861196
1.5058215652044302
-1.5154851779709813
1.4977657889102391
1.5054248173265619
1.4920029530412606
0.49772075342057553
1.5133424189155629
-1.5234677672376435
0.5153882426255381
1.486570753123818
1.5010060831211163
1.5044378537680552
1.5052372081073893
-1.5024676611289416
0.48120690265270893
1.503793424704501
-1.5143636578733017
0.4946035797462734
1.5054947689475515
1.487380328594594
1.4999825910012212
1.5155785405225952
-1.5064735813646688
0.5038720750822973
1.4914137771372578
-1.501662993090809
0.5054451613665363
1.5051048248668384
1.4891426830032273
0.50035008327026
1.5026238990732568
-1.5073603321564422
0.4922599423748365
1.497226794097671
-1.507711999729446
1.5005838304463723
1.5082312544368728
-0.5005871248908392
0.497505056977308
1.497535681110879
-1.502955224648722
0.5053712365191622
1.5034013309880638
1.4903516991599048
1.4971413540166225
-0.4957489201917463
-1.5104389455113691
0.48557641974494337
1.507942530341388
-1.5261300859844
0.5070778944687098
1.5052954194617236
1.494800631421707
-0.49267058349921655
1.5029708177340027
-1.5046167474001355
0.5072192735870067
1.4936566044145718
-1.5002910525614455
0.4955487184445951
1.5027031692261348
-1.5157605964482204
0.49592848949192747
1.5123111796494593
-1.5140063732241442
0.5010005913582102
1.5058701104041938
-1.5057052527876984
1.5061537460552332
1.5083387319518426
-0.4986112952795546
0.4829320109134384
1.5082051157777232
-1.5000056551043934
0.5000905467694828
1.5037358654986854
1.484680019395175
0.49541386669433335
-0.49385642943064667
-1.5161201243645352
0.5015351435929553
1.4988413742447215
-1.5037395634644217
0.5146200409857044
1.5044659543554937
-0.5033462029213202
-0.49448650909946407
1.4929846134810747
-1.5036973519155084
0.4983710718139587
1.5025282017250536
-1.505587397485713
0.4936912471865169
-0.49409207647859504
-1.5129514672119118
0.4982443721978038
1.5192228369502805
-1.5134935595704622
0.5111112507466324
1.5096881059090492
-1.5049054097645524
-0.49511494304509973
1.5050589628859432
-0.510016014277243
0.5026863103882169
1.499855331747684
-1.4931294722810062
0.4956872380181933
1.5039633050073327
-1.511053745155018
0.500447903577842
-0.49338002510073625
-1.4970734306825904
0.49951748563988346
1.5215633774721686
-1.5087805182993907
0.5196550968509563
0.5019589549240538
-0.5104599728921712
-0.5054073799329865
1.5039238240616704
-1.5065724221465153
0.5084801831764738
1.501077121177342
-1.5056221484567474
-1.500787663333003
-0.49158326964640525
-1.5029139309016128
0.4945108174532945
1.5151907945623173
-1.5041514738074597
0.5096852456987678
1.5093885260301418
0.48986133490467704
-0.501929616950922
1.5014302499790668
-0.5075062249256296
0.5023061304079364
1.4915818268497993
-1.4898874804186415
0.49833536003723033
-0.4965561306931576
-1.5033563076812553
0.5034995288278097
-0.48818566541300334
-1.50451434893142
0.5053623362818737
1.5110616202331368
-1.5152977111994306
-0.48743899715111294
0.5009991922756005
-0.5165838315114997
-0.500334869113049
1.5081092808614895
-1.5000586454855704
0.5011862439084507
1.5005697258519375
-1.5026018719576222
-1.495057301752778
-0.4937139453094668
-1.4990002387194812
0.4859469018402706
1.5141893697042115
-1.5106113635137022
0.5016653577659739
0.502401747595131
0.48397838542680227
-0.506602721012924
1.5100238635293113
-0.5005899854823886
0.5034052833976215
1.4874935660346278
-1.4952702295776967
-1.4992958824182414
-0.49739914873866414
-1.4990211780858236
0.4871756769996884
-0.4964248626897758
-1.5070717439356813
0.5025662864890451
1.5037772065623072
0.48003438052404207
-0.49699083040592174
0.5002051553395267
-0.49686002640241717
-0.5013126919574403
1.5039826599804944
-1.5021698175807772
0.49977640906571774
-0.5003890402884893
-1.5013436434498784
-1.4995280443297476
-0.49692902563033997
-1.5103178521234581
0.5023278391041093
1.5027234727370977
-1.5073935764789508
-0.5044098677689403
0.49814871251143206
0.48619376214965165
-0.5011884827891808
1.5185655609851465
-0.49895991059748757
0.5015436758898233
1.4915914503804035
-1.4980432224832358
-1.5008136517687087
-0.49788925661752487
-1.5089295583071878
0.485158779570343
-0.49522848224115934
-1.50020710502255
0.49919360735436413
1.506060072680774
0.4830571295476713
-0.49378605053000263
0.4942207463626936
-0.49168910386371734
-0.5057140085624102
1.5092273304978119
-1.5013851067662196
1.5047355150468735
-0.5008960753439509
-1.4973338465154553
-1.5288907981661148
-0.4903199952311115
-1.5219531662960697
0.505692207385504
1.505208810902735
1.5002641009914017
-0.4992338280214548
0.5037664842098326
0.4890188912241247
-0.498230855029324
1.497072959010821
-0.49910781886413297
0.5066951945491692
1.4963668055334836
-1.494972842281183
-1.5035192755356395
-0.4974437147555791
-1.5139731971189347
0.48724022344041457
-0.4923881220309073
-1.4924982795259227
0.49673103660820733
1.5150889941975103
0.4920738612439336
-0.4857119361877306
0.4953896085014414
-0.5005123851327059
-0.5051242054395422
1.5066739755594871
-0.49509385832061287
1.50878215171539
-0.5032834456111198
-1.4861097740755826
-1.5212284722989848
-0.483075123495551
-1.5129499995935627
0.5006696615438997
-0.48622942157201016
1.5015107818723312
-0.49454605453763156
0.5252473428561253
0.49052033760560687
-0.48153025929179893
1.4946315232948588
-0.5005259334833522
-1.4894799081657906
1.494412611456687
-1.486823043736974
-1.504780228420247
-0.4873938076646871
-1.495030763427772
0.49431875929969943
-0.4855481358177241
0.506470270955987
0.4990245041028064
1.514457233703007
0.4960412891642326
-0.4839204200025225
0.4976759505149935
-0.49811007264860163
-0.5000980104171712
-0.5002603812768336
-0.49222725055774086
1.5042860003903407
-0.4927933763251361
-1.4909914024877526
-1.505292826419624
-0.48486100650814973
-1.5025207903204014
-0.5020485003408386
-0.48289778140989686
1.493211720636334
-0.4888493848058094
0.5127959927764864
0.4968457862857483
-0.4835998608257021
1.4962071603328135
-1.495786524727517
-1.4924152737257632
1.4925086145220992
-1.4992158197179861
-1.5034876355622957
-0.48938945846723536
-1.4956533306327662
0.4959727535265169
1.5156742943579022
0.4982425471320923
0.5065153940532875
1.5031721878427493
0.4923735992153328
-0.5067415786213133
0.49978678970684787
-0.49771319537412406
1.5014742890800816
-0.5011834262568868
-0.49026109817402613
1.493376108334517
-0.4850357753433211
-1.501220701684899
-1.504567314826495
-0.4925253027089662
1.4954636945149364
-0.4997081166044117
-0.48898671319050857
1.4923036581590186
-0.4853576332632553
0.4994779924795246
0.494267662852402
-0.49056522075878556
1.4942392615692928
-1.4913089135348163
-1.4983806615110313
1.4964910173782295
-1.4949296035082704
-1.5040162032900284
-0.49372427435834015
-1.4990067481969012
0.4862157353932084
1.5097325098485797
0.4943164918081099
0.5057076269550366
1.497852025402177
0.5014681435526748
-0.5042135954638396
0.4882285005906225
-0.4979292438292608
1.4973858126858113
-0.49519757999546576
-0.49680336301075356
1.49166771171254
-0.49205480252377093
-1.5012247274633976
-1.5078256345804757
-0.4982629095543373
1.484164779717767
-0.4965474814533029
-0.49597545206957366
1.490831969462114
-0.4929386412501367
0.5030373440005474
0.48640848015967736
-1.4959760874645474
1.492609020703761
-1.4896607432455187
-1.5087935160641373
1.490609237308842
-1.4961620262586752
-1.51300789419161
-0.49748712414159524
1.4987935588714454
0.4793056390634968
1.5056899317810044
0.4962621004139096
0.5046918248304306
1.480834826067134
0.5060737277100815
-0.497962968390695
0.48211275398191344
-0.49760352787927103
1.4941285417042727
-0.5033363526938155
-0.4949389496567907
1.480648083342579
-0.4980456029785389
-1.5062226614279959
-0.5070499155387571
-0.4939795138490448
1.4752266130748823
-0.48975537517137857
-0.49277111120933415
1.478363018388001
-0.4953039146221281
0.5011218680675611
-1.5119214632476885
-1.4915105631955219
1.4941468815827015
-1.4951342065169557
-1.5151039503398098
1.4976907090137863
-1.5025062398791962
-1.517069542381802
0.5047709976300595
1.5000572223565172
0.4833798406858019
1.5056212229329509
0.5072361565177963
0.5024254461203154
1.472663132139102
0.5056934808994387
-1.498378159433302
0.49069313649813295
-0.49328547327991124
1.4768135697688218
-0.5031602506618725
-0.4929723662897336
1.4795275475434944
-0.49451289570454404
1.491036950548504
-0.5030817473445828
-0.48295445410805293
1.4760255404201326
-0.4932428502394631
-0.5000691133904005
1.4836783235545539
-0.49072809794088973
1.4960576753108432
-1.5030583903207781
-1.4797599345902857
1.478308784890079
-1.4908161507591993
-1.5183514382629542
1.5035681471462385
-1.5014734798295337
0.4883710498342162
0.5098123371822652
1.5026889739534643
0.4941718972391882
1.5191328595167415
0.4912063977103646
0.5099961803226922
1.480213912142688
-0.49487466718455236
-1.5036258721731173
0.5007384340639717
-0.48539932256715995
1.4778173302280375
-0.49677970990483594
-0.48603484906750144
1.4866431162111349
-0.4856103886342152
1.4935622775904074
-0.5025592061398549
-0.4762917429893837
1.4905600544951418
-0.4846083332823694
-0.5003627198910022
1.4952341748829654
-1.4839891361574353
1.4943320250064795
-1.4957518640373046
-1.493851005998977
1.4947805873611804
-1.4868874702761956
-1.5068056483049739
1.5127081373776843
0.5029135675373293
0.495920798720941
0.5054558386831163
1.5158092640137935
0.5002437291228686
1.5151832978622204
0.4976658111935764
0.5085067677373815
-1.5056406838356708
-0.4952260261557283
-1.5075855291482625
0.4990963297097256
-0.4912066593277292
1.5026539375666506
-0.48992981429835963
-0.4824802383251626
1.4930669247788642
-0.48418440368000476
1.4970197827566254
-0.5111499271001448
-0.48230012010947326
1.4883590048356874
-0.4778179621518939
-0.5007837267772774
0.5028491045040577
-1.4838435582980793
1.4944899979750519
-1.4878640774112633
-1.4987088687420895
1.4941336545894697
-1.4844250131237737
-1.506522791691085
-0.48462478212496635
0.5046984224772001
0.4911473551069355
0.5205892150418133
1.4979337139649063
0.5081664931932547
1.5102623338153052
0.49570019334654686
-1.4960984402197102
-1.5054109484824791
-0.49147752809913814
-1.5044571446911879
0.49346037588547015
-0.4842287216252603
1.494892928095252
-0.4894518195575496
1.5109136566424488
1.4893954095980186
-0.48850586356141584
1.4950902843278973
-0.5023129237234617
-0.4928211102790619
1.4807092651162077
-0.4810311059163453
1.49727667116639
0.496076927966191
-1.488011564531493
1.4954823462795164
-1.4903470039034605
-1.502002525599337
1.4931425331692967
-1.4876939615863347
0.48048126911571865
-0.4924832846930716
0.5000195035799168
0.4932477392468735
0.5123021409344072
1.499143218893384
0.4988168343607618
1.50254670594649
-0.5090275652970777
-1.497767972309919
-1.5215156636849343
-0.4877274440336217
-1.504114201315211
0.4999603563364271
-0.4949331399059495
1.4910779048234288
-1.5015070224156783
1.5040289190544072
1.4825054596707952
-0.4946277384422378
1.478090649179246
-0.4876519938165134
-0.49673666988786674
1.472165691662174
0.5098948660641394
1.4975569362733063
0.4860598047798254
-1.4942911179427598
1.486122961323972
-1.4962403523464596
-1.511179792543115
1.4933080435817068
-0.49323443951040097
0.4727976471773796
-0.5019723632351738
0.5058660381836775
0.47972892440594506
0.5050415894112011
1.503908909811888
0.4917650920952867
-0.5011987547478673
-0.5092700683682773
-1.499188236692984
-1.5045140459627304
-0.5009124003983033
-1.5017981574975185
0.4891361912571377
-0.4965471211166659
-1.5069765250113047
-1.5092076429222332
1.5058737206632555
1.4872512126880637
-0.49500249320431716
1.491865463506599
-0.49565977400007893
-0.49989468482099547
1.47705619744031
0.5078605902060234
1.4979783539690863
0.496204802938639
-1.494789756932637
1.4795165892149853
-1.4939993529677902
-1.5156907250845435
1.4968545668010664
-0.49347664069914904
0.4819855565850879
-0.49948391732411573
0.5140956188736333
0.48869515506295136
0.5056767110505175
1.503403622486123
1.4986551426344543
-0.49580541884521045
-0.5040456721235311
-1.5001139326397093
-1.4970727727972837
-0.4981731881423694
-1.5026588869918254
0.4903427714457185
0.5105790492490256
-1.5023405621251695
-1.5018146036353137
1.514283996219927
1.497699662967856
-0.49445889357950384
1.5011531069721797
-0.5004527824039576
-0.4995329973154624
1.4894994606902934
0.5152795818175336
1.4961275157702227
0.49856518564029223
-1.4877021100370644
1.4866665825969594
-1.4914566942431713
-1.5078294833334367
1.499074117107093
-0.4895247164147734
0.49756367728034034
-0.4951598673142795
0.5136716513151822
0.4915844737140246
0.5141360082366218
0.49984639200730463
1.5103329458783414
-0.49169914929672204
-0.4985503474222555
-1.508810482084644
-1.4920781496320414
-0.4927392170087379
-1.5025674489602632
-1.502382066788985
0.5163092751947017
-1.4983998811411867
-1.4992730061252237
1.5130995084938204
1.4987591563816949
-0.5021224781257321
1.5054521708744806
1.4989751282440051
-0.4959212632630844
1.4981086061494628
0.4949970528864724
1.50098964097573
0.4828207876585134
-1.4837690068672433
1.4941893075520079
1.507015749461005
-1.4978926906550556
1.498823526136631
-0.4991524500245973
0.5008034605574029
-0.5234077353074297
0.5112651362163482
0.4894111525171287
1.5176293598134798
0.49809415023358494
1.5166436371845278
-0.5132636626528991
-0.491097485404017
-1.526697823240211
-1.496318569293103
-0.4950700733870943
1.5002707900626184
-1.498001924809162
0.5117686955836314
-1.50156359837557
-1.501995256013503
1.4868102457301728
1.4968966611725802
-0.5077189054110074
0.49994849861197593
1.5029901126099672
-0.4970675568191651
1.505614613960389
0.4954320424524999
1.506677428984811
0.4702559612340183
-1.488537059355379
-0.5080040860075342
1.5038363923216143
-1.5029850596027352
1.5106788977445789
-0.5049658474648246
0.5089542385101793
-0.5273411926983612
0.5082995359853278
-1.5150773086173441
1.510062447873651
0.5047760588017258
1.4952725453300963
-0.5047459554712236
-0.4763482890585836
-1.5251503927378358
-1.497343293116907
1.4956792691899812
1.5016587506083325
-1.4996075130285846
0.5017124055764638
-1.4932588483736078
-1.521209088739743
1.5033922805080115
1.4988810599019844
1.4931571993352009
0.4924449953234002
1.5114794168937982
-0.50510509103894
1.5055825172257575
0.49845804130601273
1.5195522601357438
0.4758772200280662
1.5076202575850632
-0.5168327144205089
1.5043681197116001
-1.5125990352756251
1.5190221574312135
-0.5057765338849277
0.5134033140502898
-0.5142925700687369
1.5134698495625831
-1.5153755386567873
1.505704342063874
0.49162969633666137
1.5013257501897204
-0.5049750984563953
-0.4695559662240745
-1.5091551228102977
1.508431667381266
1.493291499909295
1.4978961418691474
-1.5052802524371671
0.5008454751501834
-1.5054947492574098
-1.5043639056091798
1.51114821356927
0.5074204146502237
1.4993168666069774
0.49214590636489797
1.5025734624058646
-0.5124250416753033
1.5022707977140017
0.49502009414541237
1.5215362578636022
-0.5099640960291169
1.5105030202623053
-0.519887063365742
1.5059239016433268
-1.5255616269188732
1.5085848786664928
-0.5049313320259547
0.5097079982348838
-0.5063062458311814
1.5211785567334521
-1.5095857519411755
1.502199113969778
0.4789901474667884
1.505286646456269
-0.5214396882898393
-0.4785535348000332
-0.5039529754699668
1.5141525020290578
1.4980011348180655
1.509240812776825
-1.5108189920572668
0.49152740635260495
-1.517601921190374
-1.4997394168620406
-0.496733638580826
0.5107921198053538
1.4974666567423618
0.5157231708004972
1.5005105265273238
-0.5089994804066141
1.494218744740642
0.4770514976804146
-0.4870096475073902
-0.5065213609398792
1.512792215318701
-0.5009721802782686
1.5031472288353531
-1.5121296215118532
1.5062483086355487
-0.5216180282905252
-0.4923514844331426
-0.5149549108184571
1.5181544010375716
-1.5049465261169421
1.508954024686246
0.4924914294424824
1.5022267992156593
-0.5335859122271752
-0.4897784782286936
-0.5168947759463588
1.512782459838505
1.4978210173358641
1.5114951597562059
-1.5001598113488364
0.49084029652553246
-1.514415149756759
-0.5081204503448433
-0.5090640441085726
0.5006426759741349
1.50668521581182
0.5088103072833471
1.5080395632868562
-0.510820296647788
1.5056830391529898
-1.5323077816729274
-0.4943727473936681
-0.5170098752156453
1.505590460804146
-0.5036251049570518
1.5189618962908713
-1.5135481847836059
1.5189449512470026
0.4666369891699526
-0.48967361090090106
-0.530176610608351
1.5185448232132222
-1.5139977638991073
1.5083708274859855
0.5009820280523588
1.500549853434213
-1.5254662267126984
-0.4871597968636188
-0.5246902050814429
1.503074749509789
1.494348920092971
1.5158494818587085
-1.496794784952322
0.4989511926535892
1.5016805850973123
-0.5182491616530384
-0.510025603311964
0.49143778747452577
1.5047825411344506
0.4963552211980672
1.5152585746625935
-0.508244033643965
0.5157528603026759
-1.5202533763444157
-0.4937729673713531
-0.507041396185767
1.4999894473901838
-0.5081639246618893
1.5171924766377187
-1.5080131807314394
-0.4740748822349908
0.4761567257451749
-0.48998191745237024
-0.5114424952187768
1.5025399019183938
-1.4944929760943815
1.503338605632476
0.5025230272145483
-0.49933923203499736
-1.508431946214168
-0.4793491875314489
-0.5054834533935968
1.4922664010349038
1.5086809698973072
1.5003488114639238
-1.4983156979623442
-1.4960087518410894
1.5080028701398653
-0.5135781377600368
-0.49888816048073176
0.4977260123224136
1.5120470824580512
0.490474342339559
1.5106258897467641
1.4965876434172223
0.5116664452792836
-1.499927138688494
-0.5021117288703458
-0.5071489353301304
1.498334100651216
-0.5022692120396784
1.5082529440501224
1.4926405005889152
-0.4825482659209545
0.49410029834308206
-0.48941733640756646
-0.5011314194198448
1.489354398127572
-1.4929156082502433
1.4996611056847513
0.49680189564578553
-0.4967730642125652
-1.506869347710821
-0.47972224098043803
-0.5008782480597143
1.4896746707614585
1.505364195467498
1.4982186825487667
-1.5044960959622662
-1.4998937819104345
1.4961026071869579
-0.502305307536798
-0.5032251802515139
0.5051275680102173
1.5025583635360404
0.4877365848027754
1.5044557024146892
1.4975906979718325
0.49846585491494105
-1.5006601496457965
-0.5090459131478988
-0.5044280535853354
1.4893930474896944
-0.4937155078834221
1.502524842639552
1.4881494123589536
-0.49426296045831625
0.4958171062034212
-0.5004797127549455
-0.500711302947123
1.4931106714700677
-1.4983436578509748
1.4978240241227854
0.4918817158288897
-0.4967739731797969
-1.5145218647331933
-0.4933167523819809
-0.4965377862428269
1.4827858309047373
1.503019624814217
0.5082152729147178
-1.5067362651570722
-1.511641512844
1.497509864642144
-0.49973545513295864
-0.5065586699514253
0.5010942097122044
1.505294345052221
-1.5117111304683521
1.505149060657888
1.4938314026466346
0.49559804224925497
-1.5184972639710117
-0.49513230093721733
-0.4993257742113382
1.4841484300544594
0.5087279997657429
1.5083847338881042
1.4850283791222298
-0.4939663016532937
0.48195738568311186
-0.5035132589366652
-0.5058440255580839
1.505279121085376
-0.49750074650041026
1.5005222571608687
0.48961909979018287
-0.48548280070135785
-1.528914124128758
-0.4940252392301715
-0.4968787404895056
1.4879851721040718
-1.495484931519011
0.5164062862294709
-1.5043655332145371
-1.501008445414909
1.4883828295588961
-0.49242768885470933
-0.5164922331715628
0.49853746196143967
0.5177417983442266
-1.5087473596070826
1.5084155443658451
1.5104548129576971
0.5010399822428335
-1.5168544234866856
-0.4975423368661474
-0.4969804758718418
-0.5098987324576137
0.5019463165851477
1.5133144363728803
1.4997020480808017
-0.49490812386500466
0.49199499720223094
-0.4999384251539379
-0.5100531611246232
-0.4905297250123211
-0.4927650482306489
1.5002504311799947
0.49802354233289853
-0.48343985947667134
-1.5134492073482102
-0.4927118020168131
-0.5022729548716047
-0.5008018414311309
-1.4922817162847106
0.5088555975591113
-1.4984360045198193
-1.5017015035905454
1.502299595704527
-0.4962786622781748
-0.5104053578080636
-1.500341495032363
0.5214188104605643
-1.5053781265813013
1.500245792120661
1.507772176981767
0.5059089179766213
-1.5128173507790132
-0.4976036641775025
0.49649646077717424
-0.5005151675378671
0.49381891346846224
1.524033728245941
1.49723243538972
-0.5009280796339971
0.4978275592832643
-0.4961363059795982
-1.5061324410250392
-0.4999798970003169
-0.48560885829676703
1.4920381946003156
0.49821995318359724
-0.47735925818274433
-1.509250281063623
-0.4853929658138225
1.4953342650528543
-0.5000069092149273
-1.490279334626244
0.4955822870169473
-1.4854436274617795
-1.5120097061883486
1.5148344438120929
-0.5008519563866821
0.49755649380719474
-1.497730762229265
0.5131773110515863
-1.501812150433195
1.5056611201816603
1.4988098263781924
0.5119096456287318
-1.5034509729495122
-0.49774887587926975
0.48911916804682487
-0.5024154701350092
0.5051987210663283
1.5136996672794598
1.5066880347691718
-0.4945603141243875
0.5004223980853323
-1.5022634410342532
-1.5006117654829214
-0.5077673075155121
-0.4956631339149422
1.4953713342595496
0.5124334545340694
-0.48850162224213545
-1.5016422692249163
0.5138359505836176
1.4997673056810412
-0.5101143518827651
-1.4911509803744738
0.4884222997211518
-1.4891760296892609
-1.5072716059732896
1.521509203565735
-0.502811038200436
0.4964174691349908
-1.496902588457278
0.5035615778087318
-1.508398543508848
1.5102471815366747
1.490099025955945
0.5117040608483975
-1.5045115476208075
-0.49743649375750265
0.49336683837415307
-0.5153809678932445
0.5104100337190344
1.4990525624851798
1.507701166702227
-0.4929887030522404
1.49798044219008
-1.5096274409654242
-1.497830929912351
-0.519515368877461
-0.494622396388714
1.4851439193129858
0.5158103680430236
-0.49839795029032896
0.49670185168243525
0.5069290483493618
1.5008115769155752
-0.5063860699979092
-1.495958896563596
0.4818068647924657
-1.4893550993029392
-1.5123763632739349
-0.4830638295572667
-0.49983479183583235
0.4858555279925708
-1.5008517050793988
0.5055294932749749
-1.503516351153716
1.5011998355346428
1.493099151198679
-0.49264777032712836
-1.5142225293639597
-0.4995568824450798
0.5041211476886505
-0.5266228316871011
0.5063336231607802
1.5007532436769848
1.4994822512766248
-1.4989742202055585
1.493831949612449
-1.5071171759720572
-1.5097282865805914
-0.5084057000108183
-0.4919016872900648
1.4737651092901065
0.5084176581473938
0.5049258250276902
0.4886720139511773
0.5051377937997044
1.4896204760878238
-0.5060515212437883
-1.504544028939063
0.49545445169495245
-1.4958300887870013
-0.5180938224083552
-0.4927830168584002
-0.4996832555881044
0.4938884042845475
-1.5005529806583044
0.5083599494143233
-1.5090382940755793
1.4941569359651816
-0.49615226216824815
-0.4951163525687399
-1.5234477780909388
-0.4938906746381409
0.49898916994312675
-0.5069218198149986
0.5013486884609888
1.5126373254773622
-0.5054680152757179
-1.5047520938449233
1.4893029257576562
-1.495165150420372
-1.520234399652858
-0.49212983779778213
-0.49522924928148926
1.474642032257256
-1.4977168657309043
0.5163032903072259
0.487609304718731
0.49743200940450033
1.4888623560024294
-0.4946824947684935
-1.5051152318576064
0.5034817451313536
0.5050513199053112
-0.5162968532233799
-0.49689254938662136
-0.49133394144029174
0.49125134444784724
-1.5030156634657466
0.5161987875685634
-1.5017347737556999
-0.5044671952097959
-0.49309755461436194
-0.496450903833593
-1.503930594166716
-0.5004506134809774
0.5104280323462168
-0.508098014923226
0.5085245135414094
-0.4822936260467627
-0.5008054431239771
-1.5065190653669611
1.508293843503248
-1.497530507397914
-1.4998482903837134
-0.501262083323465
-0.4896578735581759
-0.5137224036919202
-1.4941199873970388
0.5176846945776558
0.4970318889201975
0.4955928863815892
1.5064312001224447
-0.49173020275474805
-1.4982863947404024
-0.5028626264152481
0.5105146072441016
-0.5098842970010234
-0.4951734499950456
-0.4882359549715418
0.4983897149928406
-1.503462289798136
0.5100801563335532
-1.4894798925273782
-0.49662622451706573
-0.4999678115038444
-0.5012420348539458
-1.5030191626605562
-0.5004491845465591
0.5174953636116737
-0.5068910565958635
1.5144054128584135
-0.49130550683300306
-0.4884415153552701
-1.5141704375794687
1.5036648982507006
-1.5041681825850588
-1.4980313043315328
-0.5067104084896853
1.5136111750484134
-0.5073079871318635
-1.4795959221173738
0.4941246482061237
0.5060631505341834
0.48623274815070694
1.5012311422806124
-0.48613059391085894
1.503822305776399
-0.5141342416869544
0.5155578631272012
-0.5081932002552505
-0.4822781950400485
-0.5082931463397454
0.5044923675885541
-1.5034251936124148
0.501079930847092
-1.4894571730170307
-0.49486204649867954
-0.4948396515921732
-0.49761959346668666
-1.5026100838230385
-0.4925718612766766
0.511923926233376
-1.5090389001454585
1.5098913828982266
-0.4996981070215743
-0.49391061222926935
-1.5034978136768395
1.5119092580259472
-1.5022571785745942
-1.4987546528814297
0.494892290179007
1.5097387271545128
-0.5164836301054261
-1.4710497190823206
0.4955405676425108
0.5039551026067475
0.49927014410987874
1.4975502092710335
-1.4900778726431756
1.4979252000856542
-0.5091952460383828
0.4988896136743907
-0.5045963316951094
-0.47097843775111137
-0.5070836227400141
0.5095983698679437
1.4955135026799997
0.5021896947442474
-1.5001987556621448
-0.5045781421766785
-0.4862356422829867
-0.510679782436551
-1.4914500030826539
-0.487328911141364
1.5004693419265882
-1.5109518343651396
1.5053731098814818
-0.4980030261858152
-0.4985662607447083
-1.50693028183441
1.5199656802636332
-1.4995922399297585
1.501181251163303
0.5024735046689747
1.5037564726078478
-0.5270998720987211
-1.4782849166421972
0.49385146297828797
0.5089154821502531
0.49820381492152277
1.5037793424364616
-1.497968399089085
1.49162883051739
-0.5048160033879261
0.501991393063937
-0.5122135905589298
-0.47848464689618836
-0.5090523399951682
0.5112555049524578
1.4953741867141674
0.5117049328860575
-1.5085509094619858
-0.5165768905716496
-0.4942974820717973
-0.5044409113864609
-1.4936093201001774
-0.4921137628154328
1.5001287457373536
-1.5089489705138137
1.5029191451052726
-0.5002236704642449
-0.501822477874019
-1.5242811207503644
1.5165345749337562
-0.502143726095668
1.5022172507135534
0.5044297548234498
1.5071703693603369
-0.5313846647328827
-1.4898092821449582
0.47822863256943116
0.5088367545640659
-0.5142364346011523
1.512722979580656
-1.4997400326126953
1.497542327332429
-0.5030239642187222
0.5014197192379444
-0.525777046842464
-0.49188244275843945
-0.5129592437440886
0.5076582903583655
1.4961532059801166
0.5187599660899495
-1.5000884100958387
-0.5148239432298678
-0.5027077112425229
-0.5130724223667246
-1.5010844160240404
-0.5001977667137091
1.5101513381330696
-1.5063207934913132
1.5101518526099498
-0.5059840679171849
-0.4945023307271069
-1.5336529279828537
1.5079060460779812
-0.5063854038025031
1.5025579287114774
0.49901422721344946
1.517153769075139
-0.5209278404678991
-1.4873636874488982
0.4661235405597296
0.5079458095381011
-0.5203097382500749
1.5092757370692456
-1.488959890172185
1.500034469844079
-0.49911303404040863
0.4990060916410467
-0.5214721808309861
-1.4930038958930576
-0.5139128661117063
0.5051909078422686
1.489801645023172
0.513414254904713
-1.4835331903340525
-0.5084802216047413
-0.49381840255371295
0.47592355899352023
-1.5031731363754377
-0.4983709923381244
1.5105698018804588
-1.5026458559765348
1.5053226377073057
-0.5041463760782373
-0.48698842001447074
-0.5215945262739263
1.5062693731962775
-0.5095783606246158
1.5052986235933121
0.49126355764166896
1.5166181352043333
-0.5090911087018867
-1.477638197417808
-1.5250833273916395
0.506871940089212
-0.5104301637703718
1.4981208693388124
-1.4804915146491475
1.503350857959066
-0.5022346650843329
0.49965558251655856
0.49411763075900444
-1.4801120927979632
-0.5099192931231534
0.5001470180010518
1.4909413755365362
0.4996310081343715
-1.4787581367819458
-0.5023850920665285
-0.480569602533199
0.4775508620118793
-1.4989338233090277
-0.4822512239852632
1.508505021940967
-1.5097190700492893
1.500878920990264
-0.5008490909620814
-1.48967380328664
-0.5049752575834678
1.5174885179660496
-0.5179370760351932
1.5044448139170454
0.4997044084819393
1.511785324232543
-0.512663423419989
0.5262938397145646
-1.5073325350546332
0.5038030849351486
-0.4909413965854412
1.4949185331794945
-1.496494988670709
1.501386781614376
-0.5070411233751749
-1.498197096131609
0.49869682721387076
-1.4694687602060312
-0.5064007475042422
0.505421706891814
1.5032788591561885
0.4955742709183296
-1.491707076533341
0.49438204701118466
-0.48074896102004466
0.48986953724498833
-1.4996689789947373
-0.47944287262646673
1.4963226109337984
-1.5087367980817434
1.4975508733937213
-0.49902848035937514
-1.4993041161438692
-0.5084980494798713
1.5326513119526899
-0.5096792965182751
1.5066273340956835
0.5037294387448816
1.5032237094098606
-1.5252256901466033
0.519088909411547
-1.501742757007869
0.492075882610882
-0.49835782858451066
1.5057750723802539
-1.503092683212488
1.506669962576933
1.4901505565636584
-1.4974274010354602
0.49022198879381174
-1.4830013924324121
-0.49989092358228504
0.49871206839025967
1.501581479629061
0.5020498731234653
0.4971905897874143
0.4863352882964831
-0.49628510171899404
0.4982773156176403
-1.499503481868329
-0.4921091305425853
1.4965644760085723
-1.5008493517238712
-0.499498249437542
-0.5008366914742283
-1.5069747050919844
-0.5085470418349481
1.5188300358227658
-0.5047566146223924
1.5116369259556939
0.5017813030102738
-1.4982528513899687
-1.530329796915369
0.5111455615742643
-1.5192896657916084
0.4962592765500641
-0.4923131755892026
1.5014780616973364
-1.5024308912612294
1.5152070911024969
1.4932288650085332
-1.4968467737669284
0.4755628622788537
-1.4935108225744194
-0.5152385108879077
0.5052766471687217
1.5011386236040445
1.5065880009309884
0.502733531380624
0.48852826560948026
-0.5114696262332195
0.5038446676457085
-1.5024197132600223
-0.4961948817555023
1.4987821723502117
0.5047749501431944
-0.4944907703108536
-0.5060948992388002
-1.4990243383196404
-0.5079212255104686
1.4989876865735294
-0.4993553126661528
1.5151122270439505
-1.5043631949153675
-1.4916760100558375
-1.5168906654463736
0.5095947502164854
-1.5227508885013639
0.5006952771547479
-0.48365518809358365
1.4980599410760371
1.503733911059811
1.515345714412271
1.4988766540734677
-1.5052121736491244
0.4914645518195712
-1.5062627359898886
-0.5093214405427614
0.49971196959446906
1.5058203406113813
1.5028827846536836
0.5151846155004627
0.496386349886675
-0.5005094833416375
0.4930712773725502
-1.4949871623813393
-0.49785692028004547
0.5028194588568791
0.49947523899325164
-0.49776886943259835
-0.4991323852417785
-1.4878313971411166
-0.5007999578199732
1.5022136111364361
-0.5008712387037165
-0.4897145486540494
-1.5054497483934042
-1.4891265926245585
-1.503027374952356
0.5004863649659793
-1.5048489673798158
0.4987416927729181
-0.4798983876081077
-0.5038702283153934
1.5052201976320891
1.50472545661649
1.499642841278097
-1.5035233820293683
0.5030919002962227
-1.5155170781484535
-0.5009021605814387
-1.5093437970470336
1.5103642729097093
1.4993279556995522
0.5024479385544712
0.4955505321398667
-0.49468512756837013
0.49018111045681423
-1.5020370317401197
1.5074952467597769
0.5029404675637286
0.4935794027443415
-0.5065302743098656
-0.49814272126951387
-1.5031730737918518
-0.5029435606125713
1.5106365379649638
0.49593733650065386
-0.4966671313022429
-1.5004618638373168
-1.4975601458726733
-1.50213112747221
0.4924448964285746
-1.4982330325856477
0.49685466922272664
-0.4884966359107108
-0.5022843844747389
1.5000020226287492
1.5011275611280066
1.5031134103358936
-1.504227688863298
0.49817765034486
-1.511587590843589
-1.498188163813874
-1.510056557089613
1.5113666160458294
1.4893332925052267
0.5019697952509257
0.49955856103521085
-0.49397233718611633
0.49581504866773796
1.4868283821385706
1.5116546930018848
0.498519096012771
0.4960289462218937
-0.5002763727492126
-0.5013905819083332
-1.5016950227208015
-0.4998044970545836
0.510599681346652
0.494790693414774
-0.49834479179313945
-1.4943486103506798
-1.5014462927462748
-1.4987219253667692
0.4981681107713673
-1.4962445170750607
-0.5056871367295883
-0.4981115597792984
-0.49878579646816806
1.498604277781876
1.509641956533913
1.510327669223453
-1.501545891002927
0.49422191444747704
-1.5022362167668741
-1.5043798433698825
-1.5017844051546918
1.5055140984667157
1.4846176132600943
0.5031282098178301
0.5074012329784652
-0.49725050127200715
0.49978163474553083
1.4864377483148512
1.5094565012088308
0.4957600424904493
0.5071135295047019
-0.5019267657725487
-0.5048637036720164
-1.503456320430425
-0.49145419481987374
0.5031948278202744
0.4985657106499636
-0.49681794593687206
-1.5031202123060539
-1.4997529894846688
-1.4968540930705887
0.5002031586812975
-0.49982558883590933
-0.5054347771917814
-0.49889141124089664
-0.4845146112976542
1.4949620162224766
1.514032456097474
1.5032704862309114
-1.50302556409232
-1.5031281874511415
-1.500648819666646
-1.5080515933065497
-1.5042646003573796
1.5016136921414593
1.500919044746764
0.49844457355604893
0.5082285344382529
1.4982743313781177
0.4972344481203111
1.5025626919565642
1.4995488083499688
0.5038806135196017
0.4997900596221769
-0.5068183399343897
-0.5072370614606613
1.4976211719749033
-0.48888553222612197
0.4992662370184464
0.5028141783385646
-0.48747230523453655
-1.5057938993643147
-1.4915129115937877
-1.4970430705756477
1.4923010703865545
-0.5038763114565638
-0.49858081409232147
-0.5036545760094737
-0.48967509394986736
1.4993186600649386
1.511756078937986
1.503917598094616
1.4915342261440963
-1.4973573619098952
-1.506745264743379
-1.5188435382108398
-1.496938260561546
1.491870918448767
1.5076238699438995
0.49894834550833717
1.5000234637970513
1.50022061846137
0.49399407182785027
1.4961376448927695
1.488109070289517
0.4972374707925155
0.500067990479417
-0.5066394378975961
0.4942231174163142
1.5006062505184592
-0.4943219121328515
0.5007178266708667
0.4975136868512407
-0.503101420536723
-1.5068889846431712
-1.4910886749137975
-0.49862482883088705
1.4875558806583833
-0.5051560585021613
-0.4854638920305058
-0.5126352627076769
-0.49705733030803156
1.4968016145834993
1.5031000124256635
-0.48758709750266566
1.489900592859077
-1.4989663586621487
-1.5023927274113078
-1.5124686192844983
-1.4961398364762715
1.4842563177840375
1.5033439724206905
-0.4995191739129295
1.4943845705742922
1.5052531329383985
0.4978740800421796
1.5011037698334997
1.4925917981822905
0.4990975897223648
0.4878790243633479
-0.4981136560676689
0.4979673546531453
1.5026359214390015
-0.5013957582544338
0.5125472341705348
0.48988451816198336
-0.49735456129925076
-1.5115188824630188
-0.49402202248581933
-0.500149560892957
1.4857866533058792
-0.4972137676180676
-0.48257845545213746
-0.513051194682644
-0.4886365613931056
1.4885401839179695
-1.4990118611980978
-0.48251139130713605
1.4934727679537112
-1.5000775199261918
-1.506132156016846
-1.4982471117364269
-1.5036048750619355
1.4906489357231556
1.5007199699937586
-0.4995024783198519
1.4991359044319656
1.500230839193883
0.5039643919071214
1.4998916898514523
1.500139515443513
0.502276535074751
0.48203528127895334
-0.49257718031046965
0.4985876471226431
1.4995287426716253
-0.49905751439245283
0.5035632754877751
0.49272895651545556
-0.49140324548334424
-1.5103539691792347
-0.4967673458209865
-0.5004226068757748
1.4965852995008109
-0.4905120822423438
-0.4900691402612984
-0.5070604509199642
-0.4825406519990006
0.48810400393856745
-1.4916344042177145
-0.4926060489464836
1.501181890777568
-1.5085966814392808
-1.4980120138837527
-1.4967196839528676
-1.5044348937900995
-1.5010756217746148
1.5012256755270357
-0.5004656767384943
1.5046202814964256
1.5037312115409853
0.5044381458524481
1.486409154893741
1.506839917817541
0.5016712162291829
0.4909332110169463
-0.4984519476198302
0.49621514601582484
1.4971245130823472
-0.49924605874455114
0.5027751079603054
0.4972494113611236
-1.4935285710663218
-1.5056517482112661
-0.4931419832755167
-0.5038152275436302
1.4951225719581518
-0.48297019778143024
-0.5028566904577242
-0.5058570501065992
0.5137081010909794
0.49517130952878585
-1.483097208620222
-0.5016594927781204
1.5090325608977682
-1.5163318287035137
-1.4967585668741674
-1.4988459638136504
-0.5004609553559638
-1.5022914323353649
1.5013298216008362
-0.49723131561025263
1.504130187720481
1.5045417429945631
0.5043014595859496
1.4803275020279263
-1.497356494924801
0.49616008231842235
0.5018517674056028
-0.5034002073022198
0.5017651528671387
1.5027490607593743
-0.5024940810684437
0.5013128613264018
0.49920566073574113
-1.5011345994807235
-1.5041082014037626
-0.4876296870568748
-0.5007536326804377
1.493422405775419
-0.475002421509466
-0.5008621509371617
-1.5116810205459434
0.5046083639719464
0.5061577619257298
-1.5077847106516304
-0.5003259355597589
1.5147403277440927
-1.5107896856130016
-1.4956539946658758
1.4963934878691436
-0.4980932893862327
-1.5109020893630563
1.5044956747430844
-0.4836542370423269
1.479336908779395
1.5015228513079004
0.514393395119241
1.485631889213657
-1.505905962386489
0.4974157629797235
0.49832096386505725
-0.5038761828103342
0.5061311607767464
1.5152406170600081
-0.5020027197641963
1.5008697364156327
0.4941843030180324
-1.5009433900732254
-1.515160033910919
-0.47206484343469146
-0.5040193691710493
1.492808769477894
-0.4833950947498057
1.5110423210042752
-1.5159754147456368
0.5064877456282362
0.4884685323469414
-1.499853462240351
-0.5066960133023799
1.5299915025522428
-1.5064409952052744
0.5055079931071924
1.4957966564052878
-0.5041045097311762
-1.5064233342769981
1.4981706421324767
-0.484533630890339
1.4902896761015985
1.4918165592840855
-1.4786126672974709
1.4940288960935377
-1.503502782373386
0.4882928246555899
0.4923186250469801
-0.4901245428897035
0.4936919978231954
1.5251990338410077
1.4970905948188993
1.5030935084819157
0.4933165367519981
-1.4983992569569689
-1.52285355578418
-0.49015771800128904
-0.49942762747686587
1.4943949196784
1.501654876783148
1.517434970790421
-1.5092362260348622
0.5100563871785205
0.4815477213250913
-1.4984767456811314
-0.508137101625479
1.523483241578037
1.4892793559952555
0.5066071499660706
1.498549230550713
-0.4971612756948594
-1.507259646353398
1.4873768996917753
-0.4880728017072664
1.497055108041296
0.49411554573676786
-1.4846614731956431
1.487519821670092
-1.4794360012037948
0.4972278718248375
0.49353705172882933
-0.49617698531811044
0.48281912915191794
-1.481481588820751
1.4966623279763558
1.5012083317752525
0.5042980836296259
-1.5068347550444758
-1.5063053216344193
-0.49831631054972997
-0.5093754442113027
0.4991196424434936
1.5014445599093484
1.5027114393368803
-1.4987613842638101
0.4974671947690504
0.4950010916798978
-1.5118665060844352
-0.508123188004327
-1.4925976960276661
1.4826583733253065
0.5048001736686476
1.4997420073502694
-0.5088769830923235
-1.4927898715512464
1.4711636006316564
-0.4937557709359663
1.4949177561264
0.5062220281496392
-1.4936376572811985
1.46662418922165
-1.4884075102106384
0.4935670507414402
0.48291624673887196
-0.495152743714171
1.4855494010388786
-1.4947674809779115
1.4990692809925172
1.4918182865679162
0.5073241032943031
-1.527876844749274
-1.507577593585335
-0.5022934593417444
0.4839988941705183
0.5005651916589117
1.5160136110604445
1.4889433118318314
-1.4977725578786751
0.4772038228741724
0.5062594406510361
-1.522678315686138
-0.5035909900922139
-1.4955318189580709
1.4829724531989366
0.503550313703323
1.5002288748848316
-0.5148114200275172
-1.4854907256241114
1.4698204180162122
-0.48988313777957626
1.4853043254059175
0.5106905732343603
-1.494299185847566
1.4748187247734672
-1.4900449962201843
0.48182895660518205
0.48723162247230056
-0.49138849793307243
1.4977132910996094
-1.4961363773518463
1.499290611042355
1.4954342241149152
0.5084405720082988
-1.5170428496771686
-1.498104774548244
-0.501823442211797
0.48924059142082443
0.49721939325691933
1.5249386379168361
1.4945546510699705
-1.4874740446419972
0.4809029710554328
0.5105916410281189
-1.518049495189266
-0.501320083675524
-1.4831330810407897
1.4924034342658115
0.5062093920363716
1.5017566487173872
-0.505323400343742
-1.475791303851029
0.4818228123559373
-0.4819788290805962
1.4788519697174713
0.5040372109853426
-1.4881468762406553
1.4918497528289947
-1.4791764905902591
0.47748454691955033
-1.4992402060675238
-0.49025048552712897
1.504720432242735
-1.49301938868772
1.4988971353269998
1.4998604393537733
0.505744113677852
-1.5028459658837534
0.5128140724608036
-0.4973043179541032
0.4969586958983336
0.5027609616867013
1.5155414401904057
1.4996025543272813
-1.4771295363806798
0.49609856984965617
-1.4963891505942866
-1.504551024313314
-0.5012206233269574
-1.4875120540594815
1.4938623321467714
0.5151460902453836
1.4975502246547177
-0.4954960383079851
0.5234260036771466
0.4902680650376031
-0.48269314764340643
1.4948469903608517
0.4995833000331332
-1.4987261802224876
1.4928413520165065
-1.4734357311500166
-0.5132751085216405
-1.4946399994694533
-0.49265563932518847
1.496856927122345
-1.4909361470809055
1.50783720205998
1.5004984974440734
0.504107843660476
-1.5047957853309324
0.5085877306236489
-0.4950970958696427
0.4941888560615468
0.5118410532879227
1.5010402233243967
1.4970162679115966
-1.4837612233323352
0.5018308824665731
-1.5046539988197587
-1.5021207305527935
-0.497751600798833
-1.4904391726166144
1.489617350678942
0.5190416801168822
1.4971078010802295
-1.499083751384792
0.5130380176573544
0.4874567942562316
-0.5033782729801046
1.4958041184599724
0.5160738109273179
-1.5016357369529434
1.4820318279752056
0.5176146568461486
-0.5039529730443714
-1.5077001554859497
-0.49106488243804686
1.4940746657441264
-1.5069992092604685
1.5028942347763703
1.5040536123861916
-0.49723838174575674
-1.5197411257756497
0.49856533918675355
-0.49859734420539725
0.4852468281336007
0.5174253858588739
1.506367147377423
1.4889746807464288
-0.493657431063253
0.4900214567315305
-1.5078267413253519
-1.5062717065498399
-0.49992061597052695
-1.496908808595676
1.489250153197286
0.5116667239410059
-1.5026901399528994
-1.5116213676835668
0.5075346799085116
0.47896082044181165
-0.5046949265041325
1.4965392256270154
0.523218659205662
-1.501319948029191
1.4790165900896077
0.5064727216052685
-0.508847697902336
-1.5059645467003706
-0.49693642146694683
1.4971660230224115
-1.5049412510419522
1.4989822463713152
0.503978722625049
-0.49689365368552413
-1.5312457822343817
0.5030618221680868
-0.5026709614931748
0.49691707892319
0.5006782846573088
1.5186260521540007
-0.5131489766271431
-0.49459335237750945
0.47378702457636573
-1.4963093785240824
-1.5099629697473236
-0.4920452957869138
-1.4972194263142702
1.4936937106232084
-1.496243911377102
-1.5018461066949156
-1.5134659546596474
0.5020888980129273
0.4742698374580077
-0.4950832295281382
1.502190521848247
0.5164853626732131
0.5014745295018752
1.4872305898511136
0.5064545116191568
-0.5125412429623135
-1.5020033226841385
-0.5061481474331868
1.5018541161951122
-1.501477315130593
-0.49452309184423143
0.5003040316682585
-0.5016805083150397
-1.500689203453112
0.5016261359329512
-0.49536951662734746
0.4987310594853859
0.4951456008408098
-1.4805534824267061
-0.5068047028443521
-0.48490179737849504
0.48644682031808956
-1.4953236125324825
-1.4836974121013493
-0.501184547943444
-1.4980799465881964
1.4984532705204088
-1.4939883392388162
-1.5026424418517372
-1.5024514438801804
0.507329748789296
0.4907156434706936
-0.4918177602271564
1.509659997706643
0.5004511171538689
0.5014480826224039
1.4966772683314369
0.5174715122817153
-0.5082277248314571
-1.4991723704068904
-0.5027851436237002
1.5015968665652553
-1.5015500696564752
-0.4863708728571281
0.4995579904064434
-0.5076750734567164
-1.4984146547473884
0.5143715787772013
-0.49165775221294356
0.4950129819257713
1.5057140907963884
-1.4928776221425422
-0.49421248489927805
-0.5005867318581368
0.49912057837485646
-1.501870767049397
-1.4914320494735271
-0.49574285779846533
1.4982999962857984
1.497518410590354
-1.4863507108215108
-1.5045263722420703
-1.499254748765471
0.49303766347554406
0.498476887365103
-0.48938958299399704
0.5066613621801833
0.49769410289682625
0.4961310609377074
1.4984144542984421
0.5167768146077547
-0.5008976288527702
-1.5127498978762846
-0.4948151375932615
-1.4999515170208926
-1.5055812301012936
-0.4872517637759848
0.497179939053042
-0.5097625382875131
-1.4987913614528776
0.5123360751118913
-0.49324753035373736
1.4875409182863906
1.5170719101738939
-1.4964208832884804
-0.5181169577156285
-0.4912135104028337
0.48891680355731476
-1.5016478887899356
-1.4984479885997957
1.510976623901075
1.4973995407326801
1.4940091400550954
-1.493708275186994
-1.498689088460656
-1.521260910186271
0.5064599029989161
0.48813013696146274
0.50857279669207
0.49629456433207947
0.5126337806261341
0.48777200173324337
1.505468944349824
0.4992050578433271
-0.4977177157157587
-1.5141272703822883
-0.49277646251314994
-1.500225680836688
-1.5094924172753699
-0.49510291393279054
0.4984870639407602
-0.5134378430690608
-1.4861730449492292
0.5005309210233786
-1.4984085104149754
1.485499301484678
1.517210091635238
-1.498404304380895
-0.5130955757139546
-0.4944053966303657
0.4769635985634554
-1.5021785015065299
1.5073517851979412
1.5105313305881927
1.5023577013167595
1.4809672393381461
-1.4922631183862265
-1.5046054613988393
-1.504974194178125
0.5054070067610678
1.4787875981230767
0.5041129221411631
0.4988698294880548
0.49606541500793805
0.49891018063784687
1.4969798245524866
0.49508603629699083
-0.4978757208723119
1.4969182135773331
-0.49977799391946587
-1.498441093328789
-1.5136323534920793
-0.48894289638555544
0.47402890440400297
-0.5001219280513202
-1.4777535565643884
0.49149918109820284
-1.4990349626079529
1.4934088941296728
1.5038938726690425
-1.4980041915079374
-0.5084762910552361
-0.49748664627198114
0.47794348497074723
-1.5008806437951534
1.5177383218930087
1.5042049414279284
1.5025095573449436
1.4897149906137408
-1.4948276268258929
-1.5150691592990169
-1.4933942680284007
1.4952975318436987
1.4843188789870418
0.5050790677097238
0.5008423047707425
0.49863872874664644
0.5017291568704342
1.499028465599619
0.5030670768060778
0.5005951838445029
1.5051705029786122
-0.5062230979376097
-1.5001345693535484
-1.5045588387294693
-0.48684258967413213
0.4830553242936935
-0.4967048508742793
-1.4846191108377376
0.4969104884903765
-1.4949895029815086
1.495470583183557
1.5098893564955433
-1.501332606851552
-0.5014882744902182
-0.4972468469182059
0.489351941261552
-1.4988994908362028
1.5201696688087123
1.4989337818175894
1.4990757044594278
1.4957239537525922
-1.4834166197751757
-1.5190562547255941
-0.49681762600326274
1.49062568635135
1.4928424098121567
0.5163564847619136
0.5068176621786907
0.49794619306384
0.49746661242854895
1.4993583976153304
-1.4861957498794656
0.5001985383189389
1.5016092170011728
-0.5135324209004318
-1.5017505048663147
-1.494310817819947
-0.4874523810735158
0.49598435934642643
1.4985915973874855
-1.4972171991233516
0.5118719965834808
-1.4968018598702209
1.4982912185407937
1.5038113886646376
-1.499443411548573
-0.5049603487309953
0.5063038788633899
0.4958410487583621
-1.4988405479016678
1.5036731784617765
1.503861231126828
1.4904894216548294
1.4982792407304282
-1.484028227276859
-1.51100485396572
-0.5113684281666661
1.496558921158876
1.4946889033817163
0.5255378418945492
0.49933768370470666
0.49591092821864347
0.48965945155478935
0.5000746810472212
-1.4865344716009246
0.49845876372764447
1.4981561704672834
-0.5121183177356515
-1.4981394876322007
-1.4949150007570946
-0.491216901322995
-1.503278403430796
1.4912044564668732
-1.495192941314861
0.498488155100468
-1.492568202539001
1.499476043478176
1.4957056346191138
-1.4957115398673884
1.4859864937778513
0.5083791641531795
0.4945348162241038
-1.5204927507821966
1.509414199413862
1.4881810860709455
1.502518220940236
1.4913678374264097
1.504569736222679
-1.501660669055159
-0.5133199700950382
1.4942461846047466
1.4949793585405553
0.5037306288421285
0.5022305652383213
0.4922827126598915
1.4892049762127433
0.49941370583156924
-1.4942136397824515
0.49568541763199775
1.5087491500243149
-0.5158838049211331
-1.4877317949120359
-1.5023115406285479
1.5034028968751907
-1.515310860147723
1.496710298237672
-1.4903315605855145
0.49760347676085154
-1.504224151435816
1.5075538438490568
1.4941056716123058
1.5073602453609258
1.4838345584302315
0.5054793519515824
0.48482038565103575
-1.50419248095517
1.5141267349037042
1.4973649238922468
1.5041154564568493
1.4852840986224765
1.4978595957532272
-1.5045334811089444
-0.5077238577756249
1.5015753171316104
1.4936841000338357
0.5060464397593364
0.5054170333023513
0.4923924873175788
1.4966565569947798
0.49890855582507326
-1.5035159394492235
0.4998667096639572
1.5135484211574792
-0.5059531103358802
-1.4851932098435643
-1.507626862048787
1.5044756345450911
-1.5240056306604184
1.5048501390033728
-1.4948408545966496
0.49685138967275866
-1.5093416663785266
1.5123230313569447
1.4986514714541082
1.506652382207035
1.490322549107563
0.5055253765647497
0.47442030327963436
-1.5014668110150418
1.5087130520345866
1.5026496535194778
0.4978058574443242
1.4897676036821945
1.501346480724938
-1.4986329908884541
-0.5045751892634521
1.4993738692054681
1.4844854580745546
0.5027021121633586
-1.4901150521192552
0.4961440379499125
1.5069386147808792
0.48154488284224733
-1.4950689669052084
0.49950874792761935
1.5061223645284953
-0.5104871439495172
1.5082584861891153
-1.5031778945697416
1.5096066109514805
-1.5124813409090647
1.5135570378114698
-1.526704635500331
0.5078928441060884
-1.5187137083689308
1.5099588625324418
1.5031280002129461
1.5036557722756108
1.4978666920694474
0.510135530453013
0.4896022161376176
-1.5123828036449725
1.4974224621788979
1.501002074137914
0.49203560512478667
1.4973908924303503
1.5121407251703256
-1.5019736556161407
-0.49943998556391284
1.4909120808433802
1.4885687072527871
0.4978365979619623
-1.4910010710441084
0.4985419580386991
1.5019889041834251
0.4943145551981185
-1.4814622082257471
0.48852832172156624
1.505367877643042
-0.5229746559876519
1.5022638611311527
-1.4934067783188665
1.5042177366349954
-1.503621853768114
1.507536750598829
-1.5178041091823975
0.5124555475154585
-0.5189805630271505
1.5030680414143716
1.4979631228798707
1.5074262481455623
1.5019850462345226
0.50852445270512
0.5004943799826066
-1.5212981878961198
-0.5036047665894643
1.4947399335293985
0.4906962846771755
1.5019284356613019
1.506241251383445
-1.4947050159362376
-0.49687364500228526
1.4904344941066836
-1.500442714854049
0.49754434314539586
-1.4977688197709629
0.49444306124274734
1.4885081802281679
0.5011185526015631
-1.4851561612605613
0.48657872158217347
0.510227025158366
-0.5261281530307682
1.5045380016014855
-1.4911692363931364
1.5021546219525543
-1.512144210347511
1.4977825070125135
-1.504291318182493
-0.48994552069976127
-0.5099091600445261
1.5032186249582304
1.488972483119831
1.5052430666447834
1.4891574973894492
0.5072652837511945
0.49397873486019644
-0.5156227905822964
-0.49385321757747525
1.4866812848507884
0.512197990245461
1.5021755024688621
1.492236150644101
-1.4951129455073653
-0.5087266905259261
-1.501707711880949
-1.498622914715867
0.5041985177088902
-1.4995905805098282
0.4947962504191174
1.5012217451839371
0.496475769905524
-1.4985746583005397
1.4967219954768896
0.5123147625695997
-0.5114301416299476
1.491481385410106
-1.4813199940079778
1.4977920305259524
-1.514356844914565
1.4977181864968523
1.4946432386070796
-0.496176395485529
-0.5020906860408358
1.500537590712425
1.497985312146994
1.493032685400287
1.4941710383259015
0.5042185800338219
1.4806569650373271
-0.5035095771731268
-0.48463367714365
1.478280244423838
0.5054902825347388
1.5016931548294528
1.4912932959349965
-1.4866253461939594
0.4779998733881941
-1.4966085076844848
-1.5075345122267862
0.5021191464723496
-1.4948897688809333
0.48995690694850264
1.5022813898717602
0.49695392919248266
-1.5073626024244404
1.5054258137137437
0.5105339157195666
-0.5006977509582888
1.4843770381214774
-1.4901847716148566
1.4960323677049068
-1.5067383203395963
1.5062886559577928
1.4810546012018946
-0.49756173952400623
-0.5068420489596759
1.501913767943398
1.5005042133553737
1.4921290964495975
1.4981059408102013
0.5020016603549279
1.4790060713655868
-0.49960818321535627
-0.4955968087728401
1.4856329450096804
0.500184971837183
1.4981778087585198
1.496562988409989
-0.47968013167969076
0.48150949135770077
-1.5051202672378716
-1.5016966233997462
0.5012432934054144
-1.5004736898152131
0.4940740321510754
1.5102054801368285
-1.5033566297758303
-1.4996124467390473
1.5053857672082986
0.4945395237663645
-0.5002999640224668
1.500898347344934
-1.4975723349335435
1.4919939982246755
1.5025062951314831
1.5120545249784654
1.4715232090231933
-0.49187602678044884
-0.5131080184140719
1.490291138834802
1.5048105048045979
1.4998785961753789
0.5011567921830365
0.5042604393792008
1.4861368043843255
-0.4894728887810583
-0.5115660947216573
1.4987933925816423
0.5049868664476157
1.4957596971110583
-1.4967541990017654
-0.4840211801930868
0.49638188421168306
-1.5120589058649487
-1.5083901050096302
0.5206048001858247
-1.510836200296444
0.4988091224301564
1.5166172600358996
-1.5044168357705217
-1.4853818243723766
1.498193376098294
0.5035400101491708
-0.5166830977266756
1.5041337441741494
-1.493424461560506
1.4914302153825012
1.500941137854837
1.5070024405456104
1.4818561967557573
-0.49049299310177963
-0.5085604998464982
1.4982136343266879
1.4997373657102184
1.5057715798828237
0.49841288205415774
0.5060738660560615
1.494438164520321
-0.4918205117137506
-0.5099890837742986
1.4961663844846222
0.5130448743748477
0.4982887168226013
-1.4984049728967115
-0.49455918520248104
0.5060786379706165
-1.5102519654169817
-1.501075359259288
0.5258956680512041
-1.5088597660125689
-0.5004756156402924
1.5120999249517562
-1.503262427382762
-1.4945172983419002
1.4994084237402865
0.5060256390680439
-0.5217817136896207
1.5014071808399847
-0.48649525978417857
1.495419865359819
1.4872499856472283
1.513853479224015
1.4939173869125266
-0.4955258881441403
-0.4954739351020444
1.4933924582781934
-0.5023212658525006
1.5011745686667965
0.4906875639031449
0.5116883240317364
1.4851384574712776
-0.4807193005343601
-0.5020787567235
1.4918882504422586
-1.4890384442515088
0.5014301018404782
-1.5036886459092333
-0.49832268591471035
0.49845076521588527
-1.498622624852308
-1.494191821365956
0.5141681858485163
0.49904647991678486
-0.5050219438060195
1.5002824629206648
-1.4993745913290908
-1.5056870921383574
1.499412552433427
0.5039766188239024
-0.5117454343635163
-1.5041477438516107
-0.48672038659707006
1.497401490592476
1.4876119771167462
1.5043766861789447
1.496808762935724
-0.49686340616868413
-0.499126266197002
1.4830426833309949
-0.49917450450369505
1.4932728366659362
0.49769416114203585
0.5055080439124634
1.4813323031665897
-0.48991117941487966
-0.49498378781887503
1.4916071428337099
-1.4975468925281092
0.5031589876182363
-1.5093776668128367
-0.4999069738455795
0.4910350999025124
-1.5007446907373998
-1.4922783056855862
1.4994620876067006
0.5002547407609536
-0.5067737554140186
1.497985413171537
-1.4837393877760159
-1.5128711477598937
1.490677181781629
0.499373002313977
0.4978681760299676
-1.5033698628162002
-0.492889770448054
1.498269270777795
1.489985679593583
1.5043139008423618
1.4966403808885937
-0.4955966378594199
-0.5129996421668628
1.4797473511935968
-0.4952585908270423
1.4937063196493003
0.5049515108165555
0.5141922298544956
1.4739459002454904
-0.49225143358698903
-0.5031178167228653
1.4958110781636795
-1.4992224504414007
0.49195352286943084
-1.4996611569314096
-0.49666230120094984
0.49490312436004025
-1.5005831524234023
-0.5005121887685301
1.5028522648078888
0.49266366134430734
-0.5017264915194781
1.5021856690849524
-1.482750448748175
-1.5010830400678719
1.485122952181
-0.49897331164463143
0.4935399428458942
-1.4998698335527436
-0.49541215586728654
1.4906898017571766
1.5012610219066598
1.506943704361698
1.4970554735127297
-1.4978779771780653
-0.5176709015371574
1.4920044668775991
-0.5055005189991474
1.4986012017615524
0.49737975150972136
0.5204977716893047
1.479488480564135
1.5149235515712955
-0.5150181250523174
1.5035951434440955
-1.5182621539981984
0.49936239131094345
-1.5085297889619287
-0.4915596100620698
0.498143373196629
1.500903775558061
-0.5067692654651355
1.5175556932791814
0.4888910734095085
-0.49591999461427605
1.4799947557664213
-1.4825518353631673
-1.4960565537632253
0.49285975905710466
-0.4937875774309847
0.4759463843773629
-1.4961903647073853
-0.4908102510611829
1.49099754574196
1.5014718329170602
1.5051646845322062
-1.5006914745456044
-1.500407809656545
-0.5092512233533593
1.5040109787675946
-0.520447834206984
1.5052344909795867
0.48577526200524945
0.5163192779781277
0.49185374366377366
1.521348981977518
-0.517223469613138
1.499766809539612
-1.5111312368230378
0.5058001547850693
-1.5226847539508637
-0.4925725514539797
-1.5039965035275136
1.5019574991479698
-0.49967336297083026
1.5094402477510238
0.4869288130352214
-0.4966139433001773
1.4763515745256597
-1.4942594142390235
0.49820993469283786
0.5026580925259814
-0.4970043659429902
0.4978581181279583
-1.4989102637999236
-0.49519576780518865
1.4898482216084812
1.4980357583660628
-1.4999693099060227
-1.50003369175986
-1.4982182509685822
-0.5047237405270811
1.4981985951674017
-0.49415311401090317
1.501809291652395
0.48730044254221033
1.505991976532932
0.4924747085405357
1.5204060587184036
-0.5074983406295324
1.5103619090630394
-1.5102643642210305
0.5088421249849182
-1.5257472382483404
1.504944892896113
-1.5078437960438533
1.5036917174013877
-0.4950352176631609
1.5076877852437383
0.49496247264419074
-0.48281331712543574
1.4846440416977948
0.5039635890129912
0.48892833079839604
0.4956277068902564
-0.4772020836414981
0.49838454048901165
-1.487643523028194
-0.4918584825831177
1.499699577983365
-1.5064065596958571
-1.5026268782728327
-1.5003706932949148
-1.5043575386487913
-0.5034816415285518
1.5166736713247997
-0.49643000446033597
1.5146130931445296
1.4951751241194953
1.5051130514894027
0.4851370318756626
1.5131797958461486
-0.511299315019268
1.5096524922013488
-1.5043053314591976
0.510856620669559
0.48606537778770786
1.504754096006599
-1.5128264132767064
1.505282823389046
-0.5044810138321945
1.5053424741681776
0.49153958253074204
-0.4745776897766739
-1.5099834365255054
0.5148874765489122
0.48961173100991806
0.4916207393283639
-0.4928170480277834
0.49813664448696177
-1.4923285652514051
-0.49566014598029473
1.5120541493799304
-1.505618590447565
-1.4998907384955964
-1.4995674881261896
-1.5052084401503774
-0.508272408537079
1.5077616968987204
-0.5029915578202766
0.5196369904535457
1.4993425734211983
1.5103354858327027
0.49215825600021973
1.5045066257904338
-0.5208632246422344
1.5083358023956241
-1.5155630966866136
-1.4887719794694685
0.49532251752277806
1.5100351707090298
-1.511287920592062
1.5148503299893374
-0.5039887018222223
1.5010444566023389
0.4830510468307705
1.519696166789038
-1.5134163266325844
0.5247793846478429
0.4974775707448963
0.4903270676962842
-0.5074799322496427
0.5065747182752083
-1.5051087467056194
0.5003387326478602
1.5080145317310383
-1.5013961112368892
-1.4904859197863018
-1.4871634251703996
-1.5004461738019184
-0.5177383498057908
1.501593727769906
-0.5107923183376353
0.5109215738112135
1.4938861844537097
1.5192474841266383
0.4920714107676552
1.5055228367425233
-0.5106574329392682
1.504930702995273
-1.5261005495295947
-1.4909052923770871
0.4918912540174871
1.5036827594965847
-1.5070710178654918
1.5273320236078793
-0.5098383438276781
1.4964370366078166
1.4823857633722126
1.5083239750362782
-1.5177030252019108
0.5114973345741076
0.49773851379906514
0.48336841935795555
-0.4998872766766691
0.5182517387645224
0.4880580679780792
0.5022543590218081
1.4919737465853877
-1.4987496196279015
-1.4950950592694063
-1.4927711549792184
-1.50315298347243
-0.5204016552611491
-0.4944003708296715
-0.5089159148976714
0.49755647871345654
1.5008185297130656
1.505325086581026
0.5028380788084038
1.5005816602296744
-0.49862778767442806
-0.49636374315673515
-1.521565800658999
-1.4949187906080488
0.49153608137626603
1.5010439227608114
-1.503234023250887
1.5165719153000976
-0.5017087737611751
-0.5055815496796842
1.4906473829462314
1.5028910172675873
-1.49978837940605
0.5000539581069106
0.5018633861567627
0.48935762328743027
-0.49461428080380493
-1.480308932891211
0.4958447163581359
0.5103003588115425
1.489168663224824
-1.4940700878301139
-1.490200223041796
-1.5020569882475336
-1.5078047447979344
1.4884316197602399
-0.4856464393790555
-0.49761946636787713
0.4959158679219911
1.5125712701669105
1.4933532588751728
0.5190083928202615
1.4988148141063897
1.4967866861320127
-0.4947555686144517
-1.5053240922456879
-1.496440529658304
0.5010233022875692
1.498861260761863
-1.5026502187989959
1.5037403050714988
1.5086071657989493
-0.501681431231225
1.4974877816509835
1.5083077428117706
-1.4940347271460026
0.4930043743980238
0.5116899908434261
0.4944987179835719
0.5026905626036138
-1.4909857489308975
0.5096816954315407
0.4986944568455854
1.499298648442077
-1.495415960898383
-1.4953162499239399
-1.5123409695374048
-0.5051556642634469
1.4972478215239908
-0.4875111153465856
-0.49161659807754593
0.49461955135784597
1.502801837163002
1.4949727849574386
0.5213435452768511
-0.4996012973149005
1.4825512859321985
-0.49606617619798365
-1.4978271840422364
-1.5120733164038729
0.5112032417213493
1.4827339760884506
-1.5055675622735618
-1.4970445357478663
1.5069793898312438
-0.4970448020995348
1.487959360307343
1.5046373519103753
-1.4959036180019385
0.4801567148804289
0.513792915698081
0.48874151487893047
0.4961678767990705
-1.4962336359337718
0.49617232999591326
0.4969170622440868
1.4902292820774592
-1.5059021686723664
-1.4962402708656317
-0.5131334996099481
-0.4981717375329797
1.4916028586395758
-0.487958409895805
-0.4978468554308006
0.48236278256934484
1.4981522954032929
1.4943977015134222
-0.49038711043891414
-0.49764210683179894
1.4795666041494673
-0.5008162224303583
-1.4978665370992268
-1.5130405189822718
0.5072681305897073
1.4742752531459893
-0.5043929232381368
-1.48467747827885
1.4931657078579401
-0.4961415027193597
1.4835931872489143
1.4952650850745144
-1.4900968342477332
0.4787328776261253
-0.4926161055315593
0.4788436239872355
0.4952453857157305
-1.4902396967685643
0.49570299793708894
0.5041947405359142
1.4837405941510042
-1.509555834046193
-0.4890173181794662
-0.5032069059854707
-0.5011581273494229
1.4998707677289855
-0.49954306317142866
-0.494683193768643
0.49505672840413184
1.501769661872815
-1.5056408887554937
-0.5012839038094126
-0.4978943360112575
1.49110318722588
-0.5030260187354293
-1.4770040756885645
-1.5171764768988818
0.5101185804913366
1.4818419319711622
-0.5010921806813853
-1.47658599749793
1.4965283430515715
-0.5022604370309098
1.490052843677146
1.498602382258869
-1.477745630188016
0.4870375906389104
-0.4983312512406771
0.47932419373381474
0.5006702553043141
-1.4847318554918219
0.505237976976672
0.5100395047737672
1.4882931999288012
-1.5008884805489695
-0.4846166627704997
-0.4962544647241171
-0.5083245492625018
1.5007137668370751
-0.4987009832588556
-0.49154890271656604
0.50253584516993
1.5109928816531006
-1.5047677432557571
-0.494394889816643
-0.5066592492455343
1.5020735129093685
-0.5067042947384345
-1.4724353826267418
-1.5075818412920612
1.5138052714367007
1.4954167941365177
-0.4942142172561921
-1.5064586335447117
1.5003369107039723
-0.5109141343267408
1.4999970457358702
1.501662422224558
1.525886543547015
0.4935693596188126
-0.4970076083229804
0.4878155351897998
0.5080072809355984
-1.5092748537484482
0.5006480705098657
0.513118531607636
0.49645671560089927
-1.4912714407419612
-0.4901806485030058
-0.49913452844377265
-0.5174905059922448
1.5008470339770665
-0.4907206610887863
-0.49320034495059745
-1.5052473867884102
1.5125335318746391
-1.5009712714110812
-0.4926280933620884
-0.5063993225309911
1.5014049022059968
-0.5136218439644277
-1.4825754518048615
1.4974468938690997
1.5132846190452904
1.4979374775938303
-0.5032906791037933
-1.503793059407038
1.4878131587058736
-0.4977300941501484
1.4998445908626952
1.4996868885656829
1.5160173403851598
0.49058682027349443
-0.5023013705399625
0.49697030676886145
0.5013843699548926
-1.5059702116786393
0.49091731723326143
1.5081122537305964
0.49610594450610596
-1.490229829118906
-0.5056225424029046
-0.49161996467168256
-0.5280628949575757
1.504361181603936
-0.4858682796928309
1.5021248250814676
-1.5162549535411483
1.5093450250281741
-1.5053980305457684
-0.49216959247997116
-0.5105481802780455
1.5066163981917207
-0.5123869965195071
1.5064369637622586
1.4905442258781527
1.5079026062236363
1.494029197904293
-0.4972775909489797
-1.4996938656128547
1.484972960725387
-0.4907568418774399
0.4909987883849528
1.4966077817339252
1.5035096106824897
0.497125084120872
-0.5021913189659061
0.5068892748464379
0.5001407888719874
-1.5004090344639165
-0.5050022824298419
1.5012373227477498
0.4881013736400718
-1.4995276272545799
-0.5039547213970538
-0.4748762253102664
-0.5207822239663094
1.5095210908955297
-0.49269191378199223
1.5009430858903638
-1.5167628497828893
1.5048247178741407
-1.508730894873216
-0.49862390949441854
-0.5023731988424418
1.5056667147898746
-0.5069385736450772
1.5099046349457423
1.4804744823599723
1.506393796621034
1.4831346717375375
-0.4900720818482381
-1.4975781228477905
1.4902241885072043
-1.4952588162291052
0.48695788891124414
1.4976792718576297
1.500656716263751
0.4853739838071994
-0.49685664903012455
0.49765178239149516
0.5022759538510617
0.5011452111683263
-0.492445070163941
1.4996706427424926
0.49435694319767004
-1.5042143744352257
-0.5078252119230032
-0.48454271233414403
-0.5077795315340161
-0.48821899657517154
-0.5008066047657639
1.4979027780292746
-1.4861042041889476
1.5001960271454557
-1.506329355933384
-0.5016557715477462
-0.5099178878464137
-1.4963719034706093
-0.5051694748965261
1.5204689843687589
1.4941828577625962
1.5063371417827591
1.499963548278749
-0.49863719560815256
-1.5138658720860643
0.5010762878512228
-1.504602731628383
0.4898790826716885
1.5023342942712783
1.5046282204867174
0.4951905120382547
-0.49625712060228766
0.48457696741614636
-0.49747399920082497
0.49521790487226935
-0.4887261606092357
1.502878774801697
0.5016291700739288
-1.4968265501909386
-0.5168122615766727
-0.49670501904941633
-0.5087520407285787
-0.49118660796471947
-0.4989847523519031
1.4995724122755336
-1.4922066711155673
1.5039074313934662
-1.507964555970574
-0.4957083547848792
-0.5225475502733173
-1.4968040494402435
-0.5090602495926183
1.5253885654005177
1.4944822978358148
1.5130288320312388
1.494119918713977
-0.5058528759117386
-1.5264553310518372
0.502586451779461
-1.5065029766295066
0.49841025434389147
1.4980731173996904
1.5092166465932744
0.49795575668525227
-0.4971717812702509
0.48459753885845464
-0.49916849762595344
0.49118983030593427
-0.4983802544762385
1.50723217565199
0.5039827344527215
-1.4955969419393487
-0.520690697481319
-0.4918857277801156
-0.523124027120752
-0.49573690371567003
-0.4900431446849592
1.503700819959972
-1.4998544781089314
1.508266359232702
-1.5053523553455133
-0.49292795129014993
-0.5233332926106262
-1.4959197786404623
-0.5064301894666307
1.514794309285363
1.4954306898849068
1.517059503608434
1.5001127411446398
-1.5072554136153686
-1.5182686641430498
0.49463304516826173
-1.5048566870350861
0.49813258271886524
1.511337087909732
1.5039125909671092
0.5025395691391726
0.4994502455283316
0.4976336149955033
-0.5024365296713281
0.500399549248733
-0.508438661173238
1.5013426618522263
0.49833249339681124
-1.4890337992373772
-1.5164243676385596
-0.4765996736443826
-0.526057002140452
-0.49878248652781537
-0.48404114067888243
1.506620242018265
-1.499461246014097
1.5074754842734466
1.498637210404557
-0.497026039151442
-0.5108171625297336
-1.498455251732378
-0.5016258670227031
1.5000200341293863
1.499877109610188
1.509850315835774
1.5085348388797999
-1.5008196088829218
-1.5011996593895567
0.4926732914861588
-1.4944300807951778
0.4869846798297428
1.5202695955569003
1.4974968851608936
0.5026962937774588
0.49850325567279163
0.5074807519840091
-0.5085568118796896
0.5023602063571981
-0.5001132985966795
1.5011567290686332
0.4913333168471097
-0.48582916586327934
-1.5095419002436246
-0.47767333588264516
-0.5075181375615614
-0.5004514735828284
-0.49554419727893717
1.4970187413117741
-1.4912809637323248
-1.4974994362371665
1.498006511315529
-0.5038829591753833
-0.4998563512003271
-1.5044572534358789
-0.4895059128127835
1.4945543128043266
1.5002631532846775
0.5032229066176356
1.5089387311346356
-1.4999384610219686
-1.4964500817753337
0.4810758660468698
-1.4942019787660872
0.4800503973982632
1.5145577884087575
-1.5029149536565563
0.4973682138664359
0.5030133913239717
0.4916425199203352
-0.5055938481528395
0.5021871790079218
-0.5044837118038515
1.500714102956052
1.4949272160941738
-0.48986099070404804
-1.503697419883663
-0.5059175209801267
-0.4952388630992558
-0.5218120075987681
-0.49834031104805077
1.4943648832989933
1.5122419992038234
-1.4995118963170808
1.4945232636683625
-0.5071726620390167
-0.4975340552130096
-1.5197635169401824
-0.49235605673915905
1.494250929097453
1.4998141146165744
0.504953095732741
1.4994079041058448
-1.5017666625640576
-1.4978215866237157
0.4847019987425992
-1.4999373449418298
0.48830052669007346
0.5033074704760555
-1.4968347333977812
0.4915220619501024
0.5140050040346984
0.48007069841969313
-0.5006759853379559
0.5133011097387037
-0.5051960777753278
-0.4991616449423153
1.5024484543201457
-0.5002199302409215
-1.490657114467683
-0.5085695132889554
-0.4793447930989502
-0.527436808807054
-0.49525898987727107
-1.4959688591925575
1.5052978986083978
-1.4957632238067033
1.4989086770461355
-0.5017157829300963
-0.4875235470652395
-1.5093919850120017
-0.4861180272574407
1.4948996810603903
1.4983422188527937
0.5133499859866867
1.5024526728436178
-1.4980316914218876
-1.4939118762178112
0.49932622871197074
-1.5018549884043935
0.4986759757156752
0.501021089616464
-1.4925629762210295
0.49452777868991576
0.5201841337661772
0.49429589641869826
-0.49198539471356606
0.5253437195404062
-0.5047618246638459
-0.49931405371075566
1.5046325745135058
-0.5010147911757693
-1.4915978415156617
-0.5065163692291583
-0.47411391772980305
-0.5165125205191023
-0.487562756209145
-1.4875643672757455
1.4959756243564368
-1.4845199762834798
1.5021278548212362
-0.4968051676454276
-0.48770096478590097
-1.5105536969580746
-1.4744681851483297
1.4955094998264622
1.5037461242516517
0.49602140057679084
1.4991172762922045
-1.4955597377447305
-1.4935887966939687
0.5041910464622208
1.5026165440454367
0.49697568783551765
0.5137245664394279
-1.4986176042899655
0.5027317037151741
0.49325375444716535
0.5005993962066297
-0.49557257250084663
1.5190374321931264
-0.5033295592572861
-0.4939490299160819
1.4953846093069296
-0.4919446721074607
-1.4986577031822996
-0.507217025824567
-0.48292043444600824
1.4910260001786628
-0.4861829207761909
-1.4870148464880257
1.4895649002325302
-1.4791923415871007
1.4950614216369222
-0.5004321148862559
-0.49042834966940885
1.4716992177337764
-1.473292151567751
1.4974388306695594
1.4997826572838533
0.5060931394617718
1.4905454909317968
-1.4943444074389505
-1.4997138994063182
1.4910788568388982
1.5077514255004287
0.48884193233995815
0.5007467863173013
-1.5013009375735549
0.4974495979165552
0.4981610511410075
0.4928613863933735
1.4921997113005732
1.5031436630678916
-0.5010437454983394
-0.5033237776325044
1.497366545309004
-0.5088899018482486
-1.49675084144675
-0.5101443659463244
0.5062691177638876
1.4863529990107693
-0.49221917324757214
-1.4979798489369986
1.4869380934810987
-1.4947768570590003
1.4936928913043321
-0.5077894134704005
-0.49243395863813266
1.462923565690979
-1.4848756351232955
1.5010520125543936
1.49110218548059
0.5058390014796732
1.482298328784534
-1.4977680890441718
-1.5057074194309175
1.4793488363672829
1.5079564669438266
0.4778345474983905
0.5003885627475899
-1.5048818643192807
0.4857540480963156
0.5040165330001077
1.4869980344133946
1.4887402446841782
1.5031236305001128
-0.517898529573413
-0.49438534353429503
1.4798031342974292
-0.5051765706085591
-1.4996402374832603
1.4900275616985947
0.5084174655928865
1.4768916901946603
-0.50613348204524
-1.4892669818119892
1.4705347269205256
-1.489742977498564
1.481300877918389
0.49390822612349755
-0.49033552608597775
1.4768114318130228
-1.4949053014109175
1.5023674575767154
1.4839838792185134
0.5082819950175708
1.4826679508556246
-0.4964124241939691
-1.5027509104725998
1.4825960123288722
1.509188966818456
0.48560351376349475
0.5027481781957677
-1.5026757760161054
0.4862413857154618
-0.49607094418380726
1.4914993073397789
1.4979952494157045
1.5197272566008202
-0.5126271441477387
-0.4857920522641465
1.4743910744864075
-0.49724222264071616
-1.498843305090659
1.493202982190527
0.5186371657912584
1.4834071371581823
-0.498394921192468
-1.4796749354254528
1.4816303629298275
-1.4834734812631096
0.4772060091804896
0.5019906353776594
-0.4912522345275533
1.500014144633257
-1.4873499874572262
1.508382740960025
1.4967748674548007
0.502281774712152
-0.5082806168543622
-0.49285369145749974
-1.498902424657545
1.499737780188786
1.504398258050103
0.5059601122716677
0.5078326226193566
-1.4982304525431538
-1.5013762514629794
-0.5016929993490696
1.5008692805802808
1.4983289582762183
1.5263395497456302
-0.5052833663479223
-0.49038342890693665
1.4854595055138913
0.5070550988205529
-1.4952927649085288
1.4953690711273895
0.5186560602807596
1.4916028898539
-0.5001033305832839
-1.482037434844977
1.4896087324396887
-1.480499067571314
0.48737750334929114
0.5050292409855338
-0.4924834386918054
1.493125890828691
-1.4852631526065538
1.50317568119328
1.5031791690770298
0.49837805227672516
-0.5031570489892073
-0.4914433508928154
-1.4965319308898772
1.5053803837165727
1.5018232350228422
0.501302145335582
0.5003418010219761
-1.4962700444235928
-1.4943734152264685
-0.5051339065324418
1.5022772012540162
1.4940832731059357
1.5182287687576266
-0.5074216663538945
-0.4996189414566663
1.4960358300695662
0.5007330434841953
-1.4946695730909507
1.4963845497922492
0.5171773415698715
1.4955184434518363
-0.5047187749262585
-1.4918868981063484
0.48339488945239834
-1.4851142176854395
0.4945076984005948
0.5143564964993552
-0.4994871335938707
1.4857677134098632
-1.487438464135863
1.5006519996897536
-0.5075347849550947
0.5010717611997896
-0.5125644396834587
-0.4762204921406544
-1.5079227201697556
1.519698488959708
1.4960204913029722
0.49367003520429364
-1.5130654195810822
-1.50000646266748
-1.4994268712331864
-0.5010420529920937
1.4942316130803213
1.5063647369856765
1.502216017147389
-0.5055056022261776
1.4963215405405672
1.4915012438057125
0.49603770368028277
-1.5001676041982446
1.5015091287106892
0.5088168786020081
1.4939154051170351
-0.5071429275750574
0.5067486143667126
0.47177435321804534
-1.4950264957861321
0.5059087713476491
0.5060467303844559
-0.49976348749896293
1.4924568831023965
-1.4957692761231949
-1.4959412902218077
-0.5211219457452781
0.5075499671918708
-0.5221297214256453
-0.4882934571231552
-1.4975515111962157
1.5067412803442843
1.5004920410785545
1.4939194935000957
-1.5137654693781648
-1.4996689422243443
-1.5219361071579205
-0.49470596398876326
1.4829441464582056
1.5053738878602796
1.5034711507706053
1.4973462959569084
1.5041656881424141
1.4806738646541875
0.49055778692665486
-1.511621110620522
1.492095855545051
0.5045981442232619
1.488807298876697
0.4951067639719907
0.5153444142446527
0.4719781729499745
-1.4961465657029707
0.5023389501118775
0.4931740830424
-0.50450997833202
1.5043227752216388
-1.5005463786341702
-1.4902681014269687
-0.5193056423217208
0.5157863915292769
-0.5302471076777734
-0.49540375452758706
-1.4878654471064503
1.4968720804644429
0.5051253861091421
1.5008016279970782
-1.5036590131910952
-1.48446877508126
-1.5141002172206985
-0.49746365018456595
1.478136029436428
1.5011032637269577
-0.4833786527470441
1.4975448402254297
1.5065920084878703
1.5023103839859016
0.49972167019887564
-1.5002736938097576
1.4992595723710707
0.4976280077024548
-1.5099094888971438
0.4985061243755431
0.5217685828694809
0.49154795324408207
-1.4875413617405284
0.5154561551183634
0.4977083113373279
-0.5079436603028391
1.5076043545644227
-1.495831737003007
-1.4924656910991216
-0.5041850512528631
0.5138871621121909
-0.5139375565058678
-0.483675243387939
-1.487813585631538
1.4988941967350242
0.5032959090095139
1.5043855606886316
-1.4925917435294223
-1.482422286829934
-1.5044757597291496
-0.5031980103355579
1.4887724785992877
0.5018945673283268
-0.4762266870030403
1.492537384485819
1.5116750401378385
1.5001324393173814
0.5079722111781615
-1.4909166533848717
1.495088610948907
-0.49856887443668535
-1.5041002163030275
0.49669163109445624
0.5276496685205481
0.4887434151801556
-1.4778371628603764
0.5013245193748613
0.5078504040034634
-1.5040007603739773
1.4982460551194534
-1.4824047629987671
-1.5044586460964626
-0.5059162268797742
0.5125565801128936
-0.5099208150927107
-0.47438224908862703
1.502367296275932
1.5099592711372007
0.49838274234143426
1.49923153871107
-1.4932785142170568
-1.4949554267926115
-1.515417088592919
-0.5027641762466555
1.496662143776725
0.5063825227540326
-0.48416787916418264
1.498958792011488
1.5028714410930917
1.5003570735996599
0.49920634542093023
-1.4862453453338649
1.481200110353892
-0.4899235076420612
-1.4997975107264818
0.48610729618573256
0.51713539385461
0.48434628959711923
-1.4895191972190067
0.5011112360746125
1.5030644848051649
-1.4980301416605946
1.4912750382509936
-1.4916254237232665
-1.500522924950963
-0.5215591724586799
0.5095656644212336
-0.5175018091090303
0.5187475687177918
1.4966645126162943
1.5151672203577093
0.493436365615408
1.489300423222855
-1.5131637717759487
-1.4966287257652857
-1.5235308384013095
-0.4970436054681734
1.491633612714943
0.5085759357213513
-0.4973709614034799
1.4970435476989292
1.4933101833994025
1.497011868176133
0.4868883715437864
-1.4944142149189676
1.4766757644894508
-0.4877939526721348
-1.5035324792866422
0.4831871038043912
0.5097195711142034
0.4724220122635494
-1.501111986366365
0.5128943151934393
1.4905495868778031
-1.4983089973328398
1.4948133663531236
-1.4960477739526503
-1.5064317316707054
-0.5218342152954252
0.5100075795615195
-0.5279326679051521
0.5054658271405559
1.5027769752811393
1.5075004922779824
0.5014095086182014
1.4887735686193844
-1.5124171042938663
-1.505722633562023
-1.513391651324752
-0.49411829459667
1.4821567891657161
0.501572703391751
-0.49190593589968146
1.4889570488286974
1.5017498177604296
1.4973663403616544
1.487172573614828
-1.5039986866998911
1.4922071521590832
-0.4992432421929969
-1.503827044238285
0.48415474406307935
0.5220103275379534
0.46975208136726754
1.5021486186056008
0.5208740690932945
1.48901817342571
-1.5059817232096957
1.5105681808562168
-1.5014467504933704
-1.506724880796037
-0.5103714296090128
1.5137923618183462
-0.5264609894092702
0.5063249147635474
1.5033558815582002
1.501384080883313
0.5074570925638601
1.5016773398165852
-1.4992291954265562
0.4921607173100053
-1.4987302531173086
-0.5036936914383553
1.4977763043281722
0.49838118229060974
-0.4853596440300922
1.4905515506104858
1.5139584584972003
-1.4990714800860996
1.500081600556998
-1.5000909033404928
1.4947032787063232
-0.5154727749342605
-1.4848582559235766
0.4887096154456688
0.5332730293241004
1.4798434655825978
1.516055435607776
0.514603572418922
1.4974549974334819
-1.512619378439977
1.5039649220613232
-1.5034936176963203
-1.5028947350330804
0.4966874158255818
1.5176509599544885
-0.5151600138931709
0.5219647267625128
1.4920784367895377
1.5017301922085662
0.5001863101811176
1.509328997532824
-1.4919229096539404
0.5006100158971686
-1.5020544336129515
-0.49919849375747954
1.4937514120915367
0.5013847731999227
-0.49477697243261354
1.4958313080474337
0.5132761578078996
-1.4971452994706265
1.5052846262201813
-1.4810296505297436
1.4967913714039767
-0.5135993336098694
-1.4930979229188985
0.484013062731695
-0.4703442806865692
1.4898830500088522
1.5205673503860777
0.5071606967787681
1.49536707706956
-1.505665557804117
1.5011737680592372
-1.5117795204638507
-1.495871005620886
0.4893566048184104
1.5141112905486782
-0.5094619397307387
0.5304276672869396
1.4895745665811362
1.5008470074002154
0.4866495936229797
1.5023704254480723
-1.5001738907611688
0.5078871134181608
-1.517693199685018
-0.5016070340354865
1.49949318052554
0.5014514028377792
-0.5017545269061258
1.5004411043636667
0.5005896221758679
-1.5001160968785152
1.4965761690356156
-1.4811905281964042
1.4886994840312404
-0.5089097025954116
-1.4927269221516675
0.47115005597828435
-0.483386070519111
1.4876295350511226
1.5023637266818912
0.5057095172942859
1.4902613530175526
-1.5006651161524347
1.4961831547226336
-0.51230519079652
-1.4950562494422766
0.4743775153305822
1.5151207351280518
-0.5215015017581753
0.5142513382638088
1.4962210012819943
1.5058147610774117
-1.5135928912604972
1.4905004679983185
-1.5112930132295552
0.5035976414533718
-1.5267072221779527
-0.4941457977131321
1.5001019434382097
0.4988880219158089
0.5033064030238125
1.4977955441014261
0.49495339843083197
-1.5140396345784264
1.4869258210361351
-1.4941088681074028
1.480572172795902
-0.5004451765349485
-0.4867452954644386
0.46801378653666564
-0.4909237806189284
1.4900218787970625
1.4934525156089173
0.506156134074513
1.4906352287295732
-1.4978014404994888
-0.5056371246780654
-0.5043651339718399
-1.5059481043522513
0.4897083624577744
1.506025812340321
-0.5124293221936161
0.4985799861249369
1.5037668318543442
-0.4902748541347595
-1.5005882703353168
1.4875050359578246
-1.5004136846765437
0.49103151411347723
-1.501623769575899
-0.49837752802969276
1.4989420524778712
-0.502506942400008
0.5131677373525707
1.4906996926444982
0.5048014551242458
-1.516203560742478
1.4979726654352903
-1.501692394969337
1.4833101403013729
-0.5000152673571666
-0.4832856575278708
0.4798884605597653
-0.4881668445193685
1.4835954561122227
1.4995054250366422
0.5137981892950039
1.493394715467075
-0.5002663553891729
-0.501637103876834
-0.5018041734399109
-1.4968093570636187
0.49097308068687634
1.5106195868358159
-0.510034725893155
0.5025036923836802
-0.49626473993750064
-0.4928689085262235
-1.4965424050726086
1.5134259331642086
-1.501495278523696
0.5010256289293226
-1.5002704004953957
-0.49343865292285644
-0.5048520184679893
-0.5008233825858677
0.5077025223576666
1.5081151816131786
0.504071227594237
-1.4894960575292941
1.4983259241775575
-1.4993741748598621
-1.5048638234140246
-0.5082561735759923
-0.4893973258071731
0.4930119201336471
-0.4848760329252394
1.5036277881412112
1.5001124461990283
0.5169878998944352
0.4976185832490732
-0.5055625081785919
-0.49904357418643275
-0.512948111550624
-1.4947056088396684
0.4967285956552242
1.5177480645762094
-0.5073468089803929
-0.48296156424083125
-0.5040639905517754
-0.4993769645442562
-1.4991590831567898
1.510228002353659
-1.5027243151345744
0.5037371058233298
-1.5040305342109315
-1.489257038054084
-0.5060382968756955
-0.4943230357312055
0.4875316349919498
1.5018299658618914
0.5086546705817141
-1.4930267825788155
1.5013743371435604
0.5079478902937576
-1.5001697759192374
-0.5175675052634426
-0.4851286864236157
0.48436309703917957
-0.49419403750130825
1.5014937524769172
1.5028486597840836
-1.4892099116376614
0.49695083835423975
-0.5037404502242532
-0.4999589015051933
-0.5153670719136808
-1.4850464425754015
0.49033582746139354
1.5172787326242418
0.4941681291006397
-0.4786930697892152
-0.5087705459037153
-0.5068548934157743
-1.5053774066691543
1.5002872435175925
-1.4951556312546752
0.5039463720427518
-1.5124268831508536
-1.492899291501725
-0.5024049028780383
-0.4935877564009749
0.49071508713413986
1.50102531339558
0.5087248424965214
-1.5015929090563938
1.4991895396788026
0.51003102274236
-1.5108594520038958
-0.5054016519489287
-0.4932133538297683
0.4809729511294129
-0.493655279248632
1.5049668426174803
0.4992044152674379
-1.496768134197897
0.48694439413953555
-0.48828479492479354
-0.5067151011822492
-0.49326833492923616
-1.4984586091674477
0.4924796456824427
-1.491695350302031
0.4917695344161343
-0.49080575303616214
-0.5023910975482616
-0.5040308552021192
-1.4967297907877246
1.4954497418394075
-1.487841743275739
0.5018219414012719
-1.5134761877159326
-1.499139678171954
-0.5084726998050988
-0.5005425839092704
0.4964880280433231
1.5143762915302117
0.5019246632648725
-1.5047941931711803
1.4944954234181507
0.5042817238210646
-1.5215114502747282
-0.5003768127273494
-0.49646319608590017
0.4822490449888661
-0.49851387227469146
1.5130397859495894
0.49410688799567165
-1.4932873754654212
0.4787524158858881
-0.4915208711181421
-0.5161661050912624
-0.48879204339037696
-1.499548394971784
1.4967469104072268
-1.4962876120058826
0.49301001202598804
-0.5095377933271035
-0.4943974131007916
-0.5016439235822208
-1.4957860526285618
1.4948466557241487
0.5109647419380466
0.4998457270198984
-1.508311150957299
-1.4966554245180188
-0.5063602661332688
-0.5093966598640643
0.49601936856933615
1.5230267620158042
-1.502951338119098
-1.4981796230901605
1.4952014977772672
0.5024314743669414
-1.5188267288098916
-0.49933430726903083
-0.4855364761155706
0.4889076565757469
0.4982600040529388
1.513619234165328
0.496987205012397
-1.4960803876572324
0.48838617006878976
-0.4856512959994531
-0.5177010273308545
-0.49831602366809963
-0.48958015121414206
1.4971170071049558
-1.4958995246049491
0.511446006027182
-0.5022447373844109
-0.5011726057749958
-0.4960773652527341
-1.483610022552958
-1.5052412957507022
0.5020589937583844
0.5007576447422187
-1.5038728249501676
-1.4870432588144693
-0.47962579932566196
-0.5032353030979695
0.49253539601618396
1.5155742742613802
-1.498433974633408
-1.4918617965641414
1.4991075089991692
0.4995673698928408
-1.508779598585139
-0.4977669227508744
-0.4740937591981504
0.4930765319664074
0.5002715283040654
1.5047174974946478
0.5057159764391664
-1.4871595854099757
0.49402684732831526
-0.48342902158073703
-0.5102201457600605
-1.5088648263992541
-0.4813551233169455
1.497185766630838
-1.5081085118372157
0.5050300082438471
-0.49145704266415524
-0.4989973184530244
-0.5049233616807136
1.525550429056201
-1.5048935579520333
0.498921834260338
0.5031313456452725
-1.502906912620895
-1.5003605690934079
-0.4835577392144522
-0.500953457680656
0.4937109674627796
1.5028098537841186
-1.4907423122458159
-1.5024109291597887
1.493731801490024
0.49998024157580645
-1.5031781686325576
-0.49492406268497463
-0.480679883061886
0.4884654026441456
0.5053629457706178
1.4987669686057015
0.5112835465581957
-1.4971155951600479
0.48117861757764907
-0.49087785046034504
-0.5025165306326159
-1.5052860621665187
-0.4876118229379864
1.4988709417116637
-1.508952374474066
0.5035240726854179
-0.4926306529546835
-0.4975130513362597
-1.5146872671572877
1.5181950917636788
-1.5016200261201953
0.491104290498945
0.5066824450058844
-1.5058467014237418
-1.5097708584983
-0.4932745920981537
1.4887403565703092
0.4977415942382757
1.5065483445288046
-1.5049303126954638
-1.4959773002008665
1.479157906427517
0.5079938934505257
-1.510105338685556
1.5052270297067352
-0.4955793028071385
0.4865480450262161
0.49194649579943994
1.5086605730171143
0.49327342854405654
-1.4951169216175573
0.4768018647337851
1.5016852332476396
-0.5056554981209723
-1.4911725688615718
-0.501504941140235
1.5090197044110838
-1.5207561826302016
0.5145132982628432
-0.5039740504632351
0.4999343327905216
-1.5108666212789867
1.503954392744087
-1.491015662750119
0.4987587339632442
0.5008916671807172
-1.5023417804176056
-1.5121870146391292
-1.4907914111974885
1.4795470184985293
0.5027540835844536
1.5002427159607592
-1.50133088175066
-1.4821787955604542
1.4846519498179185
0.5077991077474387
1.4793710642595284
1.5025274921130694
-0.49592784693601794
0.4786515252194935
0.50368609300681
1.4960983668051442
0.5009017636635209
-1.4916510799581792
1.4876182534458207
1.5048070898515522
-0.5122070161698746
-1.5018064834651128
-0.4967866997264793
1.5057539857278812
-1.5067526917528065
0.5214801933708817
0.48952111098758994
0.4967170873288405
-1.497490978701717
1.5001361766005938
-1.4875033198809269
0.49110157710164326
0.5014014644318611
-1.49672247618414
-0.5048421064087689
-1.4780378201399675
1.4819906503689395
0.5104628710102752
1.5021311507777217
-1.5050421852029248
-1.4787309928662664
1.4955834293152641
-1.497228508072463
1.479911259331792
1.502574868883855
-0.4936971597005002
0.4898879507488446
0.5105606109774982
1.489133957349253
0.5009455138234342
0.5125294254932269
1.4988193973403623
1.5125303460226012
-0.5051647579759853
-1.4986011505563785
-0.5051116930959951
1.5108177205219113
-1.5068527980831763
-0.4812973594255365
0.4971493688498402
0.49766431667189814
-1.4996785800043373
1.513196826681646
-1.486321568076125
0.49698851474653577
0.49614763907943943
-1.4953077926072296
-0.4991249447353248
-1.4757343953392925
1.4943376324354993
0.512807820594795
1.4979301800746665
-1.5065963340278619
-1.4905467297210035
0.4960134749678969
-1.4989840702669546
1.4883618149308595
1.5120022827223987
-0.4906672806769395
0.49532754037378907
0.5062457879721501
1.491494241859619
-1.5010888157439466
0.5110473412645895
1.498715076665925
1.49226680526785
-0.49815785746441504
-1.4956220234816886
-0.5120221107974171
1.5045699249885258
1.4812335829235515
-0.4898070887473283
0.5089537948311323
0.5028767833644098
-1.4996507328107165
1.4937542071035068
-1.4888862213846605
0.49629744143945326
0.49519068103422637
-1.4996066100645637
-0.5013829450448836
-1.4941743800435532
1.496170278567586
0.5121971263049614
1.5011689396740489
-1.5104700001660116
-1.5000359708665334
0.4840807647889935
-1.4974293658909934
1.494926966794654
1.5221986158356196
-0.500584651849913
0.48594544325735933
0.49872957085559294
0.49797129977996263
-1.502190833554996
0.5031121748915196
1.496593018257465
1.4842237741378923
-0.49746590413218345
-1.4937944766650308
-0.5100482086213942
-1.500676904175163
1.472995995840145
-0.4930397642720158
0.5075502443730121
0.5036569780747476
-1.4920555972629863
1.481007959092231
-1.492799421160666
0.48819106703170456
0.499027021174906
-1.5011319266447507
-0.5100163018262938
-1.494144437920837
1.487903093780682
0.5089169685883013
1.5053250636540894
-0.5103692423704355
-1.4940631657769745
0.47360147119616014
-1.4865478602508058
1.4891045691491498
1.5228146430575555
-0.49802607047420405
0.48125872960136284
-1.5039815304865771
0.4978874560030353
-1.4982537672396388
0.49959152234732374
1.5035672350202978
1.4958475856305153
-0.5032435428988192
-1.4933160920129473
1.4958671488358157
-1.4976329117458254
1.4838328678343127
-0.5003442529510597
0.5053472956936527
0.4911254064853396
-1.4757918913586225
1.4819827712439002
0.5128530546050892
0.4834619992326003
0.4971094516308037
-1.4766179796602146
-0.5065789892640862
-1.4928116552011121
1.491617613031272
0.5032156895992904
-1.495627985833355
-0.506867681061272
-1.4797143179057242
0.47351502868447487
-1.494744972070417
1.5066641145727124
1.513268529601344
-0.4908384413788144
1.4881005518617962
-1.497866592760304
0.4961441320087971
-1.496371375398223
0.5037208618362202
1.5027925132230309
1.5004519828692457
-0.5016768158131791
0.504077152750716
1.497656596966344
-1.4928934770366145
1.4997850186751325
-0.4989634376460581
0.5029433745458572
0.4813335971532181
-1.4710646958107358
-0.5102272989471243
0.5206373546413553
0.4877875953782194
0.5048731690586274
-1.4835322802289908
-0.5046402699104736
-1.4927731815478975
1.4943553040734008
-0.4957057887832826
-1.5006553362542223
-0.50404701737795
-1.4792548492734774
0.48441299866064563
-1.486636862165643
1.4966164786481742
1.4999521796673738
-0.4883354025308926
1.4974322359028378
-1.4915460603294939
0.4936819154543946
-1.5004594070456911
0.49527465230809126
1.5036028093991183
1.5021829375043168
-0.4977501135412748
0.5013654146245136
1.4922944767290922
-1.4908453126005745
1.5069983213586038
-0.4925736209655537
0.5020979063168245
0.47694441261879544
-1.481221279246154
-0.5055791351520821
0.5186219256277187
0.4969073311150191
0.5020166228608803
-1.4936763466560408
-0.5023973997240623
-1.4936125450322169
0.49664569199974357
-0.4906868258257366
-1.5075312927510267
-0.4955297977948975
-1.488728112373674
0.493525759258424
-1.4815223814653231
1.4913537891113846
-1.504264400299194
-0.493923704981986
1.4964432538115104
-1.4941621067196065
0.4953572847468834
-1.504093112647793
0.4940467507931945
1.4997378776193926
1.5017535463986456
-0.49710210408424715
0.5032453721626517
1.4933185137335896
-1.498007356728156
1.4967834476274964
-0.4899193395428512
0.4969743826610809
0.48611602831528017
-1.4926628470309236
-0.5107033135858698
0.5113879375204845
0.49864555550774564
0.500863723661463
-1.4980823269638774
-0.49889834998408483
-1.4969159688016132
0.49418231870349866
-0.4892892670952189
-1.5038994243446921
-0.4898359545149171
-1.497055259615253
0.48880553875726657
-1.4848744904290803
0.49680020883820847
-1.4940436859616653
-0.5022031085732264
1.493756013922491
-1.5012184594918652
0.5004516880736546
-1.4991518390815295
0.498423363560332
-0.5024510989780291
1.4986141659604757
-0.5018789664535168
0.5123893759933155
1.4958914148177096
-1.4967713001784935
1.4852474304880503
-0.4967004623939351
-0.5051459140937345
0.49573959072523704
-1.4891709566296245
-0.5138002154180251
0.5049249974605983
0.4991473401912413
0.4997301209905751
-1.4883895971478154
-0.4991578894833659
-1.4983023759107899
0.49316924431456605
-0.49231042255067614
-1.4968245064563164
-0.48657087955969397
-1.4984284311443445
0.48164202795951067
-0.4935589349914187
0.5045442063260109
-1.4845586965574202
-0.49984571308553943
1.4958193865382665
-1.502564759211487
0.5011905862525385
-1.4881916438533582
-0.502656612102999
-0.5005974606429243
1.4983684827574715
-0.5016744059618978
0.5158933813855499
1.4939969470311967
-1.4872899103387156
1.4868199180492265
-0.5027808470005292
-0.5019769799082585
0.4929563073677224
-1.4781239400844348
-0.5110799293862839
0.511856391027518
0.4988616066888644
0.49591533427185563
-1.4787310161586489
-0.503014276255832
-1.4956446802581724
0.49335585918908237
-0.49862287710037706
-1.4953116766610075
-0.4911326573902133
-1.4893287235827821
0.4818184880721246
-0.495844509840253
0.504545495684268
-1.4880036977370688
-0.49204544677759826
1.5024841208017263
-1.5009572049743165
0.5005506808165298
-1.4876333816616651
-0.5075694087088621
-0.4982054020053716
1.5020619069658174
-0.5026756104297632
0.5113418672780666
1.4879320032949883
-1.4794634169154974
0.4963467572024202
-0.5005512250023852
-0.49851888371635716
0.48501060441633975
-1.4722038919691696
-0.5081851258940023
0.5169350157032859
0.49840843200318424
-0.5067890727022366
-1.4823943486820705
-0.5032641794454139
-1.5011832771121962
0.4969237303383779
-0.5022877020129157
-1.49683642204672
-0.5020190492677756
-0.4822455019577189
0.48904624947451586
-0.49188489397007756
0.5123712099749422
-1.5026118946686902
-0.4938636876043771
1.506140191781993
-1.5032235318830942
-1.4997881217019065
-1.4987066592491607
-0.504075326902857
-0.5095373328913119
1.5072807823747498
-0.4883943750668535
0.5004308108824075
1.4899280939963606
1.5147143780280254
0.5006177488808045
-0.4927819364056844
-0.5002661918889006
0.48847187600844094
-1.4943933561277662
-0.503390604191938
0.5136050057236357
0.49747177770947143
-0.5047176161247359
-1.4955483016393114
-0.4877586360698132
-1.4994302517303824
0.49938793053933594
-0.49561661278025887
-1.501408913469484
-1.5040973893828224
-0.4873076698615044
0.4962493577148726
-0.49830732338762584
0.5032637986656827
-1.4956915575855871
-0.4966222613168572
1.5006139620497239
0.49369530785038435
-1.4996910027018238
-1.509150362364607
-0.48682894187753023
-0.5041730034991421
1.4970562760344601
-0.4900863097600086
0.5011641184496641
-0.5028603405121108
1.503589065952133
0.4920422753668276
-0.49081787567774043
-0.5153657551331037
0.5140710312982847
-1.5024321671300866
-0.5016087392641864
-0.49489275644793834
0.49699405905797067
-0.501576354247174
-1.5004197275305908
-0.4857737913353929
-1.500289022745878
0.48987532310181003
-0.48771834179956264
-1.50333685188044
-1.4942316630911783
-0.49807590936933077
0.4925015677526726
-0.5029010251082237
0.5003764262626462
-1.4852086049403461
-0.4997594731200812
0.4956811416006839
0.49436205679996864
-1.502955229816201
-1.4881792279077515
-0.49297339662041284
-0.5092771810507583
1.492529296037165
-0.49854644495605877
-1.4906048417447004
-0.5007549996055348
1.5062031764177757
0.4737428041032085
-0.4934049259264893
-0.5042936964099072
0.5101944105827216
-1.5050943055511599
1.4994097160441127
-0.4960968897241018
0.4998300698332594
-0.49888323974862575
-1.4928210778871533
-0.5104103093502579
-1.496290730991409
0.4877647682580332
0.5105423304642586
-1.5007033488452863
-1.487587948882871
-0.49760313846242427
0.4901222481513701
-0.5017891197213356
0.5042155382659679
-1.4857339017617393
-1.5020652471161557
0.49792707096371736
0.49957221745079256
-1.5033016568024424
-1.4759452808045601
-0.4994188149486966
-0.5158935332569585
1.4950162321037828
0.5018696110598703
-1.4871175385699023
-0.506212025430724
1.5137672621641822
0.4844560096714672
-0.49260167502490504
-0.4912921248596244
0.4984874724768595
-1.503349007179148
1.4985645294597978
-0.4887096825563076
0.4981329968889251
-0.5052813154283557
-1.4809939036673085
-0.5125959261352515
-1.4909760649179205
0.49505210895574314
0.5008914678776217
-1.496449218377434
-1.493529752053143
-0.4813018260905582
0.4919705528390611
-0.5025207954640039
0.5163597325044129
-1.4965997450692083
-1.4994284986950555
0.5046663176103646
0.5011567340292266
-1.5076204643249664
-1.4821635266103237
-0.4933659780818276
-0.5116863689569731
1.4996052576532164
0.5098263226405074
-1.4930025847045663
-0.512368113822088
1.5238504326813909
0.4936294586096993
-0.4935719186583709
-0.4896464366108108
0.4916081602246731
-1.4987693925329888
1.4971801401577376
-0.48237004340656436
0.4970804405557808
-0.5172145349039242
-1.472851693117552
-0.506572214031479
-1.4879976749153696
0.5015057497934894
0.4988434878681259
-1.503514620444791
-1.5037390756737747
-0.4754398975046716
0.49583229713155286
-0.507557209152592
1.5206410780249926
-1.5028312135684585
-1.494187437699608
0.5022894538503718
0.5011504033622134
-1.5190696093945357
-1.4966063219359178
-0.4863998514293441
0.4962197444370344
1.5001682408705248
0.5153407532659631
-1.500499511411952
-0.509391813313756
1.515451862971481
0.49121573384725575
-0.49641681422958517
-0.5004299040820483
0.499139955504387
-1.499519829300837
1.504053364907855
-0.4873722031414583
0.5003565293727348
-0.5186176804314567
-1.4825871332730656
-1.5008786798351068
-1.4917571615119047
0.501372256243792
0.49255487740441933
-1.5025998443291604
-1.4996293793985935
-0.48919799009311454
0.4985854598411228
1.4899234346612453
1.511384646083382
-1.4916016251510567
-1.5095273057020462
0.504135190078617
0.4818148441899907
-1.5087840071606615
-1.5001995943890614
1.5114790533631597
0.49707517220013697
1.5003609790954475
0.4957084055435938
-1.4908964898104482
-0.51666633757855
1.5082249094116473
0.4802854685329295
1.5018529481826326
-0.5084440525581908
0.514696105616663
-1.5078836383425458
1.5130239171708129
-0.5104748978896688
0.509581508163652
-0.5070211108694938
0.5031884337517885
-1.50260017710665
-1.4980477241977987
0.5030548532657139
0.5017327401467511
-1.505055026547532
-1.4844039514446854
-0.5029100141717087
-0.5044851619018507
1.4934026176463553
1.500575035771976
-1.4762012875427928
-1.5054515551819243
0.5070126984085344
0.48074348147186197
-1.5022514061402532
-1.4862950984695973
1.5030407019138183
0.49158407340498433
1.491471212487159
0.499824606832235
-1.48149195954806
-0.503919127474558
1.5029060535241177
1.476945919089225
1.5040088440318846
-0.4987192108582847
0.5057422609698625
-1.5052476186180102
1.5030922893368066
-0.4989721295136679
0.507412006857162
1.5009329119343313
0.5040009004221538
-1.5080013224395332
-1.500532267549436
0.5055590874067701
0.49877517062130716
-1.4999087454052977
-1.478995922228934
0.49995052665375556
-0.5076449945168029
1.4996547771559674
1.5064075440330027
-1.4830714163441698
-1.5061304871672465
0.5075595508170413
0.49289985416071413
-0.5042486494677628
-1.4735453049224625
1.4946447351273482
0.509466769846764
1.4945693381930474
0.5063990893211037
-1.4883449093014378
-0.5073728212495281
-1.4897900575107446
1.486062462778638
1.5059110043894455
-0.48684257691250415
0.49493175466005046
-1.489179326544307
1.497037185495774
-0.48976339045144157
0.5003964616639806
1.4944630377905996
0.5201684849085692
-1.505502688615358
-1.4931595412986798
0.5013680718698103
0.49907647570594743
-1.5088475938868728
-0.4878467161704694
0.5160220955292124
-0.508830400234776
1.5000699539045506
1.5127851876423506
-1.4908978626650844
-1.509054723842651
0.5062123768685765
-0.5010954281238534
-0.5122218813610311
-1.4810434506252832
1.506836271315144
0.5061484922032438
1.5003115761654076
0.4969088650035265
-1.496588863837573
-1.5221734422712776
-1.4793924960458888
1.4980670605107425
1.490285252122205
-0.4863805772471977
0.48887302582805336
-1.4987192000853242
1.4971734930826741
1.5060900461527835
0.49916971867190685
1.4865885787000985
0.5137613120843015
-1.5018105620005455
-1.5128471693822112
0.5038234284341727
0.48630567772017497
0.48406516530893573
-0.4988329588646413
0.5193781616610462
-0.5054000748449609
1.497101119123434
1.4972753618430028
-1.4948453023664658
-1.5172773017876036
-1.4951012697310277
-0.5091294428944786
-0.509442073956714
-1.5011882926628215
1.5184148429306177
0.500853630105389
1.4974656217982258
0.48551962860332737
1.5070959020970538
-1.5281736538315114
-1.481571330693706
1.4910163280593143
1.4939596301557336
-0.49840856467344274
0.49567711679378507
-1.5053468244712678
0.4959293389338721
1.4943823586553655
0.5032751010255607
1.498256665405081
0.5118142152408784
-1.5076061738763242
-1.5172675100164204
0.507167609850622
-0.5210413760303771
0.48833870939827867
-0.49669781543031083
0.5112123860311991
-0.5028028703197667
1.511144521323253
1.4955692593848606
-1.4917445175900457
-1.5190825973641322
-1.4943604552031815
-0.5185531884845532
-0.5043234070798613
-1.5041608691984596
1.5162867871502412
0.5010797501326734
1.4944697565104905
1.4853934333278584
1.5166041240453263
-1.5126364256782387
-1.496513609297678
1.489671636162302
1.4987076234309213
-0.501304916807948
0.5054134810410954
1.4983556279310242
0.49718923640549506
1.4916315051380036
0.5106193344821318
1.5015070608405423
0.497025979348632
-1.4990374729402056
-1.511782594481201
0.5098008998774997
-0.513459475267908
0.498690643245563
-0.4854612294001893
0.498761128186886
-0.4916551465339135
1.5034387934710405
1.4969609227897913
-0.48264278072236394
-1.5114360128876878
-1.4968227770279163
-0.5044898524536936
-0.5004164915339595
-1.5021931526471854
1.5069291601618506
0.5145739706602557
-0.5066264589401712
1.497519614816808
1.5172524561041996
-1.498648385664081
-1.5137946742274062
1.5076148382650754
1.4976707317349505
-0.507761089220918
-0.49186722699410296
1.5070495335748586
0.4990288455932087
1.5001265141579325
0.506297528967843
1.5029139528135078
0.48130235891258516
-1.4876874621174414
-0.5037591963001257
0.5097489731369764
-0.5047971861514045
0.5076405101270708
-0.4944935346885937
0.4976331520249918
-0.49104591030593264
1.497484702876952
-1.503497746881665
-0.48020555977159346
-1.504456215950171
-1.5002507197597756
-0.5028542278905231
-0.500329282779974
-1.5144698665149126
1.4993237650218654
1.5231604046510334
-0.5039323004454365
1.5091655569018216
1.500487927954249
-1.4970915453234304
-1.5254242832074787
1.5104626916108366
1.4876770820570417
1.4924273058036546
-0.4985739135158698
1.5129340477115463
0.48835805318623826
1.5062989736588204
0.48487791654608864
1.5067325359795931
0.47601476688236466
0.5148757337136218
-0.5054872711078573
0.5035287040696873
-0.5031841481037399
0.5118983225977075
-0.5133229514380651
0.5054025972511356
-0.5030876323360975
-0.4984635144690639
-1.5043071444666731
-0.49148741548713465
-1.4897671794342755
-1.510069342737793
-0.4960948236517474
-0.5022712002290473
-1.5141390725618813
-1.4942984454598554
1.5130313785587126
-0.5012858137881195
1.4990026989700798
1.5003576024547676
-1.4886320641839927
-1.5233390032982408
1.5080440811212716
1.4784238729805586
1.4989013790190517
-0.5033821920542049
1.50295896095633
0.4971914770454284
1.4967357080267023
0.49368532951664346
1.511943659242143
1.487284895271856
0.5048008073275239
-0.5112389437542292
0.49747615277411456
-0.5028941609289371
0.5069273526737567
-0.5030878070690509
0.5142618166999545
0.48937963128709255
-0.49067645266283955
-1.5031665123692681
-0.5014590855753516
-1.485826184021936
-1.5122114658156636
-0.4850147103208405
-0.4978499208316227
-0.5052535802925844
-1.4832985239275847
1.4971350344955145
-0.4928181918111671
1.492410809795354
1.4979557970768387
-1.481238149842987
-1.5088346305881217
-0.4941778184701955
1.4825831801623268
1.4970910290041866
-0.47673706014742345
1.4974459722938236
0.5070676851761747
1.4970366654476306
0.49810166440989445
-1.4849017553301613
1.4988245319779345
0.49808907405313907
-0.5151763131919033
0.4986044389231776
-0.48425029493811284
0.5033406958191995
-0.4929051678652226
1.5146530509624383
0.49673161173837393
-0.4858087528379881
-1.5013972807049234
-0.49508373022542645
-1.4993407136088677
-1.503577700243271
-0.48356003772297074
1.5026067368093445
-0.5006427981118553
-1.4769563126351835
1.4937036355090205
-0.4847894624434999
1.4955472583982237
1.4980054696470682
-1.4813596899885457
1.4917912144567687
-0.49265464084337046
1.4970463123153896
1.4932214839838196
-0.46754404040441844
1.49052129562197
0.5087671492603388
1.5023842912640948
1.4912303606222155
-1.4884162827895
1.497472700130919
0.4934597163192235
-0.5002849156109134
0.500896811404797
-0.4857759531665332
0.497012022149689
1.5037928351142478
1.5069029531530211
0.5124521217970625
-0.5119223690689537
-1.5005697054589051
-0.5011662497084319
-1.495572283047417
-1.504104508067315
1.5071050170117195
1.499346032644559
-0.5000038218103344
-1.5066935122479508
1.5086714428722745
-0.5091524192474868
1.5015098349899054
1.4940834469504705
1.512042783867808
1.4788786226074073
-0.4897851440277581
1.4998970343988018
1.4829339429733817
-0.49375020033442224
1.48786755996638
0.5019216332081071
0.5007359507688834
1.4840378946015609
-1.49466102789938
1.4978252928412774
0.48954359670726777
-0.49627624305668955
0.48785412082156154
-0.4933829264799627
-0.5088772380910239
1.4920508906297747
1.5019650806120077
0.5123222421309801
-0.5125786129151739
-1.5015360843941004
-0.5152813549053683
-1.4959191662736362
-1.51186385454605
1.5003450316869387
1.494418761378731
-0.49962717888110614
-1.5010301340393086
1.502292087632459
-0.5072556483570227
1.4877204227926568
0.4943300873204133
1.5077563752161882
1.467113871159888
-0.484708133024635
1.4968223257785558
1.4859777233448903
-0.4919002675816525
1.4762260689850133
-0.4996317731622962
0.4943331039070326
1.4843284334125553
-1.4945753990507813
1.493173424953844
0.4994595850681688
-0.4983357485536238
0.4773646339035078
-0.494759374322074
-0.5065659498143449
1.487532910775975
1.503320679508905
0.503117084086891
-0.4996329239679365
-1.5051710021668865
-0.5140466316117098
-1.4960911800418153
-1.5152170458240815
1.503016052937356
1.5025231594747448
-0.5034968476322913
-1.4967972317413272
1.494175358500889
-0.4970817384106665
0.47820028346320104
0.4984456405454037
1.5079058659923095
1.4902012652983798
-0.4946441316022688
1.4970790128355005
1.4895989546538624
-0.48861095605644383
-0.522716985488777
-0.4940074233257307
0.4879630009878199
1.503959074804371
-1.4973622193218745
1.5081886975050307
0.49864122514989917
-0.5060187331185928
-1.5176828741849928
-0.48873900923179264
-0.49809039997014753
1.4962860059639524
1.5108195371984858
0.5054535280651825
-0.4977069413899577
-1.505577480461541
0.49931628681387147
-1.4961096289392133
-1.5105326513944914
1.5084370593807939
1.5070482096479882
-0.5015231889536711
-1.4961949341585548
1.4924186235864594
-1.4932603651900003
0.4856629386139918
0.5036102426808697
1.5022878958681434
1.4985045576708789
-0.49935650270755927
1.490744549304093
1.497020908284467
1.509790546661835
-0.5103342236952905
-0.48452993836676667
0.4792298997155356
1.504674188490483
-1.5066149281466767
1.507027140791863
0.49862225060616777
1.4894190487360095
-1.503211871479902
-0.4788490039250169
-0.509713033933837
1.502125355799216
1.5007190673119508
0.5044555321211459
-0.5046343955607141
0.49822268957345794
0.5059379951634735
-1.499383723087971
-1.5004716326668381
1.5143946119934373
1.4925721567980255
-0.5032478326752726
-1.501329733852727
-1.5008798267144505
-1.5004382228760562
0.4985337163241689
0.5131154154567154
1.495001374965779
1.499248098699137
-0.49370350362295135
1.4912943639322767
0.49695441832131604
1.50408761968802
-0.504255573415447
-0.4848523187090534
0.4912590922166489
1.5105984089254052
-1.5113029204688024
1.504242498468834
-0.5050928638050417
1.4939029043453078
-1.4994777446144032
-0.4795285269643001
-0.5048992596747605
1.4996521943941257
1.501544727339868
0.5157589492484665
-0.5141896403151772
0.5002815744639857
0.49889601728974614
-1.4991939009486859
-1.487562153686303
1.5158148521338546
1.4982542214336778
-0.5044259076784653
-0.5029453823785462
-1.4949868923719092
-1.5127032228116903
0.5014789300379192
0.5106571068459889
1.4958240468280226
1.5045707803852661
-0.4825451994389336
-0.502073578646467
0.4879891558205949
1.4984939228954706
-0.4983711043202314
-0.48751537652362187
0.49512878042547565
1.5111532894712265
-1.5086464528356704
-1.4916147484625195
-0.507259929774736
1.5023757072554078
-1.5205750208767324
-0.48829417064187186
-0.49734788805976327
1.5026662717251622
1.4956678021211147
1.5279599390727066
-0.5134926757219812
0.5008758970372702
0.48433588555190116
-1.499367927385499
-1.5000427127611393
1.5117927361020345
1.4998930122797391
0.5002239158064241
-0.4994956390076269
-1.4993168305894602
-1.5105803015098918
0.4921083763809646
0.5012591653187844
1.4979704430944532
1.511354943268901
-1.4864294410991787
-0.49927956648604155
0.4874969390542581
1.4997647989536438
-0.4996449444068894
-0.4905290984044161
0.48534373439068906
1.5083448679211868
0.4967994239023925
-1.486970607413778
-0.506773956935689
1.5052439911475757
-1.5237125077214035
-0.4958139083985158
-0.49365482765209184
1.5044167651334288
-0.5106122476535516
1.5235772572499233
-0.5084884368409064
0.5231311075730105
0.4877541698624752
-1.4997112650303424
-1.5073192629710035
1.503068504385281
-1.5041401602920792
0.5034856127330631
-0.4955625682533971
-1.4998259241789718
-1.5039984517708465
0.5151569381648514
0.4992066340735007
1.4950395854068539
1.5111825856661758
-1.4999460235630635
-0.5040260649713312
0.5031080459490819
1.5018772321635332
-0.4975733177479709
-0.49511118079102856
0.4837138149208395
1.5027854067276707
0.4960730228269139
-1.4879993001935221
-0.5029679077457109
1.5053821306161006
-1.503790191915358
-0.49369716333132624
-0.4966261184385788
1.4978989681440265
-0.5078732042230834
1.5082231700438973
-0.5001894097531399
0.5139011648504104
0.49451216458808206
-1.4929462632694532
-1.5086721471205446
0.5048970233044004
-1.5092244214633432
0.4963465183769501
-0.47464136011865554
-1.5055661155287234
-1.4896676183157322
0.5135597400434317
0.4993979161231127
-1.5075561464148814
1.504462343370084
-1.5050228239985157
-0.505267177738905
0.4975490760755149
1.513819281525492
-0.5005242487730701
-0.4902988387112325
0.49164790368261957
1.502180068955599
0.488581052625677
-1.479860116554809
-0.5066757770426988
1.5076051053347455
-1.5038077029782186
-0.49319250653137514
-1.5004833453560724
1.4919077061044068
-0.49680061393575453
1.5019942803127333
-0.5017417266168513
0.516435949872752
0.4878074874033035
-1.4840691446007228
0.49537786855695765
0.5141288655666962
-1.509860872740328
0.49323002866902904
-0.4792449974966587
-1.5084579829561688
-1.4873481412006049
0.5072057613066975
-1.505362256813449
-1.5067159177855876
1.5017117284664327
-1.4971949900626194
-0.5039840762070811
0.49024476505681114
1.5024252688396982
-0.5036528539538813
0.5173558590087926
0.4986006973608874
1.5079214064738777
0.48915034428240595
-1.4928434689672556
-0.514539237356611
1.5096528479170586
-1.5171739813925043
-0.4960579019882195
-1.4995669550053567
1.4967934472132451
-0.501132176083015
1.5086298556157014
-0.5073555724865471
0.5062377932962954
0.47880494393767786
-0.4857226853658053
0.49868652472231895
0.5174457313571544
-1.5032656414067698
0.5004418427685736
-0.49841466883203533
-1.5112654719673952
-1.4991394605110149
-0.4970545218475267
-1.5075536569063943
-1.504598734094849
1.5134668770986104
-1.4956967550288525
-0.49941480564053603
0.4915534988534232
1.495523142452177
-1.5084439442397808
0.5159891719825355
0.5002986121953626
1.4883388115855498
0.49845889001878874
-1.4920353296831321
-0.5238267070863413
1.5065255241083948
1.4739832310450047
-0.4979597777329967
-1.4948075977280655
1.5033515545912095
-0.49853368607077314
1.4888435958022188
-0.5015733082651014
0.5098900216594974
0.47785661386468375
-0.49527639906876375
0.49771198972212505
0.5022217511178029
-1.4994241691895922
0.5106943362442329
-0.4964554247829677
-1.5171193684537063
-1.5060716651254802
-0.49384602154273977
-1.5067560506356414
-1.5030962748430654
1.5219140831146174
-1.506606132260338
-0.4977236934747217
0.5025235240072377
0.5008448300568844
-1.5082243880793929
0.5059512495143225
0.4998430266569035
1.4852021148236458
0.49965672119881627
-1.4797809386417549
-0.5184448461655309
-0.49538269450903877
1.4818006745943526
-0.5000691398381624
-1.479577364541505
1.5018788607381341
-0.495605573798458
1.4860223621377497
-0.5017837461400124
-1.4776873472250898
0.4853232118240245
-0.4936005854913695
0.4778368982401196
0.5038995004541709
-1.4915254819007775
0.5071414387788427
-0.4836644963486151
1.4836014990595503
-1.4983643247653244
-0.4852018196823432
-1.5018091289626967
-1.497754655867665
1.499728694395351
-1.4981372092184395
-0.498109729174845
1.5057508316111068
0.5101887051746565
-1.4995974734333475
0.4996878131828661
0.5083277621908501
1.4935335628773627
0.49711115829013874
-1.4719301547268013
1.4918565812372726
-0.4935937032048177
1.498915271531524
-0.5023324130303168
-1.473424904217253
1.4900865040358944
-0.4873972046079071
1.4929168533965795
1.4970178461458479
-1.4741422964883852
0.4936472629693473
-0.4989422303224044
0.4942941786748629
0.5086594674819639
-1.4873696578490943
0.4958837483919982
1.5212271484583288
1.4904162219555257
-1.4830044080696658
-0.5051401542674074
-1.5005949294204395
-1.5087469463109326
1.505550914585105
-1.489299007207334
1.500244855542287
1.4968101130646159
0.5159444000129464
-1.5138082028845496
0.5132063968784562
0.4945273956215481
1.4980788888891758
0.4984692654615858
0.519655806746008
1.4940410008655618
-0.4936566167464506
1.5022426732510625
-0.5120439298437488
-1.4960560398060814
1.4878481315764736
-0.4830293977040312
-1.5044129326389137
1.4973046271185946
-1.4831776488460189
0.4943552456115264
-0.5024924757134189
0.5004143576474902
0.49959395676232005
-1.493377542327023
1.4899668174636347
1.5122782236373153
1.4981097176722322
-1.502994142440025
-0.502443567803758
-1.5133166668542768
-1.514447983626511
1.5017895182690344
0.5123326237088264
1.5000803387365749
1.4858436169766842
0.5105656197529795
-1.5040595183758307
0.48885338300522885
0.5026962740855094
1.4832001498867091
-0.4965870898503618
0.5057542458310308
1.4822730843943224
-0.4951490650088736
1.500660134288123
-0.5136352906037203
-1.4931610016559274
1.4791616739484634
-1.4857377969092498
-1.508997588381947
1.5003827047762548
-1.4954156150659839
0.4831001666664325
-0.5025005146529458
0.5023999289607004
0.4888370782375196
0.5031826316442012
1.496755868268936
1.4985546569266748
1.4971915134657672
-1.50446965748573
-0.49667931567558476
-1.5202798154117718
-1.5093518247267088
-0.5030747121735566
0.5058978008636357
1.4952055202421823
1.5164180667205447
0.49326413757909005
-1.4982551261246146
0.4842680164079416
0.5057774866860154
-1.5250589724933261
-0.4959359789974207
0.5041238580761516
1.488635435515327
-0.5009041601967043
1.5266537104403886
-0.5198636288603085
-1.4850185320066818
0.4796169708204422
-1.4917674573196462
-1.5195179239992218
1.517766788281233
-1.5013307420227158
0.48778751883025906
-0.49824239674370274
0.5009770387300563
-1.513623502522284
0.5055892273260655
1.5115543040756738
1.4978186741741282
1.4987347971002318
-1.4864383241139894
-0.5001302845886624
-1.5153183275666988
1.5014629876919625
-0.5012963822671076
0.5000152327236824
1.4875077275391844
1.5247681230574552
0.49485952193597155
-1.4936887991269574
0.49252491312466007
0.5027509397403568
-1.5162676550791099
-0.5009449372005372
0.5228453074143119
1.4910159755877632
-0.5010647554000313
1.518483711576999
-0.5073955896676193
-1.4843142750470413
0.48932894712698327
-1.4931578008174087
-1.5183776928233124
1.5032398579129165
-1.488501868682362
0.49304434270861835
-0.4908993827389191
0.49718825138884576
-1.5033815979801306
0.5135120146022751
1.5077121799732451
1.4996188910697277
1.5013818392621643
-1.497534377296623
-0.5090546859867626
-0.5026473225646998
1.5027858035302057
-0.49839637874028525
0.5052139482656609
1.4883126069957993
1.5116202078084164
0.5001239662077046
-1.4951132217651182
-1.5019583252895476
0.4988335467236368
-1.5005874528434378
-0.5038897808015098
0.5190360757681192
1.4944946770568786
-0.49830723430042867
1.503634623521119
0.5011726215751712
-1.4927964575499142
0.49594467126951003
-1.4924327583312336
-1.5102624956050126
1.4973248619092783
-1.4919393050102947
0.4967749990992665
-0.49376640138453476
0.4965660383558841
-1.4952097373938817
0.5122135072142129
1.500397773961552
1.4916596013538392
1.5029517257738911
-1.5039877080163138
-0.514894728974773
-0.4997598290513026
1.4946790807486399
-0.4997329053832506
0.5185676441382217
1.493382002827994
1.5034212528846247
0.49409204513726906
-0.4953222342607644
-1.5061068503460064
0.49378797897032295
-1.4968603338045012
-0.5075342929119028
0.5055859888927675
1.4979625637151113
-0.49510596638753673
-1.4973382004870508
0.4926590155139449
-1.49881117668973
0.49405629632656733
-1.4843217561299547
-1.5024249733380117
1.4997000478344957
-1.4981735711672797
0.49435959423805553
-0.5023612954379719
0.5019160044975882
-1.5128068473743972
0.5071643894488114
1.4939210192984966
1.496041830217858
1.5003803290018218
-0.49675834094135807
-0.5097304144196013
-0.5139382262395268
1.5004828603732467
-0.5034442602318109
0.51611132097351
1.4964478688416418
1.5048944682351917
-1.5135646634343831
-0.49511950312507347
-1.512769343931918
0.49261112588769757
-1.5052626154931201
-0.49261526848184417
0.500486163816401
1.5029347607731303
0.5016465344372987
-1.4825847878989493
0.48088078139909823
-1.4959330813676566
0.48611298748570714
-1.4908105843099435
-1.4983371150087497
1.507408996403263
-0.49689405105239715
0.48796061264343804
-0.5076888103119428
0.5139358574356665
-1.5142948394512088
0.5055298704735774
1.4975259675376187
1.5007334730832773
-0.5021854902095425
-0.48535969556646585
-0.505906787122248
-0.49807654178758776
1.4930895164731643
-0.49830884312493806
0.5161787567823473
1.4926102443153506
-1.4850019316989562
-1.5134189605995487
-0.49612567754824366
-1.50012803960396
0.49436478706252324
-1.478906050774519
-0.5030670647972201
0.5076020836155596
0.5040122022785771
0.49646839539964605
-1.4791948716672194
0.5027609433118989
-1.5001677972741454
0.49663740618739505
-1.5005261268099497
-1.4945532739050889
-1.4939517302649097
-0.4910776111837937
0.4848234058106878
-0.4988320563446344
0.5119890705476361
-1.4887706361183295
0.4991530844975295
1.5042323874918386
0.5005760137933426
-0.5014113984625039
-0.4883612020430366
-0.5085001807616649
-0.500210934868176
1.5010852645682928
-0.4955932266732814
0.5100314916412002
-0.5098704191653661
-1.4812166633674275
-1.5067851320008843
-0.4907761202671646
-1.4986186669993442
0.490392800496401
-1.4774978795405436
-0.5063785124630216
-0.4856411177469071
0.5002961990998597
0.49652075182497246
-1.4822993109718918
0.49848999735168475
-1.4957375182833499
0.5001435945469784
-1.5069924533346652
-1.493853520752103
-1.5026250557423948
-0.4897787087408224
0.4986546558939886
-0.49548784074010976
0.509277331346304
-1.50296180913245
0.5028593574148384
0.5061537368107153
0.49468693157072413
-0.5010411640960107
-0.4964970360508761
-0.5093332193843076
-0.4930542842739347
1.5040819589978087
-0.4949824586201551
-1.4977172268997276
-0.5087713895783456
-1.486872859062484
-1.5087560424883613
-0.48753022132447066
-1.500268151084059
0.49100916922130855
-1.487981399715111
0.496711959619082
-0.4900356115282911
0.4998707122528846
0.4886031995370191
-1.4910332429692836
0.49529487133832345
-1.4902866921504287
0.49941323102957075
-0.5039828854806553
-1.4974677947475339
-1.508178454924683
-0.48933897079576183
0.49781058470887096
-0.5023378576069394
0.5049656547219223
-1.5078948646566483
-0.4937581987303192
0.5000571821000747
0.49018181762220303
-0.4986754200753237
-0.5028309021643529
-0.4962571463502684
-0.5014198178793717
1.5070025243535048
-1.4996029237070945
-1.4962283788019473
-0.5006935060155733
-1.4980905135835583
-1.5139835336197358
-0.49012460515212936
-1.5046209912080848
0.4995567257496015
1.502029920434286
0.5012695626772191
-0.49672775768141786
0.4939269886068392
0.5043470380309937
-1.5025608336273732
0.5042463640305199
-1.4930815540719586
1.492107215434941
-0.49520707613158177
-1.4978444402605664
-1.511025182753503
-0.49512302986956436
0.4852625590011973
-0.4950426036936768
0.5006220936605669
0.5031586508680357
-0.49581301361316443
0.4892289905186207
0.5127142240874019
-0.5027745559041514
-0.4949843593498508
-0.4956650086456197
-0.502777636354432
-1.4963508832046861
-1.502717921847533
-1.4881088069442363
-0.504506821872891
-1.5098042260898725
-1.497763192175434
-0.49967969979620436
-1.498612988994227
0.5015021211809779
1.506109875476083
0.5019524395221377
-0.49858118727875544
0.49494919836382717
0.5022523175088405
-1.5060792519818207
0.5087317770199543
-0.4979021676510015
1.4904307072788952
-0.4944721838157119
-1.4920166311928416
-1.5148166492686947
-0.49441178689580784
0.4814083006670358
-0.4944936532603573
-0.49577971600658804
0.5148149912425203
-0.5025933260747205
0.5023875297400786
0.5026242560613967
-0.4958998150097688
-0.4971653550388204
-0.5009694472400318
-1.4970291649971141
-1.5015225401731098
-1.4946640741786723
-1.503205419199338
-0.49900743572531286
-1.5039958458976947
-1.5055326952266401
-0.4961114366909282
1.5081449072037232
0.4958038416326243
1.5207637426786442
0.49616196367676024
-0.4963900744343664
0.47824730028084483
0.5039408173498136
-1.5049170626593116
1.506133886992088
-0.498433825646967
1.497505530261383
-0.5033120637925095
-1.4814352226972403
-1.513482057794146
-0.4939899930030218
0.48875861619574557
0.5001171338761404
-0.48846305950287133
0.5112994516556306
-0.5001077531785121
0.5081916699769934
0.4973721138873795
-0.48753985705225844
-0.5003395725930979
-0.5024481116648911
-1.492834109147914
-1.5034929838054243
-1.4813092610378311
-1.4991694015616286
-0.49041446813618234
-1.4996719082439023
-1.5016080718155644
-1.4904946645383539
1.5067458489785566
0.4953762497327627
1.5029908294514598
0.49699460170655374
-0.4844344640763585
0.49173794878646143
0.5006004900200729
1.4998679323563167
1.5000541356537591
-0.4931435980892365
1.5019923358845473
-0.49939044806793786
-1.5021749315429997
-1.503350188090571
-0.48863382700662206
0.49829686633965514
0.49678085021445856
-0.4886298132010782
0.49842170575885214
-0.49784526530491696
0.5077470409617967
0.5095022959839548
-0.48711353729045875
-1.5027018586942356
-0.4979642579510416
-1.4921391073644936
-1.508637118535115
-1.4835033937127056
-1.5033601928701341
-0.49382138660748537
-1.4975573326131033
1.5070528032248973
-1.4899722387827479
1.5014567706142323
0.48635782356229906
1.5081860077473144
0.48210828716618725
-0.47578732342429875
0.493630068468675
1.5015689876439153
1.5024625744819398
1.5001200130043262
-0.5034174548151747
1.5001520625282962
-0.5139430194144571
-1.496931865245747
-1.508620983551606
0.5157379083528615
0.4961816545635806
0.5001322430961391
-0.5007976566180675
0.5061922771078639
-0.5123037668971527
0.501485167188984
0.5094407785041649
-0.49402164756383177
-1.499677113477627
-0.4917026517509936
-1.4990871508037922
-1.5144731495222
-1.4969288384716024
-1.5004155725169654
-0.5026244318761027
-0.5006133820451915
1.508070269985665
-1.497010905024951
1.5015860884634917
0.4960095824948768
1.5046642337798857
0.4719813216630245
-0.48161213281612614
-0.5209809373988652
1.5067602662471706
1.4987213917042563
1.5093192528037658
-0.506384502818454
1.4957664846800112
-0.5156537766756523
-1.4963220258085517
-1.516143739340135
0.5127272508952925
0.4857113450790294
0.5075220127855252
-0.5029464838315723
0.5195937490263918
-0.5160491981141826
0.4971581553055851
0.4969863605541579
-0.4989574966381373
-1.4987177074565026
-0.49023500186259056
-1.498587845972727
-1.5147628719353416
-1.4951650799332186
-1.5018178767891002
-1.5063439795727793
-0.5049428481501641
1.5033663406637932
-1.5032444069308182
1.511218868774859
0.5058211737209954
1.5029319364828384
0.4763873662796633
1.5109607807018401
-0.5310174020255622
1.5105136059161213
1.483448010559976
1.515512959825307
-0.5030510931681125
1.501978662186685
-0.507306423313059
0.5004074581954746
-1.5153890685434084
0.5046685335878555
0.49051798034714683
0.5095333217234876
-0.5037738883681796
0.5202366018286368
-0.5053564975683968
-0.496981460312588
0.48962320421571665
-0.4938864599218282
-1.5097230849778696
-0.4981984522159227
-1.4874577812312402
-1.5100994902533442
-1.4829973483112384
-0.5050047314865638
-1.4992421938928018
-0.5080345940646667
1.506251324817249
-1.5058808501794705
1.5077690668841224
0.5002649216804935
1.4993265806388583
-1.5099098034898173
1.5122692533690123
-0.5215423022601461
1.5062178212924262
1.4761368459240896
1.5200665362383874
-0.505061575634765
1.510309029944594
0.4988233539573328
0.4985223387447189
-1.5084795512988145
0.5006784089023978
0.490542718420628
0.5000587489474738
-0.5020290368505705
0.5073367976719928
-1.4961102343930306
-0.4889975782769994
0.5002409113917203
-0.49826689726028145
-1.5110666914903248
-0.5014340389099265
-1.4979091681527743
-1.5065261399731145
0.5229222411399426
-0.504844419997063
-1.494928585629826
-0.48812429527196116
1.5035482723584819
-1.5175357840142079
1.5071030894450168
0.49037404824691083
-0.5017156292998923
-1.5060528236492956
1.5143353556721026
-0.500876839355555
1.4975466272628486
1.5027006909701144
1.5046293461787759
-0.5160618720366884
-1.4882701108944598
0.49348825287420434
0.5008546138146122
-1.5038953897973035
0.5105108273596368
0.4986119376274563
0.4910737858121803
-0.5020704692049213
1.502818018601513
-1.500258947192501
-0.4879309599119726
0.4960764816882164
-0.4969307521027311
-1.506425667272698
-0.48493196530925503
-1.5056048956134616
0.488607149372367
0.514205869994814
-0.5032522533630621
-1.4905079008738333
-0.490238805430569
1.4993269412499977
-1.5166593344843697
1.5055486260142446
-0.5077471307820194
-0.4990894081414998
-1.519709621356764
1.5232281540083283
-0.5031496407147111
1.5050119039588545
1.505217740675658
1.509073846916777
-1.5244042375927
-1.4949002780778817
0.48814120880692047
0.5004605935449762
-1.5166300476581684
0.5252500802762774
0.4993250410366654
0.49059226128134276
1.496831797723964
1.5127049731950275
-1.5083519947788084
-0.49996106047024796
0.49798979330624243
-0.502964695657619
-1.5058857288454304
-0.4719320839391423
1.498425537665795
0.4830668862945664
0.5039548287264387
-0.49642309932697926
-1.4989102823994505
-0.5038220445885437
1.5098736719846146
-1.5109467222735795
1.5076666098053741
-0.4968334136315728
-0.4990910523533703
-1.516244461616611
1.5099318128881962
-0.49644637985382506
1.5009689990468924
1.4968292716692129
0.5227972424099401
-1.518797030412916
-1.5045662182643513
0.502144426621564
0.4987438828308637
-1.5102238119612414
0.5132532126358239
0.5093524852420509
-1.5053624321195482
1.4968816805693892
1.526299438718947
-1.5149420452685445
-0.5140489343203769
0.510282781927576
-0.5028531920983486
-1.508362468121765
1.5203415504553923
1.5094542498694967
0.48839039543577456
0.501496155590819
-0.49506969853362126
-1.5099707551171362
-0.51375135631432
1.5169359782240188
1.4947648126114135
1.512245367730299
-0.4922372463335213
-0.495367128430104
-1.5198423270819044
1.5022706972591315
-0.4949973141691155
1.500126396631824
1.4859618153372036
0.5273042398596318
-1.5078592349918065
-1.4952367154497517
0.5021841456425057
0.49600851340260477
-1.5141093425136862
0.5022616485579776
0.5132239714602611
-1.5015332998991873
1.4993697311189642
1.5149826618118523
-1.5016462478778765
-0.51410257810221
0.507660354287612
-0.5089982831215614
-0.5071780343427215
1.5039540486299245
1.5061499196407464
0.5047680800202051
0.49821407125303413
-0.511072965055324
-1.49984320021007
-0.5155780387139719
-1.48560469464213
1.4926115435551195
1.5116110964599534
-0.4997431551273158
-0.5047552495482079
-1.5038174469138506
1.4946706406631587
-0.5023228944941904
1.5034822460616954
1.4886144032310942
0.5177043890055395
-1.5187902052455784
-1.4977837198152697
0.5031851069911422
0.4845625211671633
-1.5073649081555127
1.5043197723836346
0.5057424743071971
-1.5016738407180223
1.4906580491557209
1.5079659798132012
-1.5118659408782078
-0.5120055414878298
0.5063602273853979
0.4837055676449577
-0.5028040711783761
1.5007887361893288
1.4949360533711287
0.5038583911082717
0.4872492249660524
-0.5083628417336362
-1.4976369513816028
-0.5031703935264042
-1.4941892796881402
1.4838461750017915
1.5070396950109555
-0.5067216766863464
-0.513984712150763
-1.4993459650179817
1.4948923919842747
-1.505193452316064
1.5062639798849276
1.5045228264436383
0.504294234254618
-1.5260498392061062
-1.5008404429511515
0.5058894423035669
0.4811948063431536
1.50061531721313
1.5170857158636533
0.49743632399546434
-1.5106480664035908
1.4940286068192417
1.5032447953648986
-1.517322838143762
-0.5046433170278547
0.5063714716179787
0.48530043959042124
-0.5024015237523201
1.521379616111437
1.4866090647433483
0.50459796610664
0.4857038128455893
-0.4967765978507417
-1.5046770730711811
-0.4941583315709857
-1.496866581719709
1.4818223480960646
1.5052973507525
-0.49800527570162445
-0.5140725649295411
-1.4915798341616824
1.4978325745223806
-1.4989541327267717
1.5044444950877234
1.508106562096732
0.5018907754609409
-1.5222213681878807
-1.4974198009530204
0.5036388536667203
0.4905385864831981
1.4983732525606575
1.522564989795944
0.4999585082227121
-1.5117134835471508
1.4979324043700157
1.5051246156166966
-1.5139988978612866
-0.4996177596673766
0.5094417129471406
0.4932105468639336
-0.5054365934226756
1.5222778341523484
1.493974344732861
0.509017602075527
0.4919982652524152
-0.49041989949125575
-1.5116709840483606
-0.5010793827536733
-1.4898007308183459
1.486429423896209
1.5142453713943622
-0.5021402513098241
-0.5019898889320603
-1.4914166768281805
1.499914366296656
-1.4908890461897704
1.4932392265747347
1.5012276403631528
0.5027566991559075
-1.5101932468648174
-1.4887957729351897
1.4983131852861953
0.50023175322243
1.493245586284036
1.5057283454797752
0.5135921057910183
-1.5131976737404524
1.502675697771967
1.500737061751774
0.4977915109389708
-0.5036161502675406
0.5092506100800044
0.49718905573359123
-0.506372864088501
1.5046789054830145
1.5092484539039595
0.5113927838064263
-0.5030924242310997
-0.4980291796736547
-1.5088488947769207
-0.5074950573442631
-1.4840143482467092
1.4936868084923662
1.5196247143602282
-0.5039584882633342
-0.4947632161974709
-1.4991708620683768
1.4997899402339128
-1.5019657585035262
1.497595698738942
1.497921661749039
0.5062185229587192
-1.5067171896146945
-0.4871200498563591
1.4974473590834416
0.49121260030336633
1.5099246827209936
1.4971511994624682
0.5108457954073953
-1.502084453828341
1.5000691747607087
-1.5039458766173057
0.5010859469216322
-0.5095841594041023
0.5019838765160463
0.49420686799898755
-0.4841684165100299
1.4975710301914835
1.510456623426202
1.508205845058686
-0.5058745165181124
-0.5067766906405965
-1.5037060047864117
-0.5068316303996695
-1.4935722989724995
1.4999035642466185
1.5152297661272556
1.498315741234118
-0.5024845223223594
-1.5012295560776732
1.4915332144878384
-1.5018211314808079
1.5001964023823446
1.502737133228536
0.5078512889758516
0.4835041416625442
-0.4933592579056586
1.4968728718867879
0.5039030440010476
1.5044164987761743
1.4936987656032308
0.5096357116611613
-1.504286021333424
-1.5041901823263657
-1.503073454966128
0.49088640653871796
-0.5114266995505825
0.499922830712609
0.5145879348339572
-0.4969266197820154
1.5001424785582296
1.4986565276762323
1.5047164958021486
-0.5153680910046381
-0.493186143736443
-1.5159233689836593
-0.5045684411232109
-1.4974686008694065
1.4952497271061005
0.5063005062580693
1.501837222769497
-0.5163370851857487
-1.4943084666108724
1.4789215089257244
-1.4864549551090183
1.484778660060291
1.506198231641804
-0.4956401699775279
0.47409737246246825
-0.4978746944036551
1.4934836490598145
0.4927817677172593
1.506893495057317
1.488280586140246
0.5055778701351409
-0.5142322546268436
-1.5037838897471927
-1.5003963810282805
0.4937117455621188
-0.5095292018771252
0.4958917793115065
0.5054177102552572
-0.5021201773746118
-0.49649200761053275
1.4910181352155694
1.4990396949854472
-0.4953074519042405
-0.49782968448731724
-1.5109531505441225
-0.5062216795588571
-1.5013530646108737
-1.5114307665509648
0.5044037114361217
1.4985728817161497
-0.5038126791739577
-1.4894071567464129
1.4991664553686166
-1.4967799402148525
1.475538618662701
0.5071200912074901
-0.4987340298206398
0.47554263063343616
-0.4922719165001996
1.4876118000869742
0.5001264073720918
1.51247256451692
1.4878408583097409
-0.4929409119947422
-0.5195595674047865
-1.501747061710758
-1.4987420322128033
0.49888504575973946
-0.49742098874318036
0.4928047454454761
0.49528474498477165
-1.4982554606414988
-0.4969789140870253
1.5017096685702394
1.4871079271937713
-0.49921027652723393
-0.49890065860241245
-1.5049427948864422
-0.5012828445116138
0.5010182681553054
-1.5108014790204431
0.5093454237873762
1.5094456605338527
-0.5009195050352532
-1.4995930072599528
1.4993741612046159
-1.5021328813017756
-0.5166603705660278
0.504105093160875
-0.503239706236398
0.4943836480967471
-0.49828175594526997
1.5058789613982775
0.4957767304150226
1.5177578178643916
-1.5082858096206249
-0.4885996700058618
-0.5127621449261888
-1.498977459323245
-1.5018888790877571
0.5090153316409793
-0.5050793359502771
0.4939760133605722
0.500959192239498
-1.491243722787854
-0.5005276529722368
1.5047019188271231
1.4944366024273987
-0.4983778405933456
-0.49486611039103356
-1.4994216468518013
-0.5007325983050824
0.5056499809414493
-1.503294084181276
0.5147949403311882
1.5028199377233298
-0.5070317202748091
-1.502469878426142
1.5009187781948767
-1.500057084224855
-0.5031595222682569
0.5016710567321242
-0.498322869590906
0.4969508808277108
-0.4899261133103715
1.5026039319240332
0.5014948381877167
1.5131251525062224
-1.5049774858251828
-0.4849078860667705
-0.505745165211809
-1.5062983228301856
-1.5015935197337849
0.503644117507577
-0.506913133705635
1.4957944402218244
0.5138256153684327
-1.4878461458260501
-0.5042721537287662
1.51157930969471
1.4965126868884504
-0.4973557918871955
-0.4915049603710215
0.49721909318338314
-0.5046963329148677
0.5044851021739646
-1.4895849185589132
0.5118028578379521
1.4973138012483167
-0.50168858536642
-1.5048866578736568
-0.49513717367416055
-1.4944338033042344
-0.506548704894853
0.5231482732891947
-0.5020169443200589
0.5114590561737657
-0.4889936220968624
1.4974308614365657
-1.4949248700645077
1.5042353292514916
-1.5029635958131822
-0.4977335233867106
-0.5048201115016863
-1.4898550652246818
-1.5045756053761037
0.5088303677108028
1.4950885041087683
1.4964366869479082
0.5183719264075011
-1.4934712717848222
-0.5029857970645959
1.5001970937045475
1.4981274223578123
-0.49137197217587797
0.5061370955822798
0.48932879319704187
-0.5072435820274328
0.49984876060180194
-1.4877792892182518
0.5065266463391654
1.4988179491260996
-0.49325539555421377
-1.5030165413854044
-0.4933643818077034
-1.4928416679487904
-0.5166955325032796
0.5188898595889557
-0.5060092509665426
0.5157726377761528
-0.49369213796656997
1.4975621920690865
-1.4990681290970145
1.5036198285460114
-1.507881649944432
-0.4931389771527052
-0.5152694743379868
-1.488428165256253
-1.504798444786498
0.5172085046985186
1.4990748070147866
1.4925377723264912
0.5139022874011674
-1.502334062695562
-0.5076583027976839
1.5063739959713833
1.4870622468837522
-1.4871763421674553
0.5010477217947046
0.49198976366176944
-0.512022742186282
0.5023763245409737
-1.493582636479191
0.500222283659609
1.49911095648787
1.5087551667346264
-1.4988990641322713
-0.4949484490452768
-1.4999529776332516
-0.5217639407815157
0.5017079391883417
-0.5006574434708757
0.5083048819637367
0.49783653694851493
1.5028000781132245
-1.5031536531225589
1.5138945966994446
-1.507604655495149
-0.4952354717334204
-0.5236770087064998
-1.492039651450669
-0.5055522457482351
0.518085843850104
1.4945851795808291
1.5142717072313971
0.49838304978140363
-1.5013849712206253
-0.507869296170793
1.502059218045027
-1.518092826247267
-1.4909802405404475
0.4978532271654947
0.5066736011536096
-0.5085978780202652
0.5260736166469924
-1.5099540837783432
0.4985898369373544
0.49860139021438254
1.5017557769463927
-1.5014563614302352
-0.48518027886668835
-1.512277385400151
-0.5107471936012746
0.5026967053513219
-0.501245839153331
-0.5003734908241725
0.4976683659745452
1.5053457173347646
-1.5019561374535444
1.5116146225578053
-1.4905237966032718
-0.5071727123993948
-0.5193023693109151
-1.4957218211800394
-0.5060522888464994
0.5086940471689518
1.4900648424174754
1.5096030662765063
0.5024931510103815
-1.5020239537023403
-0.5026562892637744
0.4936334545644574
-1.5096396259766227
-1.5007124678514199
0.5176058126548667
0.5023223072370769
-0.5106515094042496
0.5178603522170008
-1.5043190733606158
-1.497465781147878
0.49852078400141037
1.4989256285467383
-1.5160014382014182
-0.4958139609135875
-1.5001680436654379
-0.5083372934792044
0.5068411983689647
1.4958680992106919
-0.49802572486003455
0.5093983453014945
1.5006645925503792
-1.4945585028964254
1.4858846280016056
-1.4949953474075626
-0.5117380378561895
1.4925936745672295
-1.4939617909330563
-0.5025799903272614
0.5014442415508363
1.4962181254922322
1.4979814281416577
0.5177496861246358
-1.5032990053815476
0.5001102352349086
0.4923172270602392
-1.4981831272756125
-1.4992539202022104
0.5245789986141876
0.49767571585125975
-0.5148749191464552
0.5047830256074126
-0.49070149509024014
-1.493979972405113
0.498067486548633
1.5103065620569915
-1.509217160784937
-0.49456628142831166
-1.4888185833043712
-0.5050755502626606
-0.4940337689810841
1.4949142659944434
-0.4902054928910788
0.5195617370769618
1.492431428353439
-1.4793886968404295
1.4865785664672841
-1.5033955105735999
-1.5056046101166154
1.4952459043780963
-1.4858061157632365
-0.5058759564194759
0.5099254599758398
1.5078034727387202
1.493107825253379
0.5262511247484294
0.49683224559402756
0.4977175620481667
0.49863928549264974
-1.5003725440382294
-1.4979354464941432
0.5114692452938628
0.5025611847084371
-0.5135759130944655
-0.49716590601661076
-0.4878381733828907
-1.4971735194055145
0.5083966930745905
1.5104680603776364
-1.5034586053455719
-0.4929022831948222
-1.488659812013534
-1.5086786939684418
-0.4979993504129451
1.5005639712181387
-0.501038866504294
0.5107537461903777
1.489250844545207
-1.4851462455572422
1.4963543280357692
0.4995896716075524
-1.4966596472337417
1.483458713252029
-1.4778183847544153
-0.5041999752620541
0.49577312819361163
1.5091268446836414
1.4901953467861915
-0.4809428196110307
0.4981231773351906
0.4908789978990584
0.5037621194590639
-1.5148385456543771
-1.4922869898917261
0.5001351731038405
0.49893300590124423
-1.5080413064831848
-0.4851296410441718
-0.49534555858673085
-1.5060697193860468
0.5118387322977309
1.5039128677144522
-1.5091869600777263
-0.49313110750504874
1.5018685922157402
-1.5142393185367935
-0.5007255870540361
1.5025715181612527
-0.5022514719142344
0.5006456412631511
1.4940789820632623
-1.4944368393691416
0.49862870845592383
0.5102867946163715
-1.5030701135206785
1.5018054081093157
-1.4885144643116466
-0.5087321854968773
0.4910207459872381
1.5024971284039912
-1.5075927919375358
-0.4945280645022165
0.5005882445847617
0.48830281561265415
0.5008568046849023
-1.4881314842679023
-1.5020573859624906
0.49667768901320347
1.4940624764023018
-1.5050303106172898
-0.47426454713125366
-0.5004067470241639
-1.5140380187014482
0.49899146806236233
1.5044329973249555
-1.5117579107380612
0.5030858015959613
1.4949473527003947
-1.5125837894968723
-0.499050143944035
1.5074889849980992
-0.4978854635767198
0.49850827371385625
1.4986038671925028
-0.4963007461017119
0.4917135514023578
0.5115661498052967
-1.5031237130126136
1.4940993999776087
-1.4964835354971295
-0.5085808850908884
0.49324733398820814
-0.4991662485792974
-1.5044350133512898
-0.4976816838211607
0.5103271650051957
0.49264293539203013
0.5108909963134475
-1.4912611170659886
-1.5031949164134384
-0.4963450382049482
1.4953885414966663
-1.5092136184738287
-0.4766051073918725
-0.5023586397787304
-1.509574368461883
0.496149998700187
1.5120655752766974
-1.5080855201284116
0.5011587906537055
1.4986423934212034
-1.5002162980084466
-0.49729250610302667
1.5121435788885518
-0.5022620234366508
0.5004516862170717
0.5007056127793391
-0.4884642468418653
0.4814997743887898
0.5055894156740357
-1.5047653711672577
1.4994959967350583
-1.4957153616156607
-0.501282381796605
-1.5028765159092032
-0.49382085529942077
-1.50048898544304
-0.4984263681006072
0.5062670172503503
0.49498517807245024
0.5142490531325873
-1.4975682300376714
1.5008723268939081
-0.48856782398514337
1.5006586804769098
-1.5147170557333263
-0.48512843876315714
-0.5134512594311582
-1.4997986619586838
0.4984637675303794
0.5178582200047337
-1.5027778016309044
0.49917551660267856
1.5190267512289983
-1.5054590040613356
-0.4987515898068173
1.5091349119060378
-0.5107756090045606
-1.4954039028397754
0.4969326314329803
-0.4799432674466416
0.4848715093108235
0.49886721960160535
-1.4933631594695056
1.497276241431505
-1.4921567933023472
0.5044572559047084
-1.5018594137578336
-0.4877493880616892
-1.5041939207063366
-0.49598569927684844
0.5003182994057292
0.4926686614570423
0.5104363435288065
-0.5022143209275762
1.503248885364876
-0.4912907021782349
1.5081311854425625
-1.5068586290556714
-0.49281384194225764
-0.5183663488520349
-1.496159294602638
-0.49940378588985473
0.5146898706084496
-1.505196128656539
0.513820964408694
1.5072408742765009
-1.5023396473416513
-0.5014159181705881
1.50134539371484
-1.5120932437780494
-1.4955817641363456
0.4969283751025174
-0.49560421021376144
0.4929560319066014
0.5173297950141492
-1.5055943608593176
1.5020755510502015
0.5070165973813805
0.5010939454796739
-1.5080601552395876
-0.48433203911309414
-1.5129457334219618
-0.5098944760067925
0.5032535781977205
0.49445852516791505
-0.4979484110020294
-0.4985635558954562
1.5021863653216543
-0.49973587231317695
1.503355787601825
-1.4939748985652341
-0.49575426115755206
-0.515077979310666
-1.498593753899571
-0.5002375382189616
0.5058928178151059
-1.5137133682415254
0.5107043615967902
1.5013650035249961
-1.501718352303709
-0.5003750162125685
1.4975753592374277
-1.5049328526135939
-1.4991358738912788
0.4973931130301642
-0.49675990556667665
0.48719091663171077
0.5264184462819346
-1.5038547569342207
1.504142488725735
0.5037161455217092
0.4928826332672108
-1.5114683138673868
-0.4949083126837853
-1.5132523152489958
-0.503111657269796
0.5038231800068903
0.4993912301603464
-0.499680216380346
-0.49140493315663136
1.4984404134138487
-0.4977294850703702
1.49509330815474
-1.502621074914038
-0.4859791298567197
-0.5069983335861943
-1.5037325142192393
-0.503083661000137
0.5038661319361817
-1.5148215605184892
0.5010954826364981
1.5133510227977554
-1.5020352211981176
-0.4992692012519411
1.5029689812030393
-1.4977424054246262
-1.5049523130644658
0.5026548167146713
-0.4975812602637296
0.4801929819538239
0.5181650492983912
-0.4921494772930705
1.5007908473040843
0.5011043017657106
0.49792356919720354
-1.5089030895889466
-0.5003107123968569
-1.5017234069832166
-0.5006958216429858
-0.49535605919399617
0.5004005812025212
-0.4944850201524335
-0.48451265390428816
1.4950217205598102
-0.4852356677707301
1.4915319853893116
-1.5120728887437076
-1.4793694278327254
-0.5053376876297317
-1.499173475408256
-0.5110912185790913
0.51335608199463
-1.503877864805824
0.49756164925404456
1.5209121467512
1.497124368150388
-0.49904441484226286
1.5118614627824976
-1.5033277348154557
-1.501450067012299
0.49681647295780473
-0.49285037335742865
0.48177275055271185
1.502439152918326
-0.4865582162019999
1.4994529015358073
0.5051825591351051
0.5086510468509419
-1.5052548178149843
-0.49270314601743104
-1.4950458587358955
1.4935402485155145
-0.49487454647193907
0.49915259555730723
-0.5009280798256909
-0.49137108602860174
1.4992933367023897
-0.48145817298386284
1.4993938942630638
0.490045589425685
-1.484720614128215
-0.5162187687237502
-1.4869489275198997
-0.5053056442902971
0.509403375139311
-1.4985038892665934
0.5050230458598644
-0.48631927277187303
1.497077780034415
-0.5043643680022838
1.51261716293549
-1.521800187069822
-1.486595166357489
0.4946227441391302
-0.4911646548765988
-1.5108372977063567
1.5021306814883122
-0.49096519455352755
1.4966133733344271
0.4978199688030406
0.5113000182673647
-1.5127563402596578
-0.48424508992715265
1.500079010490499
1.4882760131498423
-0.4968092463368422
0.49202990361133614
-0.5067237513419103
-0.4995607590031776
1.4956555841174508
-0.4883144648652746
0.504743527510787
0.5022685937609699
-1.4989690691266577
-0.5012237667327446
-1.4969542705730041
-0.5130356192711306
0.49976371055336566
-1.5026652714660054
-1.487497337309239
-0.4984175496961925
1.5013988767194044
-0.5149288675614986
1.5064550162949235
-1.508318272566331
-1.4960721718603387
0.48085353202688563
1.5090559033662239
-1.5065222222105392
1.5203897078921351
-0.503255602011653
1.494877958762537
0.4726405162627773
0.5099337756520146
-1.5219244440726254
1.5140316866256953
1.4898065035960057
1.4937286452414962
-0.5000665573576334
0.5042735106402687
-0.5115096802368806
-0.5004207593197884
1.483978948973005
1.5046152776163513
0.5019668187402384
0.5097738811713316
-1.5011783945417494
-0.5030225551186086
-1.4985511699386949
-0.5149348229744245
0.4964178618208849
0.49229112328428765
-1.4912308345976768
-0.5020072578216486
1.518903486096851
-0.5067292385844494
1.515490898366241
-1.5057127099857184
-1.4937830670035708
-1.5302956686986033
1.5081241111559858
-1.5069293493536575
1.5046521325073152
-0.5001760837275145
1.5059297832886132
0.47969051414331604
0.5138858586145444
1.477370890576606
1.5051417033135588
1.4890184841178722
1.5027337695568062
-0.49526798989244014
0.4913455566430198
-0.5006031565501029
-0.49713957672555525
1.4837571994567242
1.508584173334834
0.496353883046354
0.49937256528508744
-1.4995353669047684
-0.5003355737416132
-1.4902918791688191
-0.5063514686284142
1.5019261692565211
0.4937618654461756
-1.4981458653009252
-0.4977568565245692
1.5129352723946503
-0.5070762602026391
1.5176645414096608
-1.5037387985186652
0.5128224491178577
-1.5219698092546923
1.50423967742979
-1.4988072926900107
1.50347625666437
-0.5048145114313071
1.5054117323539786
0.4936095041185848
-1.4791649632019184
1.4869641416014936
1.5039837068432254
1.4822570649114688
1.500026202799232
-0.4907527573299113
0.4968286211778632
-0.5056126127450459
1.5080176892948742
1.495055032183335
1.5205818426792799
0.4907273713393303
0.50141737827872
-1.5196503497479068
-0.4964969213106362
-1.4971820712063109
1.5027823627658043
1.5103143969527517
0.5052258031007555
-1.5038744693603152
-0.4909841625884418
1.4997496704208697
-0.5047193986110516
1.5091884886150146
1.4960189755356839
0.5149887603275017
-1.5054959768181235
1.505806534107943
-1.4981169942843773
1.4991880682979177
-0.5089447258839653
1.5038596862220417
1.4900255737615062
-1.4777860970782635
1.4946965595102093
1.509624522817262
1.4967842401142792
1.4930754637688557
-0.5007080378208884
0.498305301102578
0.4857446518790156
1.508674786799885
1.501980999468683
1.5180844689354778
0.4972713657845683
0.49657655204181084
-1.5127074942612735
-0.49794089994559604
-1.5102939774611341
1.4999926673135993
1.50689433368393
0.5064019822259628
-1.497054452156692
-0.49960812576641095
1.5018357166695333
-0.5178121000247383
0.5040324672796259
1.4947397263980908
0.5051059783427599
-1.500945758111229
1.4952722279472868
-1.498010140265946
1.4974697429854993
-0.5100957379542354
-1.4934309020540466
1.4748869823162438
-1.4855818405753005
1.4878866364708065
1.5014812744852477
1.5055324860962018
1.478203809374893
-0.5023377531663932
0.4911752282124676
0.48609638151405604
1.504744039129959
1.489404314238236
1.5088330237320233
0.4900004046300899
0.4853021810131249
-1.5022277440661271
-0.49824279790667636
-1.510757226972766
1.4886236197892444
1.4983293238155373
0.5031825537103998
-1.5099838904175888
-0.5066002271120749
1.5025368702755575
-0.5249144160425141
0.5089624113881864
1.4917017948410332
0.5044669427795159
-1.5083761732737362
1.4880869037032753
-1.493768419293844
1.4835971064938238
-1.5028817895975697
-1.490395682216643
1.47110065997227
-1.493024479929253
1.4819925742499638
1.5017197443922656
1.502434988997773
1.4769826412480058
1.5075764216430905
0.48402643490890057
0.4976160322816235
1.489967064119002
1.4952991391486294
1.5042927955590337
0.4880610562616909
0.4889897118993351
0.4983003126360894
-0.49646917721956146
-1.5033068970145158
1.508304115550454
1.4937789424285468
0.49757646765076274
-1.5072030433927421
-0.4998797150968123
-1.4988472997377476
-0.5170999807054313
0.5150420590083904
1.4985697508328308
0.49871383078187503
-1.4793144280981831
1.4830878830442458
-1.4839834825829465
0.47528124407813893
-1.4974917707419515
-1.4956547572641532
1.4979207327356514
-1.4975759359524683
1.491360072825833
1.5009302768973987
1.5026199112237735
-0.5121033295671368
1.5153611988912286
0.4839666975379122
0.5068721762572042
1.4795978575016822
1.5160868891344093
1.504680501900867
0.49215325635438184
-1.4974727451183893
0.48818910507098023
-0.49315266038715616
-1.5087325288413427
1.5093212811681136
1.5013606074200014
0.4933561436155814
-1.5042355337979294
1.512531227593342
-1.5002304813059766
-0.5007098035051898
0.4959991574145954
1.497791301489711
0.49051429129365076
-1.4755375378920357
1.4927409781065957
0.5178101168258686
0.48506840069810475
-1.5073991016497283
-1.482812463329683
1.4965220751010595
-1.5124431517446413
1.49666112966439
1.506106415143577
-1.4952930632059354
-0.5046790962693255
1.5117987998826312
0.4861587696778974
0.49952641342896087
1.50430881755638
1.4991171795664917
1.504315383452433
1.499343553995824
-1.4917276979221417
0.4842145477879777
-0.4961297014043463
-1.5158690687092051
1.496028173037049
1.5103680984960246
0.49615026988308775
0.4983947490746678
1.5128089146247983
-1.503988186761379
-0.4879948553540574
0.49449208441135256
1.5000719553521003
0.4946442280009832
-1.4880175783513077
-1.5033079739515447
0.5092612449228731
0.4985945739350694
-1.5085433757449989
-1.4990203649619498
1.5050355908079047
-1.5105925252690904
1.500751339494037
1.5089393021546684
-1.4953594869800606
-0.5098131416599577
1.5062097661070455
0.49591969041357514
0.5038130511559736
1.502257940631981
1.4923227077167351
1.4989866577024926
1.5006359507196225
-1.5007433290057575
0.4877559030366502
-0.5091635383229517
-1.5136707391710988
1.499839780855555
1.5170901537290868
1.4987928514522826
0.4961418882451524
1.5038631643489333
-1.5062777731514054
-0.48866030385157394
0.4949879575034521
1.4965508102558522
0.5000728183263611
0.5048491178194479
-1.5088306754373135
0.49954064281381166
0.5078599040296575
-1.515792407126173
-1.4977750865853998
1.5136176486779394
-1.5014882518637938
-0.4987092243900106
1.5043073524244226
-1.5013599025643534
-0.5020350115709578
1.5019969354447926
0.5038747032292988
0.49766889038542284
1.5006615376529864
-0.49970109736020657
1.4963733265839025
1.4898804336506974
-1.493414743721274
0.4959052457168901
-0.4939041490468637
-1.5046302632053161
1.5048273199664088
-0.485132424473527
1.4980802157415896
0.4887196477613965
1.5111208213539817
-1.5157154085108069
-0.48026236174771514
0.49655713742599833
1.4947027471448957
-1.4990851604045161
0.5118021488607953
-1.515251368150507
0.501272909338832
0.4993965054370329
-1.4984951476983979
-1.489821808456018
1.5136252231874228
0.4989563139137502
-0.5016537893281051
1.4960311255133627
-1.5001326377927258
-0.5127801678834301
1.5010646005068
0.5007896058022836
0.4978723307756386
-1.4992318380897491
-0.4885778616011076
1.4988857475023847
1.489011317894534
-1.499743915494386
0.49826073261117315
-0.49548673167307744
-1.504758577821535
1.5046433826269483
-0.4927525018273418
1.4952260631252992
0.49555593392865765
1.5070621042516377
-1.5202357713487997
-0.488811342561487
0.4919498251399211
1.4989473924207948
-1.5029921708646505
0.5239214347918779
-1.5138237274973856
0.49897269990258986
0.4926831435780614
-1.500892501860242
-1.4907526474573485
1.5065966833210245
0.48864797129795895
-0.5026404225312264
1.4965017676742718
-1.4843400269380536
-0.5124923003406936
1.490745141834894
0.4930450313025933
1.4998705012480062
-1.4965758905237458
-0.48570341158379654
1.4960307443081524
1.4901522922057724
-1.4983041645037845
0.4984023820794681
-0.49472648897500077
0.4816334979325451
1.4982053581551196
-0.4980234966754897
1.507558047377092
0.5027578383202824
1.5124490426180326
-1.5243466932607876
-0.49018210953744834
-1.5174821436250194
1.5033402182119509
-1.5033902691967314
0.5075159697016395
-1.5041584886183956
0.5113418255274015
0.49352517785373357
-1.5005815034859094
0.49737640276243045
1.502989254286913
0.4789894038320928
-0.4900770000228285
1.498694238824709
-1.4896142620813606
-0.49890602058218725
1.485694928785516
-1.5066742132738309
1.5011552416478373
-1.4943317671392502
-0.496648705606047
1.486760050698306
1.509106134660464
-1.499197551928808
0.4995803906910798
0.5039940769809574
0.4733965813144752
1.4943749804794522
-0.495264926945326
1.5054076881864649
0.49422679710680495
1.5166191603457033
-1.519076103729777
-1.4837940744331939
-1.5184072794437962
1.5044281994887134
-1.5133336568133269
0.5013185003408559
-1.50385284342546
0.5071636469609532
0.4977828337139275
0.5019054794520705
0.49175592843704513
1.5040859711861267
0.5007741109172188
-0.49663231808310604
1.4854081190036483
-1.4895234914579223
-0.49495914729500745
-0.5065388543246925
-1.4993177021932569
1.4974785194623461
-1.4984166800946164
-0.5033186011351112
1.4987291950361137
1.501856917199669
-1.5037693096082478
-0.4984321259576756
0.5020635870175061
0.48155915017311196
1.4998846323876596
-0.4840420844397847
1.498391035549583
0.4851131455135136
1.5122050671355525
-1.508167850850771
-1.4776972265675652
-1.5105686809828895
1.4961906121755626
-1.5123933507941114
0.5039116868726536
-1.5045666633800474
0.5015694444301584
0.49590200527059164
0.5026693657549347
0.5002632286352462
1.510073707351639
0.505580914550049
-0.4994812627050066
1.4775812720018016
-1.495803368052952
-0.5019521622986179
-0.4970774094363153
-1.4949325956839759
1.4955578353066965
-1.4972398832110811
-0.5023007192621991
1.497519934166964
1.4984075335031188
-1.5092510881930874
-0.497636640516902
0.5025082304299338
0.4958239748198281
1.4994758200576714
-0.47859275431997034
1.5013246743883841
0.4789700399526846
1.5063372263333428
-1.5074362217043709
-1.4795944638499183
-1.505755259595913
1.4968905255828773
-1.5060256857396117
0.5067878121966596
-1.5051272190777
1.5009217049784318
0.4908095136672838
0.5043356583677728
0.5039780948955154
1.5143254204790149
0.4961868138377176
-0.48993482141453304
1.482910543378008
0.5036500074187775
-0.5102370210842609
-0.5040256765399153
-1.4774692227695312
1.4940625149016724
-1.4919683882778276
-0.49514952239378857
1.4979410318255122
-1.5008866826742047
-1.5084815923931576
-0.4980823699579032
0.4960726959988427
0.49354555322075433
1.5229180222818504
-0.49310546621943124
1.5143705050720708
1.4827541780654356
1.5074209387680453
-1.5141292046700534
-1.4869322611197653
-1.5089142675204252
1.4934832109391523
-1.5004853298568122
0.5123469309781612
0.49632257200664875
1.5070123236943949
0.4851731005956278
0.5068052523848184
0.4934210758047609
1.511792473533145
0.48613464897793
-0.4822017863753976
-1.5069399967025643
0.5092848444356647
-0.5089732772000192
-0.5081784938194567
-1.4927600995483763
1.5003253334638325
-1.4991017815089323
-0.49383400228832164
1.5008227653661557
-1.4967652170185493
-1.5014886458807768
-0.5044354100870507
0.49719254374122035
0.4845069408018704
1.5191459263105247
-0.5030484076745525
1.518927916527681
1.4918677403966045
1.5137319366473554
-1.5221484618759202
-1.4925406524949414
-1.526872947606418
1.5001565790481592
-1.5064231413004294
0.5131012724262926
0.4967880377238248
1.5107552108683928
0.4898547448139717
0.5167970179787456
0.480709504690745
1.5030762097333603
0.4848932084420215
-0.4852838000773776
-1.5047246072726377
0.5140442645396686
-0.5000121216436925
-0.513578666530181
-1.5042323580626837
1.5119464054279665
-1.50772191079437
-0.4973802953591053
1.5002939936347446
-1.495709657248094
-1.4990335937673307
-0.49290700424132905
0.5032494844708142
0.47403016268556103
1.5079304702270437
-0.5005986491049409
1.5094665876119144
1.4955586198538129
1.5091888188942555
-1.5138435631885834
-1.4990666149583765
-1.5159943866546055
1.5026035378174372
-0.5129146361134872
0.5078602468712354
0.49447679517554205
1.5136053023795653
0.4931628232021043
0.5210163295783262
0.48429995710239593
1.4933028543329876
-0.5039521402457475
-0.49539313142176067
-1.5140905863661205
0.5086229048311952
-0.49680929127937457
-0.5048074874011396
-1.5015397181243915
1.519934535808689
-1.5096091093300619
-0.5010099416366853
1.496430108426429
-1.498332898786383
-1.5056910982663685
-0.49113635299754244
0.5059277945192876
0.47587019758158955
0.5048465670925626
-0.48910189752225297
1.4960364053264237
1.4953576291449548
1.500718607244492
-1.5003439127414726
-1.4988099887234092
-1.5011670878969725
-0.5012394964316845
-0.5111961498886515
0.500983795826194
0.5076113681213476
1.4992008302486626
0.49883142896682753
0.513218856435281
0.4974496720705159
-0.5033835653817267
-0.49631579436820167
-0.502259397835879
-1.5018334018910446
0.49992016501411973
-0.48873390457129956
-0.506236320358449
-1.4876307631301
-0.4863084132907109
-1.5024616082297195
-0.5041571915004053
1.5115270779856023
-1.5070633053671871
-1.4913242499969692
-0.5010957447168369
0.5012641105573389
-1.5129274264004915
0.5130575792655706
-0.48245301093021703
1.4971302707707899
1.495903814321078
1.5118882158287033
-1.5029447873424207
-1.491782212591373
0.4986431769095125
-0.5065938951539094
-0.5058365617966264
0.5028385117675936
0.5121195588721811
1.4950263257776335
0.5053938302279665
0.5037997254130914
-1.4971770075527917
-0.4923479076095669
-0.5004817510350373
-0.5046029998924146
-1.502505636950434
0.5019038316190089
-0.49604387775318853
-0.505260502072121
0.5173319055895083
-0.4979546767048076
-1.4971512229190467
-0.48991895953380243
1.502440351659342
-1.510202206878715
-1.491381641432807
-0.5065855760589701
-0.5040195886995826
-1.507219911089841
0.5223458517215365
-0.4962210726075861
1.496054581301483
1.5102986301554409
1.5018289043280866
-1.5088133879150725
-1.4897607437478584
0.48250991731216375
-0.5054971190275298
-0.5031783882301749
0.517230344603715
0.5003276503390953
1.4926859108668964
0.5050205933780362
0.5028087730397944
-1.5057672073484851
-0.4890432822685449
-0.5081438712744529
-0.5041904547079511
-1.503312223255179
0.5159383271500737
-0.5027059422645296
-1.5075273079707885
0.5048871152264408
-0.49547887172717053
-1.5149092236179853
-0.48755595958473
1.5037159091575065
-1.5113375718265614
-1.4959043198196007
1.4953154462607074
-0.5027209491072641
-1.5089473310483963
0.49805560697673285
-0.49332236911689353
1.478816880263408
1.5151223678514554
1.5044494783535531
1.4864820692337295
-1.494361990645121
0.4762809122370424
-0.5106515485809923
-0.5075442148364645
0.5052671586520762
0.5030220461454413
1.4953581418436042
1.499722784533451
0.5111197704152588
-1.5137978828504493
-0.5006672659937537
-0.5011161635482333
-0.5121341354372648
-1.504618505984641
0.5247042356721632
1.4971999798049092
-1.5090283257582948
0.4979093355209961
-0.4909666757099186
-1.5168205509147932
-0.502372622529912
1.5192310069200474
-1.5081822795566742
1.503487472695497
1.5019782570569538
-0.49734113458099033
-1.5178881685977612
0.5029457832677319
-0.4913297144999712
1.4852346139205745
1.5036750264261978
1.5131136579826667
1.489409498040882
-1.5019883437650912
0.4879942027825264
-0.4996608470145014
-0.5087729419451695
0.5094704323340293
0.5095410291868789
0.4999750854299788
1.4966648814428072
0.5155440386095168
-1.5106846987991716
-0.5077895873671431
-0.487671797924065
-0.5030343483758865
-1.5026218617299272
-0.4836962448474318
1.504458837142115
-1.5091391007652555
0.5039975198640574
-0.49719653025141175
-1.5073733617022347
-0.5077259348042164
1.5274286339354126
-1.5057430509770546
1.5087038961951027
1.502554867526498
-0.4946553984798825
-1.5276958267225573
0.5033066211745718
-0.49522608902828863
1.4938279879743948
0.4962001418262113
1.5172135970294827
1.4935741185995994
-1.4913986706536764
0.49231505398450737
-0.49981561847528605
-0.5137445013231038
0.49941059875503957
-0.48306181745178434
0.5003770109592396
1.499776973359698
0.5147260752682637
-1.5018664088850793
-0.5093330529051585
-0.49367127086021556
-0.5031033249041518
-1.4974482587600557
-0.4974675862268963
1.5060252155034066
-1.4997603876751744
0.5154972336245456
-0.5068392766445583
-1.4987814193022129
-0.5137137630421994
0.5208910220380071
-1.5079270906654905
1.507377237118646
1.5019099776621003
-0.4982883411075691
-1.5108787197076814
0.49747504660118624
-0.5035806986142496
-1.5027448123594456
0.5025142725179023
1.5095851120360275
1.4920893475663854
-1.487528854758555
0.5020494058810883
-0.512335464718187
-0.5070583092395495
0.48993304812517086
-0.48579148431933067
0.4953385614297441
1.5054096033687527
0.5055808055746505
-1.4938729532068815
-0.5099366786888729
-0.495394671038153
-1.5136810499805327
-1.4961971232757925
-0.4957521481704687
1.4948523817296522
-1.5038437007536034
0.5215175001494354
-0.5112149709226811
-1.4948003231306632
0.4867720047416664
0.5080483035741014
-1.5129413141986878
1.5108999192355168
1.5030454961272195
-0.5051427450056736
-1.500685224772057
0.49831489604936446
-1.5055045749319114
-1.509170416051085
0.5176091320074889
1.499280641420466
1.4899949535526313
-1.4839434020663245
0.5046668817970349
-0.5161300808137775
1.5007714877421046
0.4925222187665031
-0.4926810510289984
0.48414857385916704
1.5209898587649349
0.49737972354385723
-1.4917636621677268
-0.5057974144222326
0.5067453970676655
-1.5200382593479576
-1.5006755387520363
-0.4791820946360207
1.494126774789355
-1.5129806892346978
0.5261792232573628
-0.5039278911178693
-1.501166506428532
0.49260378034566504
0.5070323395770939
-1.5145325621656427
1.4996276210133548
1.5198003858221707
-0.5029948853993343
-1.5009569161716372
0.5023556549193453
-1.4985472619671454
-1.5166817182441288
0.5172063197204785
1.4992003279727426
1.48893793539604
-1.4977700339118973
0.5080113744894197
-0.5098089043396112
1.4991261409851844
0.5033578718493754
-0.4936634788793356
0.48112761475517973
1.516728456551647
0.5001565984315668
-1.4996643312859257
-1.5031293313089604
0.510580979145732
-1.511238342979134
-1.5110006564394443
-0.47737043211827496
1.4973506230853626
-1.514943502098802
0.5150869570047945
1.5036779107382197
-1.509072590216913
0.5014397220781832
0.4948133548048975
-1.5064982401855782
1.4879947976825583
1.5227880836445589
-0.5007967223808799
1.4898679946284759
0.5047043361139992
-1.4925158887714542
-1.5215400270804287
0.5098224147798845
1.4766652695443037
1.497046512328353
-1.5028742500604007
0.5057888945189459
-0.5019717741414862
1.4924509314348058
0.495323635450421
-0.483188619786444
0.4835505652299865
1.502894929858165
0.4997125835924196
-0.5033650611219254
-1.5047257656267636
0.5088243718208645
-1.4999639599013983
-1.5155483978089532
-0.5004614600711487
1.5037238929610062
-1.5077393337852336
-0.49458521002667877
1.5010004539818893
-1.5092680454323562
0.5060053483125928
0.5044260414901595
-1.499615535463655
1.4885087276702786
1.511680818513989
-1.5021208229127323
1.4849797987709719
0.5048801409367507
-1.510512827228427
-1.5131350921059048
0.5083626889680457
1.478942758799259
1.5006631268445165
0.5080363053450556
0.5006678954812119
-0.504713250717133
1.4958457803972929
0.4991290096277415
-0.48838749816576293
0.49190386614708753
1.4980149495229986
-0.5033852770151204
-0.4980146645426277
-1.508874883287196
0.4995591443425834
-1.497015661420883
-1.5016668047646091
-0.4977197280952334
1.5057772016738715
-1.5022232213130897
-0.4898434289331072
1.4910494556789005
-1.501259164087789
0.5028084223666794
0.5036194940160706
-1.4954606145100773
1.4972902948237663
1.5056587056678101
-1.5049044529402813
1.4905051991743643
0.5015350441559291
-1.5145165977503952
-1.5026583982031725
0.5180391984114202
1.4911116444209656
1.5008402281903384
0.5200214876383765
0.4975863025269682
-0.5063847723034859
1.498299745719477
0.4966006425996403
-0.48741023032879155
0.49447353190028753
0.5097348154649022
-0.505296684166699
-0.4948311928056763
-1.4942266848448547
0.49935586122867426
-1.4948250947147186
-1.498400582968874
-0.4840605432976003
-0.4966248746680362
-1.5060920747770237
-0.4809818424300318
1.4996047128309706
-1.5047378682432668
0.5139835220634054
0.4972622645715601
-1.4969582168431936
-0.4983450769087335
1.5121780293586458
-1.5096117235064892
1.5020794598162874
0.4968838776891881
-1.497243871625199
-1.5092723680258977
0.5252172985505781
-0.5040783037615627
1.4969792431581461
0.5139570250071714
0.5027905495828916
-0.5152062672795605
1.503817199242721
0.4892547765842615
-0.4914546333733489
-1.5078044072245425
0.5213675634419087
-0.500214119455652
-0.5132916037189514
-1.4984636792979744
0.5065984105468456
-1.506562311688549
-1.5029378425220559
1.5201278210247156
-0.500000361982606
-1.5094241247836304
-0.4893809641557159
1.5039844671227405
-1.529422504984818
0.5095751026697537
0.4931440547986777
0.49899194456890145
-0.5042569532566773
1.5215748515784107
-1.5097872473052063
1.5009639503202814
0.49009769426346633
-1.4956275644337018
-1.51918357573723
-0.48013694838985665
-0.5141381687512373
1.4938917804307874
0.5015541394474237
0.5147123961745862
-0.5149911581534784
1.4989459547189703
0.4882864449158695
-1.4954481818217122
-1.5126789551245654
0.5212953675213446
-0.509870414508285
-0.5088206773857035
-1.5008765664796826
0.5164938285758777
-1.5096150129975996
1.4889056791740287
1.5080779513739608
-0.4986226016630164
-1.5156673017592062
-0.4854959998136923
1.499438060552542
-1.519052588375209
0.5087671104654762
0.4923588369112192
0.49738015786512824
-0.5105771822845961
1.5087645480189988
-1.5015874304920047
1.4996993250759896
0.5017695552814609
-1.4948319873089002
-0.5221045655475713
-0.4911610798607588
-0.5260094379095087
1.4977439970319795
0.5043665762332179
0.5097632921190913
-0.5022827563986708
1.5047969707982267
-0.5078704202997669
-1.4934047819640566
-1.5117349043612889
0.5069672967173776
-0.5199948057753274
-0.4993976345825799
-1.4917214714746128
0.5177704279870163
-0.5009985343801827
1.4881636984135986
1.4943991542230632
-0.4910735199408876
-1.5072622481593339
-0.4976460972545627
1.4971198816563118
-1.5074862330535725
-1.4838100335174882
0.4965983473067007
0.5028146755705357
-0.5194089721526007
1.4981765290125169
-1.4931477996341704
1.5031976266607192
0.49824366370047685
0.5079762573508373
-0.5141378441402785
-0.4956665416618101
-0.505351620321219
1.4984321039864217
0.5053509621731764
0.5033014873535059
-0.4941254672400465
-0.48725827168085395
-0.5050239158670875
-1.4927113866615174
-1.5051740109495755
0.4989352430555787
-0.500821323974011
-0.5032234211941553
-1.486817487882135
-1.4933778542286877
-0.49348168626027
1.5003224203708987
1.496363570531232
-0.4800678882212402
-1.4997471323973763
-0.5058809638685481
1.4964605676510763
1.4952237627641467
-1.4771175536308883
0.5004931197009733
0.49584877330977123
-0.5091093445331142
1.4980411864103433
-1.4830368458430494
1.5054656139676292
1.4833299142414855
0.5085023501908559
-0.5054069733652901
-0.4886242981239183
-0.49507414299200514
1.4920627045973391
0.5083009066148799
0.5010357152227106
0.5008734241717444
-0.4882259308945542
-0.5071559757868537
-1.493900513499502
-1.499775237455308
0.5036030159436181
-0.4937976019922131
-0.5053664587591037
-1.494279161710376
-1.5001396458234126
-0.49839986874460995
1.506289281247314
1.4963250521550826
-0.48085061365801673
-1.5033806932310267
-0.5044659421539052
0.5002858581506088
1.4842636371394748
-1.4863363806662295
0.5022572921622485
0.4881432449353978
-0.4988538693414559
1.4959319422065132
-1.4863134567942546
-1.4994038841896822
1.479081197452757
0.5079624320088784
-0.5131312340568904
-0.49410972328599084
-0.49820501623943425
1.4863373596353888
0.5039619089359157
1.5103673292109998
0.4889519697179409
-0.4946561309225206
-0.5250097363702937
-1.4974478789487913
-1.4994312284685918
0.5010288470993578
-0.4977510815078215
0.49255352462185026
-1.5034368670952012
-1.4956895636241565
-0.5033492971895552
1.5039656123040044
1.4794615388306174
-0.49068558523719147
-1.5045849795321984
-1.4975168930923763
0.5030344832920128
1.479083098367013
-1.5045625584964941
0.5065832402296753
0.49481114047932434
-0.4988247018165329
1.4910259054312243
0.506788297155624
-1.5042096651259935
1.4869711983192542
0.5089672723085619
-0.523020953157519
-0.5071195167912629
-0.501190109133555
1.489562974997744
-1.5004614572545565
1.517109739182684
0.4876843705171692
-0.49556397704791233
-0.514933076001436
-1.4954586127727592
-1.5029271454453175
0.4992279165739993
0.4950413749477816
0.49380546308514534
-1.5015493805897608
-1.4886585821970801
-0.5090472183694629
1.5039244351402838
1.4881178631520215
-0.4945116134563972
-1.5020092345905616
-1.4955284215991511
0.5014156914141842
1.4818134207967242
-1.4987810233915737
0.5140797272896205
0.49499994277575676
-0.5012765616792216
1.488550787055013
0.5052788022547231
-1.504406740379323
1.5016165918156876
0.5105163172845179
-0.5231327701788295
-0.49901731770603275
-0.49120583678265284
0.49430523851461333
-1.4982837890851148
1.5095578936221348
0.5005738703805453
-0.4996786337830513
-0.49901272184206313
-1.489890091994287
-1.5068269624050703
-1.4976742556808091
0.4931772050373788
0.4987673872604086
-1.5010471453251442
-1.4807196496719652
-0.4992070947986895
1.4963909320016533
1.4983434253855852
1.51590699744592
-1.4984043203327813
-1.498790096428235
0.48515398703821094
1.4962541387898973
-1.5041477959234306
0.529680966984074
0.4958585984549426
0.4957094633097647
1.4920737487015119
0.5094369486744029
-1.4955202693402874
1.495101978942333
0.5095562148492838
-0.5124467753671254
-0.496145034270358
-1.4790348545059824
0.4932183183813969
-1.4888837219216688
1.4904998032731316
0.5154674255487709
-0.49771728767334555
-0.5064524047426764
-1.4781847992129888
0.4929975060311292
-1.4931159500829154
0.49542968503526624
0.5026259229225251
-1.5032320251574507
-1.498168324371897
-0.4808377356863071
1.4908693323428335
-1.5039144498022219
1.5250191796118353
-1.4997445635185782
-1.4967806394183967
0.48825090057598086
1.5057378078326196
-1.5164041519658151
0.522739470314392
0.49805052461909544
0.4966694751824363
1.4961143140470343
0.5174731234087678
-1.5000536820976087
1.4896686709527847
0.518979124258009
-0.5042102540355735
-1.5029241368756783
-1.482400909419478
0.4939202588541298
-1.509110500387402
1.4987240966251711
0.5177855964000633
-0.5044766073154139
-0.5180778980652047
1.5217071164021159
0.4964319610359877
-1.495604268490712
0.506827421238201
0.5075567226451881
-1.5272315192949337
-1.4995873568635592
-0.4744474715195213
0.4929077215302145
-1.5149295549359731
1.5200767711516
-1.5026313969696214
-1.4994955202003282
0.5048777672377692
1.5008022222462243
-1.520283735464965
-0.4933044905996206
0.4967196174616676
0.49958592947890756
1.4928924801176642
0.5252415383376159
-1.5000359344998313
1.4850923966035565
0.5181564859047649
-0.5073279444976355
-1.5096615502723525
-1.4976645873765164
0.49678991212155793
-1.5043024879798281
1.5027781495470545
0.5185962161436158
-0.5001051239788106
-1.5191153709065384
1.5099081551396052
0.502681576437606
-1.5138183663586138
0.49998197357206
0.5206577144408672
-1.5191485190037939
-1.5000511751384304
1.5139443211106296
0.49861267255048936
-1.5155446537229642
1.5022301098945103
-1.4877030259363377
-1.5157434024341494
0.5028980670056462
1.5027989473839332
0.4856857293669223
-0.4957819242316375
0.4945321193615025
0.501182500179972
1.4899337279199776
0.5129991336807626
-1.4830703097405658
1.4889944391994483
-0.4928439434524207
-0.5181587267835884
-1.509105139330069
-1.4931182641926841
0.5010195757660949
-1.5000277125125807
1.5007416828850897
0.5082983770428221
-1.4916518968441974
-1.5084799351408529
1.5081768546007275
0.47874579707921494
-1.5054281228228186
0.49732339794824987
0.5265231169516994
-1.5092510081557207
1.506195451996933
1.500555083321918
0.5009078545597592
-1.5089721561705365
1.5036549647256676
-1.5070839509705483
-1.5024228850590506
0.4915819700053958
1.5070868107367401
0.4926066578641508
-0.48096833742593903
0.485169800630236
0.5067381280371365
1.4914302421944903
0.5007367224992807
-1.4791820781075482
1.4944725174091873
-0.49861123730994145
-0.5208110600073088
-1.5026210270503035
-1.4810417121489368
0.49312281277529313
-1.495606021830801
1.4968867876007985
0.5017538683095415
-1.4908407511999626
-1.5008504792167503
1.516732579991672
0.4780827428956093
-1.4980615026577397
0.5002950017120424
0.517892878330884
-1.5129770609720106
1.511000058333908
1.5053416735991256
0.48879400942199164
-1.4962038583460866
1.5053290346427526
-1.5102307961217147
-1.498514394122118
1.4905046543289704
1.5074091682884092
0.495082955569319
-0.4844175466095301
0.4990262278405064
0.4953821853280341
1.4996885250410104
0.49345605886058924
0.5094256294800725
1.4942301961881024
-0.49647777170843616
-0.5056719426079652
-1.49987907542049
-1.4894507149620264
0.49950174754714194
-1.5011076271674608
-1.5053644784735585
0.5071506241197793
-1.4974875703187671
-1.5072242247671621
1.5248789262154736
0.4953116401034435
-1.5030059358394279
0.5048511009474579
1.5056112448385937
-1.524847239762509
1.510800366293713
1.5047697069350876
0.4881661810925456
-1.5025889692696066
1.5099630812395828
-1.5067497830984178
0.4960632639862708
1.5014473550393725
1.499835533500556
0.5015616413910754
-0.4849568459902361
0.49400708911648095
0.49307817448250896
1.4995090322933609
-1.4990334333514796
0.49833524795585915
1.493487543395069
-0.5087915780254638
-0.4992067195824229
-1.491345643266313
-1.4956172052698915
0.5037820838211835
1.4919971231745617
-1.5028356936896887
0.517577435682583
-1.500551300107044
-1.510532993641794
1.4983108495847133
0.5046799448685327
-1.5120647958838322
0.5046012526562599
1.5068040782542336
-1.5278267194010542
1.505804334196404
1.507056558255498
0.4993244707557503
-1.5134213303262967
1.5106098065978242
-1.501491922834648
0.4891537854679253
1.5087729211256233
1.4967416819713546
0.4942515548346253
-0.49649978506732767
0.4853780359662956
0.4944517312778256
1.4930060530079934
-1.4873194449143998
0.504633844390737
1.483972268443858
-0.500130176774989
-0.49423297247561054
-1.5021303864108613
-1.4997874025095588
1.5028535539732994
1.493605838896406
-1.4934078530597412
0.49547136997456703
-1.4964844275683529
-1.5262139945619426
1.4973496318122896
0.507633333678389
1.483062806960291
0.4995815393879279
1.5200827796970602
-1.5244490647547806
1.5176965240800462
1.4840350117860022
0.5066041259837619
-1.5232775732814554
1.5075519737666832
-1.5009759734727028
0.49170525642082996
1.5023914480205773
1.4998331062729278
0.4882730989249571
-0.49400592871469784
0.4843958813541653
0.5016171368040027
1.4893012615477441
-1.4885234987993732
0.5193848823285251
1.4873115563814536
-0.49945099356691336
-0.49673580539914197
-1.508826776761445
-1.5000721274310598
1.498222496088121
1.5017607057126274
-1.493466961268842
0.49741616729217153
-1.4927863551889202
-1.5224308795624284
1.5037397710633524
0.5058442302023805
1.4891871964811088
0.49854948115439235
1.5197044701572409
-1.5102204702975026
1.5177976998580343
1.4925007394295737
0.49953465831639493
-0.5188956670860861
1.5045283453356295
-1.508081827439848
0.5015339791369758
1.5011667083423845
1.497975833851101
0.49984769358539577
-0.49074820948186354
-0.5079459812262628
0.5044931589808089
1.4951410254532187
-1.5019439580976846
0.5233750385567841
1.4980670128888085
-0.49824079523669007
-0.5027054763385377
-0.5005077516796546
-1.495771761197355
1.4920338980165813
1.5124431255184658
-1.5006801286795017
0.49807313839837103
-1.4886991555403464
-1.5103669715159544
-1.4897313119348357
0.501751251468535
1.4985204255288311
0.49869930759654174
1.5124152148684133
-1.5032335715028509
1.5050678555056003
1.4991537205033607
1.4940374814543553
-0.5063181514827874
1.5101788856640732
-1.520966205760831
0.5053505837194611
1.4898839104964574
1.503483211418582
0.5094498168663768
1.5090014442197557
-0.5019513575817006
0.5015142067339515
1.4936358431336012
-1.5037585169795769
0.5012163175681451
1.5000456897846237
-0.5068433921955822
0.49520588103145485
-0.4897429687437238
-1.4902225745765694
1.4930077213223476
1.5209059566501764
-1.5110701172939476
0.499804495524586
-1.4899869049361596
-0.5057722302470402
-1.4909355503043367
0.49724815928983584
1.5116943411327635
0.49791513898524986
1.5024007084799762
-1.5038522846765017
1.4990023716229215
-1.505644198381841
1.4962287629780635
-0.503454936921571
1.5173420549623056
-1.5102698878728775
0.5162732659023651
1.4799172010091093
1.500724897099219
0.5057287085523505
1.505490174661563
-0.5056928271740373
0.5007662621602799
1.4988515080617344
-1.4980924351476321
0.5009566524158776
1.4959056118257053
-0.5149310615215097
0.5000781112364352
-0.48855613275346704
-1.4961080542049554
1.5017206147486333
1.5223278373569396
-1.5027277221209276
0.49395442505294274
-0.49357320234948576
-0.5162832392274297
-1.5019498351456235
0.5017440447095786
1.5116155199628178
0.4966324316266017
1.5070778822201358
-1.5077909256582895
-0.4954885942791772
-1.5145843838288269
1.500117103261464
-0.499377402108767
1.5076062519037392
-1.5056878918566445
0.5202419098306698
1.486087095647855
-1.503374209332442
0.4929331152157237
1.5017654966116105
-0.5094109189806206
0.5002124940919024
1.5068340199244605
-1.4992482699448924
0.5015615725511405
0.49520322620859175
-0.5114034075945669
0.5015392226881031
-0.4788407303448546
-1.502920087911651
1.4995114268735052
1.5153686430756101
-1.496204371519058
-1.509685826389162
-0.49483492388614764
-0.5211141167730677
-1.5104218498218223
0.509181425311419
1.5203810903007244
0.494612977363833
1.5111368443208035
1.4914954439897163
-0.48692470790115844
-1.515690907195569
1.500684942792845
-0.49461655544234157
1.4958521109460199
-1.5098612316286901
0.5172194815091973
1.4939035150396596
-1.5040619531897728
0.49030565577239155
1.5121174818518175
-0.5027925808238474
0.49841995665924604
1.5090646363413434
-1.4991136721793137
0.5022804919852971
0.4984467725991537
-0.4998057746903685
0.49211882788666017
-0.48732471939584737
-1.4972991270345624
1.4954265028333522
1.5046810469510528
-0.5010278960288932
-1.5063863456288544
-0.49712841003894576
-0.49721788246121756
-1.5047786399980554
0.5104161251924951
1.5119080650176613
0.4920530465843492
-1.4898610601193618
1.4950061840934672
-0.4866844736418314
-1.5080841267142548
1.4826232302156346
-0.4725114547157178
1.4948502018182341
-1.5103891186226892
0.508232269552143
1.492711207145894
-1.4989782298690784
0.4986883326059679
1.5124600446263907
-0.49900814942102695
0.48686764539375693
1.50570771282335
-0.5023942984189066
0.5020751927849056
0.49999038980896643
-0.4908591030868878
0.48408487754310175
-0.49498920879150937
-1.4978923913114686
1.4940656483280026
-0.4967028920943055
-0.5099815440356908
-1.504391945507383
-0.47636425151341666
-0.500641669046035
-1.5003364760184694
0.5031688604126049
1.5025730053391213
-1.5110533100846038
-1.494979159976997
1.5037494866521859
-0.5105872586772882
-1.4983229522607104
1.4913867091248845
-0.48718160188775506
1.4905802881769115
1.4977069166816077
0.5068052605756139
1.4820012809331529
-1.486494628734287
0.4996195926628638
1.485235860807607
-0.4956767092325825
0.48663922144378424
0.5018588101744796
-0.5055156107167471
0.49684827362973066
0.503373746514673
-0.49776310962153814
0.49706168320824395
-0.5023819290241085
-1.505944808769089
-1.5031389987622683
-0.48706127203559846
-0.512218484212072
-1.5026679469687432
-0.48502804453921033
-0.4986138093228786
-1.5095359017510384
0.4983416830997969
0.5083441176598464
-1.5118042717050368
-1.5007974422139305
1.51732225198869
-0.5086105245804899
-1.49822926026746
1.4978375319132886
-0.4942224246505284
-1.5167335408891434
1.5035851882960392
0.5160923819487215
1.4750820594933651
-1.4977934230402679
0.5106534400214447
1.4863356919964763
-0.5013480074548201
1.4984212992748003
0.5016904277456525
-0.4996359718054965
0.4980873989249015
0.5174783662049811
-0.5111687761368933
0.49922308205398
-0.4910565056905459
0.49140249033923183
-1.4998750496845992
-0.4820321427437044
-0.5014747560151661
-1.501593400336341
-0.49435546622443016
-0.48244085565219225
-1.5134373495868245
-1.5021865268447028
0.5190139499601462
-1.5061286550253488
-1.498515747881896
1.5241063280352447
-0.5020269747059258
-1.5044068846526029
1.501815808706495
1.5134798112375758
-1.5170196838006234
1.5019212682706224
0.51009532886244
1.4907226334843147
-1.5096494536292757
0.5254656461405548
1.4941307592913016
0.4963063036680603
1.5057618260194638
0.5040359547475657
-0.49371987065855777
0.49309938388575053
0.5128841577809723
-0.506998438047866
0.4992371560037306
-1.4795001951460807
0.49672391018169504
-1.496781063521344
-0.49736559164843
-0.48848568183030194
-1.4993738417265545
-0.503516406882429
-0.47294007006334043
0.4903768263557026
-1.4961743757320167
0.5173601288626309
-1.501151718244096
-1.5057001399887422
1.507299919532577
-0.4966430139311381
-1.5054070360712546
-1.5043689049873818
1.5237495288363385
-1.5113646977237412
1.5041260211379506
0.5077599996735701
1.5015345233840904
-1.5207504295877285
0.5220665049906615
0.4943207626261947
0.5016001279351301
1.4981276364836118
0.5102208382612385
-0.5009304394371693
0.48878771705844226
0.5104123465725364
-0.5035706058203219
-0.5009244969675658
-1.4843023778557094
0.5012930683728833
-1.4907794076015004
-0.5037102738508246
-0.4860502067448704
-1.5077313531555876
-0.5072396548251825
-1.4817767696384523
0.49587216259737055
-1.4877884488804414
0.5028933771141331
-1.4956698474716557
-1.506675577301035
1.501354575877464
-0.4979707945232467
1.4977928688637487
-1.5116369368942093
1.5248020936542876
-1.5094867654336763
1.5092681715113407
0.49782896549095657
1.502166205089444
-1.517083507886927
1.5064368449222958
0.4853064108077094
0.5080246717320009
1.4914861065040268
0.5217834503320836
-0.5011151046352864
0.4893395092147715
0.5072406813380642
0.49657763087097856
-0.5005603634052439
-1.5004881434683928
0.508677102961935
-1.4948917403562303
-0.4995147751381968
-0.48485297518928966
-1.504135411102236
-1.5021412421096694
-1.497096033236081
0.4975676692846637
-1.5012053627252975
0.497294732782768
-1.4782215838277952
-1.5088141187139996
1.5021246579556995
0.4982733197396264
1.5009648854586608
-1.5080529093694324
1.5125661324202453
-1.5173396524707836
1.4998758088129063
0.4988782077304123
1.5039429262046664
-0.5076368158082395
1.5012024410396356
0.47948819365066186
0.50581892216467
1.4824582074971395
0.5161592005576193
-0.49984777526754665
0.4941007186217279
-0.4951836697659505
0.49314225065538536
-0.500173827853993
-1.5013700860123154
0.495453764460747
-1.4968395129197647
-0.5065988629828144
-0.4916338232773325
-1.494627487776526
-1.4946209397027206
-1.4970223587065739
0.4905834675693534
-1.5050286395582688
0.492188470118834
-1.4797535625082887
-1.5052113193875931
1.506641937924088
0.4980035198192231
1.4974502230937508
-1.4926751463410355
1.5053692601671833
-1.5286782275783817
1.5022978682288228
0.4873391707919324
0.5091099980780952
-0.5060741606010506
1.5107866775019085
0.49005145302082
0.5026581546124097
1.4898772810182395
0.5013107216780686
-0.5004932075847589
-0.5019394536471572
-0.49308960716494815
0.4903355859633556
-0.49996483531694486
-1.491174881849037
0.4911824305614302
-1.4905162659669315
-0.5148798657523812
-0.4963815116300125
-1.4931217133134578
-1.4944370875301956
-1.4889447681684262
0.4916319533470139
-1.4988965741164209
0.4925200049894649
-1.4913606075082992
-0.5023787967070003
1.5093709487520464
0.49855069488208575
1.5068071546828197
-1.4938160367063076
1.502437795815997
-1.519378092460203
1.5069174332497657
-1.5185083015569596
0.5102243367217749
-0.5128141703172147
1.5163856104124127
0.49445406155064303
0.5179066080581359
1.4910657718965603
0.4943057873391666
0.49889873188084594
-0.5041549714607335
-0.48977254196014236
0.49787104116237174
-0.5021759867748465
-1.49160660670559
0.4974253996190791
-1.4838146153447487
-0.5145119528869235
-0.49237668487414726
-1.4993913200596332
-1.5031146390757284
-1.481324868767025
0.501231678569116
-1.4943340142132606
0.4973903926218472
-0.4969394505807805
-0.5044997706706648
1.5038737136575768
0.5071457934619943
1.5049984174107531
-1.5023196621357306
1.5086506260441492
-1.5064617050351683
-0.4928658026779343
-1.5108955334813094
0.5040360556063381
-0.5085994767604127
1.5112441725739552
0.5032720248555604
0.515628067251191
1.4953685459850068
-0.49699601320693637
0.4992043067637232
-0.5074471073409856
-0.4925021849348617
0.49565262887152295
-0.4922136871913173
-1.4973512019613886
0.5114234342301112
-0.4872787706797671
-0.5061496464457831
-0.4892965782455002
-1.4963886710595442
-1.5076759797752293
-1.4880657998254792
0.4986019081214675
-1.4941884277669382
-1.5011669145972932
-0.48909817252223486
-0.5034134573340532
1.4961801096317189
0.5133390937436987
1.5106203892019343
-1.5083630169344135
1.5151891692539594
1.4947815909238846
-0.4968610942361931
-1.5004360560829024
0.4926376719297682
-0.5044973065297873
1.4967617128036355
0.5100548346710299
0.508119103839037
1.4918778169620828
-0.4850661925394416
0.4997037787303861
-0.5039462100233677
-0.4897794350634869
0.4843802824513749
-0.49068502334108
-1.5043009735351465
0.5161181659999458
-0.49564812467400104
-0.4996492003468523
-0.49560811903369306
-1.4989178797534466
-1.5025614803609626
-1.491548325396127
0.4902111898832084
-0.4986589850254443
-1.5045760146698954
-0.48386927576263294
-0.4945090233351586
1.4894127731442903
0.5050941001821743
1.503064603544413
-1.508533851334246
-1.4863446350117047
1.4817177442926426
-0.49987045728295915
-1.50025982861082
0.4923416254590976
-0.4909508001167879
1.4837359112169757
0.5068616703417338
0.5036053560036018
1.4866903645927756
-0.48588375279050483
0.4909900542857292
-0.5107714478036591
-0.4959064836228705
0.48439143279241575
-0.4952245401373963
-1.5050030349856816
0.5044203982321904
-0.49717936714052596
-0.5057871439856112
-0.49869837341708445
-1.4980458449876437
-1.5099655890682457
-1.4963960530246028
0.4891229057966895
-0.5011753912285458
-1.5067347242435054
-0.4914139254731831
-0.4959249443490592
1.4812309692877408
0.5008321505677985
1.5058341922476444
-0.5050512708165822
-1.4936571323329277
1.469006674079693
-0.4913157367948143
-1.509405948838248
0.49904062757519435
-0.4943311550584692
1.4784127522382153
-1.498313709292956
0.5076122808871815
1.4876520527211925
-0.4976893095637529
0.4931697493628104
-0.5032300480133468
-0.5020341212426385
0.49656234169673924
0.501567397431188
-1.4983286195601584
0.4940591596015514
-0.49978662558127135
-0.5106114752291734
-0.5025163325872659
-1.4828228971168242
-1.5123731718330777
-0.49639286200259797
0.4965499751446972
-0.5031898478112796
-1.4832376703223538
-0.5013326576777273
-0.4931485004979043
1.4830675982424804
0.5014112550268922
-1.4831912769778688
-0.5032856340815436
-1.4972014006565317
1.4776322580977048
-0.4951451135622004
-1.4920463874849437
0.5007870804672037
-0.48948875800636593
1.4834966786671822
-1.4984169362858493
0.5143537110096673
1.500990409182212
-0.5039619020044426
0.5030140700449752
-0.49952615902132397
-0.5012055993849125
0.5042078414383426
0.5040292355137679
-1.4934616335479634
0.49975006429158864
-0.4953083384835201
-0.5003686070825898
-0.5003829540964574
-1.4745756418343696
-1.5061070541943484
-0.4914405600777065
0.5033829957658037
-0.5033855959979937
-1.4811083780025127
-0.505534879245316
-0.48495704604900736
1.4899912138275886
1.5062168075418274
-1.4793052305724035
-0.5037064355021822
-1.4991068662642626
1.4919310089556939
-0.4947054278038947
-1.4901021937991632
0.49440520891949974
0.5182247374923715
1.4924923361533369
-1.493415936628557
0.5114975079273819
1.4963266347385962
-0.5082802536560939
0.5066324402945446
-0.49173277008996796
-0.49754551753554493
0.4967110213134888
0.5087804462309685
-1.5004725283028248
0.5133839729436102
-0.49394588045219473
-0.50153255372439
-0.5010894300370508
-1.4833245779969018
-1.4989563028484545
-0.48774587850560064
0.4995671300630859
-0.5068572018539446
-1.4942108930448896
-0.5010547737627953
-0.48267678772403694
1.4938580199127813
1.5084221459667442
-1.4868520779459244
-0.5101741645394988
-1.491425421460214
1.4945346871127034
-0.4952358436953403
-1.4933572158433546
1.482385117160048
0.518511545293654
1.496527897447761
-1.5051273186158929
0.5080040298221338
1.4802264752486667
-0.4984741749518508
0.499799176480259
1.5091238895643695
-0.4959684212324156
0.4884526063504167
0.4910788754731839
-1.4993649051911129
0.5006986995323867
-0.49306284941992506
-0.506808602988719
1.49503427810445
-1.4965958358355433
-1.4969656072132551
-0.5054811258439801
0.4972874058198451
-0.5284082398577697
-1.49437225842091
-0.49447960485714615
1.5099619189292615
1.490032486912281
1.5087384134295452
-1.4994750551797575
-0.5088373164359737
-1.5039505050762016
1.4871930655640955
-0.49759229968049645
0.5041246938652194
1.4821500297724681
0.5095633359862067
1.4983250319044923
-1.5071368534722343
0.505768386427534
1.4774549374698502
-0.49286050434920026
-0.5072533422412993
1.5021043428191303
-0.49956797322703783
0.49396090300325457
0.4919396872641244
-1.48630344652329
0.4871125755770247
-0.4952253164986602
-0.5088914830252819
1.4931509927958733
-1.4980119456997636
-1.4969695584657288
-0.5006128053253771
0.5012292571501323
-0.5196501734148529
-1.4862892215302432
-1.4951054092203493
1.5031918610818267
1.4869466379171556
1.4971186631221889
-1.4924647395477486
-0.4980013706172856
-1.4992436717703745
1.4780370736126216
1.5013354654113729
0.5058512121074717
1.494778470912471
0.5016407506859119
1.4971098884077958
-1.512192448444762
0.5178223697514797
1.4893965596901886
0.5024208802467249
-0.50320159408925
1.4950424792937431
-0.49323575771585415
0.49722859373652345
0.4963006660658501
-1.4783252462864405
0.4853723933305568
-1.4938892468950002
-0.5046896774838038
1.4980143330033702
-1.4958707918074334
-1.502479165503383
-0.49033885199875216
0.49823338369112824
-0.5067350284239168
0.5231001132474128
-1.5013351502635768
1.502601570445157
1.5008379478058356
1.5019609747049847
-1.5022072601482819
-0.4908194158935262
-1.5031071063374977
-0.5158581313300151
1.503500667445798
0.503903707996774
1.508222428249618
0.49479372201495164
1.510217167183088
-1.5070502806807873
0.5126168141869963
-1.4979616003498533
0.49317821171770554
-0.4954783358875438
1.498445095355318
-0.49435920141154827
0.5056566766365783
0.48834461316760863
-1.4857655908264644
0.4969512962565548
-1.4903807719391715
-0.49949376080820374
1.4921812994986754
-1.491700809367727
-1.5016969988350177
-0.4942626509786524
0.5011628035254294
-0.5080972359502657
0.521029325554162
-1.5051081633798258
1.5097791136164593
1.50112320221701
1.4939204119196745
-1.5107834252304133
-0.49654959732659654
-1.511426240808923
-0.5028727136146856
1.5076886908557519
0.49874433100096105
1.5021561937739474
0.49924745247791835
1.505407755837888
-1.5104034442034702
1.5003773282459596
-1.5012875010812614
0.49662105521586
-0.5010698258445418
1.5043075714709215
-0.5065341166316911
0.5051853927273805
0.4800668759550121
0.5034642888075324
0.5050520377883536
-1.4929942261406253
-0.49782645253856395
1.4958177076567623
-1.501003627790883
-1.498113780731945
-0.507170116328146
-1.4974951064948596
-0.5217527069578348
0.5134078586121759
-1.5008498685811316
1.513653469721545
1.5010032019734845
1.4901508071856029
-1.5103080849920019
1.4963707596997478
-1.5137173302892506
-0.4956546017840788
1.480404369435937
0.5054690805570935
1.500357701319005
0.507574462073155
1.5049092917863338
1.476961625879531
1.4980855968418587
-1.5140277565470002
0.490526310478151
-0.4983163657925572
1.4837371505725554
-0.5016667585340736
0.5136053415941642
1.4786797399165352
0.5039687999770227
0.5016810052635905
-1.510803227661674
-0.4938992592713286
1.4913073494438216
-1.4996043059128192
-1.4909377518068683
0.48895733006032255
-1.4981458200541529
-0.5284923442772043
0.5082370323857774
-1.502289204070289
1.4953169211809367
1.5078271560872338
1.497142654881513
-1.5003948012751447
1.497229978282864
-1.507938666806765
-0.49978202678156897
1.4828483638975654
0.5040379553517645
1.4983838671545124
0.5056799602939529
0.509416094640899
1.4737839086293023
1.5068308176286782
-1.510845445689952
0.4957948579838927
-0.5021555328149143
1.490380347505931
-0.5003106273518761
-0.4784639492278689
1.485383242051883
0.5153276752801432
0.4929713300538978
-1.5027508951591002
-0.48487088112589755
1.4929133219564885
-1.5050517241314245
-1.4872967424806878
0.49905592465884246
-1.5011301789400435
-0.5162714977743199
0.5208405377544659
-1.5079058249790631
1.4998062344536418
1.5135277292229705
1.502612684771593
-1.4950816716099584
1.506348198582489
-1.502787099768228
-0.5057661497108857
1.4978693821031903
0.5062808187034795
1.4955804418778975
1.4989600518027273
0.5130068447063415
1.4848037646298713
1.5116761184818601
-1.4973676476950109
0.4990167375235121
-0.5025446037973884
1.499949527011697
0.5014351752209834
-0.4818410000224713
1.4920966055069347
0.5156807673886639
0.49420320313489347
-1.4971216579017335
-0.4828654282583096
1.4957075007617044
-0.5073648890781768
-1.4917094822490031
0.5052290562707779
-1.4905089437872543
-0.5081982859764395
0.5256178531476277
-1.5072714670624898
1.5076124042599186
-0.4867694817124921
1.4988983614642466
-1.5070840470982787
1.5186097891579005
-1.51473925510285
-0.4905884254628143
1.495393589755579
0.5060043556089688
-1.5039297193478882
1.4964886681130227
0.5083546008626417
1.4962061539590343
1.49792854461898
-1.4815599097997376
0.4874825177351156
-0.49827647025220273
0.49918917452334505
0.5013454567172502
-0.49581720157147374
1.4901486118291638
0.4992167038828984
0.502787120343698
-1.5059787117303702
-0.4890137884297178
-1.5057314671086501
-0.503399592765423
-1.4982374641758676
0.5010342096586878
-1.5002091732279648
-0.5117402341206787
0.5084162423796426
-1.504610189483781
1.5088857679793075
-0.4928142027637157
1.49164205198971
-1.5091432323413971
1.5093149451905954
-1.5287962868886198
-0.4925680600968643
1.4821414541954752
0.5037092122227795
-1.5005444571262474
1.5015445630086428
0.505278854156189
1.4889886896160374
1.4919509006763156
-1.4931062777051263
0.4749022204036082
-0.49396522602716314
0.48751301581958334
0.49921741152100985
-0.49803129035423477
1.4977953029644633
0.4910064789184291
0.5047875881191533
-1.5183542292683532
-0.4930176093797526
-1.5095703322477627
-0.4984679798424053
-1.497700943026476
0.49469054710556665
-1.4986164862200966
-0.5089226651337764
0.49632357285518536
-1.5019638778837274
1.500123258574674
-0.49772658555437566
1.4965735633914063
-1.505636632475794
1.513777923750993
-1.5258894635476978
-0.49005983972619355
0.4726346328821504
0.5020013416585966
-1.5026948625704402
1.5220553510993007
0.5008020196081291
1.4935571341140763
1.4947762299145564
-1.4936336445181935
-1.526113925034936
-0.49568703817362814
0.4858948777818199
0.49512614337090155
-0.49140772987129144
1.5222465886401353
0.494665077486244
0.5091403656092764
0.4817081529811063
-0.48952968292205856
-1.5122874597399576
-0.4991377854028009
-1.4898238991284143
0.48928270468288015
-1.4891636360260863
-0.5001872391254661
-0.4982766202797993
-1.5030907704012308
1.4933745300413879
-0.48434427607698827
1.500562827510346
-1.504694365332742
1.5243677752248748
-1.5139335140813222
-1.4859436454484263
0.4798078347255741
0.5064844546991696
-1.5201306266042172
1.5139649759903153
0.5115388456208334
1.495815370224395
1.4985476155775674
0.5170484326897992
-1.5141027847417365
-0.5042726663213531
0.5082373104866055
0.49704183676111724
-0.4994436242303557
1.5179280120286338
0.5071363179283129
-1.490334871124813
0.4941839187265931
-0.4814323230958222
-1.516334870860917
-0.5105767314823662
-1.4714673323273413
0.4917490991627898
-1.4855900074139958
0.5024806250137642
-0.48267721943305764
-1.5065823414063853
1.497352432924307
-0.47572898570785466
1.4940821830152515
-1.512258874786535
1.526858277231688
-1.5095517958442473
-1.4861871104586686
0.492881449618665
0.5158347185670654
-1.5205068399158153
1.5030334964052525
0.5154829712577307
1.4993647093360127
0.4962671457711266
0.5243129497589496
-1.509029932109235
-0.4910394316770944
0.5090506749241676
0.4999312148369737
-0.5006926358552551
1.5005648252948502
-1.4922518588566962
-1.4950492841485923
0.5057681442718349
-0.4918311034654439
-1.505273991385276
-0.49492237222024965
-1.4851828416848132
0.4902237821510737
0.5099420331845158
0.495964924414369
-0.48226907565194116
-1.494614226206068
1.5005161638293545
-0.49336595617798323
1.4996297989479201
-1.5096551918881107
-0.4828812343004553
-1.5195811440761635
-1.495269471089451
0.4988162661237249
0.5116510411474816
-1.4975438030966928
1.4965231905775769
0.5066782753735323
-1.5018597640449407
0.49038209617189027
0.5168864326322472
-1.5177225068670575
-0.49121763775251026
0.5041883431991705
0.49202308370669506
-0.5008228198133154
0.49915999856379595
-1.5050571290257655
-1.4992829360286815
0.49915554623036723
-0.4928053186991098
-1.5067084388380056
-0.4837123331452633
-1.4977196919344138
-0.516669745361145
0.5040361139675718
0.48907149780791476
-0.491890915719754
-1.5029631115540958
1.504751419821066
-0.4998472149340197
1.4972959629135854
-1.4979116083496513
-0.4926353354838446
-1.529527606063328
-1.4943342947305114
0.49765776070172363
0.5074040573346151
-1.503606248559867
1.5120126824411357
0.4971711082728781
-1.5063686066623365
0.48978689725878444
0.5065160940869069
-1.5229143640885197
-0.49097990883553017
0.5075675242451346
0.4888235042216514
-0.501637657608403
0.5138905340411891
-1.5133157940436792
-1.4977370630697393
0.49805754802540797
-0.49635204348777295
-1.5095945093669487
-0.48682522501569125
-1.4949941341736446
-0.5197570883392651
0.5037734403431989
0.4983199771857799
-0.5026544777546761
-1.5022188640303236
1.5150707409387711
-0.4995336838598931
0.49393198242759795
-1.4940889246001439
-0.49213717767056026
-1.5105029674022121
-1.4993797649678227
0.5062475887668927
0.5004397479293813
-1.5101724880393514
-0.47578071017828916
0.4994696942374082
-1.510152557802531
0.502881413329618
0.5007776602153379
-1.499922253944133
-0.503923113676967
0.5196971101283541
-0.5089275775785544
-0.5023138189416867
0.523594681823525
-1.50418369024346
-1.4965394456030772
0.505529813714216
-0.5015260870494395
-1.5088596320646297
-1.5010699767756146
-1.4812307692447162
-0.5132201465795777
0.5033644017425116
0.5066189027622583
-0.5001864395314577
-1.4956550439591805
1.5112573495698425
0.5064453557884762
0.4942548083234482
-1.5026020451000666
-0.48258894273379654
-1.504604471609802
-1.506159453873627
0.5088384634749625
0.5002157115767119
-1.50833111819948
-0.4837035497005876
0.5123356977392206
-1.5154293326523651
0.501823876879881
0.5073583627783288
-1.4978234396004775
-0.5074259834419887
1.5230209256668954
-0.5040019673534625
-0.49596284293875453
0.5055431307594267
-1.4909371980155153
-1.5071978815182903
0.5028241255021602
-0.49988204446452195
1.4945179395707435
-1.5060779267588862
-1.4743004536396183
-0.5074291736767791
0.5075487735494828
0.49536075924176115
-0.4900070453703857
-1.4920458972556019
1.4971270466435758
0.5093366440597209
0.49811245825148665
-1.5024745979892535
-0.47470543879332816
-1.5049477542106138
-1.5073337615158813
0.5050877518940207
0.5048242314301804
-1.5008013531805091
-0.5005046598451393
0.5178117720087521
-1.5085036849693256
0.507559170029932
0.5184563988337313
-1.5042687574682583
-0.5010952224766817
1.512662131244369
-0.5050107701622193
-0.48905117646856794
0.49543995326609946
-1.4829507327493852
-1.5070957171267705
0.5022355696746331
-1.4962093973271344
1.4955098356113317
-1.4917825306163532
-1.4910974167112987
-0.5043664892421322
0.5133215808509405
0.49255034425999
-0.4782286066325253
0.5028866662347711
1.4931525834974757
0.5036914142144374
0.4997786281353806
-1.5017906562245629
-0.48941182835973246
-1.5041222674269723
-1.5024057559279822
-0.498971680634841
0.5078576404813445
-1.4972714830253455
-0.4999226627345736
0.5082479171921128
-1.5034795925035216
0.5028920552499921
0.5166820937768
-0.5090553462236458
-0.49265094827038014
1.5000803919656078
-0.4969907335917739
-0.49486383959034097
0.4893488070595061
-1.485971894444014
-1.5043755960952674
-1.493395933752659
-1.4955434934202825
1.4941964864910773
-1.487881680246798
-1.5006598282140298
-0.5024881557732814
0.5060634785452542
0.48124983192096743
0.5233221316193026
0.49617451700039233
1.5041945922252042
0.5042540219050744
0.497987947641073
-1.5113876445229686
-0.49638041718521597
-1.5080686016914326
-1.498336035812844
-0.4969510138136968
0.506967943859339
-1.5046614015959214
-0.4893929894054587
0.5033751545849617
-1.5086810449294958
0.4948167961919593
1.502724760124697
-0.5065747942343706
-0.4911337798841113
1.4961974138057055
-0.4932137228226468
-0.4992325811434127
0.4880939703897322
-1.4949113597925465
0.49685752076205403
-1.4891188612748518
-1.500290298004296
1.4994115027325645
-1.4880397244094625
-1.5089892773042286
-0.5028774525399899
0.5040505137250809
-0.5248527006265264
0.5128791604816266
0.4966276988577628
1.5120998936949623
0.49812331856901454
0.5090723473186383
-1.5106654534343065
-0.5010663111260919
-1.508486174742038
-1.5011238754710716
-0.49242511014742885
0.504383229806729
-1.5100595764139255
-0.4884122054364
0.5008055066082538
-1.5104695721396064
0.4933001547147122
1.4969955667764387
-0.499437787915697
-0.4997328925363994
1.5007046819885237
-0.49436376336835014
-0.4958333498976964
0.49236507367689825
-1.4972228759999513
0.4948735384652069
-1.4905125722265105
-1.5069258299670587
1.4971706811537921
-1.4970906708574716
-1.5091777614727426
-0.5036142883891956
1.506465709088526
-0.5166483937357526
0.5070224110547877
0.49675734300029
1.5078473841670772
0.4930929214618938
0.5107254487155187
-1.5042926911672985
0.5048170875455678
-1.5042771931331194
-1.5070568087866052
-0.49439659973054767
0.502510256566812
-1.5191424697943172
-0.4954428389880816
0.50602526360949
-1.5068640704810254
0.5004262863382162
1.506659898915276
-0.5007669335655076
-0.5037479401093058
1.502117309895906
-0.4999009789898535
-0.4965995622392762
0.49816985696974936
-1.4890567704249824
0.4909297489357773
-1.4948921312114227
-1.5100503935301608
1.4929207523760142
-1.501578953601349
-1.5030722934001024
-1.5013556361888751
1.5098524156355182
-0.5037805323583219
0.5065076620016022
0.5017496807916094
1.5011011371902698
0.49245169747998263
0.5067783426793621
0.49734816200046933
0.5136982559505177
-1.5022713219003891
-1.5037109042983572
-0.4981927915739541
0.4984767784864948
-1.511671908198449
-0.49857937850359463
-0.4880506292561282
-1.5029328894358964
0.5039768782036829
1.5226631705376843
-0.5056173295085395
-0.4911398440309815
1.4966325506210951
-0.5006185773700442
-1.5012734781748611
0.4972221005191487
-1.476707145741786
0.48438028216146195
-1.4905018816334654
-1.5044020368070128
1.498079477540843
-1.4955479844624897
1.5012136168804262
-1.498204438918095
1.5109608061961224
-0.5072688417942401
0.5156479439250806
0.49232900104590427
1.5092503364166103
0.4961055655983183
1.5028058260836519
0.49164704655128383
0.5142806883221809
-1.4995062062215343
-1.4924073531035909
-0.4989724555437421
0.49820597902651886
-1.5033654499222733
0.5082474061275588
-0.48872478901491473
-1.5044638859017176
0.5033151165945283
1.5152659290443173
-0.5018003947572524
-0.4786571406727266
1.4955092101104428
-0.4959864686733662
-1.5035377060961068
0.4927923537105379
-1.4908930724151757
0.4916924898259303
-1.4801368866464408
-1.5048542713292372
1.5042846496897266
-0.48738844136437787
1.4980473612361866
-1.5011105401030551
1.5097657950274836
-0.5236529299978008
0.5079134517197738
0.4925158659215181
1.5220199876466485
-0.5021820101741334
1.5054310960259885
0.48714766153061384
0.5047205144201041
-1.5132763017577084
-1.487022278669519
-0.5005701134875966
0.49886101854013987
-1.50249202502981
0.5157425407776319
-0.49596326138150704
-1.5120736406621476
0.4910477377895822
1.505226908519302
-0.5086828336320446
-0.48165399732962066
1.4984505051816355
-0.49158684096411576
-1.5016025584801778
0.4970249005602489
-1.4996675603158787
0.48063629761373916
-1.4804366371449889
-1.502802307849285
0.5022263673272547
-0.4877077455896954
1.4855455583842136
-1.481640736340782
1.5018011451573778
-0.5225987036834606
0.50415818749144
0.48002484432414605
-1.4737547767256642
-0.5053631537230167
1.5116257015394787
0.4917235217841445
0.5010843014158586
-1.503836713747031
-1.501242118790736
-0.5011953218096096
1.5010209901583489
-1.5102710307951386
0.5139635711285677
-0.5007394879446875
-1.5092715402891186
0.4869408076400227
1.5124235424020092
-0.517391604518801
0.5042987420151948
1.501425091373953
-0.4941379332952131
-1.4953228216132257
0.5023253145378247
-1.496082505599412
0.47318684299405306
-1.4886158782532024
-1.5011519223849146
0.4948452088032292
-0.4965033408901239
1.4869795181472143
-1.49370031336036
1.5108961374926126
-0.5125336868267326
0.5070470200617758
0.47411670940551337
-1.4840978467320345
-0.5087751357987648
1.5115537256414542
0.4961573579548739
0.50964860247212
-1.5093787552584026
-1.5050712875580021
-0.5015937633315177
1.5025006146089874
-1.517873194176051
0.509007776445695
-0.5090892574560819
-1.501108190151808
0.49498996996272615
1.523558454703027
-1.5166157230789392
0.498682515889154
1.5035330609233681
-0.5025580960258097
-1.496804222677533
0.5070565059497536
-1.4985007157312986
0.47870949086930625
0.5073346046945861
-1.5017280096220758
0.491641398119537
-0.501734124624657
1.4912282572703421
-1.5005451415667124
1.5188577396179839
-0.501272623009262
-0.49084479946676884
0.4827434146128588
-1.4936277280322177
-0.5110125991490961
1.5068633716280804
0.4920085944080937
0.5094220210158668
-1.5014816243022748
-0.49829025698745766
-0.500716000495753
1.4974368372245563
-1.497728420373797
0.5033639092645293
-0.504845341888641
-1.4951652663122448
0.498663410551213
-0.47517147334378623
-1.507152128866079
0.5071014838961003
1.5018188794271643
-0.5117804262899232
-1.487558498597668
0.4982756155702129
-1.4974002769402963
-0.5091983652190151
0.5122630291501653
-1.5051332198468501
0.498126168773782
-0.49273274474514506
1.4955669300087147
-1.4969847668708016
1.5136198788867752
-0.504206830601587
-0.4912429933020224
0.4939135851771236
-1.4926621048683562
-0.5145902081663561
1.504023932042353
0.48967128885812794
0.5045275803993513
-1.4913253685792587
-0.490838542246433
-0.4984194175920561
1.4872161311974454
-1.4944216214275603
0.5093132587897163
-0.5016924704444153
-1.4997695868365704
1.4926861349753884
-0.485430791462693
-1.4963972276954998
0.49696369263137335
1.506053624581863
-0.5232185165933387
-1.4937905229903738
0.49709459609792844
1.5045241638292652
-0.5061094291144141
0.5186865589063653
-1.5071901720468375
0.5003452093013931
-0.5019832366679678
1.499672509134527
-1.4943744167517956
0.5049893542945102
-0.5177975147446447
-0.4954058031838243
0.4940363661678403
-1.4807939283908873
-0.5112187874557244
1.4991188622979683
0.4928108397234974
-0.49943045501895444
-1.4928785572572818
-0.49092392338758223
-0.5041311904692067
1.4884177018222204
-1.5002822080801483
0.5182736775149173
-0.5006447520801428
-0.5071273445758332
1.4848514377797306
-0.494380769035305
-1.4986984558169032
0.5050659934343817
1.5081539994627993
-0.5159491806601431
-1.4954434606234428
-0.4991706933577394
1.5044994239236578
-0.5168599019322215
0.5176858204059552
-1.5038317684914395
0.5054991792295547
-0.496048225095081
1.500330734911836
-1.4975768582225466
0.5040939328795242
-0.5211799683279151
-0.49843772890771204
0.49490605092878387
-1.474755827449255
-0.5034189722675985
1.5059184026750774
1.4970507162990156
-0.4965865917450798
-1.5026503234278548
-0.5001330881319032
-0.5044275822671561
1.4945538532706457
-1.4936169047462808
0.5190702900595832
0.4970342143615858
-0.5073385335272851
1.4857731643219574
-0.4865809170035727
-1.5035928952938642
0.4969606892882432
1.5136271600886146
-0.5072630313626882
-1.4880206936686935
-0.49512039280935854
1.5005541418821216
-0.516193344008656
0.5072667636575593
-1.4924473215304197
0.5089647898277376
-0.5026391267880218
0.502292227459861
-1.5024986610066917
0.5084651665218083
-0.49585353435416635
-0.5017155351065716
0.5002753031541403
-1.4869336635683588
-0.49763163353136847
-0.48627148985738966
1.4962488034472374
-0.4936806299612574
-1.5004532607274834
-0.5100737412892252
-0.48636595936538524
1.4936022925591852
-1.490227823661756
-0.4904942800199404
0.49460801372031504
-0.5000802742785119
1.4943373047008335
-0.4785144534021287
-1.4981787918404004
0.48089466701121164
1.5132903310860502
-0.5068488337532031
-1.4816179100335196
-0.49822041625023405
1.4990391504540643
-0.5167941944182484
0.5052321780510234
-1.493258726771761
0.5071548607007874
-1.5143319394438475
0.5029235001550405
-1.500695542946265
0.507663238052039
-0.492018844357055
-0.5039843316115804
0.4912060781228397
-1.497566325047425
0.4987935033588963
-0.48779514260115836
1.4936967304814517
-0.4990080732304446
-1.4959286880599276
-0.5167725844983501
-0.4877742337606638
1.4832733066409305
-0.49304627505412313
-0.49666698120497266
0.4918606242844841
-0.4906658947830392
1.4911602469455314
-0.4851157735781985
-1.4982065369499336
0.47594248272212136
-0.4907729785485964
-0.5159683078613482
-1.4881587127038718
-0.5000760419559661
1.5003774869839182
-0.5055812957055476
0.5039834119581228
-1.5053513735446287
-1.4978171206542044
-1.5153145591359267
0.5040572926719147
-1.5076979099157524
0.5044689723669289
-0.49827256058125546
-0.5040720536190623
0.4889983553677514
0.5067836794824232
0.49024584308592006
-0.5001829150337898
1.506799510105753
-0.4998738095742684
-1.497531561128106
-0.5054732032498419
-0.49327848125045537
-1.5262006500938816
-0.4985698164414899
-0.48981912033018477
0.4869332059333351
-0.4982253571206101
1.505245519437513
-0.4974278171375739
-1.4940740750537616
1.4867205568879165
-0.49339909598642306
-0.5160494555455569
-1.4990104303217162
-0.48910495868396026
1.4950224756351622
-0.5006069396934596
0.5134947037678669
1.48797892718705
-1.4983874912358746
-1.5022550733028608
0.5016944584390032
-1.5042759257274996
0.49801464612043356
-0.495732087907065
-0.49934978042138684
1.4936232200099964
0.5190004970253721
0.49161438152110015
-0.5029817145589126
1.5212866372493317
-0.5051663018866029
-1.4956841513687504
-0.49905494336513384
1.5062475841174665
-1.5212713459490461
-0.4959784412393955
-0.49236313757486394
0.4942146994505874
-0.49846739703169124
1.516565189725283
-0.5011993648443093
0.509184096433686
1.4984154443519484
-0.49446419359529187
-0.5031456113815173
-1.5036619690104178
-0.48864932640218744
1.498789462351834
-0.49752292639323054
-1.4829863372963406
1.4954178607099182
-1.4905991237791216
-1.5079059772589114
0.502062156878881
-1.4916254249599372
0.49387203977060046
-0.48508530563348096
1.5007652818808725
1.5007445333695224
0.5265485276220764
0.49524627152207007
-0.5034996351658422
1.5043246361207852
-0.5045476408312866
-1.4947994076731204
1.4957238607575043
1.5121873107750965
-1.5068624401068542
-0.4919923038439808
-0.4923158961220406
0.4956833163728633
-0.5016759798970056
1.5128383674374035
1.5026969247930289
0.508861973615679
1.4963625002266279
-0.49363634383823923
-0.5001367008308676
-1.5132860889210613
-0.48934752946811694
1.4976858431281388
0.5016049533805212
-1.4899732927119733
1.5044775094485683
-1.485177387384313
-1.5037013700449535
0.49451044052020254
-1.4941937784467212
0.48212683677131285
-1.477850857223818
1.4970784340703462
1.5028109419801317
0.5076034576121756
0.49336313425404377
-0.5056059520266333
1.5009504243836513
-0.5087203609093948
0.5063674424741971
1.486950403859378
1.5120873856890988
-1.502977704247969
-0.4984315674671215
-0.5060169607808324
0.4873633654349796
-0.5088290150792286
-0.49875099987445487
1.5099380047934001
0.5015622192519824
1.4975341034929297
-0.50671959903275
-0.49271660936806716
-1.5278399510295317
-0.493943096416858
-0.5024133968351128
0.49850475067826777
-1.4997383610073869
1.5097937901214362
-1.4981057892480942
-1.4984483384871867
0.47811552798450874
-1.4934578360113067
-0.5240507458332718
-1.483748943416788
1.4924846903984172
1.5062649310913425
0.5035044659095137
0.4896375533787647
-0.5103419662119195
1.4966349879782488
-1.5082988276578937
0.5060940965608033
1.4896635618951586
1.5064722255377005
-1.5090618250072494
-0.4997361757504486
-0.4984378690927443
0.47790793836335776
1.4925018343344185
-0.5020183090179506
1.512577916698669
0.4954651139217877
1.5039160556545814
-0.514379587963891
-0.4843067067893275
-1.5282323957384807
1.5050058760877778
-0.5021315141774969
0.5012217733920142
-1.5036251237644394
1.5125637284897868
-1.5017458737666292
-1.4982216463055624
0.48336714090662486
1.510432353363605
-0.515661361506555
-1.495169000181825
1.495804751043526
1.505067919448238
0.5022006359416574
0.5012323706506352
-0.5000647949361281
1.4953670411801396
-1.5037985019202222
0.506475955541313
1.4842717506220255
1.503240593457481
-1.5058885966254072
-0.5002425029431229
-0.49238824713698437
1.4826184717015414
1.5011334772692932
-0.4861634858674967
1.4926116403204186
0.49476178370675544
1.4917820163462527
-0.5044062849953426
-0.476618718177417
1.4828515737401315
1.5105854480465528
-0.49898531819654923
0.500667452731052
-1.5038554236752044
1.4924520754862927
-1.4968330858292591
-1.5023653797841816
1.4971405195568095
1.5129416403559799
-0.5010391396247614
-1.4940647589988596
1.4947329901953021
1.5006855752957686
0.492750307061127
0.5072903990199398
1.508570822397812
1.500155033185733
-1.4981403244666343
0.49391105747837133
1.4946739639539728
1.4955320426247047
-1.5032518458794537
-0.49748468419424446
1.5006002384055774
1.49583321844748
1.5064384541984104
-0.49055218683081125
1.5002523200030589
0.4793647535928175
1.4974567757594206
-0.5070376056488031
0.5224607982880557
1.4903926650559527
1.5140532369445712
-0.5064262827372787
0.5067418333852617
-1.5193238873374664
1.499604673969995
-1.4975476516762334
-1.502103731663546
1.502073530508661
1.5099592233009065
-0.5024456758944725
-1.4940505167669582
1.4875543506729716
1.5043411212421325
0.4843210976714892
0.503553948524795
1.5042792840271877
1.5028280722866958
-1.4999298435943877
0.48953978618803806
1.502376073606179
1.4826402757462
-1.4994861509992987
-0.49576640220149976
1.4916465240741272
1.4987647074091552
1.5007285755271083
-0.493836983615849
1.5000481684149913
0.4793223956965057
1.5058293306089314
-0.5158302745763711
0.5146353242138942
1.483613458089253
1.5110064338505216
-0.5000897875681467
0.5015338189854756
-1.5149076110430384
1.4992645558348499
-1.498087578955072
-1.497925005261388
1.4903119874523985
1.5054451833158993
-0.509720150414589
-1.4981306037214013
1.4984072786957536
1.5024187050204354
0.4902592581423937
0.49512029015145276
1.492163715513758
1.4999697451582354
-1.5037348995279929
0.49512638579797075
1.5050070452839541
1.4795608084460143
-1.496934542886356
-0.4972240908561914
1.4906791669286874
1.491146745978221
1.4918642442308154
-0.4955700979353138
1.4958418720373339
0.4904341241948193
0.5094365134841433
-0.5185143517179794
0.5070386786261332
1.4872527739057975
1.5016984438735141
-0.4885856559939565
0.4912328960033016
-1.5004749677810367
-0.5052930364843009
-1.497876386198237
-1.5014934773085817
1.5036421129650366
1.4996908576957941
-0.49933346896544456
-1.5049917180805368
1.5078090713768888
-1.50173267620834
0.5019308410809487
0.4929794757388871
1.4976765892145836
1.4917055446236693
-1.4802812569979658
0.4979967916715852
1.4958652578564247
1.4908340777402638
-1.4996688314480373
-0.5006973147648249
1.4999551607363975
1.4851109583412612
1.4996872956074703
-0.493253402614493
1.4936057479226266
0.497255554740163
0.5030059306973291
-0.511416235460075
0.5109385971208126
1.4869355466206104
1.5014006577429184
-0.48585469528690756
0.4915007017690621
-1.4955333444266834
-0.5079518542540796
-1.497194929718046
-1.5046330564435144
1.4976243810453518
1.50449860869637
-0.49656858965783746
-1.5018393770549732
1.5030587227172958
-1.502278234815866
0.5015220104822133
0.5076321249703314
1.4992644457823339
1.492760447313797
-1.4872179621514605
0.4979530169018382
0.48787818959639934
1.501267464639952
-1.5074893293868277
-0.49218286990718646
1.4911373385927742
1.4987150081028568
1.4988223659373148
-0.4893702714308709
-0.5034334999109457
0.4901074609941136
0.49383067700558586
-0.5023924358180201
0.5144127693142727
1.4984345066663054
1.4944720597851417
-0.4946881258128845
-0.49937945864679323
-1.5075154201623047
-0.5044326130035733
-1.5032687684872288
-1.5088627340057044
1.5026438467247325
1.5057438810220982
-0.49634733337217857
-1.4968836449803582
1.490353868769808
-1.497807914632196
0.4878578235653515
0.5105363650765947
1.495551633691996
1.4975868575496443
-1.4951447218664449
0.48954858552784813
0.4920826087834395
1.4965078370350342
-1.506537462163344
-0.4936662538563092
1.4866221968714326
1.5033447650944274
1.4964062314946462
-0.48956724469972046
-0.49944054691277234
0.4770643173161606
0.4999673215906712
-0.5072240656439013
0.5162163874690211
1.496037040162571
1.5011732970016523
-1.5031509284931772
-0.494342148422193
-1.518488231601915
-0.49969216646750236
-1.5013540950337518
-1.5044886084739681
1.508918749891787
1.5020981935665787
0.5013961000670444
-1.4973863131557095
1.4875505824658823
-1.4982825493825402
0.48548811935906006
0.503612133987439
1.4986917333057908
1.4991987254864891
-1.493558242970204
0.4839591468407262
0.5010022511037951
1.4919596373152826
-1.5030856114813989
-0.48996361911101804
1.4941110844536751
1.5013699884238092
0.49404211720679386
-0.49404416308773
-0.5036813813711661
0.4927776263793379
0.502330809527065
-0.4994804846930137
0.5072933196970026
1.4981267555639841
-0.4904486174065665
-1.4997985990217564
-0.5063551680127913
-1.4994444506471958
-0.5089252018883899
-1.476526324521394
-1.5065073954412216
1.5150231272765742
-1.502618228412327
0.4991119647362803
-1.503437145483322
1.5000216855519943
-1.5037763917230365
0.5073963608749033
0.49080878961535096
1.5035725857096573
1.497019604811752
-1.4844406956657306
0.48883604084941146
0.49346241772782773
1.4847806924117743
-1.5017586049646412
-0.4830703317349615
1.4997192318717907
1.4960092976659587
0.4947945830700116
-0.4980047957849148
-0.5013740003084441
0.49495480429708366
0.4984782446535734
-0.5017471577742391
0.5023007925190999
0.5025174972525335
-0.49188894970778047
-1.4932346206923306
-0.4987197377128191
-1.4986120018736766
-0.5094574499124581
-1.4843212020803112
-1.5034567427904584
-0.48818995059321674
-1.5018127453292276
0.49407639587488317
-1.4901711394579649
1.4968120457371576
-1.48776987083738
0.5017293565175
0.48822860887435154
-1.4947905620283493
1.4930755526298123
-1.4829302367730803
0.5010407297828938
0.4830064928471904
1.505776528237363
-1.5162545665012124
-0.48277777166587554
0.4973238627794105
1.494163466542164
0.49506443693527546
-0.49773664687003144
-0.5059161746360537
0.49856875293448766
0.49799206915281635
-0.5043111283149931
-1.4942636810892416
0.5018453578921623
-0.49617741746424576
-1.5133176993112656
-0.5034730232035163
-1.4941863386287502
-0.515455378037082
-1.4947309149798593
1.4970018535432865
-0.4962527546217025
-1.4936497226019954
0.49162196900415894
-1.491959054721752
1.470202565560731
-1.489402072501668
0.5033261632045208
1.4944345077573973
-1.4982291091584916
1.4979527272182178
-1.5054940533825436
0.5005451984526506
0.4820167426685579
1.507701853936182
-1.5171288397338116
1.5095184952583292
0.4895474953457149
1.5025829108631452
0.4929961376448196
-0.47732200810998276
-0.5231546723794439
0.49553563952963425
0.5022189482130317
1.4961391562259934
-1.4866717338559057
0.5007979578883055
-0.5006952633372801
-1.511202877253634
-0.5028398921409168
-1.479310242613327
-0.5129214525037095
0.5035838766675834
1.4931287108802056
-0.49957155678776227
-1.4817268035126154
0.5011133702333911
-1.4831443683098482
1.4738852941121807
-1.493959489031591
-0.49490843963330344
1.4998793366824714
-1.502332223554222
1.4982596960363306
-1.5005015259628303
0.5088492574525523
0.4958665764153709
1.5124916559718784
-1.5087706347552052
1.5049493533436247
0.48952366858453183
1.5052493339970117
0.4902558595086819
-0.4691328861870457
-0.5069656223307181
0.49905768107769616
1.5034196697528277
1.4995230457672208
-1.4832362736568188
0.49585914981994744
-0.5012787372504337
-1.5075243559536033
-0.494811547467495
-1.4741032979612376
1.4917912151066106
0.5143021964585602
1.4938385843531272
-0.49694236738908804
-1.4900870425810475
0.4922064600227364
-1.478201453611823
1.486706231560975
0.5106909956740022
-0.49386663185717433
1.4914845925927467
-1.4757373630063724
1.4943304760435514
-1.4966972648629258
0.5063725731379728
0.49372646151767485
-1.485165670595305
-1.5023741062224627
1.510426365151713
0.48758809197882086
1.5002702680575801
0.5024395018272336
-0.4842742617968962
-0.5023218057875364
1.5076602534341768
1.5005069898783356
1.5057472803330223
-1.4931032678246645
0.49938278849765233
-0.5152114753966079
-1.500072108329189
-0.5020228382921634
1.5175413438044032
1.49364816419555
0.5212250015384973
1.49741419655943
-0.49689534529114254
-1.5018034614389504
0.47909514544016174
-1.487144366528523
0.4920074455362438
0.5184438088793534
-0.49768813240172144
1.496568224919296
-1.4820098352859519
1.500007371564861
-1.5102847485399322
0.5052067384531592
-0.5229534682862665
-1.488000029233732
-1.5080637469245208
1.5251486539475392
0.49137660466837907
1.5038530940818295
0.48775280921748604
-0.4943314589131187
-1.5158482461695846
1.5102582972873817
1.5008954204981686
1.4900723114821108
-1.497997108811604
0.49997749476382375
-0.5117146020172769
-1.5077743904492815
1.486448077148865
1.5069812447480997
1.492981217131807
0.5104910996698739
1.5116740392922656
-0.5182476098482496
-1.494403033128009
0.4711335254020231
0.5056592496430232
0.48376184955808954
0.5165571519565878
-0.4991130576907955
1.4965490040711418
-1.4979025146981353
1.5132128875463082
-1.5225324988494993
-1.4920524462410056
-0.5323040831220252
-1.4905381826166477
-1.517533529073085
1.528610491998862
0.4983923277979916
1.4976677178486943
0.4862266018363809
1.5091785042145291
-1.5283063346623385
1.5074970876389446
1.4819579987286147
1.501282308080451
-1.5114917213863468
0.5075638652505929
-0.5001728144608397
0.48193598908327645
1.487328709546827
1.5050053161314243
1.4966044179903737
0.5010005235674835
1.4964348977001853
-0.5079404102196445
-1.4956565797138615
-1.5172586924419627
0.5090591516307847
0.476843190526887
0.4963298179090206
-0.4878157555377618
1.5013113147340136
-1.5020985399296118
1.5153309694163881
0.48273596527804113
-1.4878617068829978
-0.5225623382687336
-1.491047998563272
-1.5268160768402257
1.5046580547420254
0.5083937717274001
1.4932647068672906
-0.5032520045171313
1.5204353692977173
-1.5226375823943048
1.507335554665028
1.4904641390675835
1.5062778999203712
-1.5225422611474397
0.5087828397348394
-0.4976174927451407
0.4847551034796583
1.5009685583815258
1.5089370718133412
1.4907561115338515
0.4967943435648999
1.4944920805346482
-0.5013056407958746
-0.49984751880125294
-1.5026597410055387
0.5132981242792113
0.4990299780757595
0.49835449177493774
-0.4859798838732874
1.491492653520763
-1.499686637407504
-1.4940399489283496
0.4979338148915447
-1.4894485466700194
-0.5064006800276627
-1.4926398655247795
-1.504845447750276
1.4996065037331854
0.5055599607450111
1.494455996101493
-0.49515663251766023
1.524855713360206
-1.5085048400620973
1.5080814252535732
1.4989792647821496
1.4987422625849212
-1.519308243471495
1.5044903073761977
-0.5077408720256124
0.49755809519376554
1.5035918066139204
1.5209861651870316
1.497326574496297
0.5005504406157701
1.4981801387449638
0.4959933751181768
-0.5005818719614477
-1.5041947594482414
0.5097631580047041
0.501808805609287
0.500950111651998
-0.48677708848037354
1.4960157917219552
-0.4968384681860734
-1.50195492054975
0.4984308179001893
-1.4824804880830156
-0.5065030515251676
-1.4863923559655592
-1.503041175569941
1.5068101521297244
-1.503217823657948
1.500250461342373
-0.4949541469494792
1.5039981122197166
-1.5146080770796475
1.5187062012365282
1.4958629176845901
1.4985175257297794
1.4929626116406638
1.5009154373388685
-0.5184413495589325
0.501914060748031
1.494116071514082
1.5038150937132087
1.501494195826706
0.5046457402789046
0.5014917500197887
0.4884303772336804
-0.5008064999661427
-1.4998791660012325
0.4931371016789751
0.503418286443644
0.4947000355368554
-0.495326889600706
-1.4889889657012119
-0.4978687538296939
-1.499339789380267
0.49420773820359654
-1.4979298147659315
-0.5006359376333567
-1.4933913925389903
-1.5037698197976963
0.5109701291652659
-1.5061294829369098
1.4970988659314297
-0.47899599497378836
1.5003058174437183
-1.5193244193955604
1.50928453515815
1.484812631366416
-1.4937506890928025
1.4973265915344922
1.5021201459714308
-0.5068897714919376
0.4860797122919639
1.5103088427552556
1.4953288539631462
1.5010165643176983
0.5054373771564297
0.4992588032959449
0.48310508620180603
-0.49755058232178767
-1.5000513572640706
0.49329064914387544
0.4994918415314096
0.48708490272588856
-1.498747960743758
-1.484958532972404
-0.49870854971561107
-1.4962236896037886
0.4876176597600812
-1.4952411703201476
-0.5033164899340282
-1.4973929445451186
0.4967551430091425
0.5064761381071355
-1.5036609551098494
1.50962545489814
-0.49058427376669456
1.495103784992997
-1.5123991863856647
1.5080259141783863
-1.5219822176022082
-1.4888353501843412
1.4853130279421587
1.513054443948955
-0.5037414261700696
0.502203979359489
1.5016205657247501
1.4897055788164135
0.5014598926118374
0.501916306872735
0.49295473242432136
0.5031333695806838
-0.5101338301466846
-1.4946477532800362
0.497115697841265
0.5062209951002301
-0.513026030599421
-1.4919642166800102
-1.4959759161271589
-0.5000125184082735
-1.5016797439979235
0.5020430710318123
-1.4922190458652171
-0.5072039845610754
-0.49783865419872037
0.4964387909010891
0.4968091978319958
-1.4912216278334605
1.5060675783606474
-0.4964587514957584
1.4885655082165685
-1.504103550099576
-1.4857585796158987
-1.5151417750781315
-1.4937703891722418
1.4792532573054482
1.504702191337622
-0.4983636928639389
0.5093191086111117
1.5005212803845986
1.4892510077913068
0.5022160942475447
0.4996750662794671
0.4986123925740907
0.49813471574893226
-0.5041443165574829
-1.5018649862889586
0.5031259774131572
0.5138737985653538
-0.5054952524748225
-1.4850086813554135
-1.5066345823240934
-0.5031597880017233
-1.5038145584431866
0.4977607564767758
-1.479226841852296
-0.5088549746803998
-0.49457084748655256
0.49849496084423756
0.49633119167105505
-1.4808707774730065
1.4992153095339522
-0.49424002967808517
1.487545347070103
-0.5021163312899197
-1.480135423284628
-1.5086151937203842
-1.4912550833187284
1.4770154228781731
1.5036093309967629
-0.4945486214705979
0.5090458736065446
-1.4977145204148334
1.4928813652394493
0.5039808543324171
0.4970447150115916
0.5043342889758535
0.4994718694889397
-0.5004161580342938
-1.499377780191421
1.5014954947906138
0.5119932371816367
-0.4944515645280872
-1.5043925147028703
-1.4967744389527582
-0.5109263569595479
-1.497208427804692
0.4950799624668079
1.5235653262617983
-0.5051244040151087
-0.4925697254377049
0.4979035045085071
0.5021476545795764
-1.499516251486277
1.499994514074881
-0.4863321519673362
0.4943158973763808
-0.5105727865151362
-1.4857579969938761
-1.5072538986001327
-1.4845142683377737
1.4880782831564148
1.5046547295350272
-0.49425898407540686
-1.5026790743003269
-1.495039479696932
1.4995582052032392
0.49508955678103667
0.4974747399417124
0.49939747296823717
0.505811780501399
-0.4981962491080254
0.5100794068184662
1.4935935250194166
0.5008829249883333
-0.4912734417367768
-1.4985590229425705
-1.4921100340348956
-0.5062807744077721
-1.498812156076649
-1.5033494580738833
1.51229546743461
-0.5002710353191593
-0.5028115650290488
0.49844583191544606
0.510342019011431
-1.500204286012902
1.5047027036488803
0.5168328678184263
0.49878598458610046
-0.5187579761197391
-1.4852253917741334
-1.5047397563081994
-1.4869968901637836
1.4983099861773488
1.5043944520569796
-1.4972106832511376
-1.509439488712418
-1.4925651701874028
1.4972130288174568
0.4900844917972568
0.5096761472080772
0.4995058806522501
0.5142972190446032
1.4943683194463397
0.5122939302506149
1.495397885620102
0.48190628293200033
-0.48618276494655316
-1.5069540271198236
-1.490376452306739
-0.5012842530072328
1.495111081045402
-1.4984007269812172
1.5005779684205083
-0.49196572519525644
-0.5032044477074951
0.48975236205867545
0.5194565404165041
-1.506023328051281
0.5118583838946456
0.5106472890995649
0.4887688057324908
-0.4972296100839045
-1.5009004353347661
-1.4924876415265649
-1.4939952287741198
1.4971042633611733
-1.4983502032956206
-1.4999699127959338
-1.503234537752527
-1.4921877970313502
1.4866666047637263
0.5093363442299851
0.49931288417736724
0.5025901601586978
0.5111227866942699
1.488560606978499
0.5047524237446422
1.5029332709838763
0.47736646478511796
-0.48689299885168064
-1.5181928398230398
-1.497185823897673
-0.4999409410692607
1.4935296713026032
-1.4983198023532882
1.5049512665876028
-0.5046036737153481
-0.4968278396477804
0.4812282913056088
0.5136153120525546
-1.5119383925992038
0.5123017782524758
0.5041271218085455
0.4832493585232235
-0.5030246156505634
-1.497983726783823
-1.505376614760214
-1.496478342591458
1.4883605144414083
-1.4995145125536689
-1.4987836113935076
-1.4922922970508625
-1.4970902252109468
1.4762354560133688
0.5026171612978475
0.4922816668970808
0.5021993159526501
0.5013805106454484
1.4932054471364322
0.49603538483142323
1.501765019461738
0.48799609679063344
-0.49243141983518873
-1.5276475191751162
-0.499463793234646
-0.5037069131165529
1.4954142252626677
-1.500579581916331
1.5172926809934888
-0.5147057489773678
-0.49855026842647854
0.4805894358627199
-1.4958548261629805
-1.5101320635885862
0.5084477628049588
0.49979455745310936
0.485591408526169
-0.49786271860259174
-1.488135059293661
-1.5124924715408066
1.5069769619533495
1.4840377764254424
-1.4948758977565058
-1.5086512958727447
-1.4872639167833817
-1.5045399925237732
1.4821472660236152
0.5070887346739975
1.4921121996033597
0.49920209145329514
0.5038788309772884
1.4718676360957756
0.5072674427569254
1.4887109840110029
0.5018965412744579
-0.49215598558220613
1.477329289087506
-0.4940768142893735
-0.5066698956627184
1.4943353775376014
-1.495059332232686
1.4937595685987894
-0.4988037692745862
-0.497106432278905
0.4885189394491093
-1.4942400753562146
-1.5008098175598634
0.5023072908422731
0.49721508670958703
0.4878186441048942
-0.4859859242474625
-1.483891968105331
-0.5037533251284562
1.510679730033995
1.4888744499442192
-1.4885550871943658
-1.5008954307042803
-1.4989361161969654
-1.5103380033656606
1.4928791545208693
-0.4841027036310458
1.5001674041445363
0.49572005740344344
0.5227454832241992
1.479324596285402
0.5167454168425107
1.4970768266417656
0.4970162221044958
-1.4862783627934049
1.48947645177794
-0.48641735869149216
-0.5093022609457306
1.4961607189498256
-1.476919682830836
1.4890050158551453
-0.48956606596278923
0.5067564981608907
0.49336163261678584
-1.4850831091372396
-1.4968644199202354
0.5167291845119364
0.4914582619142432
0.49577088229814004
-0.4784354359542962
-1.493600222586813
-0.4912516925602578
1.5103370746281883
1.497023316293501
-1.4862379119082982
-1.4943441346996338
-1.498094093737791
-1.5104746249658392
1.4980243755561193
-0.4825246187394313
1.5048478151413915
0.4943349000460531
0.5274268695152019
1.4893299914519034
0.5172000546294492
1.505645701985359
1.4825316584620212
-1.4830268575119632
1.4954372862608882
-0.5033889495236185
-0.4968632652907964
1.4888236178503809
-1.47400091347941
1.4954688323696026
1.5060732158523948
0.5084358464592565
0.49025707602405916
-1.4919371980461127
-1.502131501110533
0.5023431895440618
0.503507103827976
0.4945117260647186
0.5146816978592438
-1.5037258588434315
-0.4894777039256062
1.4952562247237204
1.500988895800064
-1.5011359512281575
-1.5005880927196331
-1.4982363105729986
-0.5030682928255819
1.490881490227272
-0.4929134164749939
1.500729970624414
0.49281420153580435
0.5084137694342413
1.4896267096144622
0.5096447033699727
-0.4988448625470172
1.4785189118758317
-1.489470921316711
1.496643974368429
-0.5156546904347379
-0.4937289492173143
1.4777486732119256
-1.4863637550068818
-0.4967860779267405
1.4942950461206248
0.5026596275701576
0.49494422932940213
-1.5003088994584721
-1.4994687600591947
0.4853629749615536
0.5042745642399257
-1.512575730459425
0.5022248257332725
-1.4964107922436012
-0.5112831058266163
1.5021422337802188
1.4996813132023383
-1.5071127083719291
-1.5110249426694584
0.5008851352715548
-0.4987979164131138
1.4769430416387577
-0.4866539171558969
1.502660786140854
0.4837963924621462
0.5101583052291953
1.4751378453530959
-1.4963200192015507
-0.5107827909826873
1.4951327696342607
-1.4981774386948499
1.495168212780663
-0.49866934759296355
-0.4963954066319888
1.4784286018159734
1.5055903726798978
-0.4992800285737369
1.4927426448711008
0.48780175664540687
0.5079458409802273
-1.5067324895183343
-1.484333890816249
0.48501038521622053
1.4950167587316523
-1.5157323263048503
0.5037402159612385
-1.4946443185402718
-0.5055954194908706
1.4988855426821721
1.503285083514541
-1.4992333509735902
0.4914198809975365
0.5010433493906646
-0.5090148055761572
1.4964362622555019
-0.49536398183660163
1.504433920534744
0.49682248413504715
0.5186860455788506
-1.5318726314085183
-1.492866048326451
-0.5149829018976324
1.50401357189203
-1.5048945856378317
1.5158239105436013
-0.5030077395180529
-0.4952226998432587
0.48750133757604264
1.5125441201085321
-0.5115097175011398
1.505421916814513
0.48247852053454415
0.5079688418964242
-1.5070839137703194
-1.4763214179619037
-1.502383468705153
1.4898466344781665
-1.5066691142389008
0.5027855085223218
-1.5013963979546332
-0.49889982710228625
1.4923198575530354
1.5036436108156024
1.5094300093790105
0.5035971093732486
0.5032084558870731
-0.5217416586562921
1.4988789045567046
-0.5036477459063632
1.5006363923601345
0.49459320029947
0.5250382445300075
-1.521817836456713
-1.485451648692741
-0.5097922708182916
1.5026953945152475
-1.5161240262188316
1.5060570113725844
-0.5038610240644011
-0.49527944944076774
0.49312587780576234
1.5266286708785752
-0.5167918962167092
1.5115365513809367
0.4868377420041616
0.5051602956049596
-1.517772300938762
-0.48116252811742266
-1.4936356230444439
1.4915092777437327
-1.4967693156534458
0.5010832855386431
-1.5090442886943902
-0.5024680761537049
1.4897687607224461
-0.4975335153484204
1.5058327992416713
0.5059220751065746
0.5150578806660753
-0.5177984359617215
1.5053572361944179
-0.5054847861982744
1.4970133025623802
-1.5165998714032283
0.5205063739011981
-1.505778410533667
-1.4998871777900502
-0.5043710332471235
1.5069217268301593
-1.5154734346012457
1.5042399691766566
1.4942751981750033
-0.49681604502489174
0.49230437651702635
1.5142848176815904
-0.5022199243314097
1.4987338837239421
0.4955306756656407
0.5073379570696247
0.4753161590253754
-0.49272942586624485
-1.5064541251230104
1.5032255945600532
-1.493328835393012
0.49004520823123354
-1.4998911181381196
-0.49673853052667516
-1.5075747855122152
-0.49879560398551914
1.4944000428028816
0.4985675611508051
0.5155324396089374
-0.5026416978006991
1.5095421945164753
-0.501261425899588
0.5059280264203381
-1.5221046698846787
0.5062680614199914
-1.5054715493099329
-1.5036856568559347
-0.4994080189326296
1.509623056130501
-1.5070606329153133
-1.4869250664492335
1.493172818804033
-0.49598501534824047
0.47476225989595167
1.510517537371098
-0.49788713321704425
1.5019393297349684
0.49835261357109056
1.5130678322687934
0.48149497567296984
-0.49223263152502894
-1.5208594153421588
1.5052291947628953
-1.504636920190851
0.5002781537256435
-1.4935496229273177
0.5122727726256979
-1.5039841562060137
-0.49917279668076275
1.4916987308294012
0.4967821312144873
0.5096551657934758
-0.504269679516707
1.514750026412877
-1.5009859407507293
0.5131110878808306
-1.5091026870050255
0.5008893113483731
-1.50251163100953
-1.502233974144524
-0.49441732265044785
1.5101716843327755
1.4953234026855642
-1.479172015868519
1.4955073706131317
-0.49873318085545826
0.48259293197004544
1.497704923377034
-0.4858437375143933
1.5033968826448791
0.4945121055290634
1.513201602309849
0.491426197206861
-0.4770729856110476
-1.513437547088612
1.5071492984062613
-1.5047488596061505
0.5003714258980198
-1.4955438760540223
0.5114091004322907
-1.5042286704454348
-0.49708247977162984
1.499844195498415
0.5072449235849278
0.5086993586986686
-0.5020556208831551
1.509547734430201
-1.5044733460059558
0.5099867354348933
-1.499843172643738
0.504865166148376
-1.498355509543187
-1.500469316059777
-0.49728778282298586
1.5059154612891852
1.487486985261542
-1.483289851648365
1.4976495427834726
-0.4974789696918898
0.4963917126575969
1.4896380998942482
-0.4811439198031763
1.4974892883695383
0.49105450009442064
1.5086862629438968
0.49219811346945924
-0.48052068318194957
-1.508433270511923
1.510532928428082
-1.5021566635186763
0.49244777637037773
-1.5034577157194366
0.5017620045042048
-1.507718433609745
-0.4981336616853316
1.5121333279965294
0.5004333352989958
0.5017538345890008
-0.4979040875646744
1.5014716453343713
-1.5093676903919826
0.5079762016449858
-1.5025891499601198
0.5002933730638648
-1.4966568442858184
-1.497963406537061
-1.5050364624105794
1.5030232772393621
1.4822301258509403
-1.4961063278154423
1.4966709872566466
-0.48875383440606573
0.49961102965533877
1.484027484284614
0.513878490206624
1.4924002272266033
0.4915432392084977
1.5055742788423199
0.4841185241649071
-0.4918964989565663
-1.511566159485548
1.5112030172452204
-1.500552147194751
0.4875535099664769
-1.50615381225258
0.49966860846509775
-1.5097456447913302
-0.4998976050603101
1.5118777131824206
0.4952487060789288
0.4978111522974848
-0.49747090563367624
1.502832043117482
-1.5146845654911008
0.5030122507733369
-1.5103066701613685
0.4927024528773332
-1.4996405924642302
-0.49814753115976945
-1.5069022530272993
1.5018782115710336
1.4989468634556542
-1.4974116316820971
1.488597171101397
-0.49048290875252987
0.4883984149452821
-0.5108724864196584
0.5060507621115136
1.489246026216709
0.5045285759525314
1.4991479173172384
0.4937440160409934
-0.494942120280338
-1.5194385419614456
-1.4916299641298836
-1.502467162595901
0.49135414229587704
-1.499198415386683
0.5011632234049345
-1.4995506714650733
-0.5070904339818395
1.4991378732669165
0.49968949632489856
0.5021925075489803
-0.49992013041909894
1.4978672173231606
-1.509321028423806
0.5073849312752787
-1.5157324750431145
0.4937458137793335
-0.5029944933093818
-0.5003012223803202
-1.5034742463646709
1.519152142560037
1.499321228485343
-1.5024032360142832
1.4897185688271886
-0.49536263819973037
-1.5231706256922597
-0.5024107092204644
0.5115651345475405
1.4754600846075627
0.5034867138611565
1.51609669031718
0.48738120088591474
-0.4894642697304865
1.4803570998380207
-1.4933647025554246
-1.5049742221352054
0.5038364215793005
-1.4946649303762445
0.4837117053818152
-1.4955459208451392
-0.5053340343845958
1.4914022848750834
0.5073688877589497
0.5094977014327665
-0.5011504474092504
1.5024842102838305
-1.499141110594342
0.5099921964449355
-1.5124284673389161
0.5014636756750851
-0.502338661904305
-0.5013828652125087
-1.497696346085891
1.5207694810240548
1.4977948940684025
-1.4990445482860166
1.4938471656511438
-0.4950471594895683
-1.5199348359047482
-0.5034662489071763
0.5270051466644177
1.4856105444079986
0.5110158167803299
1.5198471992436011
0.49363996367583346
-1.4875468435091186
1.4881356978514164
-1.4900239382559965
-1.5116706738808636
0.49923429558119076
-1.4865288645396681
0.48976112127843
-1.486801352441169
0.49858674462764707
1.498673832505678
0.5077293657292187
0.5105383588622067
-0.48900791050395054
1.502596911604862
-1.5042556021959856
0.5141711482360565
-1.5046787358938978
0.5058332912044565
-0.4993278369675989
-0.49841359127841056
-1.5013969547212997
1.5137685655770716
1.5042287383878468
-1.4916715549660091
0.4981463233268359
-0.4902811603257309
-1.5098193376146043
-0.5045542140058773
0.5269547733392501
1.4902028617881113
0.5158457643695359
1.510350734839098
-1.4994382138836435
-1.491959889797712
1.4966652996745067
-1.5020565559848829
-1.5049375170644488
0.4903789293309223
-1.4897606632476703
0.49277802099227247
0.5207183747544498
0.4996267359251924
1.5096990008750093
0.5096290510848489
0.5012808716651024
-0.5054286888852689
1.509459244269746
-1.515822372208671
-0.4862042737920408
-1.5037262042747206
0.5007306900893125
-0.5024911337306578
-0.4924254523404626
-1.4986333749471565
1.5008528838001567
1.5006690653169803
-1.4903233945625527
0.49604415616100367
-0.48884623382367876
-1.5046819860696852
-0.5035237182458049
0.5115639398814628
1.4862878716304095
0.5125484204862019
0.5012327181512355
-1.501655257130179
-1.4979313186253687
1.4964084836088338
-1.5004144319452652
-1.49932082610126
0.4921641537153822
-1.4950158214478502
-0.5129269248090385
0.51606617172876
0.4980401094667871
1.5009090223151405
0.5044342897431449
0.4976642175530261
-0.5144888563480912
1.5034371775645583
-0.5155555181646436
-0.4910706893396744
-1.5140722050730826
0.5088234843117725
-0.5015025109502282
-0.49791739855159595
-1.500633417670641
1.5039429890669738
-0.5078747651601864
-1.4970035055682467
0.4870912800525054
-0.4856897640550194
-1.520509860182836
-0.4809107669322379
0.5043111324038926
1.479838791826957
-1.4963089544576134
0.5039079163567861
-1.5078836449730382
-1.4986934707473236
1.491704719797507
-1.4916517778699079
-1.506438488181423
0.5041646754480389
0.5039988364039912
-0.5194358826786997
0.5030062786313937
0.4985375783585274
1.4915880328543034
0.49915552073104646
0.5112069908781343
-0.5129841711553063
-1.5039557697051302
-0.5042479829226115
-0.49658752572056625
-1.5069635245830981
0.4983782290386028
-0.4942462889075917
-0.505472711946743
-1.50295019892307
0.5179310680173412
-0.5102671126234529
-1.5076144017203656
0.5152832866815141
-0.4980732838834353
-1.5126458768143733
-0.4887953463701239
0.5149615654799756
-1.5196480867995612
-1.4980685240698206
0.5146878235869032
-1.504768396940613
-1.5080546473390581
1.5188871768436256
-1.5002768896554013
-1.5085171830394282
0.5085631449485174
0.5066367084049005
-0.52024646217549
0.5031319998962129
0.5112394370516345
1.493154180489
0.49201744031782313
0.5222103950536648
-1.5050795391424432
-1.5015253685167467
-0.49430839353877054
-0.500833271795409
-1.508236845461571
0.49888180567151824
-0.4827895173142794
-0.5072814892790418
0.500424175947507
0.5220644438505301
-0.5041112028130365
-1.501478394046031
0.5126005712172341
-0.49773969914078725
-1.5091733946948789
-0.5001269599113158
-0.4757731446506148
-1.5128515090149441
-1.4890307535283813
0.5084141223253157
-1.5014836318912144
-1.5061499644006247
1.5134082854779765
-1.4977442991308523
-0.5050051629500488
0.5000956686284742
0.5069588642777492
-0.5025879251958224
0.5017408173181451
0.5129573233598274
1.4977055424608943
0.4937973025088722
-1.4827011901994098
-1.5013298697013142
-1.49021617920742
-0.5022602990147704
-0.5028013610435657
-1.4967314562694167
0.49400944476307923
-0.4786605938677393
1.4950310680144365
0.5039032655360243
0.5139208024772867
-0.5083189919349261
-1.4861049730728093
0.4961290426378907
-0.49013359106140025
-1.5058987212563115
0.4970294497993641
-0.4801662875604606
-1.5095291855771813
-1.4796241491255402
0.5024903062955813
-1.5075537376907733
-1.4960389531461544
1.5000446472184328
-1.4936264892519375
-0.5007071966264716
0.49034497711141833
0.5053830401615399
-0.5061755858079836
0.5187119334753603
0.5069603531076871
1.5004597251300347
0.5015712586849473
-1.496858082304428
-1.5076014595997131
-1.4886190660888534
-0.5150211593776023
-0.502919617982489
-1.5001104362499573
0.5040766113024974
-0.48879044574143615
1.4986638431367758
0.5031688676883875
0.5047862561801588
-0.5135029296733383
-1.4857838355483615
0.4898528919185919
-0.48909993863691403
-1.5043948082434482
0.507586745492528
-0.49335961273655654
-1.5138057666965048
-1.4910475261836578
0.5016192499846406
-1.510512981826463
-1.4936537608029972
1.495846619595062
-1.4938037820409562
-0.5027229980317129
0.5006655444715653
0.4987104644298742
-0.5098155439176641
0.5185841979157086
0.49974098113363863
0.4997029230117613
0.5047232017676426
-1.5049437220106385
-1.499980343674479
-1.4986075905099392
-0.5143670749330835
-0.5033785667016503
-1.4996059795775238
-1.4881141012546355
-0.4991996680381772
1.499732337561164
0.5003957906403288
0.5071479145726683
-0.5006518381813497
-1.5000102815596243
0.49233735066833756
0.5070262918918054
-1.5066602037783696
0.5158354859519272
-0.4970943567454234
-1.5182708208162532
-1.5019862076937487
0.5094261906655833
-1.5071110005128234
-1.5009017614174187
1.5065628054156335
-1.4969351755988758
-0.5082698852733938
0.5131705193024994
0.49928771897454066
-0.5079321747172223
0.5084088064034045
1.5008638384794093
0.49664486942219466
0.5018908006664711
-1.5082347653771264
-1.5023297447110349
-1.5058908387602328
-0.5052062537497725
-0.49972620461620926
0.5041677756260788
-1.4930289209761003
-0.49906238021866817
1.5061767268204977
0.4973514433354651
0.5060328551587665
-0.4998087536137442
-1.5068723565032105
-1.5003990493804114
0.5039137259407943
-1.5037819178381324
0.4954910595198192
-0.4917706177821336
-1.5078570777425013
-1.5011876709947785
0.5152405943288912
1.4978593380394047
-1.5069019010929825
1.5190128578902355
-1.5023018915034403
-0.5104273374247753
0.4966419826067692
0.5028814417168963
-0.5033134842606077
1.5003667524318671
1.5091469984528079
0.4986069454515532
0.49732506493519063
-1.4931069069150193
-1.5002147105040624
-1.5059069195936774
-0.495797559264385
1.5000052018618353
0.5066197473841001
-1.499361325079416
-0.5065532858917174
1.5022928510730007
0.49541984857623295
0.5125883262072721
-0.5009878602011045
1.4986427279435928
-1.4983156765640233
0.5060074932384813
-1.5106916926291887
0.5005217587759596
-0.4991316653208697
-1.5032825045043727
-1.493060380693083
0.5121003591733516
1.4983750080841152
-1.5054122113516908
1.5090384326020563
-1.5081168322821508
-0.5145003623332446
0.49854245742857645
0.5076988365746214
-1.502683797809331
1.5065105463822164
1.5151529496879923
0.4982728608315327
0.48886444709084376
-1.4963689608111965
-1.5017503846897888
-1.5018365259953104
1.5025079951683094
1.4972873322346762
0.5056604839054053
-1.5071373472795102
-0.5032027766067376
1.5012874526487217
0.48817997085035736
0.5113580657358154
0.4996529420918241
1.5102279979125603
-1.5038654969155756
0.506571580794671
-1.5082252742609417
0.4911523534024531
-0.4977074541060403
-1.5017720787909499
-0.49180189760112253
0.5047549794272089
1.4894317331967917
-1.4849972929570108
1.5025113135736412
-1.5070681353790039
-0.5078016055608339
0.4894503956635931
-1.4878783669599405
-1.5064943256660919
1.521346699604577
1.499585354031533
0.49802927137139136
0.49598538160653627
-1.5012947833570114
-1.5035674879842162
0.5028736084103539
1.4920398265758676
1.4925515798582043
0.5028134412262483
-1.4983085020844362
-0.513322381046088
1.5104591793108715
0.4806788493372354
-0.4944427241767952
0.5027169136455455
1.5119760369339248
-1.5062675118981887
0.49949889120316887
-1.4980433329464993
0.4840983864786161
-0.49803881793110777
-0.49911694242404353
-0.4989600338596582
0.5014658317942154
1.4914604810664762
-1.4925788913281806
1.5139679983153458
-1.5078904772248825
-0.4961845173958316
-0.5182571776199427
-1.4900313760366057
-1.5100835562839108
1.5204183567928122
1.4993379090325063
0.49657789204828123
0.493190933207806
-1.4993451405549754
-1.503905053168865
0.50223133047586
1.4890628971940767
1.4938602337709652
0.5008108590768033
-1.4906151480001815
-0.5056741676362356
1.5085940675331904
1.4858174462615137
-0.4959690293206911
0.5061383549434241
1.4979387960933916
-1.5047564388030898
0.4959808165008123
-1.4950464331735611
0.48812608615310593
1.5011568232160912
-0.49943650284266927
-0.5017436807507586
0.5026151124934123
1.503350785448132
-1.5044666775390854
1.5220134589499807
-1.5047786297528898
1.5044530132135236
-0.5130008358140346
-1.4933591949023746
-1.519928545334594
1.5129021775448517
1.495902751990154
0.5002108999166702
0.5006022496240197
0.5031529495047469
-1.5017188303264624
0.4932686725507525
1.505113776049677
1.497074301520629
0.5012549580449019
-1.4889745017635232
-0.5069543271073956
-0.49826945961524527
1.4964504530826948
-0.4954157335508161
0.5044039478605621
1.481270966587293
-1.4927396593503504
0.4977976894488678
-1.494837120769321
-1.504078469912011
1.5018070615110617
-0.49973167362292215
-0.49995738028433295
0.4991436169186793
1.5062376121535304
-1.5097791810080714
1.5132374088402476
0.49990296984436283
1.4943978341092032
-0.503959823490718
-1.4980199283113353
-1.5229200108093495
1.5059792913627423
1.4899183840104715
0.5024334504056521
-0.49467432250682636
0.5035951177759695
-1.5007692289335883
0.4955398599395905
1.5035803988532812
1.4903820349219603
0.49982166776852693
-1.4974521005230161
-0.5145022376906098
-0.500520627315736
1.4996857181914036
-0.4953549179327095
0.5052418194562691
1.4835373414269528
-1.499996574132299
0.4971167644612184
-0.4957602756060963
-1.5022079776665695
1.49661920337411
-0.4903212950715198
-0.5035073755524009
0.4896448593518433
1.5027964365322215
-1.5090339673013782
-1.497575532023284
0.49841777540647136
1.486128298691663
-0.500983150708296
-1.4908499939382847
-1.5066634318766747
1.500926866445243
1.4849415748294559
0.503988194822656
-0.49807495508386146
0.5020673984423034
-1.5141613267097593
0.49437609763901125
1.5039832575434613
1.4897111598163053
0.4999696708543023
-0.50121838611771
-0.5188799668480971
-0.4966899399975192
1.4950697011928367
-0.49280846065691253
0.507000748735155
1.489875200211182
-1.4966147586330325
-0.5085668812450161
-0.49620259302059067
-1.5096465210253653
1.4959815392801215
-0.49515260604274447
-0.49897123843448643
0.49099245366666167
1.5070706494022763
-1.505302888627561
-1.4954702786571796
0.49369898554971
1.4939124105175996
-0.5077082635727385
-1.4799954900667183
-1.5049074218600615
1.5065012584726867
1.4905169054834437
0.5024980951970863
-0.5057116102379766
0.5012032401619797
-1.5155797001251337
0.4997298679429719
1.5074544240791694
1.497797875291808
0.5001276376982536
-0.4951258803412362
-0.5123139495237395
-0.49510895221231743
1.4891615626457764
-0.49998253144297083
0.5163273854039775
1.4943093528677376
-0.48692561788321675
-0.5114406179302393
-0.5001424766078503
-1.494367683664356
1.4917906476064156
-0.48757285970521247
-0.4983081480651138
0.4959438505804962
-1.4855611875060348
-1.5043062987019005
-1.4857496333012372
0.4999299018405091
1.4970573726036902
-0.49313583219902324
-1.4904561366621667
-1.4993555066528585
0.5105993976483747
1.4985902924271914
0.4953774026835467
-0.49021489237775584
0.49872611583512255
-1.4969710370887912
0.4989076454227359
1.5060355423999376
-0.4952341925085597
0.5002636435126966
-0.4925124516515443
-0.49937790864314807
-0.5069996790465924
1.5098103499907767
-0.5103339101919085
0.5191966090422471
-1.506947013603221
-0.4854310971671616
-0.5070572394623106
-0.5092103657334912
-1.4934265151065278
1.497389093811765
-0.4856440851219268
-0.4993490060205933
1.4968790557853733
-1.4851483019614977
-1.5029979554434065
-1.5015399591284613
0.5018758536703898
1.4838875344757019
-0.4893553867009351
-1.5011010008761991
0.5027754745782635
0.5083238503568777
1.4944605173619088
0.5064195169481017
-0.49747517249978945
0.48225464206869206
-1.4915654881184812
0.4955108566142482
-0.49804077809860126
-0.49991628000066113
0.4982189631430866
-0.49432045935025193
-0.5005486641736513
-0.5007606117192958
1.5013755779229097
-0.5077687402489652
-0.48770185267753025
-1.5117563280438702
-0.4952402400208889
-0.4998011461065728
-0.5120561247851889
-1.4984646209325647
1.502309861725582
-0.49080864136937474
-1.4997284955567296
1.490769688503005
-1.4899039631442814
-1.5157103869267998
-1.4966370593632272
0.5061439363214478
1.4737288943822158
-0.49227618340685486
0.49765672765232644
0.49882458580029704
0.5006624914820893
1.497099478486356
0.5026114828824904
-0.5053748067499225
0.4968116412508127
-1.4988194111436224
-1.5078084928197464
-0.5004832376684594
-0.5057295014916433
0.4817533719581687
-0.4996395722923487
-0.48527465905160905
-0.511226073991708
1.50041563843031
1.499467988168718
-0.49469125272992187
-1.511948648341199
-0.5002338379406699
-0.4996534002321293
-0.5217475947680493
-1.496635295279342
1.5135359519395362
0.5004357276189514
-1.498379877669976
1.4873520494625327
-1.4941492426172582
-1.5208421696616745
-1.4933160216800778
0.5070323745718932
1.478047159667602
-0.4964461337533909
0.5068962022372965
0.49533545546591595
0.49936038219696377
1.4981910388426367
0.5035879584036125
-0.5035905622022167
0.5047882636082481
-0.5041687749544117
-1.5062386762870812
-0.5021009458522849
-0.4847932366320521
0.48345050094080516
-0.4946974737862814
-0.4799040253316349
-0.5042077892671807
-1.4957507754493309
1.501227671444871
-0.4946568592065128
-1.5011719684354854
-0.5044557952358735
-0.4762146611094374
-0.5167620185220602
-1.4895599945544153
0.5148653165271814
0.49912898989521354
-1.504045526832887
1.510699439724304
-1.488600049276775
-1.5056094595859892
-1.5015395958189368
0.5121656724525679
-1.5100291614392614
-0.49528714211948616
0.5139073386535086
0.49802065191102346
0.4952417267068563
1.518521098501554
0.5100158495166494
-0.4958280065095273
0.49956062298365705
-0.501146205870712
-1.504635010508881
-0.5051470504574187
-0.4785836667392548
0.49325166000697496
-0.49122114097875
-0.48919189350048603
-1.4930743566320932
-1.4919316567694496
1.5001498113677292
-0.507428977830949
-1.49956139327868
-0.5124679817632027
-0.4737405513533452
-0.5105271400540089
1.5179512041924943
0.5053880947102452
0.5078587967482722
-1.504656323914803
1.503531467523157
-1.5059667450895866
-1.495256379491353
-1.5128859270540376
0.5156975197970369
-1.5069794621042296
-0.49034203577342955
0.5007207078326606
0.4999356011766112
0.4960817725827037
1.50181721367258
0.5089532904256496
-0.49312080798428226
0.4879085579311306
-0.4926066908993173
-1.504100985222298
-0.4982314202208651
-0.49414053140268577
0.4919428082506029
-0.49454147074022053
-0.4989331674806065
-1.4928949275725765
-1.4949417951494262
1.4992264911486557
-0.5043885445181102
-1.4993902745564844
-0.5064469493708238
-0.48475476407537094
-1.5180863086275127
1.5142010065822509
0.5017429204831005
0.4999357152862547
-1.5011131990613644
1.5043366847757969
-1.5152673095572993
-1.4965935497766325
0.4863392152830227
0.5122303047271334
-1.5183319419166745
-0.4814516467376906
0.5010841643933797
0.4906811896660683
0.5014179005587287
1.4992481050400899
-0.5035987464096067
-0.4989499327936574
0.4864995456641937
-0.4959606986702724
-1.507784373280764
-0.4808623138325874
-0.4976410190040706
0.4844370880773101
-0.4997748281256741
-0.4966272549172659
-1.5067526243125737
-1.4991904898014985
1.5040148095068622
-0.5053932343949705
-1.4984339958640995
-0.49468321420103706
-1.4946616123008134
-1.5283334043658838
1.5077251607050148
0.5013542688108656
0.496975950514576
-1.5029309388511722
1.5165336134379288
-1.5133777354332658
0.49870126406874205
0.4972787184489352
0.5032748785122609
-1.5166099105616793
-0.4883130221269001
0.5022409919057153
0.495222841123386
0.4987230509345031
-0.4859092975132979
-0.510827475798967
-0.5078046833267618
0.5024884818533276
-0.5009069028547464
-1.4973926269750033
-0.48888911167226234
-0.48856419871145973
-0.5179977368749382
-0.49969761761770715
-0.4852395396264153
-1.5073822062210482
-1.5024969223182658
1.513653811754797
-0.5017219642498963
-1.4982094401014767
-0.49300837002950604
-1.4895579172323243
-1.5280757389482766
1.5065996564016895
0.5043216856396016
0.5021539716992991
-1.5080058592532815
1.524005211132896
-1.5048327192323727
0.4963399052950595
0.5065423310794501
0.4985101169894886
-1.5073463453507971
-0.49760914195272654
0.5010098948346635
0.49868090350002287
1.4952349417615107
-0.4735622798396578
-0.49979671317356233
-0.5203951380752833
0.5076492641150729
-0.5066049676468516
-1.4912488425049815
-0.5023868970577091
1.5180905478907927
-0.5117664944973033
-0.488351132104419
-0.5058825216250696
-1.5002743142138775
-1.5102299646306137
1.5091202184124881
-0.5008191533878038
1.5013197654972172
-0.5034480967514382
-1.476056004137408
-1.5258665793643456
1.5151135217305234
0.4803726004474693
0.5037965080707049
-1.5028902665534631
1.514943944834643
-1.5003965115613527
0.5015061458387297
0.5005809991328277
0.5004941767065387
-1.5077045875575585
-0.49984113129057084
0.49674706316189454
0.4991459275560434
1.495824713218482
-0.48151128076520533
-0.48660184198481043
-0.5123401808093262
0.5047038011610108
-0.5107158633435754
-1.4941452187890185
-0.5067503458779079
1.5131999976320898
-0.5065090931669973
-0.4776275384154055
-0.505142310219139
-1.4936064748893354
-1.5023704667502478
1.504435402122999
-1.5058278457107306
1.5006669757792985
-0.5081009495454144
-1.4866792955141506
-1.5109989863345892
1.5282173902311385
0.4860818224084533
0.49984055093891305
0.5050526820762923
1.5014448794578836
-1.5105013615079776
0.5143949870646901
0.4997219382295706
0.4927880940083668
-1.5016095255501953
-0.4899248678970832
-1.5052086683023018
0.4958863218418854
1.5024626633769589
-0.5002385135378064
-0.48694298481169684
-0.4933866145142546
0.5084557915000102
-0.5084788201035414
0.5016413173309076
-0.4956396607475921
1.4989415617307293
-0.5048262195847394
-0.483401279944157
-0.5060011809341515
-1.4884785130886997
-1.4988852994040138
-1.4908793334670125
-1.509868761749933
1.5011251589364887
-0.5041531038564274
-1.4932538097648436
-1.507379240249819
1.5233730346393206
0.4952954283567798
1.5022337191265525
0.5051381569024735
1.506523325787637
-1.5276962597781925
0.5086284977038886
0.48987092003301547
0.5031101804825323
-1.5039354017740016
1.5188381106032502
-1.501931538162268
0.49784067390284087
1.4920973217552307
-0.4964627324695717
-0.5106992332823245
-0.49978634296677527
0.5060844657690564
1.4956747466316036
0.500956132559172
-0.4798132909524238
1.4937557370400745
-0.4947857912497377
-0.5050455241630633
-0.5021430441207089
-1.4918644222475064
0.4952909179543873
-1.4815285288843407
-1.508506610676587
1.5114205555813025
-0.498447004921173
-1.5009045490658324
-1.5060558763392875
1.511772267245875
-0.5072669388880044
1.5062869688524934
0.4968949435601791
1.5247443663961433
-1.5161385989399498
0.5152588003181141
0.4788967863629922
0.5028749478324737
-1.5083497707411202
1.5143533121870176
-1.498207317875029
0.5007711437120529
1.4975135865857168
-0.4864834062142685
-0.5067186938036208
-0.509168504308183
0.49739369819493207
1.4965717515362102
0.5074302779903745
-0.4879420418596329
1.5052432226278136
-0.48938283345907263
-0.49840295009791935
-0.5124107888505983
-0.4963032386369136
0.4876877891245873
-1.4846582937087112
-1.5019737169130898
1.5121696986178255
-0.49882770276058563
-1.497209828050013
-1.5059598533725644
-0.4945036984110761
-0.5170370127169217
1.5060094251849245
0.49971045719695345
1.5199240943180794
-1.5086499121224173
0.5198285340525803
0.4845352756647531
-0.5046859815312564
-1.5085994317006846
1.5010422330304103
-1.4950746323274602
0.5015743000980769
1.5000613787943808
-0.4911549611815386
-0.5025653324907519
-1.5053157856016757
0.4946489911540046
1.4964187229920212
0.49919440317010894
-0.498816241338928
1.503254603306018
-0.4923797050200348
-0.49012861859374435
1.4805715495970968
-0.49552831127315733
0.49492359496422644
-1.5019344962864773
-1.4905044970900048
1.48863068600184
-0.496250283080458
-1.5006610993425593
1.494964478414093
-0.4865224142989431
-0.5184481148453768
1.4999976522472727
0.5130460034271485
1.5000496998888653
-1.509448586751718
0.5191731799188487
1.495129828154691
-0.5100594612731256
-1.5009619952338618
1.4996286082674477
-1.4877598353539048
0.4977098291753028
1.4964016379979381
-0.4959443772013211
1.494945817832003
-1.4933501316196973
0.5046128426233737
1.4794846050356172
0.5106783988517908
-0.5043161933236248
1.5028714076132923
-0.5007258959260116
1.5071324111865934
1.486673617955068
-0.486640898151781
0.48206658514818257
-1.4986777882575568
-1.5015977175358586
1.4948822320807633
-0.5020326864060697
0.4946917345196202
1.4953027174822908
-0.47662179972636537
-0.5169199301822379
1.5013994149901804
0.4991403165882804
1.5017747486134498
-1.5119646331725753
-0.4888272052921588
1.497336006307033
-0.5045951251127282
-1.4984555272959856
1.4966831311058495
-1.4939769414925903
0.4953775855890532
1.4926674351659583
-0.4954163429913695
1.489728582169858
-1.4912641548596408
0.5129097942194145
1.4743191839290457
0.5067218213849567
-0.508668497724285
1.4989924036045796
-1.504687620963643
1.4983988987872936
1.4989186700362493
-0.4901865918441475
0.4907616140402607
-1.5043510385366172
-1.510574377743073
1.4999836619043312
0.4960001624863166
0.49570604801685186
1.4945324919624403
-0.4756759186386069
-0.5028780570061748
1.4885440023677778
0.5002976884741099
1.49841522037402
-1.5080475585341264
-0.4934402290575157
1.4871567554454688
-0.4992738220248988
-1.4933611878664048
1.4957165790204425
-1.4952405778155071
0.48666948742476773
1.495870491162854
-0.49092123890890094
1.486775030556037
-1.4997141158944236
0.5145016090118987
1.4816365227768766
0.5041241790367206
-0.5085365069159643
0.5006232814743212
-1.4983374043090116
1.4904810749265318
1.511050828233459
-0.498863587064003
0.4995695295145799
-1.5032137747806318
-1.5095923838857725
-1.4988492160841995
0.4998890989456971
0.5004076785925153
1.4936845594583437
-0.48978706585588844
-0.4844620795272909
1.4794382031342237
0.5037246633100327
1.4991639958051581
-1.503450989875515
-0.48773134890328645
1.484492320404494
-0.49649329422255795
-1.5009436629303223
1.4967329215083012
-1.4866208783185881
0.4830145492482462
1.5014757901493148
-0.4899382179674422
1.4956216001048175
-1.5079962979119452
0.515328454748322
1.494121226687801
0.5006400042521971
-1.5053030903303282
0.5041776570135591
-1.4859857526881017
1.4927235841725555
1.5144805345187606
-0.4984432066412098
0.4971467452487166
-1.494729417974632
1.499309403952968
-1.5031800668999193
0.5067483048989453
0.49445871125735824
1.503696077619017
-0.5043221939860464
-0.47612706827707907
1.486625885115967
1.505039266918053
1.502366794159792
-1.5022175352704732
-0.49057308969716
1.4969908856332588
-0.5091053440008003
-1.502303422805565
1.4965744182476646
0.5199395732663439
0.48955443789087194
1.5000857580866118
-0.48886921483641643
1.4979493138330564
-1.508712689916597
0.5165350036156698
1.4948063373357467
-0.4989451254145991
-1.5027908988965926
0.5079232219716978
-1.4977299377874644
1.492269737741241
1.5114225918446016
-0.49936251876522625
0.4919395612547753
-0.4918625989751276
1.5034624804817889
-1.5102077263152522
0.5079042264313239
0.4860333867661957
1.4965873780585837
-0.5063989748854384
-0.4881836144368903
-0.5043199932497614
1.50410098221944
1.5017262014491097
-1.495854029904844
-0.507966600518986
1.50234694788155
-0.5221229681592793
-1.5017188885362263
-0.5030660455407012
0.5150818658303445
0.4927389207309427
1.5146846482170062
-0.504838914697193
1.509050485340614
-1.5137629382198359
0.508230624739309
-1.5178026172670964
-0.4956784938545474
-1.5050394084451755
0.5116817953195169
-1.5012613575760199
1.4977473569421065
1.4953504749858593
-0.49473406752251087
0.49014142786180814
-0.49846077987115905
1.4944909686672887
-1.4936677413281405
0.5033384707203356
0.490238160002644
1.5003755749318928
-0.5049363971858425
-1.500506959510414
-0.5065448635171423
1.5051365698990404
1.4967085736616936
-1.4879927271457334
-0.49887020037651586
1.495882972992665
-0.5174735113600686
1.502499593144716
-0.5036268544655237
0.5059617115698595
0.48559122611284605
1.5230611657759596
-0.5071942111478699
1.5194387084697407
-1.509646133850574
0.5041183555516678
-1.5263784599544303
-0.4968593992939208
-1.4969398277404449
0.5088137328147561
-1.501425293550895
1.4989959059967664
1.5012620079567696
-1.4922237444825361
0.4943467987856286
-0.5033761131739798
1.4800708365465574
-1.500732855158937
0.5211735925409098
0.4973707599733798
1.5016824772069512
0.4997715947650278
-1.4957148750272797
-0.5162701799609497
1.505551371842014
1.486301374843951
-1.4942388889074243
-0.4984162855073796
1.4987273478667855
-0.5053162829500564
1.5045177137889039
-0.501136197128222
0.5037899142660001
0.4777553093898076
1.5189972684282294
-0.5033223410029452
1.5162719532036018
-0.505382207592438
0.5110141803668375
-1.5211697266015252
-0.49307888898729235
-1.5101197436653047
0.5014079804011071
-1.4990460749499772
1.4973730691117728
-0.4843063570569729
-1.4959200532859824
0.494419005254334
-0.47589764236858045
1.4791564089127514
-1.4990649259733675
0.5122029699225206
0.4956338978052646
-1.5016085059183626
0.5013812630083485
-1.4810888858577458
-0.5137148668256322
1.5021731931561468
1.4987113468986069
-1.5012625113501987
-0.4974415028675744
1.504972874252343
-0.5022888537198896
1.4987790231715503
-0.48692288855353144
0.5118078519803227
0.4836722709908945
1.506750223215549
-0.5090113556868022
0.5086749415211346
-0.5076097656309492
0.5136981460736116
-1.5034473777302073
-0.49293602086020494
-1.4987141019211996
0.49830023345918695
-1.4969109123283209
-1.504561481621575
-0.48168249751398573
-1.5011175886961483
0.49035967722934154
-0.4752075293433235
1.4948121430169137
-1.4936557485724036
0.5037528643596091
0.48658932524427845
-1.5056819570790574
0.4985821193717515
-1.4835412754627015
-0.5046820741606681
1.499060032920469
1.5001768754555156
-1.502020525768961
-0.4953647272039058
1.5066238989851901
-0.5126559390825502
1.4947797728086218
-0.4986490881867784
0.5073628206808707
0.49426951833956767
1.5053969877348403
-0.5164370752115749
0.5065454540779522
-0.5105462475901122
0.5086678064099689
-1.4964569556477831
-0.49247330028150466
-1.5000003106717363
0.49960167473146555
-0.49623209706471566
-1.5039172088839592
-0.4966642228098899
-1.4981792323906247
0.48574974235817453
-0.4882092526166892
1.504750657385203
-1.4864871878869166
-1.497091541991264
0.480682883455968
-1.5014730903619835
0.490788360254591
-1.4837139130245456
-0.5012294730846119
1.4985105161594698
1.501447272143233
0.5000349693786037
-0.49485283814972125
1.4979505937282604
-0.5055837062637012
1.4959271139118238
-0.5095481342974723
0.5137588390485162
0.49159220976655815
-1.4840932408196934
-0.5164163530904927
0.5127599222347117
-0.5130627528568661
0.49799135729327665
-1.480636063349763
-0.5023522332294906
-1.4970777243563498
0.5005792886360999
-0.49880024568273046
-1.502400368641751
-0.49783390290800894
-1.488681734108585
0.4855546087060754
-0.4961571200610231
1.5054562920168741
-1.4910287281758083
-1.4881899800117637
0.48719693273620895
-1.4958601817046064
0.48257359848014636
-1.481444874066605
-0.5051991153214952
1.502012351583847
1.500766214844172
0.500406008766667
-0.4968157211435571
1.4920848613243989
-0.49400004096138717
1.5009729347251317
-0.5105884866385918
0.5111321086060862
0.48007448907731365
-1.4753995706761243
-0.5085329055419802
0.5198352206981222
-0.5115240817343167
0.49096486330713485
-1.480391620348249
-0.5053470475811187
-1.493679062447306
0.5000571980223545
-0.5026130054035002
-1.4947422440705582
-0.5032108481022434
-1.4781451368057286
0.48797727370764077
-0.49509382199899044
0.4975996591894725
-1.5017353145585537
-1.4866419163259275
0.5048183391834842
-1.498428885249139
0.49221671898063174
-1.4971857235471757
-0.5043460998778208
-0.49750711233128375
1.499447997036439
0.49816863899586805
-0.4964505755346261
1.4896319340487094
-0.48260840959450857
1.4988359175252226
-0.5021103052514335
-0.49377237254759776
0.4750298707506019
-1.48173886652271
-0.5100136241089169
0.515855067619586
-0.5016829414742101
0.4925979850570048
-1.4912304587289105
-0.5022310130861313
-1.4945722220320594
0.4997833872631642
-0.5038259249343179
-1.4992741733614443
-0.5052990841275121
-1.4817835271585942
0.4936243696252
-0.48573973022904954
0.4921069954570693
-1.5036399802852067
-1.4913482470451884
0.4995753459307387
-1.5045946415465477
0.496630289537689
-1.5020251085253369
-0.5005801574015731
-0.5007534505943567
1.4991907006890524
0.49824504404313186
-0.4963446424643526
1.4963340709727604
-0.49676680887615826
1.4937657305365362
-0.4957854106647322
-0.49453775687080737
0.4836072004626141
-1.4936333791428662
-0.5124369523361983
0.5070241826955987
-0.498768948116042
0.5009087389076361
-1.49821890217322
-0.49776951874603476
-1.498337293909915
0.49988846263433184
-0.4963506518904599
-1.50238949661717
-0.49576444471953257
-1.4948668982598357
0.49452880192738946
-0.4815671640333531
0.4967274206844189
-1.4941922326420163
-1.499511026069573
0.4940224273382282
-1.5044016911748546
0.49874685861114404
-1.4914258043585176
-0.49952052283001575
-0.5030040507696567
1.5000694465000337
0.4981102819383069
-0.4885571565043907
1.499197571380899
-0.5013905726595284
1.4893489625351222
-0.5004056544457852
-0.4879657138459188
0.49019253788077616
-1.4942425991761201
-0.5126043400045609
0.5045257095543547
-0.4995542647941922
1.502486316195317
-1.4914855376845149
-0.4945663639391401
-1.5026986430999671
0.5039306043015686
-0.4983041067637758
-1.498287505478446
-0.48778089535806607
0.5016277119092053
0.48982577588916154
-0.4906273268552585
0.5145634597139374
-1.4866055389657347
-1.5016662032606292
0.49865599813723466
-1.5014371100052841
-1.5051625214256783
-1.4802170873461986
-0.5017875536522872
-0.5028118222907614
1.499851739963102
0.5079969035369978
-0.487697183823179
1.4943313840217631
0.5101713331271766
1.4917132359814163
-0.5110445987929643
-0.4744564873025224
0.4899323375748389
-1.485853808557012
-0.507390708311476
0.5117817411560499
-1.5033927507488327
1.4955761939628989
-1.4766550814741257
-0.5084883815154011
-1.503285832152805
0.5135337697353818
-0.5038499582677233
-1.4928875552100132
1.5064720858247471
0.5122136842050403
0.49053713792966874
-0.5043348890346584
0.5270197702595539
-1.5024782241237895
-1.4946216846723486
0.5063186190838838
1.499763728646261
-1.507944087261522
-1.4833948636630703
-0.499192686247569
-0.5035408490266764
1.4959029884711412
0.5184668734525708
-0.49211919890004846
1.4873563752761778
0.5217127904434347
1.4966085362135693
-0.5064402643721737
-0.4786203540879514
0.4834576085820313
-1.4851493930198305
-0.5062461435444693
0.5186105164213062
-1.5047408606134112
1.4893244969918686
-1.4770954964355396
-0.5037347809493841
-1.502033884461738
0.5132400011521372
-0.5119545285754533
-1.4921944977457906
1.4962183031895222
0.5225862553782706
0.49261363398218694
-0.5130462099949508
0.5147550727043849
-1.505513156992754
-1.4963625109050818
0.5090170114190716
1.4972959503980054
-1.5087688626566014
-1.496246942881764
-0.5019573139574375
-0.5022036864793639
1.4847125988920091
0.5152989062250627
-1.4997977456391884
1.4892346047642517
0.5206345752723629
1.4914285150586075
-0.5086473267380471
-0.49116792386713704
0.4706706936610609
-1.4888602243785822
1.4907315975013737
0.5158977510380695
-1.4986232658692187
1.474481258945643
-1.4845473978384875
-0.5109580833758665
-1.5104383378201895
0.5053648667415219
1.4858707042454924
-1.496123046935329
1.4987186389085083
0.4984268983493053
0.5040807109242786
-0.5320546206913594
0.5047088085808326
-1.5096561303765825
0.49949250033746784
0.5034073940940194
1.4934016762540467
-1.5095491584475464
-1.497135163129862
-0.5247578780893345
-0.4935420189520112
1.47388521790363
-0.4934404640224673
-1.4993252886535613
1.4982450915000523
0.5063406366874138
1.4803491063692908
-0.5091171633066379
-0.4946569870517247
0.4701779862641109
-0.491448559962805
1.4874751743011723
0.5048306072042438
-1.4912989611313827
1.4848415522119438
-1.4916365894240364
-0.5216194486320803
-1.5101731479671732
-1.5011414631759212
1.4930001766163066
-1.4955470393380477
1.490288427303926
0.4928109929982635
0.5079616436432465
-0.5232483201786704
0.5077401979717769
1.4912641681331076
0.49864524823854633
0.49613746352773774
1.5032317661559922
-1.5010855152678535
-1.5009837997787798
-0.5154531783161578
-0.4924251995937856
0.47880296153291857
-0.4960675915380488
-1.4954944758986228
1.4986748093104605
0.503385108186999
1.4885865428116063
-0.5015625705679398
-0.48160693527960136
-1.519243329953313
-0.4904751022755434
1.4909212806929328
0.50005166858324
-1.4838426175687272
1.4926378198661827
-1.4810281887050416
-0.5242042471805907
0.5034633619772466
-1.495677460370698
1.4975670174442244
-1.4960664527008842
1.494845828589863
0.4976687732988815
0.5136708663838966
-0.5083880941803778
-0.47703331634119017
1.4954024967270714
0.5011945910392633
0.501686455841371
1.5039047774925067
-1.4967952421862396
-1.494683064478062
-0.501116594317718
-0.49562160759411195
0.4923268424231692
-0.4908077540058403
-1.4812433273135335
1.49575226386405
0.5128043460321879
1.4959702207830756
-0.4920055360369667
-1.471126439317693
-1.511236342682426
-0.48261442437473934
1.488537221058518
0.5006565723366048
-1.476734199880107
1.4909090546563986
-1.475680549687043
1.485372460677464
0.5102289057546423
-1.4839383337365164
1.4909001505726858
-1.480516649788255
1.4907017175263504
0.5045056825195362
0.5135944928993446
1.4882925965019904
-0.46884697768012307
1.5010659079213597
0.5028206509147088
0.5071015093629403
1.49386254010517
-1.489777594300955
-1.4936948401765262
1.5030219707956372
-0.49934605777520524
0.4964719042903851
-0.4883166579471629
-1.4857109534726878
1.5031096623531632
0.5111229353127787
1.4977879097922042
0.5030216603156586
-1.477551237187611
-1.5155313985630268
-0.4940481703494298
1.497282530038537
0.4975811794341099
-1.4843636843655195
1.4910001851423622
-0.4849435245631934
1.494980906045033
0.49801087519773735
-1.4814395651459225
1.473446052848097
-1.4828886136043107
1.495988436997579
0.4991945063903948
-1.4905881349911156
1.4721140992891932
-0.47548654793657025
1.4953873940210076
0.49275488918139565
0.5109290563827205
1.4769319850533162
-1.4895130250559137
1.5003442856109463
1.492448513976341
-0.49753636577070914
0.47806098054518986
-0.4956615616928391
-1.5033091730970318
1.5037025142319582
0.5059713836137953
1.489456340456724
0.49144400652739334
-1.4932374972328273
-1.5213583825157169
-0.49676632101981094
1.4844671704985666
0.4912221758583114
-1.494401899524872
1.491274574559806
-0.49542979750262284
1.4907465463411187
0.4868852960975386
-1.4904124107002708
1.4705493964665342
-1.4874534366909722
1.4858946083633275
0.4922243599473713
-1.4925252546125571
1.4664808838278918
-0.494731619942279
1.4899513294696036
0.480820374169583
0.5101272367364007
1.4722145087632892
-0.49299959571797713
1.4953498628708615
1.4776650692412612
-0.4898475213224026
0.46910817430332546
-0.5057768249865696
-1.5062377693020732
1.4923921799047484
-1.4939500629129385
1.4840248406144512
0.4904904775641121
-1.4986522503298485
-1.5338631633360817
-0.4885256252505709
1.4724706696871426
0.49216048473358426
0.5099490453452495
1.4910345348160865
-0.4952079600496535
1.48824005373888
0.48728519889684163
-1.4897161260478116
1.4729590268451054
-1.4897678002126151
-0.5240943451741629
0.4934818964833012
-1.4944967072461708
1.489887005265944
-0.4945352646739278
1.4913504325070295
0.48069347077686275
0.5153912644229687
-0.5156375068796064
-0.49582866141355025
1.4921368371304498
1.499372141871105
-0.4899760043681184
0.49440020402733864
-0.4995999200298848
-1.5047147463549717
-1.5105445943772284
-1.4882805823429606
1.486897662846446
0.5018230539374053
-1.4961308647791673
-1.509338714777443
-0.4820525029980687
1.4795914887861121
0.5002235847517614
0.5209878946494454
1.4920233768062607
-0.49732944551530694
1.4934683071987007
0.4988673840280313
-1.4853117750328173
1.4851764296749552
-0.48668901248825996
-0.5188482687425134
0.4978502450815836
-1.4774361230247928
1.4932423587550165
-0.49129607101091555
1.5002409412090705
0.4947044593218881
-1.4799132821780765
-0.5036718500168021
-0.4902017909493845
1.485505445034811
1.4993917710498308
-0.4747753253744625
0.49524109281834605
-0.48974657934333204
0.5007820326432882
-1.5010747651024086
-1.4893124337130417
1.506976425739511
0.5051956636021676
-1.5028668107133887
-1.5032823468669856
-0.47820114903966826
-0.5057451578682213
0.5042924039035479
0.5206627168687171
1.4981536498154433
-0.4997790013594783
1.5126656029565066
0.49614022710980504
-1.4863585174716067
-1.5068640404201226
-0.4835409706560224
-0.506946225545641
0.495552080324655
-1.4797024201999343
1.4957295988431076
-0.492177326490784
1.504532743935328
0.500847393632834
-1.483340728299117
-0.5064734033434308
-0.4922397352200532
1.493604899861342
1.4976770523096778
-0.478901900385158
0.49429732159524387
-0.49359468542907087
0.5028902643482012
-1.492275181702245
-1.4931106264519804
1.4984887588324955
0.499047420123021
-1.4996060882652205
-1.50059862599961
-0.48718637392871283
-0.5050378870439124
0.4988218263368873
0.5120818643353283
1.5110773999114442
-0.49618509123330895
1.5016474694094748
0.4913211758701074
-1.491181577082187
-1.5137964755091333
-0.48384186171094834
-0.5038832849679609
0.49376135042202357
-1.4899656967808697
1.503247949544925
-0.49399236536753366
1.5006688488930766
0.4891107983249839
-1.4904729081343258
-0.5211663848742044
-0.4803989145950357
1.494242173127401
1.5044531217913015
-0.49172507927102094
0.48919618137764354
-0.5059450376436538
0.5006730277042366
-1.5033909847822158
-1.4955391001605394
1.4888504433598468
0.5071427019870731
-1.5015804868965952
-0.5010528390225159
-0.497251420293374
-0.522189372605367
0.5047766948682828
0.5002184597904581
1.5137447855554191
-0.4959289122488609
1.4953966682820272
-1.5131038250568676
-1.4935981863029781
-1.524396078362217
-0.4929412016367484
-0.5162974289872426
0.5092704587135156
-1.5006893038925202
1.5101934025613872
0.5019155891947386
1.4939142974740687
0.47652355330578233
-1.4922495479211713
-0.5261131730922
-0.48716813865023606
1.4878917882866403
1.5098129516934835
-0.4951673618344223
0.4872808075488322
-0.5096650539232218
0.4994590814239849
-1.5147115535398945
-1.494744169264896
1.4922178055687414
0.5087616769951477
-1.5053453850144174
-0.5039607553244166
-0.4943375928740062
-0.5309418332037755
0.4982971802653727
0.5055161141608175
1.5052464049108298
-0.5006495725328836
1.50252263751963
-1.5113277845164121
-1.490132367059266
-1.5253452769333165
-0.49020393289448305
-0.5261881574813879
0.5053074451273609
-1.4948967714824448
1.5070028388974934
0.5016846937687556
1.4916570139971164
0.48485217022481775
-1.4930164212699228
-0.5147448079234073
-0.4946887973841224
1.4821669094453613
0.5070198960076251
-0.4846921262411091
0.4875811345393637
-0.4969980384815656
0.49538588565454633
-1.5095486959898075
-1.4984085669468463
1.5027920473025154
-1.4986357214597705
-1.5060232183401216
-0.502644123524977
-0.49172957037495185
-0.5224502729032593
0.5035898482176544
0.5133022029005391
1.4959990941140253
1.4980843992617874
1.5131760278497144
-1.5004780527408677
-1.5130645041220359
-1.5077363515371633
-0.49965304387838594
-0.5165797426639026
0.5012548012476549
1.5154550893918557
1.4986997074438588
0.5056536422684951
1.4920100105195069
0.5017729527070924
-1.5112906171598883
-0.49693930785544554
-0.50127688902857
1.4872339362938505
0.4995521120975281
-0.4758382453942162
0.4857727494006408
-0.48362539691891243
0.49265532151364966
-1.4996894439761304
-1.494947904647193
0.5070506785096383
-1.504356916797764
-1.507448225535912
-0.4960105419749999
-0.4975713686282865
-0.5131277103716485
0.5145558393257719
0.5134399721481948
-1.5014441857666672
1.5009941221079188
1.5135809191803984
-1.5035869341076462
-1.5085301539171176
-1.4966279129959665
-0.5110574944976454
-0.5038522123463783
1.503505065405664
1.516500213730758
1.4990676688052196
0.4949705414986434
1.4977283986443706
0.5005847439425221
-1.4977271258982154
-0.5008896872303876
0.5020397191900476
1.4953415447972598
0.4981587016963478
-0.4822567239538866
0.49316481503069404
-0.4926303034157744
0.49282051708794095
-1.4910628798235959
-1.4908748270129977
0.4983889429878737
-1.4987691442167954
-1.5112143058301168
-0.48394622710323604
-0.5054976849837223
-0.5053630882057893
0.5225445769274585
1.50345513661391
-1.4903779838632503
1.5059359735712425
1.5014398328354315
-1.507737078329956
-1.5061934140648314
-1.4951241536714295
-0.5108244731493315
0.49834215561218254
1.5081924192958456
1.5049473608456925
1.5128930798437026
0.5045835164965378
1.4999677670559015
0.49112316769868497
-1.4892824111144891
-1.5158725425244193
0.5107684923104766
1.4977057090401233
0.4936947500743604
-0.4945695353652702
0.5055325570830623
-0.4950358793495784
0.49903815668464635
0.5049407716201283
-1.4923873285491998
0.4859330164231688
-1.4766031996087006
-1.5082775579795553
-0.48400938021519474
-0.5047575972792654
-0.5071536963639821
-1.484692613583592
1.4969272414852959
-1.484181414410696
1.4962967052975098
1.4921123482016312
-1.4936575871876174
-1.505300820512801
-1.4956702790752912
0.496556136798728
0.4867648439759222
1.5107158614155871
1.4949228725221761
1.523448376032347
0.4978864725429631
1.4982213288752961
0.4838142832285547
-0.49538717562593215
-1.519954217966273
0.511291069504908
1.4963648063444999
0.49516662461795824
-0.4971048589808439
0.507421378578404
-0.49886169328474683
-0.4949675123470912
0.49379290178792196
-1.4994628372516225
0.4988196718497563
-1.484339393422543
-1.50386408205447
-0.49452837722719506
-0.4981194301014684
-1.5156895702270126
-1.4974452688136235
1.5065955024778093
-1.5042313894112085
1.501470154942413
1.5020616397796835
-1.4948763343115328
-1.5140740898678864
0.5043885556954602
0.5019927520098754
0.4759061284229805
1.5129321192480734
1.4938932249706776
1.5037984653085303
0.5008064878019188
1.490108357273156
-0.5099368830293315
-0.5083441474170893
-1.5097184836547708
0.5049043468274946
1.4913756082734682
0.5041831463285745
-0.4942010842502439
0.4956836601498262
-1.5005394256997429
-0.49720727220411975
0.49274661723924645
-1.5071265755175283
0.5066322703950119
-1.4977229382455133
-1.508638420122128
-0.5018621998553635
0.5088619385555839
-1.5195666837043182
-1.4979323533415891
1.5132646609370548
-1.5050475514142747
1.497278390965892
1.510787208272227
-1.4968476106767354
-1.5243303688581937
0.5056395105012087
0.4954335718493001
0.48740271273373237
1.5040199472006843
1.5028233367241204
1.4984744316240903
0.49606679571324275
0.4895140921453748
-0.499487669026274
-0.5116640622434727
-1.4948289258370793
0.5039325939582643
1.498473113873925
0.4979134121058117
-0.4860252251467962
-0.5120735003237867
-1.4975256202306286
-0.5051947284316273
0.5033553233133042
-1.505720610312198
0.5092345429325779
-1.4943241850210798
-1.513041998500139
-0.49775577910553603
0.5058404776671923
-1.5120205148840002
-1.4929374332650964
1.5180005541856738
-1.5021252274929437
1.493397549667921
1.509603616912296
-0.49825212186004086
-1.5212602666685837
0.5033239903046409
0.501286849933787
0.4946508472930821
1.4990509800263336
1.5164513694859763
1.4992880205373802
-1.5063055196218582
0.49661179290575347
-0.49552970901608334
-0.5137833184634509
-1.5024553752052707
0.5221642335699833
1.493055833901731
0.4956284917636243
1.513524802762358
-0.5048386205641162
-1.4886722803265675
-0.5134365546538419
0.5147802961199365
-1.5155565302799068
0.501947987793717
-1.4809837122112304
1.4881081967238448
-0.487302875090087
0.49705052013189294
-1.5033200195533294
-1.4852001912413062
1.5055193049783235
-1.497675450380281
1.4932721670815876
0.5011754678167307
-0.49737693781940784
-1.512249320652052
0.5191265923410062
0.4975926803550828
0.5001461162632946
1.5022787174538648
1.5119724717327525
-0.4940651426371208
-1.503480533666788
0.4989373143473663
-0.490622638583651
-0.5039870442872176
-1.4965825357206013
0.519519102291377
1.4955120255776468
-1.5019540864546854
1.5049758191192752
-0.4869527671862238
-1.5071733834038747
-0.5047239846243757
0.521451639638519
-1.5098442799315968
0.4996864485261805
1.5220876015735758
1.4927563692927712
-0.4852635287327182
0.49926799712878395
-1.4926704784693225
-1.5055352510288216
1.5021756007922604
-1.4961548189069505
1.4971128218130318
0.4977729476822547
-0.4955428344968626
-1.5077311066976975
0.5208931905151306
0.5046216307693573
0.5026489480340771
1.5101036010110807
0.4981517711462968
-0.49183508050966646
-1.5039764492792547
0.5056025281385971
-0.49951841176847506
-0.5015915607919937
-1.4944502361803735
0.5092319674890214
-1.5007466049017326
-1.498372239712712
1.500507998044806
-0.4872440089048524
-1.5013900368739133
-0.501260715113834
0.5133169574619633
-1.5088998857656077
0.5101877818495643
1.5111650362843956
1.4969072562011783
-0.4957517150182753
0.5010118305288925
-1.5044247216634443
-1.4992582710750642
1.4923402362128257
-0.49499405770246485
1.4985841062512597
0.49857860971252177
-0.48485452385294336
-1.5082974474527728
0.5102947891600612
0.49996357080971454
0.4965915057741807
-1.4903886363910306
0.49295334764048787
-0.49604214143105
-1.5044765461677467
0.5051705563501249
-0.49140285588351584
-0.5075472074988001
-1.4940940169689043
0.5024441948099223
-1.5016990176827594
-1.4968413207468159
1.4928772238071186
-0.494521737780981
-1.502587110814488
-0.5015372729364733
0.5064261750593531
-0.5167990440510767
0.5186153532758508
1.4972777861684041
1.512673500122215
-0.49771351375377104
0.4896194612366022
-1.5100210345957976
-1.5011128100663695
-1.5046519970900234
-0.49627368101434965
1.4953130916289836
0.5077659835574614
-0.49851002642355224
-1.4958428738506657
0.501111027315208
0.49452504049253015
0.48963692752416615
-1.4988368599219235
0.5057681853379951
-0.49562489979176744
-1.5054692318107419
0.5026499009425149
-0.4949505164530617
-0.5165656609088899
-0.49695721829809886
0.5079388639128507
-1.5084383618723007
-1.4970482163687138
1.4988456659054676
-0.4951836173959487
-1.5085254832012518
-0.5014646199868465
-1.4959896079320993
-0.5232994296466217
0.5179606023688548
1.4944720584248652
1.5101829703814644
-0.4982260543253629
0.48652689658003817
-1.5084124366730565
1.4929076748795231
-1.4931313899213918
-0.49689912433782757
1.4870012110340511
0.5082821176684907
-0.5028493490620701
-1.4980042344996016
0.5001882243443845
0.4960431975467415
0.4914476377432034
-1.5058277543241352
0.518368537622409
-0.5029487709684284
-1.5100432010106002
0.49716343395661977
-0.4843249925769311
-1.5211713430644391
-0.4997319129173857
0.5217516028774624
-1.516657976660004
-1.4951248649157438
1.509259117067283
-0.49847716584168206
-1.513242492477885
1.4984974231597872
-1.4884822820741896
-0.5137315787570966
0.502760030885792
1.5014545686233793
1.4938241048035779
-0.49346652606666125
0.4973330295325289
1.4991114373930579
1.4900638694840629
-1.4876093385794882
-0.49553738824413057
1.499753907559726
0.49756637242865137
-0.49709044758376963
-1.5037793145573635
1.5016016939980468
0.5039553676482184
0.5022457406117773
-1.5081022465669491
0.5119748263795053
-0.5067064491250245
-1.5004053146791894
0.4978106162726045
1.525549556842233
-1.5151069579097507
-0.49418240308212474
0.5037688616614314
-1.5048974923417175
-1.497300677205521
1.506728235359335
-0.5002334347479964
0.4900448774608478
1.4991349103031628
-1.4863511738041215
-0.505646394417479
0.4916748583524231
1.4862354508803095
1.499684210166848
-0.4858810187086624
-1.496211575229874
1.502953791539574
1.4982725981227623
-1.4989938702169319
-0.5019292628674413
1.505407966144696
0.48396165376890005
-0.49534687180140435
0.5003284782363807
1.505221168231938
0.5047974152478689
0.5036601552239899
-1.5105309152829136
0.5030003668444982
-0.5091386648478883
-1.4951339689100225
-0.4973511638500017
1.5214002130910365
-1.5072769491665423
-0.48609304604541803
0.498383673170129
-1.5080896576235925
-1.5061563937824545
1.5026401409929913
-0.4986606358545213
0.4976280867852638
1.496968678101126
-1.4801854777327732
-0.5026909289796349
0.49573090039421025
1.4915691108716342
1.5006290915183627
-1.4825046174231347
-1.502765976532593
1.4990867851341327
1.5009842666172544
-1.505370205184761
-0.5005496747007033
1.501978436894326
0.4788201522209878
0.5037766553491987
0.5078411413671416
1.5056703117374213
0.4971426760137717
0.5068400552329742
-1.5123326230222633
0.512432702461688
-0.5089485231433597
-0.49986459997616384
-0.4933743830757878
1.505715766312546
-1.4980373555243962
-0.4945678551477296
0.5004175049655154
-1.5083597595423957
-1.508260082171859
-0.4937497125800178
-0.4965748813438544
0.49474074594105366
1.5142174543743439
-1.495960526591512
-0.4872925395820209
0.4943900477441663
1.4992008991970553
-0.500601927396057
-1.4882452014437482
-1.5154016460141606
1.5042136090520162
1.4979794275691811
-1.4930912983295554
-0.5047918898740781
1.5043395181264145
-0.5131051081504572
0.5020722032447457
0.508447585325272
1.509180637733444
0.4840572542276912
0.5175873754515747
-1.5073970978121871
0.5139888865828429
-0.5038851881909036
-0.5088954670004765
-0.49681254185459695
1.5013388772107592
-1.5004964524275355
-0.4941063076514078
0.5011382605942584
-1.5044553407797776
-1.5014815523553533
-0.48718091502214106
-0.49742642325628905
0.4903683019885446
1.5094599107165627
-1.5026222219313263
-0.48292276121381855
0.49915218627353075
0.49866099057754537
-0.5028169732063663
-1.4985419235467066
-1.5012031605458802
1.4993616074000038
1.4944238389823044
-1.495539502231017
-0.5015331122756392
-0.492376422744135
-0.5027277157823415
0.4996867980238651
0.5124333057793753
1.4975766011622864
0.498628540179167
0.5108596425031052
-1.5080160055425917
-0.49297756362490863
-0.5008224069410487
-0.5077069120747149
-0.4985543570093706
1.5075563468866793
-1.5000305352562775
-0.4990185631707433
0.5004245744022975
-0.5001021857879508
-1.4954563091019133
-0.48992502439948415
-0.49714138949801434
0.4880157111575378
1.5050120114836039
-1.497894304702136
-0.4925077229465947
-1.501524959491652
0.4898932831029488
-0.4996415698046611
-1.501557448762597
-1.4902015985169932
1.5005423707164063
1.490026321372625
-1.4972488385153313
1.5012146207312804
-0.4931186601854325
-0.498581735599306
0.47386684345173713
0.5109946194490891
1.48738314612508
0.5141740143377797
0.5029034143068329
1.4836584727648514
-0.4982906494731295
-0.5018497521941844
-0.5133004038361383
-0.49803958416933
1.4931024087505391
-1.4996555579803128
-0.49660161780973294
1.4985119152642785
-0.5013230269772047
-1.495646917872721
-0.5097038060873843
-0.49601443468318984
0.48016855391409047
1.5014551670508105
-1.484602554408638
0.49709701117533045
-1.5053733368137139
0.4860406788495761
-0.4977919480628848
-1.5006065017571406
-1.5031152849544245
1.5034053883966878
1.4935616939217389
-1.4980219710782023
1.4987984786203328
-0.49621394639243493
-0.5058430464499042
0.4824153297565016
0.5089685139610112
1.4840931534870783
0.5144777859908782
0.5004338579604479
1.4799945074270038
-0.4945534810886064
-0.5060435592381604
-0.5048573229413897
-0.49842305542303417
1.5015184482883965
-1.5001760260258883
-0.4923087784076594
1.497361527413175
-0.5061474102749266
-1.5033808269571107
-0.5020106480083242
-0.48702634185143523
0.4863992191987701
1.4997371613234503
-1.4805071871427318
0.4998983905833747
-1.5081718242185156
0.49165243374945755
-0.49199927016443984
-1.499354251068771
-1.5021291992399972
1.511732653553933
1.4978899769630438
-1.4967442947848346
1.4943553775713418
-0.4975892400749248
-0.5133779016935945
0.4960218010933019
0.5187420383298407
1.488632478502274
0.5021699032484104
0.5071950167005653
1.4863125977572247
-0.49003778101070233
-0.5053484046465596
-0.5004795328338891
-0.4972921169080916
1.504632986332981
-0.49409395630588876
-0.49149404594486346
1.493699595461111
-0.48670123802546555
-1.5091497994833742
-0.4928667222987647
-0.47866971740030184
0.4934482373399207
-1.4952827521926448
-1.491387268750259
0.5094179279434287
-1.4978594523145758
0.49451430173500227
-0.47233362357817615
-1.5042226915581534
-1.502177426447473
0.5167650303155927
1.4967217290914547
-1.4995388286844016
1.5110699754411676
-0.49872570209590633
-0.503436758118392
0.4942678573857625
0.5231232800755524
-0.5043842453191762
0.49420985862987454
0.5101339914236377
1.4970233147392982
-0.49756608723107676
-0.4839048714882276
-0.5092240224813582
-0.49646893396880293
-0.5012008696634251
-0.490755778243082
-0.4985271912805747
1.4956743909158534
-0.48802616003852256
-1.5001635875332318
-0.500228081193224
-0.48354372124779543
-1.5077543965748588
-1.4906407820220622
-1.4986492275663703
0.49690510296696133
-1.4989721031900174
0.49225876224383225
-0.483530270665658
-1.503770539321904
0.497622042624252
0.5121517169032375
1.4886003217824633
-1.4827771605931823
1.501137887662401
-0.5121813279065249
-0.4971021177958161
0.4803498565263227
-1.4838689602073585
-0.5052095039728839
0.5054289127502425
0.49690708023582164
1.4968392756940603
-0.4885277540897112
-0.49865106187674885
-0.5166613906582518
1.5023348468100282
-0.5081481501104029
-0.49070269143892875
-0.5051804444078729
1.5113698736322279
-0.5087964493684711
-1.488421584200621
-0.5127281716139405
1.5052119589875048
-1.516045421496309
-1.4897852630387454
-1.4960217182398976
0.5017796910728722
-1.5018405896058098
0.4979024970701126
-0.49716204387273694
0.49502008228430916
0.4969990865035545
0.5028961338899136
1.4960489247364293
-1.4862577358977487
1.5002461413132795
-0.5018039393462659
-0.4950779873848614
-0.5288321947343441
-1.4936394495071068
-0.5144968847038736
0.5213952377549512
0.49611305677292195
1.5103865649984738
-0.49616343769594917
-0.5041062330893112
-1.517346454960435
1.5015791394377433
-0.5046976097598431
-0.4963242833304962
-0.5144276915211181
1.5222210365161526
-0.507329536310387
-1.4807237334408379
0.48430998088863736
1.5035566360600652
-1.5204600123109053
-1.4964035742073138
-1.4929565663589115
0.501353061250308
-1.510548873674509
0.503088128763347
-0.4973527810429407
0.4947308046512955
0.49770473860175674
0.5060242888275143
1.4913529937892454
-1.4970065239011272
1.4991914125461343
-0.4956602878848281
-0.49612340144724804
-0.5198599150325687
-1.4929505798570486
-0.5171134074880043
0.5137752469802099
0.4968548777097188
1.5030294623735545
-0.49946307207361723
-0.49687853617466227
-1.5097247887802758
1.5037311557913666
-0.504130318573735
-0.4957262472278922
-0.5167597300788951
1.5105322648206352
-0.5047170673900737
-0.4837304965018304
0.4953297448410723
1.511415433931039
-1.511246598441935
-1.5006120643674663
-1.5040605241014475
0.5013797761116788
-1.515443179835258
-0.4962605586339793
-0.483315500209065
0.4938108007303628
0.5005085654403767
0.5105130852185904
1.4943214722273508
-1.5035885245172689
1.4972971117915983
-1.4999361892623138
-0.49920680841072024
-0.5047202156640133
-1.4888957230048798
-0.511981863233648
0.5061014188874008
0.4908542759417351
1.4965931757568374
0.5039963228545691
-0.4867828839552495
-1.5038938933545347
1.5015267802929892
-0.4959763298105344
-0.5018653778578014
-0.5062737294839907
1.5025582450410802
-0.5060454900886006
-0.4929367902250988
0.5048410200270873
1.517546022193054
-1.504762401654047
-1.4959320224367243
-1.5054249112968385
0.4957053259277166
-1.508370838899748
-0.5015099053739566
-0.4745157473644719
0.49411224918769825
0.5062330144316749
0.5099839131646645
1.496795105844234
-1.49327207835356
1.4973236190899535
-1.5084381480534281
-0.5000385783897342
-0.5045566856619976
-1.4853492246145181
-0.506207289681722
0.5136054032431081
0.4871979344959145
1.4999846248654083
0.5089363546861386
-0.4893203567673805
-1.5047800983487654
1.504052327440546
-0.49898266545726044
-0.5030559947964863
-0.5000045985083309
0.5096054252499561
-0.5093156367472556
-0.49730697553588366
0.5082285355940924
1.5095137809326378
-1.499546736830193
-1.4860692942063096
-1.5016322322649276
-0.5058244141759605
-1.4995930703734435
-0.5051275443018635
-0.48034297207522514
0.49233314220049484
0.5153757844315366
0.5008073555830281
1.502623803985388
-1.4821753280310923
1.4990744036493167
-1.507991905360535
-0.4977250153909318
-0.5172679306250703
-1.4867238688533857
-0.5078996996169629
0.5262861096916499
1.489386272057704
1.5084035953263668
0.5107330052886128
-0.5018140793766903
-1.5070777718562556
1.5041408593338075
-0.5062399310238536
-0.4988244086499536
0.4949252527840492
0.5220441706256789
-0.5102153077399905
-0.4872848955363362
0.4970184639681032
1.5005666657580974
-1.499945503748398
-1.4862608214492814
-1.497848235586986
-0.5013382233783904
-1.5028396352796702
-0.49305147261557203
-0.4947739395727322
0.4958328047209917
0.510695244328088
0.49892564998470007
0.5039848080514941
-1.485566924402244
1.4961418841405265
-1.4853786668928466
-0.5000647270533655
-0.5150324546626636
-1.4926253996645935
-0.5144145161964959
-1.4736407510959255
1.4943743194550583
1.511843194471212
0.5066222569438043
-0.5116612227124963
-1.4938857399919432
1.4971049967755272
-0.507490169310388
0.504682786239727
0.48572418016855784
0.5238944720410591
-0.5094759438818376
-0.4788299550217667
0.48948046072894863
1.5005212244339516
-1.5042564032315504
-0.498080165781721
-1.4989331324797277
-0.497930209292311
-1.506964031909837
-0.49203629254168035
-0.49899358857436155
0.49675111596431804
0.502452931714655
-0.4951021359537208
0.4992048926265226
-1.4991300269539838
1.4978964802139105
-1.488260208528259
-0.4998285743755591
-0.5128858815537558
-1.4960552244821923
-0.5166080617606226
-1.486049093313674
1.4934528040532749
1.5135004079172845
0.5008878752020043
-0.5054167929593908
-1.4967121885587604
1.4890918515113254
-1.500278484734385
0.5032861072763996
0.490407333596708
0.5028213085259426
-0.513382235991885
-0.4786060060027001
0.4945638280562258
1.5058297673310814
1.4944443289907432
-0.5050020912424146
-1.5018698901494079
-0.5023918867115308
-1.5041493989495793
-0.5071814229492987
-0.49193745147197304
0.4934531217202924
1.4994998706270375
-0.4889284577568271
0.499299565200881
-1.5055607017338724
1.4978101930679686
-1.4984865390986362
-0.5008917946992485
-0.5036750930387004
1.505346725408832
-0.5112718160978293
-1.4952195233705348
1.496202313956259
1.5067355946445635
0.4987340042829269
-0.49357543986238295
-1.498188074596339
0.48679918371586794
-1.4943288544923135
0.49230211809950936
0.5147771659306182
0.4972548242588249
-0.5036872352126469
-0.492432841901736
0.5009645154214107
-1.4899581917366864
1.4982355568224708
-0.4962339335658063
-1.5025755622796464
-0.5164064491877727
-1.484993445065467
-0.5080022933121149
-0.48212779388472526
1.492006563862895
1.5073370995223672
-0.4911912971919006
0.49987140029692256
-1.5074929261669894
1.4966181232435827
-1.5065046170049636
-0.5012952363982444
0.49697090366317587
1.5097965009455787
-0.5041204067894651
-1.4891204714835455
1.4896837113758805
1.5036176965079069
0.48974745339389736
-0.490769768398239
-0.49636330710135934
0.4952921907162217
-1.5015981259823223
0.50773441100611
0.5038862511626008
0.4982423492672966
-0.50251439319154
-0.4968995194729663
-1.502072559066455
-1.492454181751113
1.5051195779908797
-0.4993875327732556
-1.4999617036351944
-0.5064686219191054
-1.4982523993898624
-0.5131692845860365
1.5210862481165792
1.4953142172218272
1.5156327623079542
-0.49713524441919066
0.49840750808723466
-1.524496896089376
1.5025467272433333
-1.503599616845257
0.5011110387910104
0.48928424775851453
1.5117120955314067
-0.5055856188306673
-1.4807042542298559
1.4901294290302853
1.50123132084374
0.4816207464836972
-0.49778060238236677
-0.49385042442516985
0.5002705146249126
-1.5035268698595745
0.5071786497538882
0.5028226671696662
0.49313638883264266
-0.5024505255735766
-1.4885998025207106
-1.510514497579015
-1.4963927521111084
1.4971854016110053
-0.4938134964691237
-1.4944980385117326
-0.5037097225193533
-1.4959567893159493
0.47912008442677984
1.5141941649426083
1.5006086252220234
1.5050836211012235
-0.4985854841890181
0.492203607124299
-1.5120034906085533
1.4993735013234861
-0.4922663609526301
0.5026356550770511
0.4817864391039175
1.5075418766740278
-0.5058607127323504
-1.488332617663247
1.4955505964630755
1.5081214768627165
-0.5132946852599427
-0.5045103252479155
-0.493908237784181
0.495547903118601
-1.502854338860858
0.5023135358760384
0.5167469824457228
0.4893642625442455
-0.5019771102056461
-1.4790659721648003
-1.5133225707348457
-1.5001109333011626
1.4918447936554924
-0.4984500999072164
-1.4951742580996474
-0.5013412081769115
-1.4849722034062809
0.4797252430938678
1.5053041105758544
1.5059298883033376
1.5004553208532783
-0.5025154684462809
0.4988415462532032
-1.5026355136079996
0.49600408959535736
-0.48815739231662564
0.4952792373914121
0.5090727074720925
1.499824442784912
-0.5013467434872362
-1.4947440494764108
1.4937000768162856
-1.4842525868037175
-0.502520566552202
-0.5004185902697779
-0.49511928409869677
0.48711664542329447
-1.4774214511557366
0.4952020457613478
0.5208854955322788
1.492087842791634
-0.5022652673030614
-1.480859977766776
-1.5079371792467036
-1.4915003664599495
1.493051575839513
-0.5021172096359321
-1.4997605763462039
0.4952954824183061
-1.4803098497576685
0.48812241564561876
1.5095665751727168
1.502873164857882
1.4981006865576054
-0.4956903259345465
0.5042674184245032
-1.5071441947149604
0.49721761972368966
-0.4990506506475844
0.5024747558185109
0.504993448200202
1.5108053229852527
-0.50524758549774
-1.4977355771075402
0.48897810754379795
-1.4867793419785005
-0.5046804062437154
-0.4771198251135694
-0.5023796307352894
0.4966420656701196
-1.4896774324194089
0.5041694427314661
-1.4924245223181152
1.4981902053570575
-0.4975710243037996
-1.4974162165827318
-1.5122983522464681
-1.4717194892575036
1.4948077223332366
-0.5027121041525865
1.4982565224239577
0.4912106573883269
-1.4883544605583883
0.4913701065204208
1.5204420384555675
1.4914819236289334
1.4930433722781191
-0.48860380662989156
0.49941725960959615
-1.5189946492649566
0.5030562013823566
-0.5034319642407893
0.5005510381910372
0.4985045605215488
1.5171650166754567
-0.5058117460842705
-0.4949901664099464
0.4879829572757402
-1.497242416200597
-0.5074074513157232
-0.48263844071529904
-0.49929149173727627
0.49857951132833683
-1.5001992283505103
-0.4893322289243333
-1.5045860994104618
1.4987714302492179
-0.499828632195295
-1.49871115714825
-1.5080871784822212
-1.4818675378446016
1.4915585565434355
-0.49822107490899326
1.502073769534967
0.48968963909769503
-1.490767408006437
0.47817282649154064
1.5193514295059063
1.4962892045181717
1.49645688137922
-1.4902077831070653
0.49202783982504683
-1.5193305748836652
0.5021482159073634
-0.506357698018369
0.5045751189572978
0.4899051445657325
1.5104134970218461
1.4965358685990584
-0.4907389368186172
0.4964391157425159
-1.5152430238754293
-0.5093935195779199
-0.49771894713897563
-0.5014946846306781
0.4991234003577241
1.5023637311166227
-0.4929995303713331
-1.4989622065540946
1.4947220867451898
-0.49743021744367283
-1.513510429903199
-1.498794261212118
-1.49471904594806
1.4842227656563916
-0.49415133336805317
1.5038408225369608
0.4960614997750713
-1.494585551071065
0.4768500562437833
1.5108858898226996
1.4907119990837907
0.5083662168163667
-1.4982597027101445
0.48569427852531494
-1.499262935260587
0.48956939787007914
-0.5017057058260138
0.4998509597470715
0.49686264298275695
-1.4998880346117935
1.4992091684827162
-0.49157036285802075
0.5022985016832358
-1.522420603536269
-0.49755148706868546
-0.5087051969702372
-0.5082814544777885
0.49859205622466946
1.514955223179399
-0.5014757862246015
-1.4962390452710361
1.4835270320462068
-0.49393718707870854
-1.5243012436649896
-1.4974166154504027
-0.49416787300396037
1.4837246512771125
-0.4989663203102267
1.516683761523828
0.4896611899644372
-1.4962876621202665
0.47830197176366945
1.5092364782884629
-0.5169076904806944
0.5124773363176333
-1.5061727137751306
0.5081847075936065
-1.5010202196477713
0.49600907713634224
-0.5092886557326005
0.5004825506972077
-1.4918567250275887
-1.4995334180232336
1.498943418249465
-0.4913806312497987
0.49683262305565384
-1.4984814389880017
-0.49849733847048144
-0.5064953852970431
0.49316577647432996
0.4978072372030696
1.5191874864775552
-0.5022644027820405
-1.4905032811984187
1.487752848857898
-0.49252350305619147
-1.519973202938969
-1.5012531413421675
-0.4811323179978311
1.4882849528977116
-0.49828699687999595
1.5116279893103954
0.49469486289378417
-1.486809758227583
0.48571798170060004
0.5168076972210078
-0.5165137401237015
0.4999341195622185
-1.4846065509073425
0.5009178712480548
-1.4886143257726085
0.49440473771334065
-0.4997100285747412
-1.4961619540599782
-1.4922531630949056
-1.4850830413830356
1.4837599063548021
-0.49807798046143065
0.5066218403174939
-1.4999789506735823
-0.4867210136766374
1.5005995825643275
0.5013873589143394
0.5015774178190051
1.5080501827369803
-0.49562540846759423
-1.5051162676673875
1.499342876067199
-0.49172248892294657
0.4936689028920503
-1.5044577134505797
-0.4737473942908647
1.4928669884028165
-0.49605806813701925
1.5021884403387584
0.4989967811665799
-1.480295742697166
-0.5096720854249289
0.5226339066857598
-0.510044637602405
0.49985009790638824
-1.4790930882612354
0.4960704828514675
-1.4885351728824074
0.4975175848263671
-1.4901997594534993
-1.4954396028968542
-1.4998801205360237
-1.4946928006442577
1.492784404129601
-0.49591880218524714
0.5076203567842323
-1.5060927051612227
1.5173887536179793
1.50349199569293
0.5091442854498145
0.4871308911581231
1.5015813626891479
-0.5057554356152708
-1.4972915410201961
1.497868793459108
1.5079475737512293
0.49744568834221614
-1.4981048092888842
-0.49668374206268284
1.5022660186130445
-0.5091686498258244
1.5025067468581152
0.5027491739504749
0.5140552293001142
-0.5134837550196787
0.5184636862703514
-0.5063772234023116
0.5061867961157657
-1.5013535186038731
0.5070651435622285
-1.4976806717633606
-0.5018342485016838
-1.494286300655615
-1.4968118381404307
-1.5025129153715955
-1.4989267137990245
1.4985901396471073
-0.4936356482628329
0.505763077130254
-0.5111466512025309
1.5087546691130973
1.4940248728203174
0.5223816397514139
0.49431466777630056
1.498024691887246
-0.49696221347581176
-1.499533283050163
-1.5113853060447109
1.506377967585808
0.4875200217024683
-1.500492213770009
-0.5014357142973227
1.5155430508585195
-0.5053304627046432
1.5000766466111635
1.5024923546384554
0.5035727639758921
-0.5154284145895613
0.5078573835993965
-0.49766616424893617
0.5000836445150801
-1.5011519976643335
0.5145869667608518
1.4951571129657
-0.5037589693316412
-1.504253143133842
-1.5016735316309486
-1.4968273352988692
-1.5031249058245901
1.5065883159555362
-0.49257990362336534
1.499895614458113
-0.5087819018905576
1.5020370054985717
1.4889720082990017
0.5212583449785961
0.4953760055766866
1.5005976137522807
-0.4930334538676843
0.49591354799006543
-1.514238454973901
1.500837848093204
0.5004191130535273
-1.4998165600507753
-0.49570227370552405
1.5143417723874162
-0.5038301628179778
-1.498701994809187
1.4986749780874133
0.5039185517595428
-0.5256797776996349
0.5010102750589919
-0.4805225938260753
0.49559349104541395
-1.4985455008383706
1.5112434147967855
1.4995725297379077
-0.5047959866872617
-1.5035411233964924
-1.4978382683446814
-1.5061017605104619
-1.5005193452687529
1.5012874495386759
0.504577349301896
1.5000219986925536
-0.500665306519598
1.5043999785443578
1.4799832774207764
0.5182630141327216
0.4891511030369303
1.5051683896859076
-0.4992820573505878
0.4948354037416594
-1.5091489283441852
1.5074108418707477
0.49860990133391603
-1.4988675456611198
-0.503720326010802
1.5067531923479784
-1.5125119626436156
-1.4945283685651063
1.5017476209116583
0.49381528348184794
-0.515374716157172
0.4963404336609239
-0.4938977426792651
0.4957332347398208
1.505106581231798
1.5030106646383181
1.5098121578473533
-0.5054627599215834
-1.4964678545913512
-1.521420632431872
-1.4985955225669023
-1.5138447056009972
1.4941125728003022
0.5014180262695423
1.503181460624144
-0.5039060160491371
1.5177313707062539
1.4774767519595815
0.5102823365059301
0.4763772889320354
0.5072278420959663
-0.5067039583653852
0.4961716272067456
-1.5002337851900533
1.5080542364539566
0.4937141570732113
-1.4986596111475081
-0.5155814720425632
-0.49370451122034376
-1.5194796870245209
-1.4970942768706612
1.510072446987605
0.4955821897318941
-0.4985669013527725
0.49380504823543825
-0.5045374102054331
-1.505368265103189
1.504397994428179
1.5063882895411989
1.4865304466342588
-0.49859417991916033
-1.4958155781438924
-1.5271405496131534
-1.4930875939289812
1.4780008708880266
1.4950162565831029
0.5050902923948892
1.5006940282653602
-0.4982375571481486
1.4945073365667227
1.4918445989492564
0.5073999017555048
1.4753305693350707
0.5039995295140876
-0.5004392172477329
0.4838165697935069
-1.4932008333207778
1.4996349041385002
0.5028519327074735
-1.502243643726186
1.4845834900988577
-0.4874441885761714
-1.513541041393628
-1.5038129143608765
1.5261895944384787
0.48276411118498147
-0.48978157211329537
0.4983756094686782
0.5005467969326298
-1.5059643786802333
1.5012594420568142
1.520821242828438
1.4873366221184345
-0.4997964945940637
-1.4899740340794678
-1.516426143051439
-1.4920715580787258
1.4856506720847042
1.5018734244553
0.5107525663709656
1.5045865908205092
-0.48632301296057523
1.4903380155699715
1.4975869548878278
0.5129973284512533
1.4864920184418386
0.5001867731250418
-0.4925244053432965
0.4952306123552327
-1.4913853929182737
1.5007326671925445
0.5158804487463773
-1.5059022922247558
1.4966991496238464
-0.48031907293584397
-1.5086537475580584
-1.5045405872240023
1.528029770305156
0.49320660470715405
-0.49512859456535685
1.5003195740670183
0.5141746586146841
-1.5023983685138684
1.4960794218248172
1.527405962256781
1.4898244192720234
-0.5027769623425663
-1.4861281947091642
0.49392479833069625
-1.4958104380315913
1.4968275806563007
1.5151500236901336
0.5069672460366778
1.4940464485270484
-0.4837923518039129
1.4935846106833641
-0.507455336879902
0.5198272823386988
1.490010873365433
0.5212966304471056
-0.49556313213585973
0.505651091221433
-1.502764738083693
1.496744857825619
-1.4832031425277514
-1.504606344001365
1.5056408878247527
-0.48502590773418597
-1.5061417586908243
-1.4903998995696122
1.5141445061437615
0.491295622513183
0.4967003231658459
1.4975182479452571
0.5172197901455753
-1.4956627535834888
1.4953234135478704
1.5114514659990275
1.497639736950639
-0.5111416940330392
-1.4886016644480455
0.48902940523444377
-1.499302852167046
1.497207857666531
1.5161286130679232
0.5086679538122681
1.48080816117431
-0.4949904045410229
1.4993855356244659
-0.5156086375825881
0.516970915907485
1.4865630286251565
0.516875050858025
-0.5016586772456068
0.4987580390530609
-1.505555112596539
0.49342487029539306
-1.496255028621365
-1.5033037144997023
1.5122790485735444
-0.49075478769432895
-1.510896230429907
-1.4997668001889455
1.505606907277412
-1.520207764273034
0.49756451563728427
1.495148927031002
0.5019906179311051
-1.502332234119422
1.5049721036717865
1.5025951779223587
1.491274583243241
0.48864554186160336
-1.4939862797081003
0.474109821050762
-1.4885519172387722
1.4861733261057426
1.5011829721809693
0.5050136628327235
1.477396325075016
-1.5031742551407734
1.499526230232936
-0.5110026064942373
0.5058411002247343
1.4817980552406338
0.5165373496491044
-0.5051453028606471
0.48849145876187544
1.5008243076287666
0.49509673630347173
-1.5041747625254258
-1.5070835823773747
1.5038418255406003
-0.5002546669062802
-1.5120491756511694
-1.506151038143077
1.5089634465644761
-1.5254612608064027
0.5057069665628128
1.5006006237345217
0.4968448270867329
-1.5118643771070943
1.5051821738175666
1.5048750469953487
1.4811902547381908
0.4971714067769596
-1.4948615504822997
0.47119601202248257
-1.492583543024955
1.4821174308652918
1.4984821764414147
0.5041605410226311
1.4878357197507073
-1.4967062968718319
1.4937744695655415
-0.5039596721965439
0.4977729266319804
1.4822277760599987
0.5060594382414242
-0.5029360532949355
0.48855811925065357
1.507392539368185
0.49992702456581206
-1.4961199003935644
-1.5106196025419016
1.4968746539479358
-0.5056145109909045
-1.5076104877149934
-1.5022721723512624
1.520936344153265
-1.5184533745579551
0.5139122602586218
1.491777295437449
0.5015654013618144
-1.5105073253685528
1.501116354212855
0.5118120130474239
1.480960332303854
0.49975523918442033
-1.474719768977854
0.4783421707997298
-1.4904961725209083
1.4730920235245373
1.5033644811043696
-1.4912433414548067
1.49780073399707
-1.4812947505242486
1.4792782549212244
-0.49849888848651575
0.50408319362329
1.4861138597646708
0.5091728933960081
1.4995442807336847
0.49948768401038857
1.5106166494668107
0.49606905571096893
-1.4769160013357325
-1.5244424971142578
1.5081060014203809
-0.5127209345004063
1.5004642885444712
-1.4934362357103632
1.5234276657386647
-1.5076506276149957
0.5148494963585283
1.486703010955639
0.5134035839710238
-1.4996553924235254
0.49801253759775416
0.5136794825457464
1.4883561200201842
0.5113470158045614
-1.4743820263939869
0.491406902049058
-1.4866447896324684
1.4821121610613246
-0.490815901655678
-1.4881859170035263
1.4919002386742855
-1.4734057667407798
1.4872706414375487
-0.48534687816122174
0.5043475657825076
1.4908063981241817
-0.4786939927293928
1.4990178950477444
0.5043182372646366
1.5132148817262843
0.49081408853199804
-1.4705488142852454
-1.513598713156264
1.5200960959854803
-1.512290271577012
1.5002945953109281
-1.4863111351797038
1.50669326421583
-1.499555556110712
0.5159698563851581
1.493244182594095
0.5156432053506427
1.5055541016351912
0.5006645190561673
0.5085488157299726
1.4923551801705066
0.5106770911102724
-1.4916710042937351
0.5005473620798371
-1.4828667809623879
1.4942444276444293
-0.49274312806958037
-1.4918784325508523
1.4911934778081883
-1.4834231657275299
1.494659993524948
-0.48859903555107914
0.5073561895108364
0.48698522767977487
-0.47388254217161246
1.493082660652686
0.5127264943577137
1.5055844115043324
0.4878110262237608
-1.4821532738759453
-1.5108258969545765
-0.4797219720025737
-1.5050843025816012
1.4884242736146214
-1.4766863966707946
1.4948783107835584
-1.4948244375216737
0.5082131084794356
1.486612298387725
-1.4914030943988292
1.4978131688193106
0.5084158919972634
0.5045585963847977
1.4820956710546622
0.5141189019660652
-1.501836916125151
0.48933634310796714
0.5144869557875793
1.4928425016435682
-0.5010568992139555
-1.4970570632451667
1.4885076827876103
-1.4947374270412839
1.487237793024743
-0.5012196549816063
-0.49647816645279175
0.47928247942364083
-0.48112437714950523
1.49374401279619
0.5013660674789314
1.5054761647743051
0.47943141465057587
-1.4922417891868198
-0.5204528862193981
-0.4910537022522627
-1.5051868878569024
1.5026580811164347
-1.4926404883819337
1.4931227573679657
-1.5066158987234444
0.505906566280071
-1.5262030730088714
-1.497926223000268
1.4872643992804992
0.5086895246030299
0.5009139018232651
1.4930469834316482
0.4995317076233088
-1.5076421348321793
0.4775532631792133
0.5090527262120325
1.4772816490544822
-0.48947998731512454
-1.503587999851952
1.4873894617738506
-1.495289409942205
1.4777180957809912
-1.5063395971951041
-0.5009960387527302
0.4816983782131364
-0.4932197637107282
1.49064146769346
0.5064491669494945
1.503457361496882
0.4795712405915065
0.5106914548608523
-0.5305403906876165
-0.4990255669885104
-1.5116966181264488
1.5124693512096414
-1.4986863968686996
1.4937886194461785
-1.5103782398183538
-0.49275264461654306
-1.5269762979865977
-1.4935809449769881
1.4858904202203238
0.5031843969371749
0.4960161666678712
1.4998682804016452
0.5023067748935092
-0.504219926862218
0.48208614650999443
0.5049429108454898
1.4862617043929498
-0.49687375872981004
-1.4940810514579501
1.4912355254918643
-1.4943022238791774
-0.5181732294507619
-1.497109377381798
-0.5027328353431482
0.49072975167461214
-0.4997410887090025
1.5038667982442606
0.49789124473696883
1.5127744423636433
-0.5134754956184701
0.5223812058008943
-0.5267719019550499
-0.4915963384007216
-1.516089527918106
1.511522019703363
-1.4932308790905213
1.4945077812168208
-1.500201200598764
-0.4888047393601671
-1.5139828273318738
-1.4917078388250944
1.490614128704239
0.5026268941006393
0.49794304704270426
1.501689758998082
1.5126745372519874
-0.49690111766903305
0.5020314120999024
0.4869342092779252
1.4948479357029714
-0.5076395058986362
-1.4875054135532781
1.4966166468644029
1.5068334724540113
-0.5056582000739351
-1.4861483302891705
-0.5022717195430375
0.5001417729300222
-0.5167906311475235
1.5052115801523926
0.5020269787006072
1.5184222727577181
-0.508424978276204
0.5274856069459654
-0.5229166765663108
-0.48671160064326924
-1.5138313954163765
1.502585470769132
-1.490099123615513
1.4971804449741668
-1.4903803061203913
-0.4902915185625796
-1.5046555117568312
-1.4931519089436232
1.4881302819276951
0.5011851021012099
0.5042047433647626
0.49546079361223794
1.5167853328870877
-0.4977055402583282
0.5155437972809306
0.487489928537029
1.5023335974185699
-0.5078387577836889
-1.4913216924496382
-0.5023666833274363
1.5062319146635819
-0.504116538869905
-1.4818531598664726
-0.5040107109390751
0.5093539698417674
-0.5151813030528043
1.5015964588550457
-0.490700137808263
1.5118234867242617
-0.5101955813457948
0.516301284806858
-0.5093529987253628
-0.48008106197940553
-1.5105597615579085
1.5032398509186136
-0.4944998629847127
1.4980776768612485
-1.4983491199616406
-0.4839801126273613
-1.5088484844088375
-1.4978021987575345
1.498880654555096
0.506061246926422
-1.4946542646244054
0.4888197171989597
1.512738129664192
-0.5068597183705679
0.5122146467624042
0.505962564343225
1.5027610769102782
-0.4984200281283979
1.503011138709224
-0.5070922373401522
1.5049438047178658
-0.5220730767472341
-1.4861125760233196
-0.5075391782070836
0.5168530719055747
-0.5049999294245281
1.5025981894242524
-0.48862922743628084
1.5015373299096264
-0.5066628455624606
0.51278496736997
-0.5320988557082063
-0.06336482466684623
-0.006951046777293322
0.005869933601238152
-0.0025747490694345665
-0.0008666121106772409
