-1.0042470366720992
3.0062193060291813
-0.9953758318315742
2.9794927426547546
-1.0120946288796544
2.994139486751972
-1.0339283819123812
2.9791168885862387
2.965409001164768
2.987567927293664
2.9865283506691642
0.9944479390453667
2.992055815800955
0.9705610582693093
2.9681283944602437
2.9913933808965876
2.962241132900166
2.974539608076714
2.9745210360819625
2.9505644407916165
2.9959010908239514
2.9482989376642137
3.000316663497555
2.9610373840406714
2.9700723063353274
2.9947801189322334
2.9424383723327
3.005473156136278
2.95896871141587
2.959822282016979
2.9961800792027957
2.9456796962899467
1.0110432912352358
2.9612526729598097
2.961020540486287
3.002984095713955
2.936275524088072
3.0090632230672645
2.9581470367392573
2.9694557850159486
-2.9802015242507407
2.945699889245222
2.99917101239601
2.9826017040246984
2.958788448906255
3.0033210468960014
2.9362480517881866
2.9997084914707948
2.9637771727328754
2.9703447311050835
2.9913276727557516
2.9633786430434252
2.9781432951974205
2.9816685485687255
2.9630870820616217
2.994877125341268
0.9543989015581461
3.0004278983856008
2.949467362543986
3.0081420708740234
2.9866577304866575
2.9637910690855205
2.977266190223067
2.9605021053527296
-3.004441052471229
1.0042111622886218
2.946266486878376
2.9766001562822906
2.981913376429942
2.9975946394960125
2.991212371445468
2.942424324536949
3.0007880224914367
-3.01364238445973
2.9663935534415597
2.993535283416199
2.960755705615424
2.9688985292913928
2.9901583456171794
2.9570619620814615
1.004933467510805
2.947341288661853
2.9916429690820654
2.9858283446305567
2.9761256025985303
2.9968091729089537
2.9554360931564005
2.992635904387503
-3.01398768425172
0.9787680175990131
2.9925387391923772
2.951273802873762
3.0068069104300084
2.988925109079021
2.9740721514876793
2.991430294434191
2.944759128718909
-2.975257174527839
0.9656479404062355
2.985297117678599
2.9838380882458377
3.000199316329037
3.0046216290341823
2.964763652327579
0.9748942190192859
2.9961272061102115
-3.03951709968277
3.0125818971807137
2.957923329131171
2.980249886367695
2.9846226944477285
2.9906256163710427
-2.98616505587935
0.9696965521746346
2.971699189751298
2.9858052739694583
2.9831984115537002
3.0093602270829924
2.9818348155339645
2.9548865117310865
2.9988292792256384
-3.0294906402849984
1.007091556048015
2.967649042327707
2.9525773931681867
2.993540354402059
2.99726189364365
2.994884593744586
0.9870884649820508
2.968589301789931
-2.99119705348525
0.9986611015748883
2.9944902858257025
2.9801709180301934
2.988769360966997
2.9940877108062844
-3.0188047306400376
1.0049115842740004
2.9607884221994913
-3.019393876887718
2.9914967153155954
2.9996428396099093
2.980340140277982
2.976892437754823
3.0063681448918564
-2.9893934323245093
0.9503370030781453
3.005968246082404
2.9675717162280186
2.990516908668467
2.9946373786564813
2.965413280845492
0.9881717045604019
2.9703691873746503
-3.0141838127268
1.009014829333356
2.9524174872069358
2.9830856623193753
2.9948848170110143
3.0099512123871035
-2.986995129862783
0.9635921479634877
3.0004902083818465
-3.004696479904259
1.009600242828618
2.9920913532908813
2.9588483008356237
2.986362489162359
2.9821304377240776
-2.998523635047216
0.9967715853754481
2.9629408394786605
-3.0007003061397315
2.9973059854540614
3.0114943187900547
2.9893109290043354
0.9600588993760572
3.01519343773616
-3.0336666424942216
1.0168915634548958
2.9860785041851376
2.968685791978238
2.983706369843932
2.986749302153397
-3.0122698002924646
1.0011264770369874
2.948290449875083
-2.9920194345992797
0.9859528345080726
3.0135729507075584
2.980245105730336
2.992691134049988
3.0111649081123684
-3.0128609146951693
0.9619786315672229
2.996653423604506
-3.026267117390613
1.0041554982078076
2.9862705014284154
2.95834320408999
1.0020680271754125
2.981806594394295
-2.982858277332874
0.9903211257326792
2.977953429466688
-2.9868407247565587
2.990937614930891
3.008319952786681
-0.999530186773092
0.9528897971784867
2.997427256529515
-3.0057957499690873
1.0134761844856408
2.990880573639075
2.96189995060736
2.988623657542994
-0.984521054362867
-2.9995955783361383
0.9780432233705229
2.9958541699163614
-2.998667565883636
1.034727539970901
3.002027060431995
2.9715048081378197
-0.9957670737073459
2.997061266639548
-3.0327186338202794
1.001740254671369
2.9684885292257386
-2.990051871347737
0.9965002112245482
2.9974396141568884
-3.0025546675030137
1.0064824091110236
2.996451407952255
-2.9903347355982834
0.9775640137107034
3.012016613365617
-2.9913008002362322
2.9846825942956885
2.9952026752535317
-1.0128282053963682
0.9712976059347431
3.0023286832442073
-3.0078687669008604
1.0006799829087782
2.992187015884261
2.974978830442935
1.0027683405025247
-0.9706235787847357
-2.9956201812510495
0.9940586851064529
3.001148238332756
-2.9976246299740534
1.0242681452510911
2.986614721416452
-1.0244928430365605
-0.997109805458757
2.979617296335612
-2.989313974256575
0.9957040460528273
2.9956450620632853
-2.9925682376787615
0.994421808660378
-0.9708437939762755
-2.9951860139417144
0.9962967351887557
3.0132033779135385
-3.0139116674202735
1.005995871374051
2.990686491751234
-3.0101243704010785
-0.996319992574547
2.987089525425744
-1.0229030110576307
0.9981281688467862
2.9951558461970302
-2.9909170996582506
0.9927032778934735
2.996229366986007
-2.990770788821134
0.9995576042997069
-0.9757839710061194
-3.0052184816854015
0.9703594317874582
3.002189640337448
-3.02308271247535
1.008760015092932
0.9899133931930423
-1.0242056772359733
-0.9993428694088328
3.027129768128725
-2.9989737105048446
0.9990918238868322
2.98216157306006
-2.9900458150782017
-2.9898620651085333
-0.9739913468109185
-2.996476239049418
0.9620157389286882
2.9995636018948466
-2.9905712476632647
0.9872357244761257
2.9843265346337184
0.9582282648968972
-0.9906136707683035
2.990688056891381
-0.9997917714668082
1.016330865856193
2.9655134494388484
-2.982004152618292
0.9897025766557045
-0.9854064993606649
-3.0002512459261044
0.9905326382108979
-0.9860714008149073
-3.0123449729789287
0.9878511692104015
3.0063122840375702
-3.0304762938501564
-0.9855868340604292
0.9994674468070698
-1.0111210371069217
-0.9822968487000932
3.026016091049666
-2.9958773334090565
1.0066883924048438
2.978504908585208
-2.993165184758181
-2.9906437777103103
-0.9913875952823018
-3.000927176284449
0.9681078941471574
3.0153877880571596
-2.999255033590922
0.9964467830879692
1.0025496599791253
0.9678186571193437
-0.9960406828179524
3.0287042487507794
-1.0078217243166834
1.0215670616269559
2.9666331347202393
-2.970955503116286
-2.9935317466469886
-0.9909889773581773
-3.006646960121597
0.9704618366239856
-0.9846499692492279
-2.980405077341758
0.9906483150640859
3.0206852345738437
0.9675204104172416
-0.9724088676797172
1.0076259540611985
-1.0016002846689476
-0.9873542647469965
2.987493658983059
-2.9781639915136497
1.0139885200693974
-0.9965038176425374
-3.000193346301341
-2.9929607917900154
-0.9910275196146023
-2.9951799982202427
0.9923130622059847
3.0215146297840443
-3.001870882422311
-0.9766947881608358
1.016229960632164
0.9895399094198551
-1.0006551140960895
3.006125545002214
-1.0002217040781836
1.010046123183423
2.979189982255794
-2.965033415747599
-2.992078444121634
-0.9940062984780167
-2.9953465235182
0.9888561586348579
-0.973124733935025
-2.9904413486945667
1.007129124043608
3.0184133317770327
0.9831996085596288
-0.9570038422677076
1.0016332728057937
-0.9974342853973566
-0.9975455057870196
2.9876893428092095
-2.972303075533873
2.9979035588303375
-0.9876471765925474
-2.9897911484942234
-3.0004739711121022
-0.9629096537349153
-2.996618533437086
1.0085988951400167
3.012824323331356
2.9786334406108446
-0.9758554834195168
1.0157189467829375
0.984264888274352
-0.9886929953549587
2.984650955236913
-0.9815790613451321
0.9985052408564066
2.9796723326417207
-2.973407967438512
-2.9916416554635616
-0.9867853373253301
-2.9747717706827945
0.9864267990317737
-0.9554275698554968
-2.995559878250272
1.008316762976633
3.002536303990494
0.981981979012843
-0.9857216336194787
0.9925119341118191
-0.9896064799840593
-0.9958573706783642
2.999151312164339
-0.9888090078026018
2.9872304595799046
-0.9986230868152371
-2.959849554720036
-3.0173645006995073
-0.9659783238803654
-2.9968273343019134
1.007023592118808
-0.9860489001369205
2.9842141219630536
-0.9984777125156422
1.0085608058603885
0.9544150575485801
-0.9596293550142155
2.976753692103887
-0.9793261716002037
-2.9841704952994577
2.9696627357511707
-2.9787736556511875
-2.9974821625549657
-0.9965288778360728
-2.9816643884333813
0.9640101366575348
-0.9647109373685202
0.9965781288447747
0.992721042581349
2.9887069974712808
0.9956586073631425
-1.0001628988217421
0.9722906116889327
-0.9993887725299324
-0.9987122098365762
-0.978698537747617
-0.9980180819391832
2.9832577194090364
-0.9823633306781162
-2.9831912812593693
-3.006572670707357
-0.9817616915845225
-3.0181340289275576
-0.9971587583952465
-0.9891826677997281
2.977097758927599
-0.9872847453723211
1.0160529683513608
0.9699518780013561
-0.9876455528883784
2.9762695738300122
-2.9820283435888384
-2.971045598692071
2.964999123126685
-2.979733943468448
-3.0109504244210097
-0.9787118217920341
-2.990476046397775
0.95732478409223
2.994975055994147
1.0056858353103746
0.9868571773232594
2.9823037845389284
0.9889545483337484
-0.9918704479525069
0.9660905341276044
-1.0034330244166478
2.9788186100067944
-0.9855352363357941
-0.9859181777627855
2.9465340352813847
-0.9753489288828685
-3.006267611178865
-3.0056974214071777
-0.9843713109990367
2.9468175814703064
-1.002265176560477
-0.9731911344484345
2.9644744653377324
-0.9896831676477532
0.9928467886020824
0.9923154917253316
-0.9914450066932866
2.97562921491393
-2.988692723460674
-2.9644563544484908
2.970116219823853
-2.995745549192348
-3.01887326126014
-0.9890420668467399
-2.9872806380697097
0.9702713185784366
2.991209238817116
1.0053810699370742
0.996568461892316
2.9808040704874292
0.9841399517870612
-0.9977932136626689
0.9747521179285114
-0.991469742746943
2.979698570030707
-0.9959535031008321
-0.9919452816982499
2.953477387372926
-0.9861554642667075
-3.009739124120338
-3.0007477003840743
-0.9792094045945595
2.962585715865917
-0.9960288880405201
-0.9483447090522709
2.9623762666659146
-0.9999351857669367
0.9937085284502561
0.9898727266793809
-2.9620396372686963
2.97525397419095
-2.97171396435379
-3.0112609640714787
2.9888376032129877
-2.988429527127689
-3.011041054629181
-0.9915142637173031
2.995070570467072
0.9858717956754642
3.0130886069313263
0.9793485505728882
1.0291811139315585
2.940482851261627
1.0072843061676755
-1.0066461471457584
0.9903388976323605
-0.9789478432216557
2.985626802448711
-0.9963201313419722
-0.9776377671044387
2.9581577326588766
-0.9808083738236476
-2.9956107658172733
-0.9983195240523385
-0.9724158518649816
2.9759567663108846
-0.9656561202008702
-0.9572478832040181
2.970938426103062
-0.9754401414043204
0.9934930543607372
-3.005961263354911
-2.94699749065945
2.9793373858011893
-2.98458049985147
-3.0016867817165767
3.009417409663791
-2.9794458822968104
-2.9956357452645235
1.0089898434788747
2.9965314770836913
0.9796343395702775
3.046156064499081
0.9884110006649875
1.003968930633972
2.9694876964994315
1.0195937317414328
-2.999005685712517
0.9922286415520933
-0.9735132924553586
2.9803091003677924
-0.9909287907564445
-0.9494331513649424
2.971508339306309
-0.9722724231056081
2.9913690565864406
-0.9982379818434349
-0.9682863329790378
2.9660936772698716
-0.9463673423341629
-0.989277722501943
2.974736124450466
-0.9501697107535673
2.9825661428772885
-3.010685691567858
-2.952855076368158
2.9645399138786312
-2.9546916910359786
-2.997748782301476
3.014626897353168
-2.973162174053002
0.985874128794771
1.0180035875833804
2.9868954310847777
0.9772090703751656
3.03387219295273
0.9948489565461303
1.0091220478092118
2.9777015787594583
-0.9769698569876922
-2.990977284443893
0.9769329873189968
-0.9816062488515979
2.9761476645704077
-0.9732758978883662
-0.9605589530956047
2.9693305413327176
-0.9703622189567842
2.9846433332369102
-1.010184202649941
-0.9869627569703477
2.9419957777772763
-0.9591606007920722
-0.9962055760936098
2.966362305088231
-2.950580091753348
2.9836957882677413
-2.9962588562590797
-2.9800324509963683
2.9498221832267353
-2.9655706661507035
-3.0061541572071184
2.9996032687434195
1.0011887643825057
0.9703240954304309
1.008118942616425
3.0068573617046948
0.9586715585269131
2.997387314184484
0.9874131295778248
1.0074260016091274
-3.0183552682421664
-0.992517143483978
-2.9876200216739055
0.976194499930649
-0.9891064549137487
2.9755076473337745
-0.9928356148406938
-0.9875864703325035
2.9525312842601856
-0.9778332173944059
2.9641344093231066
-1.0074818186970562
-0.9794991209541961
2.9307547025492613
-0.9755840757071871
-1.0043667540541235
0.9744575642789468
-2.979666565589097
2.9755936407762347
-2.9597821069443593
-2.9957211707663425
2.958969545321404
-2.97475605635171
-3.0316125991260225
-0.9932680642409539
0.9854285418236093
0.9542107257050731
1.0035617395818102
3.01930787213569
0.9919750788525553
2.9779883730759233
0.9703861861586358
-2.975995173724293
-3.0381956549747793
-0.9929484056331827
-3.0177951237259273
0.9696710994260842
-0.9847095730684899
2.9735419410670403
-1.0017302550370306
2.9869058976346454
2.943696205010445
-0.9776456608410292
2.933559267682282
-1.006225266523484
-0.9808597928433487
2.932161252764702
-0.9781358601117984
2.9792863374177525
0.9841219743243614
-2.9819211745471073
2.9393027065549493
-2.973186932624712
-3.016126921584126
2.9695325857869244
-2.9684026770322802
0.9433656410585703
-0.9839529551525508
0.9844985242458131
0.9772576251487622
0.9959971267931326
2.98813073438612
0.9944977535815275
2.993633598838804
-1.0196883412239872
-2.97395693259219
-3.034625401063657
-0.9753593158706262
-3.038640748827602
0.9959669943949631
-0.9914190219194974
2.9817827197642965
-2.9901430327883753
3.007802054561934
2.9588886555212977
-0.9664410777749177
2.940887395860489
-0.9884962043747574
-0.9872090210760177
2.952458482425247
1.026665850623032
2.9875636022675467
0.9915140824362653
-2.961411922684395
2.957930089044679
-2.9798528409051963
-3.0073025773446687
2.9861553660541142
-0.9681552208228587
0.9642413228198938
-0.9759642706976561
1.0288066827273465
0.9803630332370611
1.025667322657051
2.9814890367812263
0.9969770800794235
-0.9669465906224076
-1.0027491812904974
-2.985580982590459
-2.985673312140677
-0.9764527054850103
-2.988111609529484
0.9911931692161996
-0.9729832656826387
-2.990464023807644
-2.97863231995266
3.027554361629289
2.9775898429928844
-0.9769027671580388
2.987960663362645
-0.980485140271398
-0.9954889652897039
2.97333696124833
1.0384372381229054
2.9901395312301062
0.9809792920935115
-2.9631183067699127
2.974897164744135
-2.9777401820707134
-2.9919670276301162
2.9932880557597104
-0.9677761644404774
0.9873048198789325
-0.9898105417519298
1.0242407784752623
0.9683840199800208
1.0299380816408314
2.9830924258350584
2.9955507425268073
-0.968232303583946
-0.9897512985276223
-3.0014436521287964
-2.988306820618749
-0.9883939460419069
-2.973840175731796
0.987540464427971
1.0330735372306044
-2.996344081502383
-2.973688530338589
3.0125862077077534
2.9728226596227003
-1.0058624745261537
2.984842873289623
-0.9777566239196225
-0.996952450028448
2.96540286800724
1.0333720091047591
2.984180340433165
0.9761337369314016
-2.9799432697084596
2.96536776338442
-2.9728737244621017
-2.988308153998226
2.981437142269378
-0.9787329136042341
0.9750431685138521
-1.0047134461291156
1.00463356611571
0.9603348937551743
1.0159573537424054
1.0018573757472706
2.9961923154887464
-0.9967424860411922
-0.9838575087822948
-3.0014327881348195
-2.9993606711854905
-1.000085849762022
-2.9849260791274923
-3.0013655394202483
1.0221459258220293
-2.995026334335926
-3.0046067637540816
2.994125805151548
2.9735556589140435
-1.0121718762214789
2.9780268319719356
2.988429358284255
-0.9896381398686417
2.951409278405722
1.0117099787467176
3.002916040469025
0.9567016129441892
-2.9703305953055614
2.9493140732228715
3.0021629561561136
-3.0011901875080738
2.9710555738955304
-0.987300333580318
0.9724266306588347
-1.0099650354426182
1.0206025997234172
0.9686252467811705
2.9916804860617066
1.0060138984488645
2.998212864061045
-1.0211163994056527
-0.9658741245373426
-3.0004742014596077
-2.97808546157959
-1.0024344052933174
2.9725502865434494
-3.001251869999616
0.9975183778706385
-2.9743862402018624
-2.992917773318366
2.9853625885013826
3.0078800205908878
-0.9960193039217371
0.9877394508217894
2.9757996361136247
-0.990834105530054
2.979545326383038
0.9951392939421267
3.0259906816841964
0.981178879563645
-2.9572270029905985
-1.0334380096770133
2.9965194134881314
-3.0219400415131354
3.003008786202378
-0.9935312890815385
1.0189233262090067
-1.0106207534317708
1.0366524963967407
-3.0034627284471216
2.998663328892462
1.0033333444844628
2.990452278459329
-1.0351673111781161
-0.9453813705888219
-3.009371820258997
-2.951157093690714
2.9883269887898614
2.9733969876551893
-2.99026709815102
0.9716852840218857
-2.9764644107977434
-2.9957156514095127
2.98352724429866
3.01639436590805
2.99623994604498
0.9979312217380971
2.9969453680478026
-1.054001263054838
3.00100463902157
0.9503533742402669
3.011252530471156
0.9819990303100209
3.0234525807279335
-1.0146255444731473
2.996946985745595
-3.0382033376763715
3.006252096129438
-1.055572803319863
1.0346054105533762
-1.0320098715079709
3.028822099285859
-3.001747925183747
3.02795713146511
0.9674828300155807
2.976514547639477
-1.0506812085438766
-0.9763070522502869
-3.028336332787294
3.0223386361771594
2.9974558055602123
2.988945043392676
-2.98490431553877
0.9837457553434351
-3.0130285860612176
-3.0218526896517477
2.9801903374570897
1.0017051648613369
2.9864883408563876
0.9991747918996666
3.0185115614401745
-1.0429035175815533
3.004810538083465
0.9325643373831786
2.9936324652974324
-1.0393619377213716
3.014071648968077
-1.0053163847118256
3.008987380936291
-3.0147261947852146
3.012075480260898
-1.042761915856815
1.0129341045499054
-1.0531775278934286
3.011404924402706
-3.0100683553441536
3.007088780991335
0.9951537911789099
2.98461828895885
-1.0242001046334497
-0.9842904179782835
-1.0458998113144433
2.995165422933227
2.9874186976973744
3.0050911531665587
-2.9834128076433237
0.9878805765388852
-2.9835913698849437
-3.036468161309722
-0.9955324409144473
0.979437405874782
2.9621650316711743
0.9982792041333902
3.018862447126215
-1.002340226808824
2.99562036184068
0.9587510700950839
-0.9758700261293962
-1.0580536828875868
2.9974147471264296
-1.0137543101097373
2.99218674981631
-2.993425703270337
3.0232355086803326
-1.0125359474750397
-0.9939824623499487
-1.0453683076559939
2.997995726354616
-3.0079875599518946
2.9892435849552963
0.9993431572793576
2.9899982865685177
-1.0083786930685785
-0.9528217950597769
-1.0316536529006362
2.9836773972857262
2.968271558541077
2.993678554385488
-2.978196572435421
0.9983709325629174
-2.978384787091622
-1.0167506514405265
-0.9892681593746634
0.9818240324358465
2.9688376019887226
0.9963816710871215
2.998664369376894
-0.9998179741687123
2.995816464635735
-2.9948252746707804
-0.9519512748306803
-1.0384823565763566
2.9972715409181854
-1.0212745432837567
2.995329508246042
-3.0052197267736647
3.0300603027167434
0.984571632873288
-0.9819426709196367
-1.0217377060069237
3.0199543816307317
-3.0170198956910252
2.9936121617255056
0.98916793940982
2.99899008418635
-3.01876266647742
-0.9268719457922402
-1.0057667826099992
2.9672777372079175
2.9794330863695
3.0026114120945895
-3.000552541384049
0.9979770601576803
2.9742987548377604
-0.9845347855468668
-0.9961236482333017
1.0123002334859894
2.9872345911652674
0.9796363103750315
3.001584016541006
-1.0128082651029655
1.0084169434424592
-3.001427378654102
-0.956535111161533
-1.0054914724840935
2.9802064654744207
-1.0033647440143079
2.9943612277576266
-3.0176820798768524
-0.9644385822383075
0.9548355890549898
-0.9666165501814592
-1.0087108156515472
3.0335626789484453
-3.007258181689302
2.983843794658593
0.9781310393701247
-0.9838901501858782
-3.044388137395768
-0.947459137661368
-1.0104329468862567
2.967321272961771
2.9898935028665297
3.0130068252958813
-3.0066125146059104
-2.9960401323531434
2.954999143381113
-0.9875471147703897
-1.0300672700936875
1.0086871798379287
3.00485347847438
0.9669614334673972
3.0005018091348106
2.9637443344789145
1.010274787419979
-3.0244549400920113
-1.0239595614822885
-0.98841185258513
2.9541257221720376
-0.9973062298913429
3.0170857996132283
2.955696808592124
-0.9771736242473881
0.9342512818486508
-0.9662424714677849
-1.0246185367884748
2.9854500345506647
-2.9832886570662853
2.9870232060080966
0.9835623463262109
-0.9949454590044063
-3.0439659661697482
-0.9814244915861652
-1.0061908535986794
2.9824429211848207
2.984241336273694
3.01269753666943
-2.990704930781945
-3.0019157852356666
2.96626569626651
-1.023089137617348
-1.028348848394364
0.9946527515207442
3.027800861917175
0.9711820568101338
3.006867849982727
2.9703475889353146
1.0057890881176614
-3.035260874787329
-1.0177205932442501
-0.9949489176476884
2.9700488066728292
-0.9926139575821297
3.0280247012739383
2.9667698065493875
-0.9748424987116596
0.94236063246367
-0.9857070588423046
-1.0200124170502762
2.981393012622955
-2.9604546779312324
2.993454053365672
0.9971305859609635
-1.0044060142993878
-3.0065610112617156
-0.9930179128517447
-0.9975576612631311
2.982788793694782
2.99889779266207
1.0063564322864977
-2.975276707464929
-3.002380658504922
2.9979917601895116
-1.0447005643900042
-0.9916886578351398
0.9864749935992866
3.0275307832187965
-3.0012786809388556
3.012636014007414
2.9838199262950447
1.0148668747534384
-3.0219701952987044
-0.9872769236455818
-1.0099130085647008
2.9879219520104927
1.0056267546024158
3.0131539260112503
2.9769664926314054
-0.9679481270084385
0.9733484242868266
-0.9928197391418278
-1.0022423593014442
2.9836583046297833
-0.9678029255107538
2.9950026385151403
0.9876123830840895
-0.9620772439778503
-3.0065716017501125
-0.9695292753343746
-0.9952254043852155
2.9653761316708174
-2.960224840975118
0.9958840777369845
-2.9853864606565836
-2.9932344776494495
2.9946022968105535
-0.9823828047808117
-1.0000360324136637
0.9972717982972195
1.0154230456980409
-2.9984159397668253
3.004279704384685
2.987981380642171
0.9959332641826363
-2.999012745285073
-0.9783761899142304
-1.011234553833382
-0.9987252600308876
1.003693816688455
2.9866539649025676
3.0003653222386526
-0.9805215600127679
0.9964200383372463
-1.00792294882697
-0.9889708456650781
-0.9925397789151598
-0.9886561757801753
2.983010140039203
1.005868852189103
-0.9876667347097114
-2.9937039138541848
-0.9620225347567276
-0.9960570958077708
-1.0274202427144916
-2.9669867511989207
0.9966500901205466
-2.9750373056604515
-2.996922887328427
3.017827268917437
-0.9871614822174992
-1.0152253147977972
-2.975840633386105
1.0007652363337638
-3.0047156596697344
3.0035842680889004
2.9984183112435154
1.0038316562721847
-2.994443733312683
-0.9842166161870801
0.991303807733601
-1.0202138322304792
0.9928893456354358
2.989201016649331
3.00147445251838
-0.9827830207269294
1.0063323334031629
-1.008967589115248
-2.9902215721911514
-0.9930639278645412
-0.997414607975165
2.9631052960160247
1.0086920274672009
-0.9888300057377832
-2.999389264907116
-0.9688439597471004
2.987735275098344
-1.01604462703081
-2.9835263702051518
0.999627305811411
-2.991644646585529
-3.0056324763305446
3.0226154537247822
-0.9928251249751641
0.9638676382671008
-2.980035660298955
1.0148489528161544
-3.0126729774515066
2.992700909117536
2.994223312965865
0.9922529302352748
-3.0026269460953916
-0.9992562829318198
0.9986204968370557
-1.0318216139761016
0.9983495646430769
3.004937823870694
2.9894153160620345
-0.995219756923604
0.9917135674776758
-2.9929347686350276
-3.0079387987086945
-0.9948519537193368
-0.9866397203780015
2.9508429307604387
1.0070385484732047
-0.9796253832771451
-3.0091541684476826
1.003567707439073
2.988038572072729
-0.9982884594719257
-2.9954917644756494
0.995485313865152
-2.9845711187089243
-3.0204286933372937
3.0087071749864553
-1.0000896853111219
0.9714589330792779
-2.9910511447233312
1.0280466581228007
-3.0066150208560902
2.97517490991169
2.9780733158888584
1.0050278577368446
-3.0193487737289835
-1.0024533075106765
0.9956596674162809
-1.0366419334880275
1.0020912206047954
3.016741361040195
2.979344130913464
-1.0038695514817244
2.965578381039611
-2.986468028782621
-3.0028363916044074
-1.0204990278828447
-0.9616886631579918
2.934163732838503
1.001739251475191
-0.9597263344610072
0.9729376847742324
0.999221679216787
2.9825286677133205
-0.9946801986725764
-2.976845536160627
0.9667573528409485
-2.9545585959304814
-3.028111322154981
-0.9820059300582803
-0.9989641974271029
0.9847985652797647
-2.9918202596859103
1.0370073220287899
-2.9941517038490284
2.9784249758126915
2.9695456260309685
-0.962040330631186
-3.0216702458125977
-0.9924622444911185
0.9976481996454686
-1.0193648177474672
1.01281116742642
3.0229202027881548
2.982550842717954
-2.98873217102698
2.9678249001724204
-2.9876671556257905
-3.00876842555581
-1.0002218137566077
-0.9580136422061662
2.9518546615291252
1.0089099149323406
1.0321571062437414
0.9808743611641884
1.0205945796552056
2.9601949201025426
-0.9916129030972831
-2.9793292273292127
0.9881799302718359
-2.952446009741247
-1.0216399725166758
-0.9724335720844837
-0.9955036966375823
0.9910061399386589
-2.9740363440197943
1.0021636983713724
-2.9780304322607716
2.99962719866092
-1.0007970289428834
-0.9619839052176409
-3.0127427210282174
-0.9785424850434463
0.995769408214736
-1.0025707863156983
1.0201593704623746
3.002783067400816
-0.9862519005381706
-2.976471377115028
2.979592962336178
-2.956677844237995
-3.0044686404653724
-0.9917976504279926
-0.9793685884695704
2.971580721266362
-2.9585227793424105
1.011142779469392
0.9938346163937181
1.0025151338253726
2.977082018470804
-0.9587130282672067
-2.9866722028015062
0.9956860151181047
1.009557677210334
-1.0071858704484224
-0.9654856118075392
-0.9947502679770748
0.9983240098413931
-2.9921702633236795
1.0010903624354281
-2.97446855713198
-0.9776757622947131
-0.9862497313775515
-0.9900001763685102
-2.9955772995033056
-0.9740130753938292
1.0021617459070775
-1.0015205193587433
1.0199815517250517
-0.9986933241219869
-0.9822875205119489
-2.981599617546278
3.004198241872852
-2.9819242442173435
-2.988785787502939
-0.9980297888174596
-0.9931937038775419
-1.0181072881838005
-2.95794038717698
0.9960338833696527
1.0049590789839111
0.9943564984526888
3.000275857108192
-0.98066854993476
-2.991664847389074
-1.0073335332398907
0.994455976387588
-1.0116999555332473
-0.9552832833428582
-1.0002502156876503
1.0059301929812414
-2.9969356299776497
1.008649569286268
-2.9848435793492736
-0.9975930219811611
-0.9863691041094156
-0.9909142812742171
-2.9862733999648543
-0.9650652526840051
0.9998840346237688
-1.0119092827329224
2.997226505320048
-0.9926316221531862
-0.9852617831430428
-2.9994222559364254
3.0152188209302087
-2.9846459291375966
-2.9777826024533693
-0.9988801852575483
2.994936059344866
-1.0434337335551354
-2.963901168337792
0.9915345226042906
1.0159467499584707
0.9877379023519957
3.0117565616966897
-0.9965155092046714
2.979072348081221
-1.0219535280873668
1.0086489897041617
-1.0381667739752867
-0.9577737529672704
-1.0006745485063389
1.016672298511789
-2.996172485284424
1.0208931676959856
-2.9946322987048424
-1.0194985567174086
-0.9938244903103601
-0.9961119529903678
-2.9916464633562905
-0.974658471026659
1.017081491824331
-3.0178642855577813
2.988756820477762
-0.9663176806199884
-0.9839161354439444
-3.020568893376449
3.0098697798357184
-2.993909740909509
-2.9770069407965405
0.9932356989719958
3.0144765044068595
-1.0547299105763885
-2.970799442109063
0.9849617762073978
1.019065914968294
0.9803788129275798
2.99831913956012
-2.985480509240972
2.981327591197749
-1.0106628892799145
0.9914635805735291
-1.0331008976402465
-0.9814562180457698
-1.0139258500883428
1.0100018876683345
2.9805339815299394
1.0235237102647332
-2.9865250771897203
-1.0301928154916475
-0.9995119483415399
-1.041207161920702
-2.9809468742335037
-0.9983875517920651
3.020211024620138
-3.0150499490200358
3.0088446524910912
-1.0036628501178864
-0.9849845883537609
-3.0487277778035953
2.9913097687708246
-3.000451642303794
2.9887742723086554
0.9954954484833334
3.019915697477593
-1.0367466661933755
-2.9562585293506545
0.9327648031231857
1.0087142750372937
0.9661036362248752
2.983577815388419
-2.9638040709273943
2.9858652520166107
-0.9900150646604686
0.9775259119775797
-1.014942974509453
-0.9898036415966169
-1.0294505162315426
1.0032281814022816
2.9806635288478343
1.010587364438452
-2.966941362286634
-1.0056592849281993
-0.9829904909152166
-1.0555721751437663
-2.9833311742164432
-1.0041044726717152
3.009964624843917
-2.9960972249111597
3.008515627157347
-0.9955832500075738
-0.9892244166322283
-3.0321009909311747
2.9981252011893553
-1.0074367697308284
2.983185811118913
0.9926998244278914
3.0158517347453935
-1.0137080033063972
-2.944218401751286
0.9598362517251362
0.990996011865897
-1.025545583731672
2.9878843832210578
-2.9566975559225606
2.9886598678395417
-0.9901722061248842
0.9940632512642873
-1.0077608427172045
-0.9592302520127819
-1.027318215420495
1.006436173167787
2.978885321075424
1.0000370742038978
-2.965835797970551
-0.9897825925063694
-0.9638205882624837
-1.028092348515173
-2.9843262297243007
-0.982789012227997
2.989771362929956
-2.9816616858110576
3.00591114746746
-0.9993498803692941
-0.9865858670095926
-3.004128954470178
3.025851230641981
-0.9988087260406331
2.9886618626353494
0.9884081524040566
2.993971299253066
-1.0168844401957122
-2.936990195545531
0.9826688939830147
1.0018681972298815
-1.011466361163079
3.001166570003528
-2.9550762648912148
2.9815620333229282
-1.0051478266998755
1.0012355764068361
-1.0187387098849112
-2.9235046299387815
-1.0106903266735077
1.0196886916662604
2.960041619624177
1.0068922907000035
-2.9686008120754304
-1.0080387271929738
-0.9621838609287173
0.9940506601495809
-2.9822647409717327
-0.9619232916736138
2.9830161792614813
-2.9900275027383305
2.978097598062924
-1.004226636265896
-0.9814824397925415
-1.0111971396330806
3.0361448718999595
-0.9996465661594437
3.010262330196997
0.9921910018235303
2.9964676334297793
-1.0443562054082027
-2.949587417908715
-3.011162568476479
1.026073291992135
-1.0011250132972858
2.9985695696316537
-2.97924297482752
2.991023830911176
-1.0147704880661643
1.00406935110092
0.9559965658314424
-2.937946480877833
-1.0010161167351808
1.0276642207376956
2.979424811894906
1.0109604915276804
-2.9810713104422315
-1.032297281150002
-0.9798896021535772
0.9868240645428903
-2.983047047426487
-0.9763955006873868
2.9903495205986275
-3.0047496600383385
2.990869815387725
-1.006281111551666
-2.9744232300563462
-1.040445222877455
3.020249737195416
-1.0113554231383042
3.0265947589498783
0.98792627918398
3.0088957670147667
-1.0598085049303512
1.0204489703340949
-3.038610397508371
1.0258152188191112
-0.9969927174637226
2.9786422090048226
-2.988191668563243
3.013238295856883
-1.006884823458158
-2.9862970913470357
0.9547281871199673
-2.9721031256551154
-1.0217918089821674
1.0210000414730642
3.0021838504860527
0.9995022626828902
-2.979993318591741
0.9595357516799522
-0.9922769497786122
0.9523322244351518
-2.976489908989062
-0.9900658808125457
2.9886610053879497
-2.9969822671568522
3.0053554840479406
-0.9983350700911027
-2.978447895091268
-1.0628955969799698
3.0174504958437187
-1.0369814326770974
3.028689746935072
0.9892137946560868
3.0147971576600088
-3.032729753149997
1.0217852254874522
-3.0397816609065917
0.9998143736445197
-0.9949041513123812
2.9872508492176
-2.985945884444501
3.020168335778431
2.9838595907377234
-2.990482550413528
0.978651213465305
-2.975377065482476
-1.0351577044093407
0.995823291730965
3.0102088823457036
0.9914020999607309
1.0192176310671797
0.9833111270730053
-0.9883607030472109
0.9639131773876541
-2.9755642327038294
-0.9707401989803389
2.984002354372512
-2.9870438028021935
-0.9834368595662131
-0.9907429477540919
-2.992439597876088
-0.994041559917134
2.9959924997554626
-1.0131587998625067
3.0046034171598226
1.0001804115466995
-2.9702609995849927
-3.0060921490571255
1.0363099425751179
-3.0018474491974625
0.9749934401922684
-0.9466465326228635
2.9763085447164466
-2.979412491085429
3.006828924692612
2.9817656466044045
-2.984702066859736
0.9879153310566745
-2.964114447196859
-1.0169057515531652
0.9909608065193137
2.99598439682245
2.982377213636498
1.028253748507362
1.0048042600201994
-1.0044642678059814
0.9954277615602818
-2.994827761943645
-0.9661930503778564
2.9798553544300876
0.9977135725274427
-0.9988758364234478
-1.0002870275652809
-2.9661063410797706
-0.9842203982195671
2.9852793926558876
-0.9888711588612589
2.9882121937966497
-2.978627349986754
-2.9826893959109713
-2.997458975784175
1.000750455808659
-2.9919822173907025
0.9897446112661946
-0.9733053807653057
2.9881219802406993
2.9936641512167808
2.9927531611860516
2.973713586539408
-2.997983290644686
0.9937930012243115
-3.0103490103810975
-0.9906762021423815
0.9847644057551102
2.9846734538277886
2.992531311819984
1.01665730619271
0.9958090509472783
-1.012960397859212
0.9987661915398848
-2.9986967271343397
-0.9870018018005827
0.9951049001325598
0.9878886254511711
-1.0093047606927834
-0.9837114197067466
-2.966643787446065
-0.9991685090413092
2.9944830493137267
-0.9877946014461375
-0.9880525721574231
-2.9884734829332986
-2.984655723603045
-3.000487372008126
0.9999471619031607
-2.9845401983101496
0.9934388230992147
-0.9938195374782226
-0.9884184803397476
2.9856169468728426
2.9904064971955746
3.0060366883021015
-2.9917233669588676
0.989514973651084
-3.0067202877930685
-0.9957186856706637
-2.9981161989653597
2.990294090259675
3.0041153661649234
0.9902946421507121
0.9904579779801698
-0.9770216989734667
0.9925337288296165
-3.0021551832818627
2.9822409418988034
1.0023082304428985
0.9856261434920686
-1.0024468856162714
-0.9676743874092536
-2.992201543603037
-0.9974672017209638
3.0104700178585095
0.9874973229728359
-0.9693226084651383
-3.0002998336116784
-2.99148153303544
-3.00017502401761
1.0009494661347287
-2.989879324626172
0.9982810573475349
-0.9868997527237762
-0.9953946659794706
2.9797257228278196
3.0239541757099917
2.997131302035362
-2.998709575419845
0.9892375526890685
-2.991050974538229
-3.0042897260994614
-2.99300341971083
3.0165046605474317
2.9504399501022585
1.001700145415174
1.0027083193433373
-0.9809207264033711
0.9839212521536232
2.974959059584688
2.9950177238834965
0.9985324241558853
0.9923272800878626
-0.9835710470680045
-1.0196508309920913
-2.9862296548822314
-0.9891703105841818
1.0162903333038071
0.9762020364957189
-0.965635281459518
-2.993590785490672
-2.9859574951311965
-2.987722899344973
0.9930807765305555
-2.9957544036352592
-1.0014177786697147
-0.9623102410080576
-1.0052410128379277
2.986042701729019
3.0219758695712855
2.990487447220346
-3.0048204603656714
0.994474986943384
-2.9915447291348287
-3.0114979510283657
-2.9883797175138547
3.0165539148761664
2.9593407422940703
1.005906882145988
1.0006164296940687
-0.9956071069069639
0.9769881206607897
2.9810143567026346
3.0159747462827267
0.98384867522335
0.9999785934545639
-1.0019407184449505
-1.0132512647685836
-2.995486647537276
-0.9796268297568829
0.9979275354010024
0.9875136386808062
-0.9747811339329522
-2.9743516626110122
-2.981814404981936
-2.985423655855334
0.9760755138389686
-0.9982625434216482
-1.0116321853993229
-0.9617232690770298
-0.9991905788537451
2.991195053623117
3.009139927316942
2.9975802411207315
-2.999517160499252
-2.985807674422673
-3.0089298928608494
-2.994827317837603
-3.0113306499045445
3.0089231505082688
2.9842000642966853
0.9995784569716594
0.9974564318751062
2.980633751946411
0.9825756357271084
2.9943426807222555
2.96047586069202
0.9882872073991028
0.9804119271693592
-1.0093900079437337
-0.9940576811885364
2.978096241482456
-0.981199898398497
0.9939717711724234
0.9870461132300095
-0.9885892842725881
-3.01815774417133
-2.9785501344732537
-2.9822762874913256
2.9600318050509578
-0.9885470112411577
-0.9982598450500075
-0.994430680276351
-0.9902519350990064
2.9753333986283854
2.988988061385678
3.0165278263507815
2.9811598070971796
-2.98609769296484
-3.0147226533966567
-2.983339613246616
-3.019492894305508
2.9829812250296865
2.985993584876368
0.991795974768698
2.9859887809899948
2.9901094116426616
0.9955717275644632
2.9952776454098666
2.9677264220906427
1.002576735483525
0.9690277474272364
-1.0068335102590822
1.001788697666195
2.9876568772090315
-0.9895189532849006
0.9951230442879743
1.0072870564948542
-0.9958346532376213
-2.999941669272451
-2.984029853694057
-0.9908108586875035
2.9721657214606663
-0.9962866056079455
-0.9617453358370297
-1.0086596662918643
-0.9709366453902565
2.9822006195194017
2.9846531333097426
-0.9609471199099092
2.979682848265226
-2.9965017436315575
-2.9871554013123784
-3.004157133124524
-2.9798751520151234
2.983917658467982
2.990772645313115
-1.0019880957247111
2.989824888834163
3.003652885550789
0.9966369707318874
2.972323271831878
2.995605705638755
1.0074825939804049
0.9715485067561191
-0.9904827638203123
0.9872079306228019
2.9959757192964003
-0.9990069387506032
1.0048277084761212
0.9920921774539184
-0.9944749292874421
-2.987460063241703
-0.9857139119518011
-0.9918793374593718
2.976924449758234
-0.9637921979419569
-0.9773042657858756
-1.026798672876532
-0.9595833183537118
2.9753229805034143
-2.968313224760797
-0.9759335084041013
2.9712456579787085
-2.992936672444261
-2.9892957896720493
-2.9850818259402
-2.9831788941434607
2.9753287320714588
3.001444146820054
-0.9969218852789439
2.994407225161736
2.994056709407825
1.0063790357297115
2.955794903711518
2.9938605962036946
0.9959331793884907
0.9875434544552624
-0.9815385883693204
0.9743661905131948
2.99022680343561
-0.9968279489062873
0.9994194162472714
0.9861730907418237
-0.9877667109274078
-2.9949025426473903
-0.9772686067727876
-0.9953529168035155
2.9797406974449685
-0.9703222096925965
-0.9909548070878574
-1.0331215970741061
-0.9721595169373213
0.9760464417802389
-2.9507479272677894
-1.0010778778336962
3.0162251320337217
-2.998741849740702
-2.980433749268123
-2.991313919521059
-2.9856919558052883
-3.0130589619596906
3.00224726959233
-0.9905205865984901
3.0020401092217095
2.9780236397055946
1.0414385591712796
2.955481061257532
2.981620548115545
0.9808214584820044
0.9938150034457519
-0.9972850640049318
0.991835108606296
2.998944843121178
-0.9833188415549778
1.0009313734529917
0.9776089983956244
-2.9767018859044123
-3.0130062442077765
-0.9717572957903321
-0.9964576360258884
2.9714310482080664
-0.9739443510127249
-0.9725215855447958
-1.01669117429768
1.00296190232647
0.9770739851978214
-2.9595429610562096
-1.0046052732996538
3.0197262012462853
-2.9984278483617857
-2.977569299728483
-2.9901994954209115
-1.0035098701606455
-3.0134375358838765
2.9840049859818114
-0.9469020471940446
2.9913960397267187
2.9759490428990096
1.0200854500205978
2.980523981170596
-2.999140844703978
0.9834012686032809
0.9828568706275269
-0.9960881637084065
0.9892835344332244
3.0391228938592043
-0.9904316306043945
1.003017228268566
0.9797855354511051
-2.982925010796633
-3.019873856701518
-0.9732513855657295
-0.9844026528000869
2.9786615718869003
-0.9897596806880569
-0.963813366356771
-2.9952289069292912
1.0052816852285436
0.9956260116272211
-2.9908879083740723
-0.9882905690827714
3.0064006014172775
-2.9888833146626554
-2.9784426322259185
2.9888501672863654
-1.0072977131770104
-2.998939040566266
2.9600148487027713
-0.9556562151002738
2.9737240156985587
2.988189034236753
0.9973193327580545
2.982850041799636
-2.9909725160537572
1.0056129881348463
0.9437335185312664
-0.9857037104998126
0.9782621452578931
3.0186075740537364
-1.0008337961841827
2.9937308583724427
0.9900165862107327
-2.981433331310473
-3.0417764231448987
-0.9778560729861097
-1.0246594378981306
2.9936260494387605
-0.9771184668160816
3.0015284133241416
-3.0002833902753223
1.029980926636163
0.9949865359503853
-3.004125853487776
-1.0197230160505488
2.9993045179191853
-3.0091029329437733
1.0047690329971881
2.9897838746062844
-1.005720209521212
-2.9843672247132393
2.9681015310182577
-0.9823318826377571
2.957595691488754
2.9934428559467197
-2.9791647389719853
2.9598560490456376
-2.9750135271835267
0.9815704903221834
0.9627705943185423
-0.9864408193466955
0.9772201673058463
2.989867323363152
2.971612922133517
2.9908905647521933
1.001152946819616
-3.0070247243578923
-3.0072551039907234
-1.0050627058115045
-1.0232308925502598
2.9828276973682817
3.027427782318801
2.982327596864167
-3.0074613957559926
0.9779149799735054
1.0006916545565137
-3.030022180006613
-1.0076113989303916
3.012675842129867
2.941402492629362
1.0064511202829853
2.9836563533509173
-0.9991098258211192
-2.9923829133940063
2.940232625983165
-0.9767051732991533
2.9494710171389094
1.003133349119791
-2.9493906730052886
2.9338884388182467
-2.9656658060322454
0.9502193573763352
0.9953179524710737
-1.0051335734132492
0.9860371726291238
-2.9799601454328504
2.9748193021106126
2.9853686799806156
1.0063101089572033
-3.017357493141532
-2.98518557210725
-1.008266277720927
-1.0120905800748967
0.9769972783568862
3.028341324479289
2.978831327628389
-2.9698043171347352
0.9711135810899163
0.9830002190986208
-3.017707195209751
-1.0008570217716728
-2.9378934068332416
2.946370161909863
1.0062492618993952
2.991437987008103
-1.0042503802429819
-2.9506420732978187
2.951537540142714
-0.9732161585792456
2.9658453309667756
0.9947843400245873
-2.936466875712841
2.9383032070868635
-2.9413736355431697
0.9607694081061757
0.9984643716216288
-0.9884930204760544
2.979140400709768
-2.947819828545842
2.9912036443239844
2.9835695172959373
1.0126070410321986
-3.010495126985784
-2.965528784128143
-0.9833612170854951
0.993683330685515
0.9768348338490584
3.005800530241911
2.999065670910376
-2.9458739029641086
0.989155939499961
0.9845085830470137
-2.9915610595384883
-1.0007640661884862
-2.936032854542083
2.9735740494304923
1.0049359188552554
2.995127750786128
-1.0047033547973057
-2.928215078820452
2.965837790106827
-0.964478405935354
2.983401512162777
0.9899259121807626
-2.961333670712645
2.9648072200670534
-2.9341089132937905
0.9904369300056457
0.9817523164612311
-0.9627734217317703
2.9710950743653797
-2.931956080793089
2.988494157095589
2.9815124683548606
1.0115113620241807
-2.9964298957833906
-2.9736231407694045
-0.9729644562021408
0.9910533610436479
0.996174923143041
2.9899565150531537
3.006340406244856
-2.9616613418510047
0.99391929318038
1.0061879135515666
-2.990692032900073
-1.0077021207328707
-2.9611965454774394
2.9796918408023534
1.001909800164222
2.9895248130321344
-1.0083919372976253
-2.942324250377847
0.960447731342372
-0.9628264655357436
2.9712578348755128
1.03164841992877
-2.9932547807001115
2.960737703028701
-2.955012310966727
0.9923182609651161
-3.014285890295361
-0.963964388227642
2.9720098699698667
-2.9715219989525554
2.984246475530749
3.0064704235157955
1.0035417704947958
-3.0100231468941714
0.989438229061438
-0.9917523358413309
0.9683595026397079
1.012656771425559
3.0169728610870514
2.9712626676531015
-2.9763198407347655
0.9708885283202795
-2.9647152960796435
-3.0174600914493594
-1.0067184376841434
-2.9799167476639576
2.9716803124716153
1.008471386634869
2.9902441980324235
-1.0086186416253373
1.0122593463727843
0.9382328697456174
-0.9728502798551534
2.9554873737091527
1.027757727737335
-2.987281537783334
2.950513754151298
-2.9744181933797997
-1.0291164350866253
-3.007540172918529
-0.9907814180899454
2.979655693914617
-2.9860178246500797
2.9881837130497937
2.9862568261982076
1.0055720547794487
-3.0322825136004328
0.9857822467795552
-1.0125840111095488
0.9702067204248744
0.9981854414050538
3.0394192716773665
2.972588677908915
-2.9771940087418924
0.9535423449119356
-2.977914634590118
-3.037791413566396
-1.0017192520977478
-2.9789453961551224
2.971721414361284
1.0054262490881567
2.9867302814679513
-2.999248409412294
1.0059948862824493
0.9444670692835813
-0.9843604649327237
2.9574181082428823
1.008314493491044
-2.9675448504005777
2.951112227363964
1.016363161650337
-1.0472628800154185
-2.992032183787355
-0.9822332408964262
2.9816269875522408
-2.9899076872171473
3.0037415720662692
2.9739168199980517
-0.9858358859000078
-3.033283501511295
1.0069229654115839
-1.0197971241040422
0.9863330908141413
1.0190209592103026
3.0128753394723926
2.9755088496728783
-0.9649004817050437
0.9656324589083963
-3.0107145257642114
-2.9832684903004236
-0.9972129112989593
-2.9795500405937236
2.9812153475534373
1.0203252947818946
-2.9956327805267957
-2.9968976775976675
1.032215591320595
0.9584248977972756
-1.0036656884318458
3.012439605958567
0.9954978497218845
-2.9740690869872894
2.9682304442394125
1.0383510110075629
-1.0326056004401252
-2.9882674174874384
-0.9689334126856363
2.96894034879647
-2.9929008104596613
3.0089340934400215
0.9933701087881859
-0.9865932429206413
-3.0159915045724732
1.0252743348965663
-1.003651289965228
0.9899175122063234
1.0260972807386992
2.983423213795104
-1.0071338691512002
-0.9507185213636576
0.9822239001395486
-2.9716804486572657
-2.990353147537786
-0.9803013725454822
-2.9866573508654186
2.9781195866311356
-2.9500646833181703
-2.998823691715145
-2.9910431774133683
1.0183305359510415
0.9841684602936591
-0.9733375747694103
2.9925550492947504
1.021754818271696
0.9837378998309517
2.978096129191224
1.0393140013233946
-0.9949863091878361
-2.984662449406248
-1.0040319310293888
2.990301943904072
-3.0008216745212253
-0.9793186005805099
1.0102359267866168
-0.9987660456324768
-2.991667448367709
1.0243589165674756
-0.971321894682078
0.9862522987127835
1.0132769489950995
-2.986236350629334
-1.01098196093691
-0.9623704725004238
0.9869065676056786
-2.969050654298189
-2.9897500758149667
-0.9730254611116143
-2.989604793996701
2.9723057441306078
-2.9593892150843994
-2.992030909784619
-2.9955408665862375
1.0103170396625893
0.9824706986901501
-0.979129667655501
2.9781283604328364
1.0394610894769405
0.9757369995694305
2.969389123846264
1.0347960055081566
-1.0028724985319615
-2.996541888847235
-1.0124039118664296
3.0016712626544417
-3.0011236928030236
-0.990232056789751
1.0153013118230247
-1.0100583321104915
-2.9909318448622986
1.0277266386017758
-0.9951584755070965
0.9806420835251436
2.984819409280764
-2.9541838345618925
-1.0004376171873277
-0.9921663347175713
0.9773034863750171
-2.990840473819624
-2.980227189199155
-0.9741404160230247
2.9856356713558507
2.9697478146345704
-2.9793824225324306
-2.9864353994008823
-2.9851968718019295
0.9989542854774176
0.9643271341754083
-0.9879784954373572
0.9885923437423859
1.0240343603412623
0.988429583440141
2.9876901890362575
1.014272311143645
-1.0158220236360171
-3.000414693663598
-0.9965883359718933
-2.978946402816361
-2.99550352433717
-0.9877187443519098
0.9930552463638548
-1.0041785565472994
-2.959251468911621
1.008741230940078
-1.0060453425705715
2.9648398705027805
2.985452339268378
-2.9313807324200076
-1.016089083703859
-0.9814106688441695
0.950170755936521
-2.988464279161638
-2.9554083518653256
2.9920304715959385
2.9887563040646348
2.9800114178933024
-2.985468765204657
-2.9736126883413982
-2.9996256887075337
1.01538146089443
0.9530016363322167
1.0035913300151815
1.0047855718528216
0.9978356571151777
0.9874548292685352
3.006274594317319
0.9970886755007672
-1.0039902007827635
-2.9968497474147404
-0.9780661206529933
-2.9945682566492
-2.993645155465214
-0.9693091341895351
0.9879576602180525
-1.0229906239993827
-2.9410322633971426
0.9893875747639489
-2.9812169036310836
2.965981305342314
3.0179800476308563
-2.9852989573895488
-1.0000751458355366
-0.98616730575051
0.9684587732242791
-2.9902017250009374
3.0292477211655746
2.9838834109589634
2.9948625884085773
2.9762339771109625
-2.9575646646608433
-3.009785878563028
-2.9862738206079884
0.9959830472539697
2.960151268128453
1.0128217220073021
1.0232478363612527
0.990294041781367
0.9944500812658764
2.9968109191196577
1.0035678402911834
-0.9796413787002209
2.9806314631348996
-0.9822211037781468
-2.9972572964085447
-3.006999497995757
-0.9463368210128141
0.986187589413926
-1.016543842671601
-2.957309798767904
0.984157153098607
-2.9614555142382915
2.976008695686722
3.0229073441523315
-2.985851162814436
-1.0148825217899575
-0.9847324608934338
0.9876189174509207
-2.990033222345789
3.0111460111046817
2.9990352711149506
2.9779213721587166
2.98276224144391
-2.96266231596377
-2.9872231934053626
-2.9984625574600767
2.9652677457553716
2.9829017338347414
1.0211325436229548
1.003051185107015
1.006645365462011
0.9770142548500105
2.9890276126598705
1.0109840841951117
1.0171408857189994
2.978765742240372
-1.0036235134461522
-2.98395377952335
-3.0113319607078894
-0.9624091599584066
0.9810165712498858
-0.9968787591802788
-2.9850586348370745
1.0023330019809702
-2.965737894770537
2.99215587907625
3.0150656050731985
-2.9854737149389687
-1.0272555226817233
-0.9849534621797783
0.9790513351481324
-2.987806546102177
2.994554956693654
2.9936058035045736
2.9852866011548005
2.9791662984930576
-2.9724563046114936
-2.993815940451076
-1.0174396030912627
2.971471535959201
2.9728480207255745
1.0453211889220695
0.991905377859098
0.9802693490080351
0.9891434999345717
2.972189705332935
-2.9709302893205374
0.996575477600595
2.9813909802211387
-1.0219068302061478
-2.978915520656379
-2.9749084282318945
-0.985716286242265
0.95839191283273
3.000019675541144
-2.9853509927144204
1.021183474828351
-2.9932213569393724
2.987098403520469
2.984060195376631
-2.985391965153769
-1.020632097899942
1.004219866170077
0.9547035624058936
-2.9863356677655184
3.012026964685251
3.0080717859053347
2.988091856674717
2.9650461350740556
-2.979428404528676
-3.019699929291461
-1.010411460293506
2.995426287790388
2.9552430630933646
1.023366449338457
1.0036365320688896
0.9781864578792749
0.9950213927034475
0.9821702427025427
-2.978161135970115
0.9717394124562151
3.0218479801144214
-1.0049906027835342
-2.973756614672191
-2.9801874913530213
-0.9928410073028886
-3.0316557880717085
2.988708205829225
-2.951425741812042
1.0076175000010674
-3.0007482666774066
3.0016411552695224
2.9842530956826705
-2.981779538762621
2.9769707706523896
1.0040553954867286
0.956078253777209
-2.9978777628143343
3.0419957927939274
2.99268894465104
2.994709271381935
2.958749830285186
2.998808888847612
-3.029093094976603
-0.9913797481999417
2.97547663543258
2.968607531125477
1.000360348668022
1.0188077727237852
0.9886742798463549
2.9796484349186163
1.0006620343761747
-2.977638205728717
0.9465393951207173
3.0257741242834255
-1.025272883794941
-2.959908233205769
-2.994246114483773
3.0018397239737262
-3.012638713147957
2.980481410472628
-2.9824893981117886
1.0003667025100311
-3.028213227403394
3.0015696855115443
2.9924451516543003
3.000574958390837
2.9829385896870484
1.0065562830110744
0.971972748448954
-3.0187906808795923
2.9909709904419826
2.9877626244101023
2.979609459931777
2.970408959620608
3.0090946619043595
-3.0086314835625476
-0.9865606433632702
2.9518995482144503
2.9831196917319853
0.9841489165264222
1.0114775027121488
0.9951223651517287
2.9719625760026593
1.0111654709080926
-2.9667153032035913
0.9720225031019365
3.0011211557664224
-1.0456534891009808
-2.966537448180654
-3.0022201053012756
3.014891626228628
-2.9951322900429393
2.9870113058813557
-2.9762522778798584
0.9879596075637198
-3.0154725679273957
2.993870619915343
2.988818552287677
3.0029259561853694
2.9676431790397357
1.0339970422849556
0.9931818301906197
-3.0261985995933816
2.990829546449914
2.9645720759323564
0.9796544029229575
2.983982666421481
3.0023644110635095
-2.96871883700643
-1.0075416406216866
2.9819891694716474
2.9837515030230755
0.9887650106555188
-2.985412327333313
0.9885946706535186
2.97960833663903
0.9930986897472381
-2.958903002557702
1.009074789530571
2.984648066093045
-1.0412638167183261
2.997372193316665
-2.9910020820097016
3.0109335746982824
-3.0039423401861804
2.9952720161846154
-2.994890025489232
1.0012031339735534
-2.997215231064923
2.995729899180433
2.9790595699789826
2.995888916226056
2.9527104515373988
1.0320586379261432
0.987361047730594
-3.0227376216178703
2.998903419472979
2.966760256331531
0.9900223925878173
2.980695639156751
2.9983530647425938
-2.9855221150672495
-1.0215414867794645
3.0048129091026468
2.975101486990695
1.0083461587411866
-2.9847827062542875
0.9791877742861219
2.973390462639749
0.962078246591141
-2.9628854123250323
0.9894844375852527
3.001070761906839
-1.0193617884020725
2.9963852667748734
-2.9718470636019787
2.991969671481805
-3.025110253034532
2.987667136103331
-3.0215830979840277
1.018847495405473
-1.006439955452627
3.0067893873704277
2.9725208702703743
3.0096239575410437
2.955045389286202
1.006667751154367
0.9604498128465226
-3.0016319263271605
-0.9805771343995606
2.9904612888190214
0.9941134246629934
3.014358525156423
2.9825104511609974
-2.9799620519666243
-1.0245583456032086
2.994457194192399
-3.0101886907795086
1.0142682822659421
-2.975592619110076
1.0029699381092654
2.982476616614768
0.9911582118227572
-2.9816557362775873
0.965629369385486
1.0321111837082513
-1.0103345344587422
3.0044432160060537
-2.9858629644315244
2.9977601374352973
-3.014662038832028
3.0019004990139524
-3.0418768701060883
-0.9680477381499911
-1.0275202507807786
3.0120469089496367
2.9773149631958704
3.025070266898208
2.9604267258098953
1.0064440562434145
0.9503427035308546
-0.9965271932221136
-0.986326771570005
2.995397628551764
0.991949162776823
2.9952292831932676
2.979461259791828
-2.9594113999362475
-1.0071212978202149
-3.009919961636165
-3.0095001200320306
1.0018998945900845
-2.984403269073545
1.000489288672573
2.9928910498092387
0.9927044193133413
-2.983230439715532
2.963205602663988
1.0291559474820013
-1.013554859026963
2.972375314438941
-2.9795367546532012
2.9721689843858927
-2.9966598332727457
3.0115878374964753
2.9479222667492655
-0.9805243195121611
-1.0332393924627439
2.992491064926584
2.9845025818606157
2.9835601191836734
2.989358072454753
1.0066422783616136
2.963180265723095
-1.0133290288395735
-0.9885751809577852
2.9766129745960233
1.0107262341595669
2.9739869762611217
2.975011117574045
-2.94588585790398
0.9903316593093632
-3.017183546582705
-2.9962213030125997
0.9851495726307847
-2.9797824022858723
0.990702225128295
3.0128809018238973
0.9968640491881442
-2.977954634387034
2.9877721170624434
1.0066718963010393
-1.0373791846980953
2.9899964562347114
-2.9636275136643246
2.9701933585223355
-2.98744440646135
2.998468365858007
2.9772258883779297
-0.9947161581110112
-1.0274339468360287
2.991441481945717
2.973006557983157
2.992156387394038
2.9975497507862876
1.0047994869651657
2.9868288098478986
-1.032312918033794
-0.9760565043812256
2.9488228805487435
1.0208623887303714
2.9862178510973636
2.9765611961335248
-0.9624867758465809
0.9763589343345844
-2.999158799200538
-2.984397176120868
0.9862797932175481
-2.968699186698836
0.981422452687855
3.0200135016435548
-2.9959767865715072
-2.9725980188863894
3.00601267420115
0.9944100990535917
-1.0260002302388076
2.9875668681762995
-2.955302836760129
2.976956393585671
2.9821350827997226
2.9825878934270422
2.977548436733147
-0.9764408293853379
-1.008374803663791
2.9892151973770344
2.9875966567527543
2.989632342207974
0.9921874481017134
1.0044188148175082
2.9673934637639543
-0.9846020413075968
-0.9921264631258134
2.9610986872655927
1.0084536043704166
2.996672234487711
-2.989246961015143
-0.9836863853892098
0.9605960861805554
-2.9726572127939694
-2.987560253738436
1.0473117125218694
-2.9948222261937865
0.9793983362578665
3.0080227742252545
-3.002572972557091
-2.974617060711913
2.9874310176309473
0.9816648176822699
-1.0029693757079994
2.980377301845327
-2.9637114621924523
2.982779083540188
2.967438552029765
2.9849971096231998
2.9559915551769893
-0.9621945438409649
-0.9975889716488708
2.960004761691493
2.9988442279132346
2.980291148618602
0.9781199786603315
1.0032351543700564
2.949990586323441
-0.984218468572124
-1.0041020029637138
2.984228355092533
0.9999093866482849
1.0005824194069357
-2.985830739308685
-0.9918125280259764
0.9740732036242026
-2.9902276641832626
-2.9762681101366737
1.0287023397327306
-3.0155902447469263
-1.0033834370146122
2.9928074231851807
-2.9952529188030956
-3.001707027244066
2.974243065568125
0.9841158952405645
-0.9990390075860607
2.982804051120712
-0.9887158791397168
2.980335539196388
2.958627655403057
3.005800262420661
2.9322129829218953
-0.983316420227815
-0.9964776635722331
2.937523463223664
-0.9844794296174705
2.9756638597035394
0.9760833892117886
1.0375017913254476
2.939253136614151
-0.9779873242765924
-1.016972401121409
2.9982683383529842
-2.9796141930163853
0.9867785899683996
-2.9864859639659653
-0.9964771430719906
0.9804376669567455
-2.9896549799512253
-2.98288837993832
1.0028169981283588
0.9701382285006793
-0.9963715591190867
2.985834096914926
-2.947680925863661
-2.98972870461965
2.955319285137621
0.9914485878349892
-1.0207529142230376
-2.983774453597573
-0.991049732522711
2.9717499294434906
2.9847902104048316
3.0049276582534237
2.9832996889048027
-0.9934642481932339
-1.0150954542205748
2.954115183535992
-0.9977710745261587
2.9823786873401557
0.9902115122862811
1.0447899501133397
2.964941657705669
-0.98302641545672
-1.010745354769456
2.982362467100726
-2.9697279612691787
0.9854569617108169
-2.999951828353523
-0.9790995779191904
0.9921284338665657
-2.987405336860926
-2.9875323509381952
2.993193069284049
0.9929284269379631
-0.9971692652921378
2.9871296422493816
-2.9638657157637454
-2.9820291385184325
2.974263838257166
1.0086857591079401
0.9506920564921923
-2.980799228537976
-0.9748861716955299
2.9717911218748556
2.9894112745201937
2.99816819427057
2.9907769154685497
-0.989835669208223
-1.0242448155256039
2.9866786752540775
-1.0035492680622593
2.9860356268782526
0.9888716666235706
1.0254123235082508
2.969555824063426
-0.9644932091823184
-1.000723099787105
2.9593829966264487
-2.96407848389556
0.9938337712764816
-3.0034393032393933
-0.9839991087408235
0.9873109956048015
-2.983916214575049
-0.9987475704128799
3.018658523213704
1.0038696888755132
-1.0116391318539169
2.9955172155239573
-2.986485607741234
-2.9925848027242727
2.9922748140481077
-0.9731728333853015
0.9595202066533645
-2.9895298971309265
-0.9609686871149818
2.976356920028898
2.968445496915062
2.9935246916104403
2.9843352028278036
-2.9801307719733887
-1.01200952362674
2.9974956272600917
-1.0250737074838157
2.993670772768933
0.979626653706878
1.0024554549125355
2.9527928734796647
3.0342246438194223
-1.0000397330225697
2.9734203798677887
-3.017062133411883
1.019632536886271
-3.0340342830436082
-0.982971179706565
0.9779739088528926
2.9914225522940088
-0.9956771712087444
3.033591412801122
0.9894988507953114
-0.9960848775439018
2.951593297840276
-2.968258231396483
-3.0111274582914507
0.9964844005832877
-0.9845048174765278
0.9769223210669206
-2.9633245570650444
-0.9549409052266313
2.982616530798273
2.9661702412655244
2.9896138222750754
-2.9965907434211587
-2.98437440416914
-0.9979598916301078
2.9800417701156143
-1.009992886801238
3.022518074903566
0.9869068750085687
1.0058008193550947
0.9466039768676608
3.0232418930808476
-1.0185952844810573
3.01453279829496
-2.997340598403521
1.0161661589939832
-3.0134918538685698
-0.9897606772309661
-3.0063536538808937
2.987147578423006
-0.984320372426684
3.011571321666897
0.9783691557581389
-0.959367179031551
2.969986613245997
-2.9512499497321265
0.977216389351088
0.9738339464621997
-1.0107457746998714
0.9872927737726795
-2.946663242472861
-0.9751189016843451
2.9912204809561853
2.9897621160764176
-2.9864578923874876
-2.996294476748433
-2.98606231115049
-1.0194169667510524
2.9671670310249403
-0.9926913721634661
3.0256784711839657
0.995932358140679
3.0218033664979878
0.955265087083994
3.0065543885161725
-1.0425677763680008
3.0113597620140906
-3.0075814782091164
1.0125930624445816
-2.996421995257405
2.9972062546007816
-2.997034129852719
2.9927121892652746
-1.013543285273183
2.996104839668457
0.961111232500084
-0.96793733948452
2.973055880442809
1.0348695054649277
0.9979211655744109
0.9540932150574745
-0.9757040248391978
0.9626831145599369
-2.9738898230459334
-0.9943013535049509
2.9906745640099817
-2.9721149680912946
-2.982626372551424
-2.983981272110286
-2.9827476107329707
-1.0459343643631573
3.009165901498413
-1.0178712659526483
3.0089333866081063
2.975310852356506
3.0328078552485627
0.9818922354325502
2.9922630168486086
-1.0497827597871667
3.000457317541294
-3.0311769492550082
1.008299844378592
0.9724204035082117
3.0056646856783824
-2.9991726516333808
3.0382069077271376
-1.0046961657163596
2.972500568294941
0.9586865180699037
-0.9804012664115357
-3.025168968490279
1.0208493339841018
1.0040126031071461
0.9710812635273435
-0.991051634774218
1.0165553261163072
-2.993249557683912
-1.008753418488849
2.98732265390778
-2.9898175979255672
-2.9850270486585497
-2.963365539311784
-2.967900454679843
-1.0415441973884283
2.9997271452859176
-1.013159423150375
0.9972217871243433
2.9601048265485064
3.007768124861013
0.993582913524997
2.9919493213036596
-1.0107945475107802
3.0164011394487633
-3.038423377853799
-2.9702689932258792
0.9463633085604454
3.0109783865944366
-3.018183460719501
3.0323411579152597
-0.9980730913919658
2.9697839180187886
0.972260879388932
3.0122502907269673
-3.041075423132648
1.0121247874781492
0.9732906649740534
0.9936270577955312
-0.9998004686386988
1.0419461833704957
-2.995814792963739
0.9986756578408609
2.986655819740884
-3.012576375394569
-2.9857583057255455
-2.984740476264935
-2.995056453712432
-1.0162400958499576
2.9981749415979317
-0.9954208036589429
1.0013804441758423
2.961581788724071
3.000425863672262
0.9783998818559994
3.008621484171604
-1.0034604140648398
3.012561310118195
-3.0166550476086957
-2.9611362168795075
0.9507910958757912
3.0024869430037326
-3.038950299166397
3.0203356985044354
-1.0058921892620656
2.991444461159667
2.9780143842568343
3.0291432023075666
-3.0237378231908187
1.0172838039178107
0.9637947786398021
0.9952591962096224
-0.9999093446093417
1.0275214460540243
0.9924885693608853
1.023969538531235
2.983296537318744
-2.975652606122077
-2.9857940066748507
-2.9952487633194194
-3.013914772156552
-0.9991812390681792
-0.9769226201135427
-0.9894123478864638
1.015384069320297
3.0021033175174714
2.982099352813401
1.0203232047262223
3.0036181914864915
-1.0119244259745375
-0.9932927800107426
-2.9971183757146242
-2.9704920096153726
1.0031767042020592
2.9953586434495723
-3.012069120663891
2.994728354846009
-0.9982710175574546
-0.9788263231501976
2.9751663078041997
3.022254590981132
-2.9935710519250653
1.0036865773994779
1.0041397617172176
0.9845648400668144
-0.9974352602621469
-2.9838386774270282
0.9980622385217364
1.0270336178717066
2.9599929029805065
-2.967799583122586
-2.9871526235461663
-3.0037159459314315
-3.0077049900790964
2.974358008855108
-0.9683091561421189
-0.9965186062420025
0.9905608683645863
2.999616229860574
2.9616886314190345
1.0281671303931685
2.9872012101206966
2.9578453428563996
-1.0016693508981491
-2.997685931950903
-3.0074715746840375
1.0053730635401459
2.9511643341411635
-3.001029280388513
2.999882076216219
2.996665317256613
-0.9919528287490289
2.9634020470637825
2.9867529946780684
-2.986117645271261
0.9622731901133785
1.0110540560314984
0.9587009659460649
0.9977314068638565
-2.984709480736319
1.0029395239550298
0.9995544707588281
2.9557734369600643
-2.995479807195819
-2.9921405436176154
-3.0004568812549257
-0.988473441210904
2.950000325338416
-0.9773938593523754
-0.9959920306961677
0.9816438397668718
2.991113133010743
2.966686477755369
1.0137880510698523
-1.0107048578727027
2.956988703747592
-0.993106034733447
-2.9821214281006627
-3.004867906250045
1.0063830739088921
2.9437229286560367
-2.988269614257802
-2.953173291866327
2.9940115994379637
-1.013831727258126
2.9563531608344027
2.987307309511363
-2.9467932285301415
0.9639910401664058
1.0116440808381983
0.9453269570914122
0.9966686385004424
-2.955164153956399
0.9929304482393942
1.0041509330196494
2.9662296932533074
-2.98754028924931
-2.970411309463421
-1.0017915318226296
-0.9781047965014363
2.942396318653118
-0.9871303615168554
-0.9769334997633387
0.979136284713033
3.0166562927789884
2.9842108338653865
-0.9872761495252054
-1.0033880888581046
2.971240269334707
-0.9877196399262985
-2.9816822051744962
-2.993049756414216
1.0167097531089033
2.9649330358776247
-0.9903727590545179
-2.9446489582692985
2.9759612069006014
-0.9879991121442191
2.9635189034533704
2.9909458502546866
-2.935537497769725
0.9810280568883412
-0.9789921476093641
0.9631889736634931
0.9960364331633894
-2.951287682035323
0.9860750514004579
1.0293076739539901
2.980141709714845
-2.9811229214578043
-0.9548756389818364
-1.0017682493320026
-1.009366195872095
2.9831758083015205
-0.985497364958322
-0.9729238652787517
0.9858728969839428
3.0153593326897283
-2.9830298205558217
-0.9787453302868366
-0.9832223678496151
2.9822183096801638
-1.0057651871801372
-2.959869874224132
-2.999645655802598
1.0305840788322616
2.980273198689738
-1.0002379772626544
-2.9608476766655927
2.9694824107600426
-0.9896384947170928
2.9829919061550703
2.9858068866805034
-2.9555311499358656
0.9790063564159753
-0.9795069707020854
0.9894032964628838
0.9903095647855407
-2.961316248729835
0.9809030970752514
1.0046730887404078
2.983387391341709
-2.9846469802521773
-0.9603924928995046
-1.007143928796528
-1.0183782441370015
2.9874442325052986
-0.9761983684439531
-0.9778908132250542
0.9810931460606312
2.9919044316236816
-2.9963147875101086
-0.9608908687257933
-0.9892890134858892
2.978123218297598
-1.0095180729460846
-2.974865075351418
-3.0109134505371977
3.015517928621466
2.968047798951179
-1.0007715222202536
-2.9875019935349583
2.9907496749393947
-1.008019418240154
2.990704342459066
2.978763553522323
2.9998773692616454
0.9608219064131736
-0.983154345379696
0.9735549107883584
1.0055473393423864
-2.9904368832765322
0.9934949651522763
0.9884292270945751
0.9732840609295347
-2.9936346325277685
-0.9940749448481573
-0.9847174433659531
-1.0107202300789189
2.982174078998572
-0.9684617228654835
-0.9941288085417631
-3.0082427169565933
2.9768081839831217
-3.0008656027522203
-0.9978255824098271
-0.9943799810739948
2.990231222352125
-1.0061569292764188
-2.9593225093866207
2.9536148705558074
2.999560403901905
2.946056858919603
-0.9918331722884768
-2.975234031859037
2.96650591793954
-0.986817629078421
2.973642837064412
2.977438130130459
3.007087356832244
0.9530045830669237
-0.9842902057063414
0.9615413262715911
1.023127398062343
-2.994305455417032
1.0043172047073912
2.9933257138730593
0.9605487397444477
-2.9895290100143366
-1.016514485179335
-0.9721641824703192
-1.0076951671253094
3.0008426577608334
-0.9801197787581271
2.983328763373051
-3.008677451401463
3.0006195386056325
-3.039704736746459
-0.9767449553846707
-1.0230258185775734
3.000089665938363
-1.0075564213884918
3.038045398693639
2.961006042808008
2.99243260148948
2.95323077258234
-0.9849102409541406
-3.0188240683041094
2.999025374101117
-0.9854366867455533
0.9685379166757815
2.9854108018126206
3.0267400961784308
0.9761150018271192
-1.0138320026234173
0.9835690616989553
0.9986908378247823
-2.998594536002041
-0.9855263317659505
3.018577246192358
0.9707134169371439
-2.980392143756527
-1.0174135393665615
-0.9703217301935532
-1.0462396063162414
3.0182816451331718
-0.9966752539275743
2.997445744804731
-3.003006874887873
3.014131761093824
-3.032944501460433
-0.9797206680376934
-1.0450162282432192
2.9988563756832414
-1.0194942741455795
3.0383013333797586
2.971286173879626
3.027387408881827
2.9664987694482594
-0.999680894507626
-3.0353908748230047
2.987044402477467
-2.985964369104285
0.9767055703528681
2.9960474270041644
2.9967830178246384
0.9930399342266246
-0.9965754571183898
0.9914154694182624
0.9768491266645848
0.9857595424351244
-0.9947903418604094
3.013233750483196
0.9926470426532837
-2.965790732544278
-1.0366019694342221
-0.9753208853024848
-1.062890888962012
-0.9676780337065471
-0.9950238486251286
3.0000928356822016
-2.9886478552062083
3.0073850242856053
-2.996727840400936
-0.9899373003198488
-1.0372311017207867
-2.978384020920157
-1.0250800528694524
3.011391789377422
2.983355287205176
3.0167071170251294
2.988394955752711
-1.011118060301749
-3.017634512322858
0.9685397888564145
-2.994014829616996
0.9912064115254678
3.0092695143519217
2.979713560322347
1.0029106580781524
-0.9931631615958727
0.9927569502724417
-1.0077388640424827
0.9908058834432351
-1.002222342074629
2.9917832869257635
0.9906165352593275
-2.956362793078118
-1.0238453648020138
-0.9735522264425472
-1.0369069610194572
-0.9891710956735125
-0.9771308998551086
2.9939906876946516
-2.9713751725171598
2.997020201297379
-2.9890314159418785
-0.9966479200658769
-1.0100490601557859
-2.9800493557484335
-1.01570112611475
2.996353908372609
2.9813114116419785
3.000210134331624
3.0012434599286038
-0.9976108576474622
-2.9888040374165175
0.9616177245705866
-2.9907950719554646
0.993205669823293
3.0015021018818597
2.9874992788591745
0.9976283528543901
-0.9873904969257306
0.9818145389851067
-0.9817639037985775
0.9927346770533787
-0.9931599603820357
2.9749607086465693
0.9906850338224296
-2.9742449155926516
-1.0072508410198497
-0.9593159255791242
-1.0048414085634696
-0.9982747801456776
-0.9641408318724256
2.97572399461912
-2.9540908117729967
2.985412087401318
-2.991971742853427
-0.9963738710349036
-1.001747554283778
-2.9807746574434626
-1.0038741031838991
3.00771279674814
2.977173782388726
2.989857123759564
3.0026240777681763
-2.979073718861314
-2.9893701013017213
0.9877242249656372
-2.9832196576297383
0.9771575578125166
2.9922698447591007
3.0020098546279135
0.9878140880975423
1.0024337204555058
0.973961108263811
-0.9747500355954417
0.9943963399210526
-0.9910536950409008
2.985709540409795
0.9941856418184359
-2.9875011826085935
-3.0064930017786966
-0.9529273220604667
-1.0016587542934707
-1.0253191837426794
-0.9692489173380263
2.9736542971353086
-2.9731499856717236
2.9893664776163487
2.973575979064554
-0.9888115119098154
-1.0224665312322208
-2.978056474394494
-0.9980592146360306
2.9876394108017923
2.9870315105932583
3.0008313047313973
2.9910784257402723
-2.984285644372307
-3.017313015004911
0.9932884393144185
-3.0031331640680965
0.9675123050679043
2.992940527109321
3.003883069993659
0.9859957790183312
0.9939240946959298
0.9835825693016192
-0.9985718113475649
0.9988884024965771
-1.0119197465354475
2.9876396288387346
0.9936419765341464
-0.984544257584367
-3.02542562920121
-0.9704825216258905
-0.9958884973983653
-1.0114519011331822
-0.9916702495851092
2.9965355657598196
-2.995479157684703
-2.9722472092784846
2.969606714903846
-0.9881669358232388
-1.028689464586228
-2.9849680791614537
-0.9589240374391627
2.9760655858346636
2.985632623203265
1.0267286384204979
2.981164170771138
-3.009301295442836
-2.9775009520345557
0.992938703378902
-2.9949788809642115
0.9738213099342121
3.013563460392691
-2.9865938206058185
0.9946846978424201
0.9947027362149725
0.9928848669399437
-1.0224867483056355
1.0548824727688624
-1.0059015664662707
2.989677376024057
2.982577507208595
-0.9670079193698549
-3.0226142543316565
-0.994393890674684
-0.9878371402539661
-1.0023161875203312
-0.9879805199884224
3.013714979270137
2.9822689157627136
-2.966434243475724
2.978676419711347
-0.9832303075060449
-1.0060096498099578
-3.0013106058187424
-0.9342413136529818
2.977449119735995
2.9845588712670397
1.0265765449689013
2.9808676361092923
-2.9878832806500406
-2.978080651459005
0.9976314253194293
-2.972295024941261
0.9868862067917049
1.0342931666470687
-2.998837694762265
0.9942616117187223
1.0317928270550123
0.9883604239535801
-0.9959086014135228
1.036435854191476
-0.9858417256711745
-0.9916793732859798
2.9825103583385477
-0.976819039536651
-2.986104138511763
-1.0133102888319463
-0.9550057008894982
-1.0113098684146433
-0.9774423834304894
-2.9715502366961255
3.0047777847234913
-2.9776130782776207
2.9880956875021383
-1.0048918925238657
-0.9651710705360117
-3.0247185621774375
-0.9531890705732359
2.980238786089076
2.9869391515971984
1.0114653280812467
2.9929970750189687
-2.998590871993316
-2.9843101025957224
0.9750385286238197
-2.960900557366952
0.9842839458223711
1.0210476911132207
-2.9909310932408757
0.9932369110078832
1.0212993783506488
0.9726391177395293
-1.0023811706232455
1.0024886845761256
-0.9912466236085674
-0.9910992734880142
2.9863086154376735
-0.9794334927872814
-2.9844360117863205
-1.0187065192195288
-0.9699151795294652
-1.040031735199764
-0.9702392432957567
-2.994412257513464
3.0120845350903016
-2.9739825019623747
2.983403263853053
-1.0071557388318206
-0.9837265165867398
-3.047244414281701
-2.9762854241462486
2.979074402997744
2.9957414244314817
0.9963832683055118
3.00313272088567
-2.9884608229345044
-2.9920058567938215
0.9588834073146433
2.9972591047975663
0.9699285336262445
1.0044378289927114
-3.0021746755375776
0.9862065187963525
1.0003499819030315
0.9699859699694444
-1.0036188432988788
2.9835566015603447
-1.015677170433163
-0.9852658342092382
2.9495797538147186
-0.9763559858571124
-3.001654935375314
-1.0181929115408936
-0.9768827739744095
2.9255415197185672
-0.9757675615053284
-2.984965473772021
2.9570479178473055
-2.970130744023027
2.938172958916093
-0.9884701918516321
-0.9891500965716423
2.926875546388058
-2.973156670412985
2.9809516933527114
2.9898538030838337
0.9893597983872089
2.9583188469592163
-2.982418829342826
-2.988871422008638
2.9601480582732975
2.9761978150287267
0.9699181069936887
1.0022920031877873
-2.994360144942645
0.9803473735986288
0.9792692196743399
0.979907879707588
2.983614353035589
3.0140388196941474
-1.021505425982445
-0.9941667405249884
2.9633439116102887
-0.993115250454864
-2.990091041225346
-1.0131152903666716
1.0233255209550343
2.9426588543814978
-0.9860099642978558
-2.970815240974819
2.9670318926440946
-2.9679115030252436
2.9500685171723435
-0.9911049174633629
-0.9761940139563426
2.9494958464322734
-2.9411003286565003
2.9871912668728697
2.989801878284327
0.983243416520077
2.974458505730275
-2.9789083629457447
-2.9825364233058553
2.984024578058746
2.982278530942897
0.9802828454050507
1.015725918083729
-2.979977714424367
0.9929092485359692
0.9783858309446276
2.98664143316253
2.989109148611715
3.0459303054140596
-1.0072827568960532
-0.9956904030264888
2.9797615731043234
-1.0022137792866843
-2.971984484842541
2.9767327853345735
1.0379370415740428
2.9732137142233466
-0.9898102392653827
-2.942550292274528
2.967172644193485
-2.9532324627252975
2.9751156963302305
0.9875691034868933
-0.9613233414411984
2.9664650207074548
-2.9406828550544812
2.9997834530313607
2.9778370890786445
1.0112634848110615
2.9766665722416996
-0.9806570133078969
-2.98115800019085
2.983983488226164
3.013372861197781
0.9924121731115817
0.9970138995027932
-2.967123136383503
0.9946477946400859
-0.9895477385712148
2.9878447794230265
2.9876088041066975
3.0201245616503822
-1.0043027013327877
-0.9868594312889424
2.980019503237706
-1.0067782820992972
-2.9658944200098594
2.9769621646826647
1.0351161637940278
2.974944067888452
-0.9937034122956515
-2.963095486830494
2.946902118711133
-2.952860909122271
0.9913937327385788
0.9834770303067413
-0.9711056004855583
2.962220764948248
-2.969941897615432
2.9935281643403453
2.956653322839113
1.0249911153615783
-1.0202351443102629
-0.9793909894606595
-2.9937089169900033
2.994298273886436
3.0061315211297313
0.9896442566791961
0.9735541961837529
-2.9864143851493625
-2.999393909319633
-0.9750915048543167
2.975940217703155
2.970901297200386
2.996715368789452
-0.9967863155765694
-0.9950838776143798
2.95265774961884
0.9943009522747088
-2.98071591000298
2.969987001924131
1.018271109271333
2.9696105366747774
-1.0088050932731396
-2.972035519990519
2.924297716529313
-2.9616016428594505
0.9698591884033451
0.9923724776469328
-0.9884936584584055
2.9581391247803657
-2.991704936349836
2.998074987644998
2.955012444876508
1.0086435768499145
-1.0317483560284113
-0.9855768171969831
-2.9934111229473315
2.979370155395977
2.994049783392678
0.9870377301404173
0.9767934720051827
-3.007598970226881
-3.0093388971842177
-0.9906766871157785
2.9735393302584483
2.9744561971510155
3.0106000319764643
-1.0141604683304357
-0.9849657342864274
2.931988854668362
1.0047868656304735
-2.9995656335433587
2.9716693607291162
1.0066999289648146
2.965961368931512
-0.9999647567348925
-2.967197569567301
0.9401537093532988
-2.968116059628731
0.9412928049167745
1.0285863932019434
-1.0039284119323173
2.9754508381754525
-2.9856157612783063
3.0027454687235724
-1.0095482358347478
0.9834098314990832
-1.0314917361282858
-0.9846454317906226
-3.0027811954087236
3.0040923375024997
2.9780871995581926
0.9946131358501746
-2.988029611614411
-3.001577597350499
-2.999144496209283
-1.0086799627039933
2.9650943837251424
2.9860581761715688
3.027964150399707
-1.018141008190056
3.006982686325186
2.94745914808711
1.0096799738250242
-3.025967277651472
2.9723041725682853
1.0174531133886258
2.95574290506508
-0.9932630268923093
1.0308394466339839
0.9692750915502668
-2.973632282231579
0.9989974054793628
1.001017083188111
-1.018482196698656
2.9762686837411407
-2.9599226922430666
-2.9739965397920853
-0.9974614093488474
0.9872189903684048
-1.0081225715645385
-0.9916503360161137
-2.9528256574546337
2.9832486608029836
2.984402070207548
2.9926174973923754
-2.97839390291348
-2.970679497983584
-2.992031048980094
-1.0214062030191555
2.973744536271824
2.9860871500246944
3.0271081369669433
2.97763108670599
3.001316731391376
2.9807680155564604
0.9967393882832316
-2.99413717677361
2.982353078480797
1.0166998533123985
2.966088832474218
0.9904762716582931
1.03711859863698
0.9780929261844531
-2.9591102366689483
1.0132581509977632
0.9886803069504979
-0.9918605906249129
2.979533625394297
-2.953848198548201
-2.981044724140938
-1.01291575844675
1.014615554136809
-1.0120414498356314
-0.9537564960461233
-2.9696569507342545
2.9944905463938087
1.004793341380146
2.9901252754018977
-2.9993413559942246
-2.949125274698119
-3.004332844022801
-1.012890639446515
2.984549782645485
2.9968884575588626
-0.9764148743069112
2.9906901787951927
2.978779386842638
2.9929303296135705
0.9676963332509941
-2.957134680700002
2.9860335910032942
0.9954460013992071
-2.9866322820828604
0.9802869356725892
1.0247839102978398
0.9648123443525245
-2.9800864386213024
1.0027673416240201
0.9851686402240738
-0.9796147358412414
2.9896482371395496
-2.975386360056581
-2.984803615052921
-1.0251701468044214
1.013869133070738
-1.0349114018552363
-0.9518800729097258
-2.996333603253292
3.0106001698298916
1.006788018067425
2.97795081939543
-3.0051634750606153
-2.9789334477138008
-3.0234483864185946
-1.0066917671998301
2.9688154252593826
1.0150125589775931
-0.9894632889571348
2.9804846525367505
3.0052967610530588
2.97459844884798
0.9797510848698567
-2.9807461634038455
2.965580117870214
-1.0014294629449771
-2.9838010604251504
0.9772365003598139
1.0155224244844776
0.9371393160441367
-2.963928831490236
0.9906955096715238
0.9973438739851096
-2.989419596553676
2.99055280462843
-2.9879080895067123
-2.9994767699273726
-1.0279546945775744
1.0131718429692862
-1.0568570762527958
-0.971408449932626
2.9788382478612743
3.0100323838597074
0.9974680287881532
2.9680260284981963
-3.0055923041954777
-3.0084309242597906
-3.0313083126984646
-0.9814718544412295
2.943848496750245
1.0109348148742356
-0.9756580927680835
2.9676421658490595
2.9919025888148916
2.9745968805342367
0.9843282527206093
-2.997527705916544
2.942084616744883
-0.9848681800437343
-2.9994285325992105
0.9808884507953837
1.0242114998967977
0.9411846813284837
-2.9808648616277456
1.0178418649338998
2.990923377229956
-3.009751929564088
2.9860945480441767
-2.981035768743257
-3.0088111146642107
-1.021785134246237
1.019004973769291
-1.046258375708403
1.0047332222240053
3.004518436269569
2.993601171516687
0.9880350489199405
2.9843477021775313
-2.987808319368845
-3.0044536949984613
-3.015877276102096
-0.9737991428557126
2.9451394560172726
0.9983058206321691
-0.9552384470678018
2.9674702953749565
2.984998414070572
2.9983088511654152
0.9951974413244496
-2.9881465599520927
2.9474492542313464
-0.9686365588507543
-3.0153448132753464
0.9904470545641146
1.0473385668009416
0.9681792589905628
-2.9792883033582687
1.0412429656692757
2.9808698065836534
-3.0068880043305337
2.9859260464271262
-2.957772031618747
-3.0091126096176186
-1.0010972715394097
1.0265496655817152
-1.0200374664678895
1.0155159273983727
3.0191095667121908
2.9847396267758843
0.9923809278601549
3.0014636786353455
-2.971997227287057
-2.9813532335187376
-2.9898200899321012
-0.993498770090465
2.9718269456274533
0.9805954063948679
-0.9533348042503941
2.974691610505679
2.996184746075662
3.006787860550608
2.98914794585633
-2.9653665875597173
2.9850519814706744
-1.028100986938321
-2.9958499447590263
0.9597156803343094
1.0605643235859705
0.9757960566041654
3.0128081428261404
1.0297044552734473
2.975794883726432
-3.0159493869243934
2.9945146938422518
-3.0113453104379895
-2.984433848912394
-1.0100215277013076
3.018869554398211
-1.0126335030279412
1.0448952169957744
2.9949159951443414
2.983362847334517
0.9751003078575691
2.9907865821856174
-2.9864974388004657
1.0169719247288087
-2.9880131369991902
-1.0232559118551758
2.992811340044954
0.983434325059504
-0.9789530517564786
2.9649389762805947
3.0074259310346236
-2.9892223440571413
2.979505175048248
-2.958618736941285
2.992848330713901
-1.0375787013498878
-2.967623229783593
0.9292060629848706
1.0417432870882752
2.9462106258739444
3.0227710574361435
1.0014692773018914
2.970857301566351
-2.9972180623743916
2.989514430301919
-3.0168363215416005
-2.9781957361888614
0.9547780926364887
3.0116947796879705
-1.0356412139691165
1.0405447377362802
2.9774419039009943
2.996518967948512
0.9830541893103497
2.9669907073964032
-3.0117194649268533
1.0018355657898588
-3.017660348826269
-1.0077873231902768
2.9819890056112146
0.9995230039822266
-0.9887028212913663
2.9682520100832597
1.0132486009429649
-3.008424806603462
2.966362414574832
-2.9746240198618628
2.9608079036732518
-1.0075667059186486
-2.9598050862118437
0.9382098088378997
-0.9696614347911645
2.924671852226988
3.0097623449291535
0.996536146121862
2.971828683410985
-2.985244393982702
2.9811312793950333
-3.0026868566265734
-2.986071010325182
0.9481230744325243
3.005473469979529
-1.0557215151199368
1.0177083057600167
2.962671415172449
3.011106860222785
0.9958436545377477
2.968352961575225
-3.0123079341795482
0.9781565203105933
-3.030256026346944
-0.9880811701005187
2.980968536286646
1.0031908566700123
-0.9900683199218782
2.9856031877349154
0.9989283224086307
-2.9997192564228143
2.9579084737023176
-2.986425893864654
2.939259831978387
-0.9947565495311258
-2.955197104787804
0.9655444231576081
-0.9628497788208747
2.9362660884016205
2.9889003134071968
1.027389068857071
2.9644373761586285
-2.988451600851887
2.9791523816281154
-0.991694092936304
-2.9973979101710904
0.9650262951265324
3.015906825471807
-1.0481640859308503
1.0096878086259289
2.9766197888360875
3.006388058231778
-2.9854914879199277
2.9923613237319047
-2.9864392614999065
0.9734788127553543
-3.01417051910278
-0.9693201388952062
2.98219208408835
0.9952362240182906
1.01136574516413
2.9919750908946416
0.9964916954450473
-2.9993535287218536
2.9863321132043597
-2.9781266959788106
2.9589595170826564
-1.0001903004044201
-0.9713458649991566
0.9748064949972113
-0.945495225491763
2.9685662433423183
2.978884971842394
1.0307893857324137
2.9799331854769586
-2.9973908264345206
-0.9982211529085894
-0.9965061370995849
-3.0026441106213233
0.9911994575885053
3.0307953114005213
-1.0124966114493708
1.0126853149649537
2.997816740301311
-0.9923050485411857
-2.995691307398445
3.002909404684609
-2.967364034549912
0.9760521945240347
-2.9889771014186604
-0.9728694037951406
2.986616389372986
-1.004114347320465
1.0172804728794835
2.9772755589802924
1.0174377478738776
-2.994072977766652
3.0033478193547505
-2.9752942952265293
2.9854322294765474
-1.0162348142215218
-0.9805998434403524
0.9552887724497316
-0.9577805532962724
2.9776986430915344
2.9990880529278066
1.0190100184038224
2.984418051142061
-1.0050225853333747
-0.9938158752868813
-1.0230340453896247
-2.9965172818896555
0.987594777556099
3.0192820675887346
-1.0051482273000614
1.0250482514600978
-0.9825926453296905
-0.9993777808765533
-3.0114178463828494
2.992850973170857
-2.979540347180682
0.9900651115447932
-2.991766661460321
-0.9873435694690793
-0.9970680025079978
-1.0016487877289926
1.0033108974208222
2.9924635263163104
1.0024216375889867
-2.9890779825801572
2.9903462879423324
-2.976166157563389
-2.987992796290326
-1.0221475749014945
-0.9832313902263988
0.9571479636115882
-0.9847388517613588
3.0017712295399868
2.9870811991549666
1.0047415596950144
0.9851119723064466
-0.9967927963963977
-0.9996417419613867
-1.0051332905033012
-2.9856809398805515
0.9967829845467088
2.9984089278265125
-1.0128190293187584
-0.9664937043008313
-1.0042962818781866
-0.9900122830587446
-3.010539110838312
2.98097367319448
-2.9733639629449766
0.9968350293071843
-3.00249754205424
-2.9911800815072564
-1.0056386468637162
-0.9859412466531655
0.9871144457524152
3.0218623122279467
0.9863677644809603
-2.9833501331941066
2.9721434144250556
1.0040754182255445
-3.0142168636767197
-1.0141274503920614
-0.9612414468115081
0.9578893176103815
-0.9923909788408068
3.017896932343271
2.9797034293614875
-2.9771000731617905
0.9742228014876392
-0.9895044992499752
-1.0184519073352882
-0.996450172088901
-2.953634843406953
0.9769459490936917
2.9974445009207895
0.9715697707905904
-0.9798836961461089
-1.0194615151396054
-0.9800338561213237
-2.990746940676545
2.980645866021855
-2.9803312619862457
1.0106871113041287
-3.0109531601458537
-2.983042274176442
-1.0060938846159075
-1.0022778356621993
0.9706434700489582
3.026853259801424
0.9910861828245373
-2.9753222696219384
2.968203118083051
0.9996226906411562
-3.0335675498987285
-1.000322783409578
-0.945027062537107
0.9545711457242467
-0.9923494661383059
3.0089762169675947
0.9875281123459632
-2.960779576419052
0.969633044729541
-0.9730042449048995
-1.0287368584073837
-0.9945756551051258
-2.9471605518473694
0.9728726879629394
-2.960965264524846
0.9729957250569893
-0.9886271310342384
-1.0025147038936524
-0.9935954016118651
-2.951401508511735
2.9848481390580366
-2.9854661292649016
1.0089059802904672
-3.0066304712453675
-2.9660576812169714
-0.9941914876498485
-0.9903177106588582
0.9690400431510882
3.0041785154754934
1.0133842678373643
-2.9779232679692305
2.984160912871409
1.001301681429323
-3.003605511051802
-0.9997839408567268
-0.9469298309500048
0.9813486295996032
-0.9922381550122922
2.9922665682826923
0.9913830541616694
-2.94969339457816
0.979423436062255
-0.9565593978131937
-1.004339947349663
-1.000631954799253
-2.968848701019411
2.9751243860928174
-2.949906935394335
0.9882572576107866
-1.0006486867463231
-0.9709233470286059
-1.0097167510503915
-2.9329174162483347
2.988677165358321
1.0056297310089741
0.9931815101445675
-3.0004578199116305
-2.9430002298135665
-0.9879884657897544
-0.9961060006033376
0.9926122661419593
2.988569570488768
-2.9610202217506827
-2.987606320922278
3.000080207169869
0.9843144722136025
-2.992349336354604
-0.9846519749037794
-0.9755412741444858
0.9924383844606277
1.0004440502652363
2.989866200157224
1.000845416455519
-2.9737983356420687
0.9929095980465072
-0.9832783723124178
-1.0018871084623169
-0.9961227241357341
-0.9986621399802753
2.987376195521731
-2.968308892574266
1.0000337091797682
-1.0048200894027204
-0.9760418611794132
-1.0023043175173225
-2.9544094286580695
-2.9984415816861665
1.0142950293140072
0.9862259543611815
-2.9912247406521524
-2.958488336941512
-0.9913778111603943
-1.020943512817375
1.002889419813519
3.0044385970942047
-2.9770724034301947
-2.989080172069567
2.983820450791061
0.9865253047913516
-3.0024335293852378
-0.9841031369893269
-0.9894193457420006
0.9717944820936123
1.0010655878156995
3.0017285307259907
1.013999188105071
-2.9853187672975383
0.9607052513029425
-0.9972893195257682
-1.0247919669091854
-2.980526992067742
-0.9918136946110909
2.9934154218305395
-3.003309069313524
1.0120554107954685
-0.9891637020922422
-0.9979690473814397
-1.0024252193786682
2.9926707173044447
-3.0083863968185183
1.01418871992786
0.9956713680107351
-2.994636859989443
-3.0013678108581328
-0.9829090414401879
-1.0305435512648484
0.9901188040978802
3.0266933446354556
-2.997593788294322
-2.975961897364006
2.9882312917733955
1.0045886326485818
-3.025576918850733
-0.9899538022798878
-0.9757484056680671
0.9489416192480904
1.0023415192011769
3.0063355643273058
1.0017925783631205
-2.9780844243394378
0.9604344634576721
-0.9835690004378381
-1.0363124602174643
-2.9814231927139496
-0.9681657536345556
2.9985054950280463
-2.9948305390466943
1.0189139946679564
-0.9925547198377953
-1.0147988144472426
-3.0007409329419277
2.9963050156616027
-2.9964175475138117
1.0051613914741009
1.0119029230201215
-2.9883793412439217
-2.997176838954411
-0.9563920089637674
2.962537286946485
0.9734853312244226
3.0328948603839745
-3.0010991833895404
-2.96279234623794
2.9861848038208927
1.0198084088830626
-3.0299460023749845
2.9859150592959436
-0.9536746723832848
0.9615224975852082
0.9916663854873304
3.0234948153613352
0.9876149708102011
-2.9618664977617373
0.9767518652645928
3.022277999284213
-1.019627932251763
-2.983641517565413
-0.9887507848877365
2.9985305364033037
-3.0050992657957
1.0434320731786593
-1.0007738665387549
0.9844901317944684
-3.0036099478393474
3.0232741838211674
-2.9679088266431357
0.9957808659241394
0.98274811297223
-2.9852709541161984
-2.9909855754506225
-2.9325733200252597
2.9794220777824463
0.9854711126149325
2.997698874335661
-2.990672569393478
-2.9594375904793653
2.9751104938064303
1.010109005038037
2.9644366577925085
2.990227675676737
-0.9505179994384522
0.9841601282771443
0.9813278613517333
2.996049291337181
0.9870090579075321
-2.9625613520092733
2.974910063685037
3.023313382169505
-0.9943717467748977
-2.983088887413282
-0.9828039210611755
2.991886373937209
-3.0279408792935683
1.0359287539602073
0.9890361296690603
1.0077724206487426
-2.994570004527888
3.0146257801497693
-2.962565830520587
0.9828359546324357
0.9926534433655734
-2.98932802370453
-1.0042442906515647
-2.9493211534156503
2.971617225155936
1.0241571137006709
2.990009009223827
-3.011417202571766
-2.9703212837651884
2.9494685313828843
-2.990080528893522
2.982157663447071
3.004740314784169
-0.9837513167599284
0.9837481976136453
0.9949623840181016
2.9827739189136158
0.9884917960141681
1.0114242637101267
2.9653845147787488
2.997677538017982
-0.996736382955462
-2.990377367897155
-1.001849060532621
2.991125109406562
-3.040540922581227
-0.9807772896076367
0.9964644197724735
1.0133295754712215
-2.9745744901615265
3.005721683608711
-2.9804220278916254
0.9667703239136494
1.0021609558170863
-2.988750391016603
-1.0116844658771587
-2.976960741796632
2.959008692024319
1.0148449083584032
2.996630730599956
-3.0052189894320236
-2.978309168414931
0.9498492857830051
-2.9911064913717222
2.9654450545039905
3.03502129461108
-0.9947058342951506
0.9633892740900656
0.9888562540983012
2.965105878218137
-2.9854622363244006
1.00525930974286
2.962101107773113
2.96394578992671
-1.0066659147671069
-2.9756886930513295
-1.0020806756952296
2.9937126217325103
2.9533478872472947
-0.9869367297658842
1.0032880069873205
0.9902057339454577
-2.9730603920212983
2.969519237574989
-2.9741263504078286
0.9679021610954283
0.9982650017987849
-2.986154736757074
-1.0115963695074528
-2.9582598807834586
2.9722709901213786
1.003097961748317
2.9946076518062865
-2.994944251938475
-2.9677570480744255
0.9715209761890492
-2.9779645757241107
2.9577290677436494
3.011226375805364
-0.9690503552104133
0.9682087357866273
1.003624300812866
0.9693176137808951
-2.9818826593387877
1.0006773399703974
3.009983075782673
2.9798095997385103
-0.9936488345708591
-2.989376522984579
-1.0075416862089022
-2.972678587298991
2.976345443519124
-0.9666994136421075
0.9905929629537147
0.9714062780728161
-2.9506951073058194
2.9710999001513523
-2.955671018384081
0.9816911573148207
0.9870930330283944
-2.9817374343750846
-1.0094200111547387
-2.937772332062406
2.969671858534621
1.009456011173658
2.98713550293449
-1.0026509003834612
-2.9542342699662725
0.9878854786006666
-2.9676581170195373
2.9489807901066505
2.9946167747185175
-0.9651541594062688
0.9853788124684972
-2.969395849724688
0.9846969193607723
-2.984502230795973
0.9939996967526651
3.003903069715109
2.9903461251603587
-0.992325607436907
-2.984728138044155
2.967154140486581
-2.969889913076394
2.981115160241017
-0.975529510203774
1.0017610667323948
0.9560148095881431
-2.969198779331387
2.972553047415058
1.0418346657049737
0.9915151216121746
0.9719727700910362
-2.95041863715444
-1.0219819190180661
-2.965389201328991
2.978394652905805
1.0160188647067905
-2.991307560702215
-1.0153785518920757
-2.9520947488297957
0.9804471268203651
-2.9642352629789364
2.993105296275041
2.983025348643226
-0.9893014082778506
2.9809504948902896
-2.975397562477903
1.0047850602858863
-2.998143705615817
0.98136380833593
2.9888566587172476
2.990262298201667
-0.991069792274906
1.0100347785739716
2.9650115723839066
-2.981767227682842
2.9808567157947925
-0.9693543348411306
1.0085983098042717
0.9558647605880877
-2.9707038701298796
-1.0240807692946783
1.0337097869379583
0.978282125987285
1.0001551879564143
-2.9842806959331556
-0.9958954927618233
-2.981671837606265
2.974975596176203
-0.9756516025176108
-2.987268685676239
-1.0223638350714583
-2.9663930925313284
0.9560696301785355
-2.9491873796887087
2.9790274176170337
3.0048712648069413
-1.0061199332860837
2.967022926679692
-2.9918105088808997
0.9983216846501629
-3.011697582720345
0.9805977439597061
2.9947390307822097
2.983921366769204
-0.9966271025445828
1.012928477918644
2.9732000385542108
-2.9704686265979436
2.9652752991080673
-0.9890153422153367
0.9974376494077801
0.9691258659072828
-2.9454852246888845
-1.0322215997276554
1.0102245390524198
0.9798776220931624
1.000942783381959
-2.9646098760208925
-0.990510235436335
-2.9855295797885404
0.9789441146697087
-0.9830903603741753
-2.9923651429763085
-0.9692735155193324
-2.9849627793308238
0.9555100267964427
-2.969468558846154
2.9763972822143336
-2.9547913182358316
-0.9927041945167833
2.9529218252362903
-2.9926161350880673
0.9799968220874512
-2.969496860131857
0.9917817055764928
2.99220717893477
2.984086859948164
-1.0012300871250182
1.0044735390716844
2.9790658451857053
-2.975319989994025
2.968787390870828
-1.0011839580396464
0.9810945522146991
0.9822879013603546
-2.9293124939473856
-1.0249351642858324
1.0177469382606112
0.9790520785419284
0.9924985577485015
-2.945787040020199
-0.9948635133852419
-2.9791765441430083
0.9805560921250251
-0.990667787268223
-2.9736028089516933
-0.9826536769414399
-2.9597513016865697
0.962641349047123
-2.979324049247762
0.9938704603139145
-2.9677281456721545
-0.9745137810142662
2.9892041589253977
-2.9882235265097408
0.9954740299480848
-2.982715536752813
1.0054968370537507
-0.998429484060458
2.9899342285798594
-1.0028582459974609
1.011535803949613
2.975156619131026
-2.959090861767891
2.98067160120086
-0.9963755875656208
-1.008846978508495
0.9767910821783092
-2.9437596223695723
-1.012453626957495
1.0279679062168283
0.9981254906905696
0.9879002523276769
-2.9522246711755433
-1.0051107683242348
-2.9721945779993684
0.9890906562955155
-0.992900630980439
-2.9845811885020406
-0.9986787679427602
-2.949836175481721
0.9811174740982996
-0.9778120014661594
1.0023158629109328
-2.993197786459498
-0.9596863876261313
2.990020145634029
-2.9803115128977415
0.9975322072321703
-2.9865910047096316
-1.000282214009042
-1.0001484856603506
2.994162494277882
-0.9944300292824856
1.0002416148440734
2.9796543369418007
-2.98260513941849
2.9889426949346456
-0.9811676596688833
-0.99190996104157
0.9606514049055122
-2.9695670523328017
-1.0058571535066478
1.0282536172376326
0.9924067043430708
0.9883711174895762
-2.9751590846636193
-1.0064359233927176
-2.973071884089034
0.9915453862293694
-0.9924886583269806
-2.9982547590408353
-0.9914840595765687
-2.9673349039676125
0.9836818988448027
-0.9627102399902109
0.9987308138079001
-2.988464722723974
-0.9835699612911254
2.9856626250317153
-2.9914410470046766
0.997207950956379
-2.980049653275409
-1.0229288771640288
-0.9958924100677189
3.0015800559396535
-0.9957515241057572
1.0165692331169103
2.9693152806564753
-2.980101533533287
0.9825772233710028
-0.9770508151580917
-0.9871018770901059
0.9640926626865433
-2.975543019131259
-1.0062729093210163
1.0114064704835504
0.9874435079469338
-1.0029233965798747
-2.9832516374445617
-0.9952308715619808
-2.9695094159050655
0.9935861393336864
-0.9858356708910547
-2.994140880753098
-0.9780062791861794
-0.9940305261076358
0.9670721327156142
-0.968579759901274
0.9928312667141311
-2.971266208726795
-0.9935759698316768
2.9905635347675132
-3.0072818470687936
-2.9885403224047247
-2.973452685256636
-1.01578997177617
-1.0043243922684855
3.004857433561397
-0.9990184501857426
1.0243515830881527
2.9672411021675695
3.018181754865951
0.9665616053747057
-0.9872616420916752
-1.0082286188258778
0.9719976921493804
-2.9668465540356674
-1.0034307552716097
1.0038135995453303
0.9889290144373646
-1.0025198880600144
-2.9695538187765442
-0.9831347431091979
-2.9900002115091717
0.9810652557262337
-0.9994683165929364
-2.9780720453070746
-2.9691022009006747
-0.9895513032349175
0.9619566826845216
-1.0027171654733886
0.9993249657547728
-2.9613597222550445
-0.999860899403344
2.9923581851702576
0.9791703650031689
-2.9859693560284737
-2.9805837664268178
-0.9897446527023163
-1.0311637792923094
2.980361097551351
-0.991734287978305
1.0146744421239886
-1.0089231404346444
3.0270555902678784
0.9677130118779363
-0.9845416076259297
-1.017289313959338
0.998292366977001
-2.980357456869608
-1.0045994925697603
-0.978723489916916
0.9965168066624069
-1.0039569905346608
-2.9394475690402215
-0.9997439386477294
-2.9918329277275033
0.9842906250755253
-0.9940270026295179
-2.9746106491393545
-2.9830517442017257
-0.9703663442352178
0.9918544596326582
-1.000577163248499
1.0321436001182105
-2.986749859063553
-0.9939811808236125
0.9981868899275109
0.9957114338626857
-2.9930608355328583
-2.9648084490630486
-0.970664886489011
-1.0203953801559043
2.986259472817139
-0.9753508414710237
-2.9875428484993107
-1.0022333406208885
3.0173224350952483
0.9827247740930002
-0.9752965867227635
-0.9928931115196721
1.0155862171409837
-3.002338386489098
2.9848351587399775
-0.9657702249130947
1.0007093934016984
-1.017895880491809
-2.952691419866252
-1.005819388019772
-2.9739807019118705
0.9923447402489074
1.013968494827893
-2.9888172232179593
-2.9947149424759045
-0.9503953721150302
1.004738498279885
-1.005747734620663
1.031417722727142
-2.993646709891079
-2.9783158405629147
0.9957087523849112
1.006925191397186
-3.0060845602209882
-2.9854245430911153
-0.9575055136624775
-1.0098745592014422
2.9893978303532855
1.0254650237305014
-2.9895186869196935
-1.0043979352145775
2.9954413878815687
0.9887292219249678
-0.9818969967014847
-0.999446620401861
1.0171143563534641
-3.0088380231775607
2.9899063108175357
-0.9662298378090677
0.9945093910303361
-1.0224577201898266
-2.982444189578162
-0.9953563951906446
-2.959965583850944
0.990191863515486
1.0194142976827707
-2.999898620226023
-2.9870734920452735
-0.9667644516958259
0.9909832361049468
-1.0110107965641644
1.0079185913396749
-2.973602768955608
-2.980114581547448
0.9966610253119849
0.9949946243262678
-2.999701791738036
-2.9796763758897753
-0.983017781095844
-1.000994423371473
2.9802000099431183
1.0147589220915663
-2.9714956360366354
-1.0093791372307055
3.00037732464894
0.9588514331673101
-0.979300687584088
-1.0009053867281372
0.994488913533204
-2.990165366701113
2.986112319056456
-0.9723149700112914
0.9896607001313963
-1.0112741554194988
-2.9804288553478866
-1.0034661262941174
-2.964357094759931
0.9808630207831268
1.0091133358529318
-2.9943202702656575
-2.9706906553131693
-0.9854211505891866
0.9696814800888418
-1.0103933396065192
2.9883599651239994
-2.9540682885062663
-2.986401285821673
0.9980457045727716
0.9842204642777198
-2.99865025335402
-2.951966145505047
-1.0059606689701364
0.9819690599949445
2.971681328397907
1.0006608540338369
-2.96790450131984
-1.0078251450992475
3.021859980910019
0.9408126543305165
-0.9854289035383585
-0.991984131587185
0.9795163405862237
-2.9753652826462096
3.0009478812777464
-0.9887238260920057
0.9868365565744235
-1.0013092242501813
-2.948526358733075
-3.0115874081143503
-2.9807356249713934
0.983733553137988
0.9959242668000993
-2.981410888328849
-2.949151824013653
-0.9939653618199252
0.9713720622433345
2.976757144553404
3.0062096023793066
-2.9568051406366265
-2.99632929143859
0.9985607687021103
0.9841079757013919
-3.0015972527358707
-2.9411046805059895
2.9857439126629695
0.9681602827443397
2.9817410989377597
0.9912544793770468
-2.9535122949968855
-1.0134022211640383
3.030556565940064
0.9583589984309064
2.98972070238396
-0.9837161990084247
0.999302878310465
-3.0156685799255825
3.0089316374170463
-0.9977828996937812
1.0176939454802785
-1.0094764528118154
1.0512099067207663
-3.012943826626836
-2.9895801102380615
1.0036418456580534
0.9991283912134425
-3.0138194697912963
-2.9567986722559385
-0.9744854259432542
-0.9993008579737452
2.980889847623827
3.026367797436952
-2.966385407514066
-3.014033518750822
1.007213146969455
0.9927333469636359
-3.014022789047135
-2.9601102836077415
3.0163617114771473
0.9700421194410217
2.991469954786617
0.9896241462719142
-2.9548746869247204
-1.03430457604462
3.0078909554927455
2.97952855341309
2.9927434260662285
-0.9823394195226403
1.0024093649919166
-3.0317754342062577
2.9939820805147153
-0.9966663541627502
1.0237373358332966
2.9571467079477602
1.0311075056891585
-2.996042160236835
-2.984017609969568
1.0153454144215734
0.973926207360871
-3.0191660539192906
-2.9855626393280144
1.0332407264264871
-0.9866455275565842
2.982245723488969
3.005414600505322
-2.979911209351259
-3.0212448658792637
1.009801753663872
0.9786953520833789
-1.0211219128204223
-2.980983628034313
3.013383036898512
1.0103322129048407
2.9792805013712895
0.9810500766965068
-2.9787670222739187
-1.0447817415542504
-2.9842852642574
2.982177476823897
2.9997877402177933
-0.9885157584984382
0.9827252559717534
-2.9944099156244186
2.969321151877891
-0.9954485238528443
1.0032705966935145
2.9574026430918408
1.0035117226811507
-2.9836296948711563
-2.9907027595060454
1.0056136144868655
0.9549230509377294
-3.0088823487743124
-0.9963969976614652
1.0239506838627876
-1.002425759078336
2.982506412318012
2.988678002438772
-2.972202460404081
-3.027424168191064
1.0098145447877416
-1.0350344655002897
-1.0065237507594575
-2.9788533602669105
3.013672193838506
0.9965519807743958
2.9734184566394277
0.9862193303719212
-2.987124306475981
-3.022217294471636
-2.9730012251955715
2.96098266312558
2.976937722183398
-0.9815752783002558
0.9855874999686609
-2.987378860467311
2.971842503644533
2.988357691019999
0.9855253920909924
2.9773986052124233
0.9982821303248525
-2.9884827136445495
-3.01922185362774
1.0069495405247098
0.9643792803437915
0.9933582230386443
-0.9693077633027395
0.9961252417761332
-1.0067148793240115
2.9950682481428275
2.9822430183637216
-2.949596325370666
-3.014934170343772
-2.9751314747369406
-1.034320148275305
-0.9912911330837625
-2.991711306853685
2.992529493657793
1.0127990954770079
2.980911524079945
0.9928815013143544
3.010080560230393
-3.0043902366636726
-2.950860321793958
2.9477410082810307
2.995488790047254
-1.0119233872078048
0.9987376881764704
-2.9705322459168872
0.9958974235432402
2.9908020170899317
0.9904584019509056
3.00182275248386
0.9992978412068242
-2.9968597058754205
-2.9947099829307904
1.0060415186994145
-1.002178579764716
0.9926775251483797
-0.9514510844146432
0.991074351792236
-0.9988168867620538
3.011641084627995
2.967999206938787
-2.9494467709745207
-2.9990746521895666
-2.973564103589757
-1.0090883778195663
-1.0074932222697188
-2.9868748877668927
2.982877858036978
1.0340307911442284
2.991881509870209
2.979586118271894
3.0317991450577453
-2.9972166528354736
-2.9955679593321975
2.9649387000172966
2.980841357348274
-1.0149682207958486
0.9986912984384257
3.003349091171243
1.0046434165441016
2.990126520842762
1.001866084228512
2.991080008568143
0.9620006826414013
-2.9946867687169885
-2.9863256792612694
1.011373131487111
-0.9947225989964407
0.9790547368539748
-0.9781341628289357
0.9927289559856654
-0.9935477747951891
2.9889920660277043
2.9732806751193426
-0.9741754089199142
-3.0013118043734077
-2.9812322740572554
-0.9917312204334888
-1.0302705171952116
-2.99645705951177
2.9841432024597117
1.0313773871554888
-0.9989452643829463
2.97082722320826
3.02129001140883
-2.987476581643273
-3.018188212007279
2.999756324874637
2.951025662986956
-1.0031549933723596
-0.9942903803832543
2.986372083637207
0.9962285621160751
2.9737364761568506
1.0055640006998001
2.99941062666785
0.9641308475192257
-2.9779497367906114
-1.0180880577127223
1.0150116032421603
-1.0261659286398797
1.0172874013723057
-0.9987742050849292
1.0055268837649063
-0.9960502367559115
2.975566944633718
-2.98842857794007
-0.9853640957986662
-3.0167458941735177
-2.971327781879396
-1.0072752418773794
-0.9780705746897835
-2.9979334940647857
3.0118872533782657
3.000569654881256
-1.0142757067759514
2.9759487363149812
2.987952005442099
-2.9887378076441617
-3.0068303959592315
3.0174889444417015
2.945063258903439
2.9922243256631815
-0.9950363811786126
2.982103324152445
0.9853877672471655
2.9898815476798126
0.993279535091632
3.01351744988529
0.9817961254366941
1.0246888500044486
-1.0393174813467292
1.0051055724000033
-1.020197109219458
1.0107977823081173
-0.9919534284977133
1.0356034371137541
-0.999901877170875
-0.9927203730166435
-2.985782220636709
-0.9870177207360055
-2.9755601881099536
-2.994411621072805
-0.9784201158238578
-0.9821407416351239
-2.995937297200053
-2.94430995763378
2.9883514564218503
-1.0166626534166487
2.9916762174541263
2.9735783275288163
-2.9515164500334956
-3.0037021656053935
3.0136441998752135
2.96504172975383
2.9899756550361216
-0.9918647332360855
2.9891292615802776
0.9667972479943119
3.004396738355639
0.9890680786656197
3.014346219620263
2.976460733467018
1.0202992292046291
-1.0249454187432128
1.002061854347564
-1.0076382805012374
0.9998440009689465
-0.9943801914135388
1.0301136793191275
0.9939015159404972
-0.968479637220542
-2.996162925434619
-0.9741621064916943
-2.97762516883213
-3.0064725722387062
-0.9682838451590355
-0.9962363859750817
-1.013443273073616
-2.959544021147738
2.997196555057067
-0.9715143537336394
2.986865305731308
2.976583648461178
-2.9649435951105816
-3.016388734401657
-0.986927481068062
2.984867310804617
2.9620761227602896
-0.9528789353894723
2.9841744534393597
0.9954725487250978
2.988901394993718
0.9694178754539774
-2.9693230638964714
2.9606807647950117
0.9985581894217799
-0.9963212944905844
0.9845909921878465
-0.9610855127672612
0.9825748322667879
-1.0075539540070055
2.992279771672283
1.000265789444322
-0.9638139942389627
-3.0270234311223354
-0.9891724233599287
-2.9856009062310007
-3.015469526627734
-0.9727953471633545
2.9727833332012996
-1.02071408465269
-2.976175419767307
2.963217565180125
-0.9621945882769282
2.95410587478297
2.970507566688734
-2.9728253958941946
2.9349887826821353
-0.9914866219620967
2.982559415546711
2.9442191897680994
-0.9693661109427807
2.9284263518423375
1.0071657869025437
2.97426247981906
2.9512655169730357
-2.9729348623978393
2.9546957514749312
0.9955186284319989
-1.0060151038654148
0.9695113287369307
-0.9868391853395841
0.9859388827601582
2.970782690930634
2.981184280753047
1.0075244801152194
-0.9920408474247827
-3.0229757851251087
-1.0011435809183065
-2.999654471417126
-3.0136714939182574
2.9955305075111647
2.97974396222201
-1.0072266087483297
-2.9920328229071247
2.989454584863551
-0.9911399825572079
2.945650585088603
2.9721363946356765
3.0109348998845022
2.9338665272710935
-0.9804162511160616
2.9670019598061637
2.9762832427729897
-0.9829774792955356
2.946968659567401
1.006336333845822
0.9788385735398404
2.964584804379017
-2.971976032748531
2.9719677581752375
1.0001432881082428
-1.0117253388850358
0.9860213536039245
-0.9990028174537741
-0.996451645729556
2.9816857260451943
3.0029039919448084
0.994274471177185
-1.0123998209075002
-2.9904055658166913
-0.9995495168202596
-2.9908495070307826
-2.9997251618582252
2.995162068473681
2.9923026370702646
-0.9938071052575054
-2.9946313695199516
2.9907270044918306
-1.0063294561077316
2.962653536695131
0.9955706973536275
3.0255679848011843
2.9521406399551413
-0.9595680121887726
2.9516053128290642
2.9872566264313365
-0.9846296616646585
2.971838441897551
-0.9846974917424557
0.9932194923262272
2.9803514670303852
-2.9583005514591454
2.9777317111696706
0.9974108623631079
-1.0131662232262642
0.9887050136550578
-0.9765307596381613
-0.9941204468637769
2.992308958640558
3.0204705699530923
0.9967215693431819
-1.012756591154818
-2.9796978509326775
-1.0058168634295415
-2.9656349057322338
-2.992704400461408
3.0038313064345252
2.9895491588896235
-0.9870186327498996
-2.9957344383307616
2.988188724756124
-1.0107031477511434
0.9976394023562651
1.0025085163408172
3.0186098749402053
2.9718480285357187
-0.9635515916440117
2.9622287197977095
2.966786540086316
-0.9780713951788671
-1.004207522149233
-0.9843160166237105
0.9982034718685342
2.9992842226514562
-2.9753868060543454
2.991899793063429
0.9821866569849236
-0.9974013556287543
-3.0117478119846943
-0.9516281250783272
-0.9975043233072122
2.970751984581428
3.006063082693674
1.0270119489226248
-1.0139302238666486
-2.9871922502156356
0.9774646457177616
-2.9589768289396994
-3.004378487091915
3.0328716109227565
2.9839518716714104
-1.0086023363756593
-2.9938170978779337
2.980960731978402
-2.990376279631681
0.9961043733836582
0.9993126637725445
3.006224532878658
2.9656647994479957
-0.9588450490491174
2.9850581581765385
2.9522405289031544
3.007632589447454
-1.0264513427506152
-0.9754954558657518
0.9830989527616523
3.0045209473153935
-2.9899541732146075
2.99836996995996
0.9812818021717286
2.991510132251243
-3.026024323069495
-0.9519102555102463
-1.0124635891244067
2.9831326737395787
2.982638441548544
1.0503463030455957
-1.0013344637847852
0.9795759832942735
0.9787491783760314
-2.9894078609281887
-2.9736923893893423
3.0209442302517484
2.987195270602265
-0.9960806355390184
-2.985543170602305
-2.995865816645746
-2.9796831572260634
0.9641412361162472
1.0040771170828102
2.9823580106266387
3.010381332268086
-0.9850651921818725
3.002374976105572
0.9695961671801521
3.001431679777923
-1.0500613392014835
-0.9643244316945844
0.9696083912106637
3.006158508869972
-2.9943326068281197
3.00811823258644
-1.00126416426613
2.981510374693368
-3.0166108018413675
-0.9801904213680029
-1.031705291983366
3.000591731504477
2.990395600638666
1.0373788493942084
-0.9994741335434045
0.9773403494226611
0.9917600287888438
-2.998482508056397
-2.97894624157069
2.991219264893607
2.9787992096908082
-0.9890593868750527
-0.9853256754338926
-2.9885401334415556
-2.9905485257239617
0.9738277232519114
0.9941950096524907
2.9805801646307706
3.0103404418228275
-0.9941021237542613
-0.9972351256899968
0.9907682929539764
2.984189195275707
-0.9882702146942142
-0.9895951817139567
0.9751423993614541
2.9846828283248987
-3.0058900347876754
-2.9611076319861245
-0.9959887309848633
2.970683405621789
-3.0061363437436923
-0.9839394192720881
-0.989044407990954
2.9821976194782107
2.986061417821639
3.0027609504812762
-1.010143101173773
0.9952647467256567
0.9924606337422538
-2.9976519978359164
-3.001531273671815
2.997349798290976
2.9694089336421063
0.999066594573862
-0.989986378163512
-2.9856031576696265
-2.988527689104991
0.9977119676513357
1.0031483063975106
2.975849536125518
2.9952385950142553
-2.978562350919608
-1.0238242628032113
0.9999389947535045
2.9706543510465693
-0.9785881483001522
-0.9703733344706051
0.97151742953729
2.993066915156781
0.9711977360707084
-2.967996588292037
-1.0073170659789668
2.9963503923700143
-2.994956965054871
-0.9790915272246955
-0.9846566556537223
2.977537338932976
-1.0108692206123506
3.001303955959136
-1.0309034911193204
1.0318756954662043
0.9584820560278626
-2.96149663830235
-2.9971953407654763
3.014087330863004
-3.0022298379993617
0.9880789535764267
-1.000973709704393
-2.988704220436521
-2.9988181871096247
1.0326219270154973
0.9929235936996913
2.971256114912468
2.9881934529150747
-2.9634820280303065
-1.0239797346161328
0.9899211509785004
2.9554799134360823
-0.9947357523553843
-0.9568181608390595
0.9790373565194238
3.0108534740911668
0.9783292172524322
-2.9791358537398476
-1.0040446915429349
2.994567372971255
-3.0027886862647355
-0.9929950164544306
-0.9928503136994227
2.981986796945618
-1.0140789638027716
3.0223719497306636
-1.0091863391068288
1.0074538808992257
0.9610477767885403
-2.9714847113791785
-2.985821343342586
1.0320900839147613
-2.9910410434189836
0.9749271081960944
-0.9859308046060961
-3.0062448473954144
-2.981619237357595
0.9995129152490173
0.9861194936243319
-2.9997177551623433
2.9970759851845914
-2.9661830557418196
-0.9960486860035354
0.9660719829146486
2.9814880402664685
-1.0196083672055698
-0.9658059044686591
0.9857715786664397
3.014630635962614
0.987134339762464
-2.957976312757958
-1.0306986196983385
2.9967384309325498
-3.027244014458924
-0.9978253638069035
-2.9880587204418956
2.988548593638906
-0.9966322112354062
3.0090431386359864
-1.0020580673703825
1.020693762158692
0.9485768071512811
-2.9791046930390066
0.9918856409471997
1.0215233765649303
-2.9935711785389714
1.0113618670987063
-0.9845411190883001
-3.033294294561054
-2.9818816097976537
0.9896454866916254
-3.0007455443997597
-2.99177132701548
3.0140389773431995
-2.9784859198958773
-0.993909195461062
0.9942094842420839
2.988376022735569
-1.01571568388206
1.0073254501363977
0.980366565106993
2.999348089520448
0.9853587168154937
-2.940878851323351
-1.0300939855833364
2.9900852084652523
-3.0343196160342485
-0.9891678740638782
-2.9817221399050116
2.9916153180797984
-0.9859650482589513
3.004928630618213
-1.0060671309833733
1.042646504101485
0.9625473987367357
-0.982768709307606
0.9775401694248176
1.0039648361966649
-3.000281963927309
1.005573349367207
-0.9582572138079252
-3.014004069558421
-2.9854713883074533
-0.9798920907465754
-2.997346836582123
-2.9949346013122478
3.0284997683865114
-2.993848475817071
-0.9978352475523057
0.9909899616455419
3.0116992652765435
-2.9900266734892256
1.004454850806164
0.9835923321396103
2.965077269481164
0.9838537238744346
-2.939733479713118
-1.0085428323283678
2.9966220230491167
2.9608510706861635
-0.9768208473530379
-2.974316793741212
2.9824258611075307
-0.9934104881664878
2.973801668688813
-0.9985741099265758
1.044170435543863
0.9778037126648819
-0.9733762059972942
0.9753742578035467
1.016248401553179
-2.9864944638275643
0.9919231029829052
-0.9516225334505181
-2.994006549143895
-2.980076144040135
-0.95541753788989
-2.9965107916946203
-2.979405290422895
3.0055412973395867
-2.9803463442388036
-0.9859284040433894
0.9909146262792652
1.020429358277082
-2.983791971150913
1.0152574125323115
1.0242857270138144
2.9772227023439926
1.0007718917493547
-2.9690480060282973
-1.0055958464296268
-0.9730650064227978
2.9798088045737976
-0.9879435311269883
-2.9528340879272683
2.9755208388437233
-0.9727385800353665
2.980250486012345
-1.0009854465498385
-2.961866659392547
0.9738634007595935
-0.9637225877643153
0.9815543544624926
1.02877482244626
-2.964611430976491
0.9912214032422616
-0.9750569518532654
2.9773035886632266
-2.972815773551375
-0.9598680704566466
-3.019569864082764
-2.991067539826713
2.9837122966785854
-2.9654703762622256
-0.9821462936179903
2.9808203073345747
0.9976583782544214
-2.989014298303576
0.9872343004910036
1.0294500594331888
2.959422861417788
0.992245922088117
-2.9749628089460174
2.954782288091303
-0.9691800036659483
2.98070479348399
-1.024871793328106
-2.968495719731998
2.935302680056255
-0.9733862791409105
2.980004769185386
2.9810728758482026
-2.9743703462888815
0.963057103200983
-0.9748172238687365
0.9753150657966584
1.0002044319325585
-2.987708983288999
1.0008082591950072
2.984736218217735
2.9555956204756173
-2.9649163935382674
-0.99318783136236
-3.018748408477703
-3.0039545747217553
2.9747624299575666
-2.9726647902432735
2.9870494083703405
2.981969955080481
0.9903967267569874
-3.02347920466613
1.0051394000640639
1.0002068797219208
2.945742241376722
0.9863845854263273
1.0279124812352467
2.93732243832248
-0.9880069949700341
2.9868360462967725
-1.010810801978472
-2.9863644412276074
2.9570766283341405
-0.9808523027499507
-3.011676021976154
2.982129894916426
-2.958365821040905
0.9402834648728896
-0.9864188742175833
0.9876894170357005
0.9946611195480803
-2.996830221323722
2.9926765178739383
2.9942271651356065
2.9533492801954235
-2.99704990300179
-0.9874548196079578
-3.02675916725628
-2.9848022565719763
2.9810368589862963
0.9994928414489784
2.97813316130225
2.9775487597756793
1.0072232674154586
-3.0309654080501844
0.9902407294317283
1.0019832103847413
2.949182790689812
-0.9962711051354396
1.0461077945812407
2.9455326725138002
-0.9812343540837722
2.987812004003526
-0.9992131921751601
-2.9737018578906236
2.9750225248664295
-2.967527046975932
-3.0207339586435027
2.987497760297484
-2.9508522492839897
0.9618824241962893
-0.9866231430735944
1.001873156861699
0.9888761514611253
1.0115176475874779
2.9836278000607126
3.016092629553139
2.9893704550513145
-2.9856890991171383
-1.003051200972787
-2.994738582129789
-2.990038082090123
-0.9825374471547785
1.0002748016551202
2.9724722354983077
2.988993641987571
1.0112505649537764
-2.98282868226004
0.9927649517646344
0.9945612111503608
-3.0030125204674136
-0.9862598019577743
1.0333875880422783
2.972901280117034
-0.9846884704112782
3.0031714528187
-1.026513152548322
-2.951648038722494
0.9819062866158826
-2.956758613948707
-3.017161859799307
3.0026586387915986
-2.9830934479417803
0.9923482436841147
-0.992580288585634
1.0096940660860365
-3.0028141096138903
1.035999794349154
2.98740484872542
2.984829690812596
2.993049099255015
-2.970575273419338
-1.0339913066370896
-2.9861185148465585
2.968083686038017
-0.975895355105832
1.0124075226389435
2.9827214192364577
2.994985189226736
0.9771691460764277
-2.9673921261849365
0.9830227929273624
0.9943318904294693
-2.9917099551954034
-0.9882801305911537
1.0194022842755437
2.963897085189148
-0.9829721327980465
2.9968253562037646
-1.0325856244791412
-2.9530588120436114
0.9600393749525622
-2.9550990929035623
-3.002849248586486
3.0176763190855858
-2.9934607641650617
0.9767861197022997
-0.9943234103647872
0.9959367365987162
-3.001478662840265
1.0302304941481715
2.9832056133041496
2.9658611357291043
2.9872966501614195
-2.9663778953601017
-1.0253455878253503
-1.0151926034076266
2.96198246849191
-0.9982067736228342
1.0454047730336282
2.9837905245596996
3.011675470160494
0.9703183445635871
-2.977518671778135
-3.017109622223557
1.0005949410746682
-3.0045809620545367
-1.0111793223584205
1.0050319122181328
2.987065777646561
-0.99646616188047
3.0164134633718036
0.9740382533459745
-2.9770361871841877
0.9508408918046076
-2.9623981522417715
-2.9899608138003324
3.0048710599053625
-2.98057774651046
0.9647289532584309
-0.9923919459239339
0.9809797507521248
-2.992114382757436
1.001261181850228
2.987164825505132
2.968998014776465
2.995256237264776
-2.9750890616914143
-0.995052998006411
-1.036811639244715
2.9787728290351403
-1.0218922841688327
1.0407706627790034
2.9713913579914006
3.0237744228594643
0.976106240019331
-0.9951707919135655
-3.0173614079323037
0.9954768202936217
-2.98740878477813
-1.0149463741164786
1.011807026002253
2.9968149719463386
-1.0013731200930214
-2.9403903133492455
0.9891580503567236
-2.9915088032945683
0.9643449748989747
-2.983420919044112
-2.9704464350322337
2.9860468390319888
-2.961506715550328
0.9721374539235234
-0.9909775001168594
0.987726381195254
-2.9924161239511733
1.0118402708084933
2.982387518123313
2.986393939055554
2.9934413480261925
-0.9913370434666957
-0.9836536383761151
-1.034501176553183
2.998630446507144
-1.0246211317174883
1.016862403163704
2.980753988345439
3.01504541251796
-2.995209927949475
-0.9929164700022961
-2.9994645016389048
0.9953211566929058
-2.979925434985709
-0.9973630120635504
1.0193500369467072
2.9907217885677064
0.9943897588206394
-2.947867345149494
0.9859632625200521
-2.9772303034205785
0.983642664410644
-2.9776682042393814
-2.983244979327825
2.9820161628927395
-0.9675831147027253
0.9892420804225772
-0.9988904450047918
1.0270065265767112
-3.0036542045869274
1.028977987643529
2.9806968573027803
2.9935168592761014
-0.99776161653603
-0.9888012954727021
-1.0188993761913336
-1.001362528996252
2.984458615694686
-0.9776497484887697
0.9999127951055367
2.9783178556461976
-2.9757328929696416
-2.993130558119377
-0.9830849234814866
-2.9862994515966155
0.9672879606385202
-2.9735726516801853
-0.9965873048974156
1.0178192031186817
0.9913760447782027
1.0008094166425727
-2.9804356564301884
1.0036046448380056
-2.9887956798656026
0.9956296769798666
-2.9823252252012704
-2.9962430795765913
-2.9870061339623812
-0.9849758623887696
0.988668195660814
-0.9765076968159229
1.0063351455674672
-2.983302650623207
0.9935046778757178
2.9872895617937587
0.9913328494756695
-1.0015966448069868
-0.9864432516624417
-1.01168796113561
-0.9969745393810391
3.004301690797801
-0.9874758640738364
1.0098001531562555
-1.012685370395615
-2.9784132725566863
-3.0081406055937463
-0.9741005342366567
-2.9893282293341055
0.985805778511876
-2.9824248356243475
-0.9927382529804273
-0.9864040023528042
0.9890028203689515
1.0016534442661422
-2.989678277361388
1.0145829517615987
-2.991943011125763
0.9957570143669634
-2.99100547462329
-2.9873197336852333
-2.9799489981514675
-1.0005076585638715
0.9753441804333206
-0.985781661611208
0.9932154805906426
-2.96850937537292
0.9783586587206052
1.0045515384908197
0.9762960716045398
-1.0017258381835772
-0.9571466446298141
-1.0271673244518642
-0.9845573058772493
2.9926950040916362
-0.999416539581783
-2.957631006932785
-1.016668117860742
-2.9598396158530926
-3.03173438602063
-0.9867064712363219
-2.973445087135803
0.9738691129599856
-2.956534704109086
0.9925537409522383
-0.99348378100888
1.0036435868794316
0.9782576558467558
-2.9534547120800907
0.9933095991655554
-2.985413850242565
0.9868047745147535
-1.0034716690185845
-2.9706828246415524
-2.9849418463355444
-0.9902626566108528
0.9740409398823896
-1.0081114846514136
1.0111608825000744
-2.9702444312365905
-0.9974377811189433
1.0016474076646513
0.9770360525707201
-0.9959919146930081
-0.960557866264466
-1.0053769180536585
-0.9810814565788921
2.9836900465575913
-2.992617597085663
-2.9593937266642003
-1.000175601437244
-2.9974668323006117
-3.0170815625513825
-0.9930169531306096
-2.9770196020512705
0.9850887085590865
3.035304556895876
0.9846386865758445
-0.9806269847872406
0.9798775939791705
0.9947393439231841
-2.9891418684866005
0.9959970053265569
-2.9720466453905625
2.9690106966454373
-0.9961601626716516
-2.9606678663025057
-3.0072056421259306
-0.9794628515837789
0.9588639866931455
-0.993577925106382
1.0222998444174116
0.9993254895616237
-0.9734291921036826
0.9834742956320107
1.000250307184893
-0.9905674895780748
-0.9916301695217431
-0.995082669575343
-0.9888311644780233
-2.9899063347063453
-2.982650700549188
-2.9765504476013893
-0.9830920145423179
-2.9974437268292924
-2.9885878740229983
-0.982607313971961
-2.9875693830871217
0.9983820290468892
3.019897805996303
0.9890790917946106
-0.9756767490429898
0.9786219803082089
1.0072004850180258
-2.9956968639302595
0.9974024036373187
-0.9744781664956679
2.972156097692152
-0.9911097150548536
-2.9525837979261005
-3.0001086294797674
-0.9716503608749164
0.9740053445840493
-0.9833747497894977
-0.9768553552857482
0.9906198598559915
-0.9785129225176712
0.9988765179787686
1.008821673853132
-0.9601586460391135
-1.0020318003867446
-0.9854285033061688
-2.993231158318394
-2.9792145263472856
-2.967602871074951
-2.9922582891758913
-0.9823268416819287
-2.976573075717786
-2.9793673778762026
-0.9665033979548424
2.982964721020823
0.9954097724271653
2.996538348783692
0.9901562126366825
-0.9758165774504951
0.9835318362019535
1.0117840340517052
-2.9962266646786495
2.997160383172076
-0.9833899868100281
2.98516681015013
-1.0073179755132917
-2.9600435472786186
-3.0110958841186832
-0.9676216265882362
0.9897999942405111
1.0051662359415745
-0.9915089605246128
1.0007079708370832
-0.9920629194672782
0.9952612297648067
1.007466790621789
-0.9629536572982164
-0.9962383497081115
-0.9841334482512357
-2.9920432033803035
-2.9781630816176716
-2.966018921018536
-3.0039309193714256
-0.985778922741056
-2.9919645537676662
-2.973579782958406
-2.9695493745425146
2.991231426191783
0.9903845158805569
2.9890495893133666
0.9900955609553956
-0.9830416365270482
0.9729535621186156
0.9979447611345833
2.9853928814100983
3.003954078172062
-0.9934065147281723
2.9686345599553317
-1.0165764435878473
-2.982334106262085
-3.0200759260114847
-0.9763612047240279
0.985415142747196
0.9928800512655432
-0.9962912495013759
1.021468768327547
-1.0006073319052757
0.9790264793204784
0.99463705076521
-0.99346439988942
-2.9788595101968616
-0.9929705839999688
-2.968155663270673
-3.0230862125611546
-2.97504748642252
-3.002339391816194
-0.988920557985007
-3.003935564757046
2.9923704872911996
-2.989816210453111
3.0050673245700126
0.9723699785436722
3.0185565660117955
0.9414974297244934
-0.9749299394817189
0.9468443332752505
2.9824505884062575
2.9901893724025204
3.0001435685132893
-0.9921274113735344
2.971905358837216
-1.0205562779753918
-2.983575204148392
-3.0203945944854858
1.0084849639938476
0.9690931884009415
0.9887511461464339
-0.978611722466657
1.032439699921404
-1.004928490963888
0.9976416841020456
0.9831775251511666
-1.0068790180986702
-2.9804320503524253
-0.9968784798581223
-2.9761151959758405
-3.005150094476562
-2.9662447481630934
-2.985574202043156
-0.9946284184577551
-1.0061904304458418
2.981527269180214
-2.9954198713425293
3.0140227704870464
0.9905731174843867
2.9994064906663347
0.9698227826251827
-0.9596238731572239
-1.0523371116430216
2.9932168141236413
2.986079434182303
2.9851141630005986
-0.9936258695385563
2.9984891382005747
-1.0002491334377306
-2.9897905678783325
-3.003793383636839
1.0127891373917217
0.9610138214383583
0.9975457422332084
-0.9716606855560578
1.0113949907817446
-1.0112317108780953
1.0238446564086878
0.9913658011576897
-0.9837374696258852
-2.9936018907434505
-0.9982571591166696
-2.9898773090926447
-2.997082568010938
-2.951303950979589
-2.9800792148338138
-2.9900440262492776
-0.9895593813690692
2.9890350783364745
-3.0005387455047052
2.9984392666737065
0.9924932737483284
2.972887954033888
0.9848368831786591
3.036907003051237
-1.0307688139653364
3.014439569703198
2.951095179552601
3.0015290464843005
-1.0250401690976618
3.009290509803035
-0.996399968046817
0.9945468673416369
-2.991489860263267
1.0197622863731783
0.9668258184073095
0.9991569193627472
-1.010309588954143
1.0036202280478135
-1.0127360633594544
-0.9690758865227648
1.0067075042324156
-0.9548124294011932
-2.9999315715153143
-0.9767815056635005
-3.0014885832499183
-3.0221722032498737
-2.952824126843688
-1.0001713288726182
-2.9849254417499034
-0.990213031731853
3.022311832573028
-2.9948835406910193
2.99041896230935
0.9939815050285898
2.9698327828463564
-3.014608598423602
3.0277030672507173
-1.0064374805341954
2.9919519612039513
2.9656828704606153
3.036863102475985
-1.0418118170660093
2.997277966955193
0.9737615221140242
1.0012446054304611
-3.0054028308063225
1.0271735289446131
0.9920321044802383
0.9808050753449084
-1.006276163569691
1.013219717901317
-2.9983060907811137
-0.995466442879721
1.0171381463304956
-0.9939085559106542
-3.001090277537356
-0.9565213383804155
-2.9876713272058466
-3.0315707047001634
1.0159917368285019
-1.0151170460821208
-2.9860767812606546
-1.0032238500719437
3.04064178229191
-3.0230217250489044
2.9991023484827664
0.9918726851457388
-0.9888310965834777
-3.0390425567398607
3.0012238590174083
-1.0051690998191527
2.978946011783696
2.982251184960984
3.047639711039112
-1.0272282561731132
-2.9871217398780976
0.9565034462583234
1.005218733825094
-3.028879196919161
1.0028083464714526
1.0121892603621974
0.9868561728794661
-0.9986620495609596
3.0269737246228283
-2.9951052632534156
-1.003664758010691
0.968046302779129
-0.9887691756330955
-3.0111581475533775
-0.972672069508658
-2.9613588540575546
0.9684932486974114
1.0090891473614405
-1.0144620827979476
-2.970351354983454
-1.0099282670026697
2.992207738294783
-2.995670741079738
3.00850250187936
-0.9995473805241833
-0.9734135319841328
-3.0437776877666645
3.002717673700275
-1.0093686429787452
3.0047649146771387
2.9733050388746105
3.0247028159697855
-3.0000697402216465
-2.9814064055844054
0.9736012779401844
0.9865963744250743
-3.032183131682289
1.003576654984566
1.0199366817530766
0.9975321474045961
2.9895491986517237
3.0292764180908516
-2.9896402018969903
-1.028481385901337
0.9793643402408913
-1.0074760029325922
-3.003937748542294
-0.9872308994264829
3.0122667496327904
0.9904452475977029
1.019075454484989
-1.009234054986764
-2.98509309863587
-1.0258693031018664
2.9860198402201323
-2.9933763307707077
3.0127812676144403
-0.9978843831406937
-0.9913177800944458
-2.9986564178398636
2.998472267363382
-1.0064545290091984
2.9900045320009054
2.976322522598943
1.0033164097743676
-3.002432377502985
-2.9766249730754497
1.0048741831383625
0.9597864553692664
-2.9887979175637893
1.0042442699858303
1.0103999685149072
-2.9945710952526916
2.9853539547978536
3.014384104093749
-3.0064701097913473
-1.0125166912786294
1.0051872722932131
-1.0259004959123341
-2.9970761564282737
3.0074066303099327
2.9870462500480848
0.9958618222815971
0.9883708594772842
-0.9927627591841256
-3.0139898410595083
-1.002855699973154
2.9990067569930154
2.9621834030540675
3.007316087636605
-0.9969287501468845
-1.0160867168297958
-2.9922031010523864
2.9814148527109174
-0.9964664795446118
2.9784461696560824
2.9832420202931758
1.0077774873429213
-3.0224046393302393
-2.9899676264068997
0.9980465003018919
0.9650384284363734
-2.9898442701255545
1.0308875802531248
0.9936454084825936
-3.008113401314003
2.9795713041881804
2.9978538910293504
-3.0169082500141804
-1.013244227601735
1.0093504965133284
-1.0254943550353142
-0.9994198897456021
3.029538314303827
2.9632863961142486
0.9884357565887744
0.9815481284624055
-0.9921055761932013
-3.012316756746494
-0.9923995542136237
-2.9518568789792243
2.9482190677169813
2.9977956989496826
-0.9991198928363835
-1.019089564354183
-3.000825626170057
2.988432206362203
-0.9928246854711849
2.9875323370898617
2.982738586436683
1.0441369478053084
-3.046939386918306
-2.9795862625929606
0.991727593048207
0.9895122181560886
-3.006187516904865
3.0332984920010677
0.993870394558319
-3.0043342022138586
2.962579843662463
3.0125785553671705
-3.0266603955312554
-0.9958346987712795
1.0156706181465485
0.9795985982295723
-1.0045816885790504
3.0295584403329627
2.977230309763664
1.00507780705611
0.9760762450389001
-0.9955222317091015
-2.9905425349077905
-1.0013619462235113
-2.948408080790208
2.9557676316591643
3.0040939959268536
-0.9932298501928968
-0.9992626460855469
-2.9878650280426684
2.9943829892961507
-2.9810759168234533
3.002968575037077
2.9839380757347005
1.0183704940624994
-3.0209799243601125
-2.97031971945989
1.0038612653375198
0.9959787027938795
2.9593985313258226
3.0135717619021505
1.0111115548274021
-2.997058192250445
2.989492354359172
2.9832883617832917
-2.9903585760301032
-1.0001109698433035
1.0169226564310507
0.9889190331945413
-1.011587954035801
3.0102795628178125
2.982483262774125
1.0274036477100141
0.9913398424900409
-1.0044347231104476
-2.976661001601702
-1.0189952148814303
-2.970949161089798
2.9750546283897092
3.019768447409011
-0.9895707252256783
-1.0099933867830992
-2.9658084879576148
2.9822140328362923
-2.9814668536973943
3.0051967624589278
2.981229437636305
0.9952631651674073
-2.999108755509225
-2.967961011222765
1.011726240343072
0.9758795128448331
2.9700144869875706
2.9902696102819357
1.021238512959096
-2.988143949141676
2.9989314477968003
2.9821543907013885
-2.983531933451178
-1.0160614670554493
1.0114834567566715
0.980209379236199
-1.0063890762526984
2.9974230731665417
2.988659016780774
1.0270776417042489
0.9895784562387525
-1.0033310949699101
-2.989976104610571
-1.0209493934486364
-2.975214567678717
2.9763057737727907
3.031580254756833
-0.9964196816793708
-1.0166993436296217
-2.9658219940013817
2.9690109614255342
-2.9837341042460883
2.9890900214583382
2.9883228645003617
0.9978605342525908
-3.005982872868229
-2.975084680711578
2.992448324938039
0.9578584921238322
2.992184830305512
2.9816753995196548
1.018644166626278
-2.998132464372492
2.987952312539934
2.99008866006617
0.9788609023238048
-1.0210600263954839
1.0038657574202134
0.9727246752456472
-0.9939901197306125
2.9957351207947
2.995024167742131
1.0042286918144474
-1.019158367600544
-0.9934320426831432
-3.013654703294306
-1.0143850632719222
-2.9781254122946903
2.968362978448805
3.0180860174466537
-1.003158217550706
-1.0107602742115114
-2.9879709899462377
2.9763914300160494
-2.990405382147105
2.9805573534321192
2.981664206411449
1.0055277430956722
-3.0313582921326194
-0.9882816470034088
2.979885070591241
0.9563132065392171
2.9995729227739405
2.988884188528489
1.0042009144303663
-3.0083980463142344
2.9702053221571516
-2.980297088716502
0.9580696121355686
-1.006353134314643
0.9869724647178627
0.9747994535121051
-0.9904361790338934
2.9941527796523055
2.9879037420641765
2.982822090430039
-1.026561772958899
-0.9838604271212043
-3.031514849168623
-1.0008816882977303
-2.987951295063911
2.96692399052929
2.9976755419213648
2.982119564226664
-0.9997287051252316
-2.9935310913598934
2.958776827077737
-2.97833570642806
2.9576740676450646
2.9831044434542546
1.0106807153234507
0.943136991799143
-0.9841747717197511
2.970924428776176
0.9945444258041788
2.9827304070418426
2.972917491943726
1.0063732822011677
-3.02062924322756
-3.001636126288596
-2.9841635941075446
0.9669443142818637
-0.9892901770141311
0.9842879386581428
1.0004466724197865
-1.0099385784461876
2.992268034158457
2.9855797945426272
2.9971174473799183
-1.0190026642006462
-0.9873330940197858
-3.0336323300884005
-0.9907456837965258
-2.9862434519137757
2.9713313542558026
1.0026691721048002
2.9891978507283534
-1.0031780720858285
-2.9568158824480335
2.973715332006534
-2.9770694105812194
2.940618681407506
2.993602321172094
-0.983815288455475
0.963222190251231
-0.9744722119486984
2.9626634040420683
0.9944353501380877
3.0189090398861564
2.9772256508065005
1.0127650259798597
-1.0230950033743191
-2.983221894473472
-2.9989728404629825
0.9969843278896664
-0.9891119547071964
0.9815035055870003
0.9976146691721383
-0.9898198158015087
-0.9960460895060236
2.989472819108099
3.0097901227092523
-0.9961983325093606
-0.9967225511903157
-3.0027721367211377
-0.9905582137543798
-2.9784857295142793
-2.9927280767420794
1.0215340051279713
2.9872645083512697
-0.9973077768780414
-2.960447330922813
2.982288738084542
-2.9817164026098752
2.9561094261509284
1.0171157475118529
-0.99141974771012
0.981660504743058
-0.9622587966816084
2.9640985741550616
1.0049924195825237
3.021944687105013
2.974787548813442
-0.9701095515868253
-1.0079651518487531
-2.979570087534228
-2.990385872904704
0.9971616552092041
-0.9986349079074083
0.98372380818615
1.0041333070281877
-2.9575556401232026
-0.9998648460661227
3.0046190941628206
2.9770177664854356
-0.9761100844493322
-0.9870214403223897
-2.993469572924302
-1.0032233765520613
1.0096867514152754
-2.991777127193111
1.031692882702006
2.9824134688062336
-0.9955025688544614
-3.0044036098992644
2.9875925608040226
-2.978398716130575
-1.0020715357935106
1.0123605874947763
-1.0014903935636363
0.9955111250259515
-0.9659845161898586
2.983181269457423
1.002986534841969
3.0100824644499675
-3.0085753284335603
-0.9713575978610576
-1.0047336260718056
-2.9870295989317976
-3.001785969765338
1.0138419479526044
-1.0099704745162335
0.9918618702672645
1.0165739836126648
-2.9654678784432136
-0.9954354347012095
3.0038801581071457
2.980278599711225
-0.970540548892614
-0.9955109198637463
-2.9899368744581656
-1.0181669217605838
1.0037425079841575
-3.0010373952930705
1.0287508775872778
2.987591427500361
-0.9959476181635253
-2.990815165413246
2.9936598034807687
-2.979373939421013
-1.0045669796456311
0.9962347409682045
-0.9963171981644187
0.9921364820749494
-0.9700622622999052
2.99543923386068
0.9968551030922886
2.995270747910271
-3.012648557043538
-0.9775472601063195
-1.0128416777829994
-2.9991171883030168
-2.990928752921441
1.0297777790134917
-1.003021479051305
2.982599649228706
1.0164833788451562
-2.9880225209068385
-1.0107886260855468
3.001944234153416
2.9802036757289665
-0.9809389409465966
-0.9914591562673372
0.9831889158141665
-1.0133251508498364
0.9893339967464105
-2.9744066246680996
0.9992103523170461
2.9879300545807768
-0.9906570135390856
-2.9767977912064674
-0.9833745460513147
-2.9838992056433016
-1.037985008311496
1.0168112671848917
-1.016057599788925
1.024848147164864
-1.0009887945222988
3.0007576301967074
-2.9955033332438297
2.997655142794337
-3.000397287760307
-0.9864075259376844
-1.0378377101850038
-2.978887004222706
-2.9975558583467152
1.0296625794386394
2.9868367918124403
2.975288326390504
1.0087009046846496
-3.004356852092467
-1.0212069488403144
2.9907459006631254
2.9670308718006733
-0.9933988750986383
1.009498399669845
0.9745296304217377
-0.9957211278642897
0.987449010313265
-2.9765892447671565
0.9817406711027247
2.982237558018736
-0.9926342070060145
-2.9818540225736396
-0.9851089601514295
-2.9865886856972286
-1.0535032117502023
1.0129918831739682
-1.0146937714015392
1.0125073336608243
-1.0041358698161256
2.990657793722153
-2.993579567326017
3.0130674309823244
-2.9809415367149916
-0.9893568940244976
-1.0491089548598143
-2.9787052743777798
-2.998884151051318
1.0142338588356068
2.984520913642015
2.965831038600312
1.0059467805662046
-2.9920309107822445
-1.0050246629423771
2.9869901587170284
2.953069669601261
-2.981606753978167
1.0124396913968003
0.9846160702017032
-1.009151369355791
0.9993836196259267
-2.986007502829964
0.9950779109015797
2.976654527896619
2.9900054933927276
-2.998528460767259
-0.9914421108258065
-2.988928242962807
-1.0298676581875235
1.0060178631653118
-0.9959522436234078
0.9970696017272395
1.006911670833593
2.9797572124523346
-2.9799806874965107
2.9994679286060117
-2.989328822338835
-0.9972121452397579
-1.027383252490151
-2.9698562542056552
-1.0066196713790148
1.0053723208489775
2.9657290502051605
2.9839432201769815
1.006176445365832
-2.985446919397823
-0.9958114012761773
2.98138174577106
-3.0113513211109004
-2.965477502039443
1.0000267704849157
1.0026547709143094
-1.0443858059811744
1.0218891710531735
-2.9990110115194786
1.0181554152184324
0.9923749932082837
2.9919834825106135
-3.008120695772145
-0.9790324581618363
-3.0130100770929253
-0.9966315715944731
1.0002993768973767
-0.9913504981534061
-0.9918670206887308
1.0220076299874634
2.9813395507794698
-2.9651395236946962
2.9903240585706343
-2.9946394503949176
-1.024187218594449
-1.0021056357557288
-2.96397371256836
-1.0042404211247253
1.0122130429957106
2.987517122149701
2.9830238988785513
1.0355933133037565
-2.9832124083673923
-0.9998522624043046
0.9896655454809884
-2.9917899072775183
-2.968902056156652
1.0212687147489845
1.0043634045223453
-1.024041026108152
1.0044108962876397
-2.9825769053810807
-2.967674000493274
1.000685123922258
2.9983918684751476
-2.9986824734869346
-0.9652544793779418
-2.986904743603163
-0.9941679041489442
1.0011106648135826
2.983240659153052
-0.9739514185563115
1.0163717102410044
2.9728517989787524
-2.9784543512316484
2.9823889194822097
-2.982103450919618
-1.01805719015301
2.9763464890882227
-2.9691524650198655
-1.0008690733592729
1.0123472308562669
2.9983208580398326
2.9828508625606607
1.0362720775566476
-2.99300555764388
0.982777588574387
0.995730752718653
-2.9862048527749514
-3.0015887728553565
1.0062720341838867
0.9899476742357888
-1.00214918772105
1.0165627828565427
-0.9770813875060731
-2.990662951857894
0.9964443287614531
3.0143241627986717
-3.0009412731768568
-0.9811340655839603
-2.9864479489731663
-1.0155358399136298
-0.9870669997941851
2.9739729554062073
-0.968442671176965
0.9994085075933444
2.9604135974778183
-2.9741972589495917
2.9687067350800764
-2.9692099265468954
-2.9842879031177896
2.9496576065889855
-2.9721560777967464
-1.0089301127480639
1.0069292691364422
2.9878620225716372
2.9776074525629217
1.0146425036593683
0.9819470053601794
0.9818276607577603
0.9977246812107103
-2.9995197368973474
-3.006189773692377
1.0036241777597918
0.9786733943141096
-1.0023564782844239
-0.9562067513030372
-0.9843633549852344
-3.007659091023596
1.0001471120916305
2.992663572452349
-3.0070563219239923
-0.9960935728388668
-2.981031336978237
-3.029615072685759
-0.9866174388065724
2.9837067144833043
-1.0004141773310766
1.009879441828178
2.965435320997719
-2.9790378010796315
2.9618821499752666
1.015822972172646
-2.972088444381321
2.9316205488102733
-2.970526423291921
-1.023096138346389
0.9806612156899873
2.9919078281710694
2.970353616401649
-0.9847684307556336
0.9849754893831755
0.9856589100848245
1.0062146316417613
-3.004405313425994
-2.985301820224465
1.0093765142182234
0.9808504478605851
-3.0128362166821354
-0.9552463972164977
-0.9961180515517677
-3.020958100736964
0.9927838001885475
2.9969693772774115
-3.002795616792235
-0.9942922733757035
3.0009537865017073
-3.0226881274449373
-0.9914467956982018
3.0059076335726154
-0.9980039416829498
1.0056665310728863
2.975628090476195
-2.9628615472759607
0.9754624877675644
1.005107096817325
-3.0034940273675987
2.98110765654262
-2.9834541636673815
-1.0076693507141226
0.992517690757122
3.0003603621261603
-3.0062164256987427
-0.9688250569676772
0.9986228348126651
0.9903076088837813
0.9989907557302629
-2.9700152877568344
-2.9884742719631934
1.0107011055659567
2.991184191715593
-3.0227288597043827
-0.9720699014304237
-0.993311874012745
-3.016339278002781
0.9966776568619266
3.01599247721952
-2.9944881963520342
1.0088444626268152
2.999622329106473
-2.9930605531465826
-1.0052260537096065
3.0083201849815886
-0.9928094129805575
0.9936909684371733
2.9827328181960193
-0.959634813892958
0.9871543181260373
0.9886546916757454
-2.998346695849048
2.983995575122183
-2.971887117832578
-0.9990318485590463
0.9996467650525996
-0.9744180802545002
-3.0001295235905663
-0.954292663684203
1.0067735900953556
0.9674197143672988
1.0236067796399393
-2.9928676293440892
-2.9810314979502492
-0.9884980067715605
3.0003192236613656
-3.0116711843235864
-0.9856269062625848
-0.9904932057212231
-3.0038970500833955
0.9993457686603051
3.0224775997600735
-2.9950597076165804
1.0155296657192925
2.9901187071546573
-2.9929759569192615
-1.0153627279327873
2.99201424885408
-1.004974617936791
0.98796489788379
0.9950227677067927
-0.9678875711813347
0.9805998046522308
1.0265757717410293
-3.0138854799349004
2.9786380412260356
-2.96909431521004
-0.9962178983901654
-2.9950824797082847
-0.9793783521226477
-2.9845807121439383
-1.0059516874374506
1.0014307263801858
0.9843381672798595
1.0009457812404157
-2.9895880789864173
2.9919947334480566
-0.9938221566587143
2.9847976593596455
-2.988597478858681
-0.9544729575625773
-1.0415621609911163
-2.983024862068043
0.9948346641955305
1.0195928135059251
-3.0047101487626833
0.9999958186334381
2.9949872871653174
-3.00507687277866
-0.9928554728757762
2.994265271338509
-1.019654750443364
-2.9847966740848606
0.989917978823305
-0.9825886303346676
0.9689267027310141
1.0322732424544672
-2.991048950676306
2.984385636315418
-2.976760188085071
0.9926445492740319
-3.011299283272808
-0.987780819976439
-2.997408961731838
-1.006856155461389
1.0002127305052861
0.9897496579164948
0.9986532667530024
-0.9818391444475096
2.9848550672600895
-0.9917590653785963
2.988311051841966
-2.9987784511279343
-0.9449806537813106
-1.0280057271573209
-2.9822119414032002
-1.0035555013938129
1.0046137212482575
-3.013120419092709
0.9927319691714823
2.9962717415518405
-2.9834644146095117
-0.9960851634580196
3.0032736935755633
-3.009891096006481
-2.9725471704710005
0.9901772541136776
-0.9895674205595063
0.9559744079046085
1.0191453107017427
-2.97189187736636
2.9996258601556085
0.9984628461999617
0.9875485167850281
-3.012561307813227
-0.9838693136599111
-3.012743554827237
-0.9952541072420464
1.0041344231579428
0.9916818808744028
-0.9804066899069585
-0.9743311385234973
2.98215839115607
-0.9830705417469706
2.9856831219780204
-3.0075279127300574
-0.9712218048648406
-1.0050466376075984
-2.9902563704349068
-1.0040139303658422
1.0067561050660134
-3.005321321791746
0.9941833207692847
3.016955178090509
-2.9824299797553357
-0.9946326782684968
3.0023238356351176
-2.9932174856909337
-2.9757011206851507
0.990434640092656
-0.9817319542941179
0.9580083410633403
1.004660668483595
-2.963270622132113
2.998010084897961
1.0000375722061083
0.9873022651338567
-2.9960225929386803
-0.9674486458589239
-3.012174429709779
-0.9880692643363903
1.0025939144406615
0.9903906067908874
-0.9687932667611835
-0.9855984643063039
2.9817780395397215
-0.9817511787823243
2.987373354566802
-3.000033775890476
-0.9950409625743113
-1.0014900469809762
-2.9967098906847074
-0.9984105377299622
1.0263271225450343
-2.996387196258048
1.00893138567368
3.0242922981511464
-2.9949342255043745
-0.9951599592319038
2.992579498968911
-2.981401338720269
-3.0085148581324654
1.0000390458623598
-0.9810276002431635
0.9750259397428935
1.0167142491633065
-0.9879588073909292
2.9825755698902245
1.0056455955050232
1.0165227546672393
-2.9869306442176398
-0.9755413867909236
-2.9904588944925226
-1.008998199248048
-0.988205579119233
0.9871200777623638
-0.9794394474728406
-0.9953232554096944
2.9852383868239607
-0.9620868366061968
2.9857727440336723
-2.984102426390139
-2.9796758318986916
-1.0223157467307005
-2.9843960535309777
-1.0272044715117639
1.0322234927994627
-2.9990517216547494
1.020411053408708
3.0080246298884044
2.9719955185104596
-0.9967174364629625
2.992720120964916
-3.0195091888838608
-3.000434696711282
0.9679518799993984
-0.9851330890961916
0.9836108608388946
3.0289135419675612
-1.0050650029681243
2.981392163685285
0.9720283561591954
1.0052544668316648
-3.02328839176231
-0.9800797346302862
-2.9800279280909283
2.9538626494620335
-0.986408866879007
0.9953785755316423
-1.024503370100576
-0.9873233832994889
2.9502928000042172
-0.9839727745956041
2.986373788725001
1.0018466384306266
-2.9484327718798093
-1.0460258650956542
-2.9698066792091136
-1.0462687068745002
0.994821814241065
-3.008733109186017
1.0124048503995464
-0.9925290391909847
2.9782482061988347
-1.0035802530493108
3.020613146648805
-3.0304231108056325
-2.971397376727896
0.9418915410980636
-0.9925240958712377
-3.0116240950179014
3.030077720963605
-0.9922492660276061
2.9613737271799923
0.9814905751251652
1.0053976479826332
-3.0312157002465145
-0.9863963509405048
2.9836560708478097
2.9616122975649812
-0.9884067396959385
1.014022951416652
-0.9996045036586325
-0.9957763593456272
2.9689740321922033
-0.9967481175160078
0.9917478003333451
0.9880403540808249
-2.947413746047314
-1.0038332915697898
-2.982494618225339
-1.0105664107697487
1.0004708777953462
-3.003907746466613
-2.989951083142147
-0.9880056834950992
2.99507601506984
-1.0062063556791307
3.0410233705860907
-2.9888326576638695
-2.9689533325132564
0.9506003621909862
3.0013636373871413
-3.0261439063347955
3.013507842424848
-0.9975942109814766
2.970112980662487
0.9877592909750117
1.0319237562030832
-3.01522801219934
3.0001917684650246
2.966619809458172
2.9917760418617823
-1.015887270409094
1.0217761901833156
-1.00958174882909
-0.9842296096034476
2.9826774556347866
3.0088530968895153
0.9912096013903964
0.984996375195586
-2.9917463615855784
-0.9936381491221112
-2.9963804704226864
-0.980686940300694
1.0140408462147066
0.9992421671185805
-2.9922579174276187
-0.97331026314148
3.0094578480084895
-1.0278966478489302
3.019316358148323
-2.9973776788373674
-2.9594213810898866
-3.01083843478054
3.0160101029921678
-3.016594214841921
2.994270645151333
-0.9977871424665105
2.994607349280405
0.9614982316629026
1.0480636174036833
2.972609482674772
3.0122262981599808
2.969600167617895
2.986377476990346
-1.0245979954782514
0.9974070866574265
-1.020600180550829
-0.9836366684290598
2.9793744892698717
3.034718167779723
0.9941322406140418
0.9816937282703795
-2.9899480285545326
-1.0091935674991086
-2.9963354433595284
-0.993686545401166
3.0031082534590006
1.0074994985255
-2.9673124278963208
-0.9865336083358628
2.998153973616979
-1.0475185310640929
3.01983451757847
-3.010766263279705
1.0208678002284781
-3.0026430055826157
3.005710734245969
-2.9766019896692235
2.988744126095396
-1.0163693454593226
2.9983586308511985
0.9381096232439237
-2.948890893710513
2.963803610236839
3.017063792695818
2.987264614831771
2.9708141325317388
-0.9850920007826801
0.9641736899627653
-1.026866670685075
2.9961486370322277
2.967988492844534
3.0331470715565336
0.9740731631270633
0.9913816958168923
-2.99498352862798
-0.9994797196421712
-2.9894810904823577
2.9571462356803733
2.9874832600909165
1.0020024478616403
-3.0058713958707526
-0.9709547813374348
2.9729772920027604
-1.0359990845312805
3.002385006364172
2.9691317174700833
1.0114507953795482
-3.016772494472395
2.970350358714774
-2.977382632183319
2.9431037766950183
-0.9858911191447158
2.9990238494109587
2.93596140147531
-2.9703081027874902
2.9505618338280177
2.9925603333528867
2.9721808470807245
2.9486225276626925
-0.9805101530833852
0.9574129789484667
0.9793637438046021
2.9947735762063807
2.9632841253899405
3.0034968811299394
0.9637170047142501
0.985247913654687
-3.0202977971496052
-0.9827512953277994
-2.984390963887151
2.952590533179988
2.9778217186390576
0.9938799293961558
-3.01056039140656
-0.9919881643027549
2.9764358532079394
-1.0145287473937938
1.0030122957827163
2.9865627284382477
0.9977021132722764
-2.99120653597691
2.963927672826238
-2.9794510536980914
2.9540246247970225
-0.9915946643642738
-2.9724712513980545
2.9614161389417903
-2.9726352465534798
2.9532477129102164
2.991687819072621
2.99396760552661
2.9570300553589273
-0.9842038076753625
0.98020288035585
0.9940902705100526
2.9967225310615335
2.9626726974529127
3.013015028519827
0.9699615345741468
1.0033259838206587
-3.0292203267829443
-0.9763343674460166
-2.9877936044249305
2.9779164115690873
2.9887716250296417
1.0062989432632377
-3.0087024059902623
-0.989159418835658
2.9979443436325584
-1.0035763249619254
1.0154359247357292
2.988236338017842
0.997172795664198
-2.987093296881979
2.982786420002852
-2.967707031867925
2.980538208175753
-3.0058150708393794
-2.971422466179384
2.97460813283399
-2.968367578804777
2.970444941717155
2.9929932973923234
2.998337212474329
2.9779825233891812
2.99684824007126
1.0013726956866966
0.9971692834880795
2.9632591630871343
2.988087129444526
3.0069199322271647
0.9964079829576425
1.0008059386722337
0.978563430999423
-0.9878497705471548
-3.00473508452766
3.005317464899644
2.9885041960966485
0.9938022261797438
-2.990685032604876
-0.9858238007430076
-2.966978668229564
-1.020605778935643
1.0305907699495367
2.978276205906609
1.0076594165053745
-2.9780057475670643
2.9699819109516694
-2.955352301466288
0.9938449964879742
-3.0132964427547333
-2.9793560337669853
2.958937985614914
-2.982804847587608
2.9841133527922388
2.996646411819988
2.9997607063258322
-1.0110815655627976
2.997139948993416
0.9871960489561045
1.002762100403747
2.9641198622070295
2.9980290943438788
2.976033395338046
0.999428801020352
-3.0014077412310356
1.0021195660269582
-0.996400709797018
-3.0398752940422265
2.993847592485261
3.007773289346439
0.9951080080916517
-2.9887059245537175
2.9969550779867062
-2.9835918773076804
-1.0331508814251
1.0162269595095037
2.9915522772891845
0.9818396182436383
-2.9756405188413675
2.959683699311418
1.0255876360269185
0.9680561571953622
-3.0068966867816806
-2.975299334124311
2.9578636866202346
-2.9919331797639415
2.9981814501063773
3.001744230716541
-2.9820401124451204
-1.0371144828557113
3.002146362120335
0.9725089940406215
1.0072624307884839
2.98603535129222
3.000171471752428
2.9689703915524195
2.9759292477813033
-3.0113080630186477
0.9983722471598164
-1.0193997227711598
-3.0180347327766883
2.999029569984421
3.024796065804223
0.9947443768635224
0.9839200717103695
2.993245387352255
-3.014120904661643
-0.9911972223192498
0.9980611558932273
2.978649578568564
0.9870103808020344
-2.9560842385819206
-3.017336948079495
1.0098541680713535
0.9478813197186372
-2.9768667976592367
-2.9836211125008285
3.0221454960598018
-2.9950151158486915
2.9885311069156613
2.999088938275274
-2.986893067324771
-1.0463852428747338
3.002096456039911
0.950434340712605
1.0178464090902675
2.985157897358149
2.9999248847335958
2.9887641451460683
2.9617441061991676
-2.995845826368393
0.9741346804248591
-1.0034212886369787
-2.9900836981341516
2.9949435313971993
3.0168627148544784
2.977656722522822
0.9778125893950521
2.9968124340987923
-3.0309773693114623
-0.9825633401661432
0.978465001816494
2.983625834633845
0.9899832490403766
1.0459693375997596
-3.0079589979479184
0.9948518739704729
0.980082554291526
-2.9908529622272773
-2.974064336954371
3.0194492789783087
-3.001085313854922
-1.0093311714326034
2.992186233240819
-2.9913014420590973
-1.0213136368060003
2.977712121809292
0.9745407147774389
0.9967025294534683
2.9944340775142892
-0.9917185078759351
3.008780406804538
2.960230602924588
-2.9728996478296996
0.943280976405654
-0.9815226040768869
-3.0052592039835617
2.981235738512067
-0.9847105396821547
2.9736794516224747
0.9784705495740526
3.035821960762253
-3.033736885891241
-0.9763003452193181
0.9595511780823865
2.988570615471022
-2.989056042266583
1.0382147162016122
-2.995371521362864
0.9829472900813535
0.989525217779566
-2.989916700271524
-2.981939202022917
2.9911562934272533
0.9708030055232649
-1.0086432937654453
2.9800852165913065
-2.943291867885746
-0.9991785864774357
2.9583818518327676
0.9838607026481416
0.9802671342129268
-2.9742652311608606
-0.9970737886974348
3.0004934616962218
2.984806504126856
-2.9832863043858815
0.9957952627713978
-0.991391557541936
-3.029799220368187
2.9781498973407934
-0.9904704785163648
2.9775599117857547
0.986443631109788
3.0496837852635794
-3.0126580905586557
-0.9796458058165187
0.9656698038244502
2.9895061967480174
-2.989897941070114
1.0145846966754182
-3.0112595563680533
0.997996697558291
0.9963111229055384
-2.9867460400718575
-2.9868003746528196
2.9818505031393916
0.969827444053465
-0.9924463606843441
2.9783135406328873
-2.961230738242154
-0.9967933918234818
2.97552000087985
1.0006316200667587
2.975951758502936
-2.98049512667467
-0.9826478318626796
2.9525033020152476
2.99488036781877
-2.9898076488198257
1.0052984684821271
-0.9871338224545906
0.9484500750198169
2.990567895213396
-0.9789220067314914
2.984122801753647
0.9799487852734959
3.0069594264281077
-3.0035879224746944
-0.9612202706050482
-3.003222510267119
2.9846192609819995
-2.9897270011486032
1.0043156963749722
-3.0163198022198583
1.0078097346004082
0.9805662636065803
-2.9828193350834855
0.9964942515691348
3.0060877439344758
0.9773787739779249
-0.9643316816224753
2.970345787701427
-2.98448961962125
-1.0029934390881323
2.9933393881804555
-2.9761878794441134
2.9925310009823054
-2.987283852773412
-0.9942827640381162
2.961021907893544
2.9958112274290083
-3.00578744008805
0.9984629827428749
1.0058207831607644
0.9701163289847204
2.9971610216634064
-0.9559095625058105
2.9887591130709863
0.9528670029397199
3.000187219109304
-3.0212710761272805
-2.938330634073924
-2.9990761244687794
2.988230946310743
-3.0121846503385474
1.0108219903834803
-2.9993431460716486
1.0000951328895673
0.9723006520910819
1.0014283332459732
0.9988610049597892
3.0233495361465703
0.9878627388269539
-0.9607056610516688
2.9536013447878107
-2.9859828601232867
-1.0125455048010978
-0.9951286064647333
-2.987743716746992
2.996225988883867
-2.978809503005604
-0.9883045361912282
2.9840326275693903
2.989150932010799
-3.0024587929427202
-1.0017500833387407
1.0026146137337673
0.9876661212129962
2.9949144044761598
-0.9769345826996659
3.009197512618119
0.965877302953955
3.002815295059729
-3.0343444885617274
-2.949308542086077
-3.011962966525735
2.9894054690068086
-2.992104797063468
1.0181343973026646
-2.99709036060643
1.0044347355256078
0.9780618172537673
0.9976362024957638
1.0027389522429038
3.0143396926748998
0.9895911588265943
-0.9835168965196853
2.978300558155548
-2.972975246812432
-1.007005276922741
-1.0167114573074434
-3.003407187470384
2.982994444407904
-2.961086334588707
-0.9855982613384213
2.993853797753238
2.9901192412260627
-2.9903550117682696
-1.001610432669575
1.0003326926610177
0.9642401949227389
2.982350908586562
-0.992555266670745
3.0208609296102504
0.9862787017187747
3.014546854290512
-3.025227797742378
-2.969231402298837
-3.028086061444867
2.996171860605675
-3.000460101876962
1.0195573682103518
-2.993675157268292
3.004119574690235
0.9904787932010853
1.0031184942063853
0.9763702988841217
2.9913808219439986
0.984537922799652
-0.9954449699240718
2.9805978309042267
1.02637991201533
-0.9937760560469674
-1.036236195281576
-2.969538804726291
2.9593036917406548
-2.974354381278257
-0.9934965947958614
2.991189844226871
-2.983907664277652
-2.9868488513887668
-0.9875396242106984
1.0035238769924624
0.9386994431622729
3.0092960730509613
-0.9975660860048314
3.009896445217855
2.9747086746850915
3.020779874078554
-3.000556735083479
-2.9839291490696573
-3.0371359423883995
2.993671851156057
-3.0134525629980153
1.011266361110717
0.9891727843508147
3.0040467583280797
0.9835736739046247
1.0450319884934776
0.9856479104118622
2.9723182356060467
0.9683722009195175
-0.9841329382309624
-3.0184003048673094
1.0244627750735555
-0.9928842989844754
-1.0126655279367487
-2.9851486122485613
3.00836836636103
-2.98473651119374
-1.0035844688171072
2.9806835577761293
-2.985825477477773
-2.996699680092029
-0.9836416969697691
1.0191548593116893
0.9507709925862583
2.9947506058378317
-0.9735311525203618
2.9908870149106206
2.953588842341647
3.011466592218224
-2.99695699848304
-2.9766471868502524
-3.020774742285266
3.0029683261935776
-3.012588178440929
1.0061409734347826
0.985297778048797
2.995615507924586
0.9704092691259482
1.0467142556255429
0.987671664745557
2.98340077984019
0.9678283537240656
-0.9614891261963688
-3.03458487579901
1.0072670095030254
-1.0081834690700915
-0.9930930754427378
-2.9777088921478203
3.0331192158345317
-2.996025680197536
-0.9955850861775631
2.9762639702878664
-2.987501426701869
-3.0107508917322523
-0.991083150320689
1.0011837174898663
0.9782662790773092
3.006846562363514
-0.9641404984359784
2.990862038711523
2.946662495041334
2.9920038620786915
-3.010537941391933
-2.9694454425118213
-2.993175046960021
2.9839913284855006
-1.0033706891472782
1.0115255369438145
0.9828889609157314
2.9927171362420704
0.9617104822075758
1.0188032052773706
0.9792553494676625
3.0065116791232054
-1.0036187872604387
-0.9597677391772925
-3.0218791465939265
1.0111313559829307
-1.011512002905322
-0.9972215615989402
-2.967410339974095
3.0201886968825664
-3.0034710685881345
-0.9804632057597301
2.98072898444852
-2.9629263030930546
-3.0115797677969205
-0.9848527057022533
0.9829471045688655
0.9826705187865703
1.0372971000159321
-0.982981839236022
3.00119577107051
2.9833490938068694
2.9914395659768727
-2.99798366342647
-2.974498148893701
-2.9941497712817196
-1.0190772661870338
-0.9949899706865254
1.0124133597258453
0.9896872819437867
2.999174569258696
0.9920544424634514
1.003586331735045
0.9702680239250087
-0.9716169447576831
-0.9908188000415327
-0.9892824331674697
-2.9931919544477847
1.008709810082906
-0.9990514815367643
-1.0158018778981848
-2.9676360337206433
-0.9933611560000948
-2.997690939512998
-0.9855558432627891
3.0178882637435325
-2.9879247554006
-2.9860546256955467
-0.9938877472832051
0.9857952740404641
-3.023203961317504
1.0391276196523351
-0.9969888526022695
2.981772029176138
2.9818728728703547
3.0232760250230344
-3.015370680361006
-2.9790524125891467
0.9622885893009704
-1.012159653743968
-1.0136452173014687
1.0356404101665642
0.9940888705229818
2.9784922381531476
0.9916368107395132
1.0112176633873482
-3.0079132380883915
-0.9921653415101712
-0.9958137244656907
-1.0141189543895675
-2.9934061385074116
1.031861600711953
-0.9960576988792659
-1.0210393523453412
1.0042123469948194
-1.0016055542682853
-2.988074202907162
-1.0011177142291554
3.030213838199378
-3.0139607801836243
-2.973028343368195
-1.0028625176926926
-0.9886661336338487
-3.043348136811031
1.0186635687226355
-0.9832260279155817
2.984635812216075
2.9852138403090933
3.0292274294578503
-3.0090693058713947
-2.980779444840611
0.9464614947937393
-0.9865218220538184
-1.0361467481107056
1.0114933813201923
1.0198690106615256
2.983766370539589
0.9955038287506938
1.0237745619114333
-2.997065554537863
-1.0119347253019468
-0.991915686387007
-0.996128135969964
-2.999248327802416
1.0080603804895918
-0.9783416170980348
-3.004113130829962
0.9963748934233821
-0.9669181585594495
-2.991371064298303
-1.0049829601850226
3.029540421141794
-3.0023106961896295
-2.9644882370757193
2.9760007979340792
-0.9798372722535942
-3.024603997537497
0.9943391701380611
-0.9494654422876767
2.973748546159008
2.9984846781708416
3.005830111935633
2.9790638891102534
-2.978058673863253
0.9684654461752658
-1.0072735823218453
-1.008502945492023
0.9928417695310943
1.0374082470164823
2.98598084506835
2.995065668370901
1.0242389921352482
-2.989430083943941
-1.0363502151049195
-0.9852089570311162
-1.0121463082781064
-2.9767846203991706
1.0002434710031642
3.0059136010670655
-2.9931593623541475
1.0151393634535488
-0.9936215210758369
-2.9894013013888996
-1.0233529228992257
3.0142578683586314
-2.991023933667401
3.0077162046208055
2.9853594423118075
-0.9911661997536966
-3.009470225442888
0.9861721832570175
-0.9969781791104368
2.9786943652322604
3.007506885317439
2.982344134213499
2.982366254649858
-2.976889102329388
0.9999932750774085
-1.032798095034849
-0.9931342284188784
0.9836647548539581
1.0163471241801925
0.9899045652803874
2.998732506604009
1.0095316529936131
-2.984189566761932
-1.0170792855117292
-0.9841436929610222
-1.0294641993208193
-2.9757831990168753
-0.9719611949781604
2.9878429231740498
-2.996025410289051
1.0337821205054651
-0.9875397533476118
-3.001855177731053
-1.0106229180643578
2.9977792229001463
-3.0000400978767545
2.9982156394173574
2.9897097355578417
-0.9927428302400894
-2.994968396577358
0.9956169916402597
-0.998489374650734
2.956214668501078
1.0156046671106422
2.990792488825294
2.9656417066899983
-2.973598811830993
0.9985850289695395
-1.0153043062784657
-0.9946472716883107
0.9878664034465591
-0.9966440765636897
0.9843026250687407
2.991441148360355
1.0016423722702794
-2.9888133973402473
-0.9934758083087502
-0.9825362676962508
-1.0269100746272013
-2.990557837891701
-0.9516262666254036
2.9717309909602645
-2.9994483575484607
1.0220839562387645
-0.9971875086902926
-3.0053081394180263
-0.9993784926786964
1.020311005707954
-3.0163317705283497
2.9840889882080814
3.0349052268216994
-1.0086104612686138
-2.996923477583618
1.0005327483795747
-0.9917004867312675
-3.0248931867567506
1.0053675409714289
3.0189602604616477
2.9648568475144814
-2.9842792440896577
1.0226122562091697
-1.0097724535932222
-1.010856970925187
1.0009554774949039
-0.9904846357028793
0.9829851473293362
2.9815583675312567
1.0256005583089471
-2.986880056579857
-1.000204318121731
-0.9747036755329792
-3.003764828491274
-3.0023036373632266
-0.9564406714456494
2.9786990404565508
-2.9957940477920695
1.0052838449671173
-0.9950758082712636
-2.990137651371396
0.9847639030859093
1.0448157759436523
-3.019011820303223
2.9885160354358713
3.0177046856715433
-0.9974292851271656
-3.010406214904876
1.004870533962434
-2.9789594152002477
-3.0076706574886125
1.0058406435862572
2.9992927051817158
2.9743811367470596
-2.979487643747171
0.9949992449045456
-0.9978804566028102
2.9601489572618873
1.0051494770730247
-0.9595823034097877
0.9722982620469364
2.991547506542103
1.0008296939652033
-2.976732010695381
-1.0178813194110254
1.017431870552041
-2.9953202061083863
-2.993439244817526
-0.9814480981721282
2.9834645595071767
-3.0029169183516697
1.0074539027227765
-1.0016613380289365
-2.9779042347385407
0.9667275262436283
1.0484315465171214
-3.0027519583154323
3.0061002288308765
2.989864164800737
-1.0003097544665052
-3.0140291332678912
0.9987919007330536
-2.98235272536331
-2.98977438687781
1.000954352670201
2.9771672413344206
2.9793123513271915
-2.963322940772366
0.9816924731920672
-1.0073748274893528
2.9678157099527094
0.9942262563350641
-0.9480636559173862
0.979269726528452
3.0010565429801828
0.9791074611569998
-2.9809100095665415
-3.0144449620282616
1.009479812317497
-2.9986993865946374
-3.003576497132462
-0.9850969567599754
2.9834265567330505
-2.9991974562274226
1.0342152192613578
2.971941282583459
-2.9853708228865687
0.9758698895847445
1.0076661787163785
-2.9750740494208485
2.98254613570656
2.997794572524982
-1.006026441065644
2.97434659508224
0.9916673888341868
-2.9892739515662528
-2.9969093816150787
1.0226261881679473
2.953836785558214
2.989699322778114
-2.9564529151363805
0.9965886087820746
-1.0256670590636996
2.9882589953797996
0.982562673371979
-0.9424055105948347
0.9785537806240894
3.0184948794966053
0.9733875458091231
-0.9932638927108394
-2.9997026879046462
1.0019400110245889
-3.007517389612444
-2.986026110373701
-0.9666968552550097
3.0087021430899044
-3.001881535410059
-0.940008306408446
2.972112109788842
-3.0067725818974895
1.0024457416410153
0.9942673093463381
-2.9792203509255395
2.9821515418472577
3.0248301775193576
-2.9990433429120302
2.985396602038746
0.9997528413476713
-3.0049927721835528
-3.011506635810062
1.043273232397489
2.9772407382996926
2.9829465244581352
1.0161447032621085
1.0214473292283646
-1.0289483270650586
2.9920316185968634
0.9769562171237366
-0.97774791363732
0.9797286969325643
3.0198207175165694
-1.0003667706900854
-0.9929548409404388
-2.986518346188156
1.0055736272620506
-2.9950373384920406
-2.991353641306597
-0.9600198766787769
3.008446762952028
-3.008777671346787
-0.9542129532775192
2.9815906618481725
-3.005027248102662
1.0053826098431624
0.986920133146735
-2.9881021576459745
2.9744265922076063
3.0422744969288926
-2.994344299174791
2.9779700230898434
0.9992057107223397
-2.989508449291641
-3.0204371709692386
1.0291712844420726
2.976180358328027
2.977489568261811
1.002043021873955
1.0168843060733732
-1.0170936954869838
2.979176443467666
0.972868750012482
-0.9846569122669172
0.9711496766214661
1.013861370683583
-0.9829069277607141
-0.9927470807121258
-2.9878206691685123
1.0056069149557312
-2.9875041179533177
-3.01228503765952
-0.9761618993536684
-0.9962850846882305
-3.011324544556426
-0.9871398367748692
3.0166784020280133
-3.0064652340766345
1.0063859355851394
0.981974106393666
-2.9937347706821305
-1.0142282296782283
3.025557536129754
-2.9949752093047937
2.988820861462652
0.9875063784787855
-2.9631486966109017
-3.029241095018498
1.0139070734075384
-1.033290811657419
2.980546272326697
0.9971588838168994
1.0327648811344348
-1.006916386359579
2.997837468755939
0.9693266224349969
-0.9829655229707157
-3.012346032458597
1.000797016965879
-0.9831220708460846
-1.006585402645042
-2.9825217366190646
1.040659017826442
-2.992471792407442
-3.0116207680371576
2.987174398441952
-1.0108201873734988
-2.9980062708914708
-0.998589728911613
3.0326055078648784
-3.018708202263316
1.0286048645949568
0.9908858788766558
0.9956090164193592
-1.012251959093054
2.9958090571438647
-3.011449790028181
3.0041333825169962
0.9898775350408694
-2.962539816174231
-3.0116350929807547
-0.9742859035740649
-1.0487435918323094
2.9850290732287
1.025350432528476
1.0031732683385985
-1.0101625043729292
3.0173986296719524
0.9874086594220978
-2.965291612683803
-3.0056872179684886
1.0202824209075037
-1.0442835976294753
-0.9938700718622787
-2.9671138384157856
1.0228917735543668
-2.9877202298509795
2.9816745631542196
2.9921750404931946
-0.9952364860968996
-3.003862208751084
-0.9684989133284053
2.967259960961123
-2.9963712026710576
1.0404118636465571
0.9935618921556304
1.0040388787052303
-1.000089235709959
2.9932735740241467
-3.002793229794053
2.9974655948281863
0.994092593951378
-2.9842976659726306
-1.0075849694221863
-0.9560002945744008
-1.0326272104302028
3.0038230197538427
1.0349292396080583
0.9941640023030965
-1.007606784928408
3.013780294875333
-0.9971474489342116
-2.963790725071093
-2.9960383870356004
1.0170205877185783
-1.0278799259694247
-0.98737086786151
-2.9707250612893112
0.9967637714652655
-0.9961990114273007
2.9933141766638873
3.0066989032138203
-0.952271215569742
-3.000100752157357
-0.98573564147275
2.9726038550614593
-3.0128971378076863
-2.950506049016922
0.9868373127155646
1.0104148774340185
-1.0203192980143838
3.0081531673176034
-2.9646671508901132
2.9863414420612564
0.9752720726123114
0.9915835575762735
-1.0190181322571772
-0.9564609638311414
-1.0046563877879313
2.999094389786459
0.9959322892540868
1.0084631574329475
-1.001860630732536
-0.9925798648608888
-1.010963269023102
-2.9775156361245134
-2.9912340090378207
1.0218403740458577
-0.9966683606041004
-1.0030381527392476
-2.9822869476189036
-2.9868207733249745
-1.0000195128522256
2.991471639926586
2.97275608483428
-0.967870919458998
-2.996907609701955
-1.0001525983589175
2.9922019376476867
2.9413932558271236
-2.9680652154753955
0.9839136024830756
0.9809915432729409
-0.9955440182681086
2.97026461059566
-2.9645923558880005
2.9839802992798554
2.9508934598272507
1.0099218180394107
-1.032905141059701
-0.9823053080190495
-1.0102791886121125
2.9620583007302743
1.00000460053161
1.0227322768051246
0.9939666151142659
-1.0042768984286572
-1.0250592430258554
-2.9853895829782466
-2.9804944371298534
1.002328999369975
-1.0032004475411962
-1.017490238870226
-2.989445987469601
-2.9612612192023966
-1.003925819096579
2.9767235341215623
2.964692457806617
-0.9882402678959923
-2.988834334431655
-1.0049674112969815
1.0117691045275523
2.9437997262773528
-2.9802859907489747
1.0257560628244635
0.9738569720184826
-0.9943540084609267
2.965935093538112
-2.979816949006029
-2.9871215840132406
2.9586665150220988
1.0308403549528584
-1.0458606282857021
-0.9900152020402635
-0.9782453418266895
2.9510863036270814
1.0073036698172204
3.0150266862260495
0.98885468275842
-0.9842001479779856
-1.0199897492518863
-2.959024787703359
-2.991158583037836
1.0009119489007905
-1.0053043764102436
0.9763941838131415
-2.9823520660942062
-2.9476474584050827
-0.9991044658614461
2.9859530134974817
2.973971202738695
-0.9610756016788372
-2.9827390886238847
-2.9914045422736906
0.9982241958837647
2.9721813041603498
-2.98555786039326
1.0451392213019604
0.9869478620419341
-1.0037624423331712
2.9745686215163953
1.007628386675961
-2.9821393686895816
2.973445002488679
1.0506526596547188
-1.0242719238382034
-1.0042985409708727
-0.9560718998695497
2.9737588272695756
-2.9720815884706515
3.0016698643898474
0.9851745212073187
-0.9739041642423268
-1.0130996816727404
-2.9311435655605007
-2.9966598863038345
0.996645732528651
0.9956771191398334
0.9903155179267327
-2.9701478977976477
-2.9722208080171026
-0.9789914829186703
2.9928246992901157
2.9786429578837326
-0.9415481074192895
-2.987468208840368
-2.9812540342060134
0.9824229997187042
2.9848718256377227
-2.9846974525259413
1.0214858110237082
1.0071541958772254
-1.0044559411543732
2.9819092062501817
1.0230860105983015
-2.985767489172043
2.971339907320089
1.025460110360089
-1.003935359755026
-1.0120499076685157
-0.9661101712100673
0.9968360387735342
-2.976684456325009
2.9880663542275254
1.0110391583904856
-0.9771825856634856
-1.0244386004034864
-2.955747864842478
-2.9961660941922426
-2.9829721480973372
1.0029416053997087
1.0041578245328455
-2.9987568182857913
-2.9918826575835022
-0.9575627914923038
2.9977019093043062
2.9641939155114367
3.0277467993172964
-2.996947097422859
-2.9788811539394224
0.9862451642234217
2.990530038353785
-3.0165300141562876
1.0088918747809659
0.999417952005864
0.9949919676798303
2.9776511585911387
1.0299579620750756
-2.9878434816680275
2.9655929250757063
1.008418004735573
-0.9982117125629286
-1.0046041893266942
-2.9817111007292194
0.9819928811699925
-2.9795050501593985
2.9824280239816345
1.0300188211656622
-0.9951514360366074
-1.029327110196714
-2.9852934130322275
0.9869932659355839
-2.976890527523536
0.9898763079863713
1.0395743861474596
-3.0016227206348525
-2.9951631116846658
-0.9603528923450496
2.9846089680786148
-3.0212399523468347
2.999965373281272
-2.997810176789169
-2.973952880117989
0.9895768718957284
3.0112114845154063
-3.015367215129107
1.0141887791184463
0.9762312292384844
0.9978328004316606
2.9644641139945405
1.0202972162253159
-2.971344394777931
2.9784409398595373
1.0098472896419477
-1.0258938552527903
-2.986654331947498
-2.9843999261571184
0.9694454155773302
-2.9863990158945084
2.98567921378688
1.0197835796295547
-0.9910792512215623
-1.0140650868444188
2.9951829332311477
0.9851337329690381
-2.9792456885373744
0.9830025481367204
1.0215837241748418
-3.0017162039830776
-2.9769835440474033
-0.9822238690159261
0.9714886848570288
-3.012814953702487
2.9935344415761134
-2.9714398847337886
-2.978127652523747
0.9913105950943586
2.985957886389326
-3.0003944861902427
-0.9528257091141118
0.9697221802419735
0.9933878885231296
2.9733965760473073
1.001979192511443
-2.9521764872114744
2.9880421559155614
1.023797159971402
-1.0468624827793958
-2.986773555881223
-2.968908297817607
0.9892040351184541
-2.9864421801934204
2.996084847064074
0.9991250802837502
-0.9836008469925145
-2.99540854229432
3.0265372640890966
0.9930271369557057
-2.9891024067286684
0.9888685341000744
1.0152343292271164
-3.0064961727696096
-2.9668313116903753
2.9948150110942167
0.9733148006702113
-2.99178577661369
3.0096798427888554
-2.962645818569953
-2.99559780334708
0.9895689288524354
2.9785838289397746
0.9790166331651222
-0.9434577505139796
0.9891746924380169
0.9860743883637275
2.987809383910653
1.0046838834112006
-2.9698569980994254
2.9741511619859167
-0.9628144656360148
-1.0312221533928079
-3.001238959873259
-2.9377208819726306
0.9906201477575731
-3.000274768026906
2.99598722868815
1.0045559457354167
-2.977210617893276
-3.003436691119961
3.052601364671199
0.9752410967351863
-2.992561184323677
1.0084817613764168
1.0049323486349753
-3.033139707194637
3.0035256408368047
3.0145472527265333
0.9950180319525838
-2.992942291479887
3.018302324415254
-2.99693339801298
-2.9994026387731076
0.9883061584293432
2.993759055402331
0.9611438770588859
-0.961218344756518
1.0063787918670832
1.0085011580196945
2.9808316624823297
1.0119816452329178
-2.9913169959744774
2.951952376090795
-0.9721794931990001
-0.9999741480409507
-3.0116572463275904
-2.9531835387464067
0.9959752244474515
-2.991138598089764
2.9829376786234785
1.0276239054396827
-2.9867654585000865
-3.017864161120191
3.0359713640336303
0.9891097077152363
-3.0091084261856342
1.0047596557986294
1.025685252188132
-3.0486011789339162
2.991486423020826
3.0362725929518195
0.9816751746922683
-3.003329053936466
3.0002609549588297
-2.9910691376151055
-3.009654347788502
2.984902142549493
3.0120489071272556
0.960105054086583
-0.9879292274744449
1.0032245909303865
0.9896346035589375
2.9677533731347303
1.0085979574208233
1.0037971520681055
2.9519110338392878
-0.9916838442391169
-0.9901752092042942
-2.9994760996867544
-2.9830402703389853
0.9998463503652286
-2.9825909516281097
-3.005144633276616
1.0355613636638974
-2.989029551172696
-3.024776054288014
3.0068456387537545
0.9825234092154554
-3.010110712195437
0.9924048997034414
3.038790028146136
-3.0318129638552342
2.997752078036818
3.0084889437768103
0.9976571903409461
-3.025096805140459
2.996274305982527
-2.9945476442503374
0.980657215766703
2.9915406839900323
2.9999565115384557
0.9863818331298907
-0.9952709784843263
0.9651272053855916
0.9989866767478256
2.963302161578024
-2.9869580350018485
1.0293597739504539
2.983085028517224
-0.9956790930992583
-0.9918920879058654
-2.9746428836077006
-3.002343134835557
0.9946165049060319
2.9901321279383044
-2.996746977755613
1.0187107338083274
-2.9829099415705502
-3.017178026204709
2.992379979261627
0.9940783421974512
-2.996321255860867
0.9871555702466288
3.028740409571903
-3.0050990007026024
3.0019970136442575
3.0052065458789112
0.9905341513364112
-3.031912545874131
2.999050316137057
-3.0032074999344047
0.9966857510416915
2.9902619514816435
2.9916745492432417
0.9945471465602225
-0.988740741001705
0.9809206246332954
0.9938228706486415
2.9790429979923587
-2.9896583793581053
1.0391614084969891
2.9907309267447344
-0.9961122893837008
-0.9869946112231262
-2.9912640920230262
-2.9866231775419134
2.9806557928171475
2.9789350821940523
-2.9716632925330337
0.9912677463043938
-2.965543884145976
-3.0125040473715736
3.0018415258196436
1.0122439391376927
2.979732583611538
0.9989586430874935
3.0041140712494676
-3.0086691442158577
3.023870060551339
2.9827701140337335
0.9875750032415375
-3.013111653534276
3.0063658607468535
-3.0048835040997055
0.9987338548300856
2.9805265241131558
2.99231573745122
0.9989682220727604
-0.9652559175892681
0.9920548185657705
0.9872833684311392
2.9927270287330203
-2.9798480772495317
1.020231821432088
2.9822372182964547
-1.0125880492090407
-0.9788792107891834
-2.999136007214265
-2.9630591147044942
2.9851136518027515
2.9750091756607895
-2.9770060739131345
0.9834935457291331
-2.965728633138975
-2.9997396718853304
2.9995421566009908
1.0184763591806638
2.9665766491594616
1.011949913498422
2.9957636796737193
-3.035337624604691
3.015417767469104
2.9634995653795846
0.9891216002801293
-1.0027773873519754
3.0105958366335552
-2.9992145500324154
1.0085526137540028
2.9771833026224956
2.9881199074915745
0.9966517101068039
-0.9651838702835477
-1.0085435165345835
0.988105499282009
2.988723074691362
-2.987369753367836
1.002739665599306
2.97902280445806
-1.0236497942405425
-0.9920605057404559
-0.9963738797433059
-2.9636376169216883
2.982172825995953
3.0331870371296423
-2.989051591094399
0.9704390566011089
-2.9704964669999168
-3.014927364778962
-2.9827736595748724
1.0053566265841327
2.9594407400093523
1.012056076452413
3.002492542688828
-3.0019428645590285
2.995600655888335
2.9528576741162156
2.991674511003206
-1.01125867674252
3.0094642845139785
-2.9999334352070344
1.0042016226961537
2.983600209104478
2.9790565942047427
0.9899902226719121
2.9929933917364253
-1.0239104106416308
0.9988267324947968
2.9807137735763383
-2.978153455929011
1.0015822280123903
2.978041442698952
-1.009097958378704
0.9820812940393807
-0.9806069219807212
-2.9845358558508512
2.9664949199800215
3.0308417862362207
-2.981027952998466
0.9889770488039452
-2.9794946320407143
-1.0459733795805461
-2.98502880557902
0.9795674006774642
3.007217731645301
0.9908794489273699
3.0078017504181376
-2.9972547523777755
2.9951124405006584
-3.009261910616848
2.9982713585457144
-1.035273463593289
3.0113593374981544
-3.0274639180059815
1.032916306919658
2.9801677601629937
2.9760390967363084
0.9913844250128715
2.978265973873961
-1.0252334935195784
1.0013599926808872
2.9598356721880714
-2.974894702269216
1.0064970334836423
2.9792193633366506
-0.9951900609071446
0.9858924096656178
-0.9778716067138999
-2.98566669870818
2.9612381932931844
3.001546724186413
-2.9918510697970686
1.0035930723983946
-0.9851063918009209
-1.043307932661221
-2.986211918139263
1.015912573677914
2.997229439309671
0.9910283987004465
3.0060260222803
-2.997295345087775
-0.9804072112215448
-2.990853883501842
2.978507581480269
-1.0020254438340996
2.9944982601796832
-3.0095014215124882
1.0049500430459153
2.9652725321310394
-2.988901469531959
0.9980621461131985
2.9878638372412425
-0.9830344348446896
0.9992143960344646
2.9899535767115726
-2.9918555482108884
1.0013834732786586
0.9973963392616099
-1.0001430894234065
0.9968294054981898
-0.9880260670221618
-2.991862758230572
2.9928430164293456
3.0004261042513116
-3.0086720453510925
-2.989344230655975
-0.9757077835019341
-1.0117626497689522
-3.000843338904857
1.027926696362965
2.989453732038661
0.9779743671943546
2.998364217774093
2.977709750776577
-0.9733818551961089
-2.9909481445290167
2.9604156812449673
-1.0033043393447434
2.97704017335708
-3.0003989173913768
1.0087951932815276
2.9472914377273334
-2.97873211049472
1.001140518243324
3.0001554329957
-0.9972115993173515
0.9862841517205578
2.9773234203258645
-2.997217321644326
0.9922340761553823
1.0011061186402714
-1.0135256888210267
0.9962266509767534
-0.9869344026827096
-3.006275432248236
2.9814920014749458
3.0176599515839455
-1.0142424231874467
-3.006992906724083
-0.9807306330380811
-0.991366769172364
-3.0271391264647693
1.0135961875133648
2.999735391678888
0.9704384132798625
-2.9802787447572716
2.9745716101029895
-0.9782475308970282
-2.9960214334940884
2.9620430398683464
-0.9790585567159762
2.9539649515122486
-2.994344173454109
1.0314252456218373
2.9518497541875752
-2.979942474181488
0.9927749863500588
2.997725170213733
-1.005200518638009
0.9782993778337608
2.9923003132319823
-1.0031569851780024
0.991638245437067
0.9888123487935456
-0.9817766353263291
0.9845265426272142
-0.9629287655490388
-3.010741984507452
2.9680636006221617
-0.9580034135718516
-0.9975130666499664
-3.0182583419268765
-0.973625438323473
-1.007885936516001
-2.9896575588185486
0.9931408577249907
3.0249816778381167
-3.010108386633493
-2.9739569625643805
2.984891234581033
-0.9946997606798104
-3.008521656316826
2.982331777632804
-0.9572191865814805
2.953043660147145
2.986603106214026
1.041321837920592
2.9681474911690438
-2.9783475503157795
0.9747498034039499
2.9867593581752248
-1.0023778172158557
0.9829067337177664
1.0207938096121794
-0.9960200155238338
0.9888926750338779
1.035885734524605
-0.9870133307198248
0.9851670991739223
-0.9649755793016289
-2.9925630987572567
-3.0014657863199927
-0.9713011954209152
-0.9933999293927268
-2.9772659510749633
-0.9980914628598136
-0.9506364802060479
-2.9903768131261725
0.9926450570253681
1.0419304015276583
-3.00127497646442
-2.9785802160767085
3.019768096417751
-0.9995696039485598
-2.985328393644582
2.9771844454221865
-0.9402351249030559
-3.0079907008583215
2.9821207990782947
1.0284457323950653
2.97414280304364
-2.982867407481764
1.006829934332169
2.9872302498945804
-0.9938844365562679
2.9853636131313466
1.0201643538042533
-0.98752603607729
0.9668589956988869
1.022547975841497
-1.00342762187766
0.989498188474707
-0.9791858675664297
1.0092235102821692
-2.9853564703561433
-0.9920958388257045
-0.9848485232779491
-2.9719525581874016
-1.0099332724211436
-0.9583682147346408
-2.998404816233316
-2.9800366867101524
1.0228716943192016
-2.991442166877887
-3.008403415965823
2.9940728517067674
-0.9966839558824176
-2.9857768772912467
2.9773560121618794
3.026404412327135
-2.9978388941311116
2.978843346001482
1.0096831211051764
2.973741937932513
-3.017108855180569
1.0122177113114785
2.9637298195987296
1.008030865730312
2.988213540611986
0.9985180122780705
-0.9883568484701771
0.95380119971401
1.0080622176062564
-1.0068896909836522
0.9970301334167354
-2.984658334253462
1.00103257503282
-2.9746771153177445
-0.9969439085327073
-0.9890688798320875
-2.9911429660054587
-1.000416437745382
-0.985812744669665
0.9688708331176764
-2.972917597738011
0.994168379404318
-2.9533459323363793
-3.0060182364907555
2.992307093754558
-0.9987679008762279
-2.9884484329720347
-2.998199512557098
2.9986889298616184
-3.010064210355506
2.99287226350771
0.9969947240325998
2.9979504552297036
-3.0172588297780707
1.0260916575001442
0.9471860983304758
1.004041805476498
2.9726530410774816
1.011779182797314
-0.9764253037290048
0.9749110358495168
1.0081105654652507
-1.0133762497204801
-0.9899809944157896
-2.976521394424501
0.9744916627275791
-2.9825490849034444
-1.0012334367363838
-0.9696328209062741
-2.990021393114333
-0.9835356064107171
-2.981292065955737
0.9648053619374303
-2.973731966909118
0.9723379802279563
-2.9660040004497925
-2.995269371355798
3.001220250705159
-0.9997877997810783
2.979103296520686
-2.996580214956225
3.0022356900357714
-3.0390319240456543
2.998213822132086
0.9750728242681955
2.9935290689735607
-3.000025213903038
3.028163455293291
0.9571424549823947
0.9966846484474832
2.9514660277616946
1.0036115889074997
-0.989182673534456
0.98642448838043
1.0175768381244819
0.9795450400062945
-0.9948984796730937
-2.9633930240370345
0.9822609640042569
-2.9975142393978365
-1.0098324546729447
-0.9894252719546884
-2.980921927737496
-2.9776858945408997
-2.9535333541213924
0.9846802830010697
-2.9851597717892147
0.9770456888272
-2.9767265186173537
-2.999875916320122
3.0066090032038533
0.9974308855515992
2.9765494224609124
-2.993655923536957
3.0232950071644717
-3.0429507041882036
3.0015465668694667
0.9642524276182982
2.9878631062779863
-1.0107089571061116
3.021187550403449
0.9859477023784933
1.0050856374294874
2.9678682203654967
1.0048315879560348
-1.0100258037768834
0.9889812455660825
-0.9725603140809206
0.9869874955780576
-1.0030963557576225
-2.9630372741021507
0.9887073005844393
-2.968449816229054
-1.0051346416435574
-0.9942884967257211
-2.980949679918371
-2.996121844347067
-2.934340920259483
0.9908890699182069
-2.9811676091834873
0.9914975392774154
-2.983058704451857
-3.0006453674074853
2.999612193745795
1.0033875994391026
2.978976069627558
-2.992052997037645
3.0306347169920618
-3.0286531309008438
3.0106986203663832
0.9704642852457641
1.0080460968184195
-1.028967292913242
3.0015856126967346
0.9969334895456687
1.0084068191154425
2.983304049645164
1.011761413632682
-1.0153482175100477
-1.0086741363427338
-0.9806367187426942
0.9883523802649902
-0.9930357510932353
-2.982709572447516
1.0044377011025278
-2.9483763363477675
-1.0069696688749072
-0.9737940714992261
-2.990530738459453
-3.000828157443743
-2.960886849063239
0.9914972983305217
-2.9726092004453832
0.9970611365375064
-2.9608099304420916
-1.0075469364974772
2.99008590965211
0.9936901916744058
2.9987562164917723
-2.9887332661003714
3.0041789128076393
-2.999147272516095
2.998066038271354
-2.9962630348069115
1.0197505363256243
-1.0354908974170671
2.9978213807712386
0.9794061126344438
1.024932376166431
2.9745124470846984
1.0147050834689126
0.9978453904387918
-1.0146186641691632
-0.9877737449374282
0.9944812105693668
-0.9971512460002228
-2.990276597371569
1.016664680985972
-2.9558704109377194
-1.0174922321260633
-0.9575774360684871
-2.9934063527382304
-2.9981640714586906
-2.9790972778967135
0.9922849833152849
-2.9900033247111004
0.9898751178803052
-0.9489930317042802
-1.0048666433178874
2.984385724146886
1.0184418719316333
2.9852629956465377
-2.9877529000036476
2.9948358099535053
-2.9993960137428277
-1.0006463587253343
-2.9922969938659403
1.0123790888989666
-1.0246606792925577
2.9934336506085946
0.9957880525739833
1.0017723869047421
2.9639081098347413
-0.9861621466333347
1.0149426694051926
-1.011411573468634
-0.9879488918078648
0.9842318125723905
-1.003102686271903
-2.989672574493996
1.0098397653972835
-0.9894704853243668
-1.0206771668727646
-0.97252637977439
-2.9741384189782636
-2.994199805240225
-2.9838815369248715
0.9860733382784534
-2.997050242846751
-3.005220431429275
-0.958601399838447
-0.996429207048009
2.953834165810074
1.00757827424488
2.9961027389014303
-3.003160544930582
2.99892218889705
2.9495633426168646
-0.9980257811595478
-3.0053916194589805
0.997754949396451
-0.9936075473332276
2.957449596952026
0.9990298338158408
1.0044223493971134
2.9604246381323707
-0.9920496329307203
1.006318313722905
-1.0208616885989679
-0.9999542910359166
0.9736027550231338
-0.9916404683933776
-2.983071340900808
0.9949957034516991
-1.000133358402243
-1.0105140921115983
-0.998860829416526
-2.94807248401268
-3.0119734690461333
-2.987289816894124
0.9781053173919163
-0.9911149595938139
-3.003099827386464
-0.9914490806695248
-0.9767291592122986
2.9558153226284167
0.9976197560057101
3.023153996991059
-3.0087200194918107
-2.962239908663564
2.9317842462019494
-0.9822251361465995
-3.0150425003176355
0.9884748890159544
-0.9578454377722652
2.948464202999922
1.0021887655645718
1.0221483821192194
2.9675276371111843
-0.9869078788676824
0.9874067179686199
-0.9977732633306736
-0.9956040433993711
0.9784669276145403
-0.9709399297154363
-2.980930320756668
0.9936112257638477
-0.978530599179008
-1.015378562435695
-1.0065571695279678
-2.9446219088554906
-2.9990318443119652
-2.9730098319914964
0.9807084625954395
-0.9784518418471884
-2.9904251917438374
-1.0021208607759537
-0.9538327224923733
2.9582187906463635
1.0027685872487688
3.030878158103736
-1.0083519350332266
-2.956116719895039
2.9435001238722043
-0.9675915354769703
-3.010792465971058
0.9921281385761893
-0.9475399825179102
2.96394482774059
-2.97227313141504
1.0287493693638041
2.9754842834230977
-0.9789315563132384
0.9814193654914942
-0.9774965555988676
-0.9868613556895973
0.9885241100819786
1.0226632042579618
-2.9866951574761558
1.0112914800377117
-0.970724341992797
-1.0004701801805265
-0.9985943772458846
-2.9602138822143687
-2.9855125404851037
-0.9664672467195875
0.9917062251208745
-0.9935345331417479
-2.966296267069451
-0.9969625727660327
-0.9644036121112485
2.975207017954937
1.0091807816562521
-2.9646414636013247
-1.00095922005868
-2.9677152516251657
2.9731693178979657
-0.9706091572858316
-2.9735252348618606
0.9793994000112072
-0.9711006133871808
2.975289592915024
-2.9680035881549465
1.0170839722585743
2.9674642953226824
-1.0002539712505376
0.993563818466475
-0.9779221822600156
-0.9826905225753598
0.9900687113543577
1.0015704348996628
-2.991641407145503
1.0167808475256408
-0.9721364082684062
-1.003571474942497
-1.00530135119285
-2.9803732671388645
-2.9905073924246297
-0.970546475320016
0.9987291671530734
-1.0209925295711104
-2.9833065269896917
-0.9880752141860868
-0.9798877186072292
2.9731330478233113
3.0011141985719827
-2.9851299250733083
-0.9990087033702881
-2.9886489383320174
2.9767004613665695
-0.9932614190384161
-2.9803474132579826
0.9727622305439031
0.9973588313111658
2.9657278603971187
-2.9757231333678713
1.0029522928411054
2.9655612850406445
-1.01563227907382
1.0070701925338972
-0.9933450586923164
-0.9946879998773988
0.9808909087807095
0.9879438857471712
-2.9958642672661795
1.0167746183084154
-0.9952305388839187
-1.0083539926495555
-1.0079527868116094
-2.973926498621759
-3.0073420813559895
-0.9872604754000313
0.9818994061906904
-1.0172346131253425
-2.98556628588701
-0.9805413376344972
-0.9879516305039999
2.957597508533142
2.9941273989412913
-2.972653685316949
-1.0156670727064705
-2.978089594502211
2.940922425524929
-0.9945372708063546
-2.9807349067522
2.962580636745808
1.0071452113446104
2.956320204080663
-2.987039920800638
1.0131300774074667
2.9623108201549675
-0.9923184121281946
1.0029605588538344
2.9789009354877414
-1.0054410174376536
0.979507067802671
0.9953154640777513
-2.977210353901796
1.0020997011505846
-1.0021668497264788
-1.007782409850185
2.9783267297815126
-2.949650471379186
-3.0069503942883777
-1.0047629300446592
0.9984393710399014
-1.0084457680233352
-2.951401966235265
-0.9926467722160711
3.0048069290293844
2.95039743534237
2.9962042115060217
-2.979709626879495
-0.9966681611000623
-2.9788686648141476
2.950855208273966
-0.9886607538746177
1.0120629715232978
2.969070309959698
1.0322486614818638
2.9610459777384204
-2.9855213192155063
1.0006726503222574
2.990372776104788
-0.9780204834208457
-1.0025946789450844
2.9892048391563066
-1.0020367356771473
0.998164937463094
0.9908875469294566
-2.956244444160272
0.987294126105203
-0.9846917540148289
-1.0018724571895037
2.985037131147743
-2.9450434039365447
-2.990222157396929
-1.0139710173814644
1.0204714262995465
-1.0257940400989625
-2.9325140665418905
-3.000940549808395
3.0205011006434237
2.966357756702584
2.9942628090887276
-2.971801531392933
-0.9965071552704011
-3.0008143288603755
2.974151847263903
3.0011754063118214
1.0206353728432922
2.979043521060704
1.0167640289566893
2.975887312233043
-3.0077253784027502
1.0133769128161927
2.979364380169978
1.0019229546510382
-1.0058576557529995
3.000735362243902
-0.9833849861241823
0.997740633349695
0.9591471543625152
-2.966519757115243
0.9714133268312792
-2.953201528269047
-0.9988665297453718
2.9926632992675155
-2.9949572294226257
-2.975878920748187
-1.0044904247492328
1.0042202426967446
-1.0471725085979007
1.035783310295326
-2.996057738673095
3.012525444106288
2.983543155342375
2.985263657160773
-3.007691282493014
-1.0041953649965973
-3.0206527666479586
-0.9979418602761644
2.998174359454136
1.0066327794137073
2.999461221837491
0.9957582109185703
2.998507897821419
-3.0379405559281896
1.016722412210016
-3.022090071979101
0.9813656719101538
-0.995721653318896
3.0059440390183014
-0.9955041611386487
1.009091337547998
0.9563966711503631
-2.9784751301029186
0.9741649404317192
-2.9582855979913387
-1.0018626606335637
2.9886585172867624
-2.986881450453129
-2.9704989325931925
-1.003274521745339
0.9818785562303644
-1.0451154672315295
1.0071344736765058
-2.978749081015415
3.0090338904578346
2.9944002487677692
2.982060053580528
-2.988954743393409
-1.0012578256448994
-3.012663678551293
-1.015700702139335
2.9947471369344583
0.9918828326100873
3.0167497844150697
0.9964960371369836
3.0120797432509936
-3.0374555752547483
3.003041594708109
-3.028214838699373
0.9849142568335646
-1.011886540591619
3.0002048762443225
-1.002534385464123
1.0279926601838056
0.9768003441570319
1.01253876294723
0.9908912556504602
-2.988038275032427
-0.9946075695040022
2.984064717965007
-2.9958546162828235
-2.970659058601987
-0.9936343257653886
-3.002078163742531
-1.0218173251957803
1.0122144193854574
-2.9939801139430906
2.987269962585863
3.0072144530761156
2.980162874982658
-2.9772656436402456
2.997682228034204
-2.988998732603587
-1.0244758201227875
2.973844146639763
1.006864810015935
2.9862367183251326
0.9938823355908774
3.015907656165781
2.9602557163893786
2.9987028908238584
-3.0004404711458217
1.0008646243773178
-1.0164949950590507
2.972699021614557
-0.9845524190638448
1.0358091760082773
2.9717494626410574
1.0283805484299204
1.0034113868993504
-3.0029310905560767
-0.966441763026668
2.9793445014193813
-2.998017712032932
-2.9826954506082104
1.0018997405094394
-2.9797427640926775
-1.009762326340782
1.0416088698196186
-2.9863420809586407
2.984262260438415
3.0237648801362074
2.983993087118937
-2.9898659510873395
3.004478774758312
-2.986029074910272
-1.0073557637058232
2.9853795793063127
1.010696236682574
2.9891268528915744
0.9922625357570878
1.0123949072808283
2.9745118699220146
2.9945847459276385
-2.971432619841625
1.0051558050821026
-1.0002680376711826
2.982893679125865
-0.9902566066161024
-0.9666666372605436
2.9551358160443915
1.0307247908944341
0.9934751462579413
-2.9991214861343014
-0.9588612044055759
2.97489741660392
-2.9961522819968875
-2.9825078343731724
0.9952665334613648
-2.9672134465416473
-1.0320856615203338
1.0505562110253845
-2.999696770847624
2.994979103298382
3.011861159384551
2.9822799748962328
-3.008082728132368
2.9971663175530643
-3.024221980818562
-0.990046555015976
2.9639741140209526
0.9992460560780352
2.9837927551596084
2.9937277448347546
1.0021436725847246
2.963126717785843
2.9766263039526537
-2.9817442447270612
0.9640387787139735
-0.9895660003131975
2.9787368776192733
0.988951182925163
-0.9804346037898678
2.945282828070457
0.9896819003286429
0.9768703963100872
-3.008687983934695
-0.9827220036678899
2.9699154110752484
-0.9970580924742409
-2.9702879735576215
0.9814566109464157
-2.9775901652915806
-1.053556430193754
1.0078877318418908
-3.0173010697609985
3.001024323394061
-0.9918957310500215
2.9772541751837256
-3.0154810369986227
3.0259576069586895
-3.0465695246921247
-0.9748695879538426
2.93649827341083
0.9938873318289406
-2.9964082239525522
3.000403035176176
1.003735957811145
2.9612853115312046
2.974269111004723
-2.9630405253387693
0.9360541527543503
-0.9868316798607176
0.9711578677599416
0.9852700311636634
-0.9897357348202954
2.997311944252049
0.9934737134885231
1.001070013938452
-3.0062771997580624
-0.9952648252756559
-3.006295665645169
-0.9962930645638807
-2.963680381906921
0.987111705749153
-2.989447118609563
-0.9998175255265385
1.0025777699217329
-3.0106431381290717
2.995594818385209
-0.9951068368859053
2.9752791624980963
-2.9997342749863294
3.0443051161708867
-3.0275543121695434
-0.9674929612766239
2.9434449306010455
1.003592942206081
-2.9956539200957017
2.9944753999064533
1.016894509603611
2.9607530233749237
2.9876719524134576
-2.946319048542398
0.9563653025386691
-0.9909694469138305
0.9657796579128076
0.9949175551846022
-0.9703940012305454
2.992003750388936
1.0156919689515234
1.0241718667710804
-3.0000586826791635
-0.9737956014098927
-3.002608306461167
-1.0029831114561831
-2.9786325916110936
0.9931346751804141
-2.972996079857465
-0.9958535849446759
1.0251850993279634
-2.9852205538195413
2.9856792550196722
-0.9785590448128508
2.9971569522680896
-2.9931604297215095
3.0302160938953437
-3.0053166523440624
-0.969436738500232
0.9793495881913824
1.0139341415941907
-2.9941153774042113
2.9896896861251814
1.012277762927824
2.993386373246343
2.985702123690486
-2.946651154313705
-2.998964884205786
-0.9970980561704387
0.9855427032491141
0.9987560308541777
-0.968704563591234
2.9850529360036164
1.0084509606684897
1.0258088029871308
0.982029808993166
-0.9481568437409215
-2.999777851997204
-1.002349753213083
-2.9939323676736374
0.9888632219668131
-2.962581967716678
-1.00435246022419
-0.9594404349616843
-2.975375373639992
2.9805286999084415
-0.9539630419208817
2.9801014849240057
-2.9944474891530204
2.9958845335909317
-3.012216771428884
-2.970187136244018
0.9872594737451379
1.0177587166971855
-2.9973916300248282
3.004767444701132
1.0052184666035955
2.9833231743395925
2.9739347341059834
1.0216946486035934
-2.9997067908888484
-1.0024941977041177
1.0041473648217416
0.9796628283336855
-0.9869854433923148
3.0028587122300388
0.9845491391855614
-2.9818937391345184
0.9720811177895278
-0.9520058675765998
-3.001081640862462
-0.9873964251583206
-2.9767734676531594
0.9633824594287911
-2.968797437694018
0.9786530769423275
-0.9758692771667425
-2.995779807521115
2.998601388110668
-0.9726084850133724
2.972523528255572
-2.99240760617788
3.0015595707582827
-3.0385877797302787
-2.9743547272347155
0.9628158530477731
1.0258442869760194
-3.004121863823444
3.037994638578824
0.9848154510690376
2.968710292618394
0.9733076800207714
1.0111885437211796
-3.036701291081413
-0.9918376068629219
1.0011676578175321
0.9834807777079071
-0.9982616868829206
3.0251397441230905
-3.011926710333637
-2.9966680629157274
0.9771725205105154
-0.9854526704810245
-3.016375289197554
-0.9847566825582105
-2.947311450035764
0.9495348189172694
1.0082295980253086
0.9812126665149433
-0.9997567494090501
-2.997198809225666
2.989808457513138
-0.9908085190010195
2.9728473388553938
-2.9949522525912355
-0.9482549666956208
-3.0481071721998734
-2.9778689504869233
0.9902429304360094
1.004924981918452
-3.0009051887541287
3.015890100269966
0.9972982256606281
-3.006567514623203
0.9788372078663826
1.0159717458280333
-3.0325044157417835
-0.9967423110196336
1.0451440199341175
0.9758369222480624
-1.004768871004791
1.0354500766774657
-2.9969545825907806
-2.9866628009711946
0.9911205098511764
-0.9904878195516374
-3.0086389362749877
-0.9981906345836189
-2.932444287478418
-1.0302324499871076
1.0079164399410114
0.9917609578119336
-0.9956336561559446
-2.9805580154472042
2.9850785054942692
-0.9705908494777273
2.978604127180632
-2.9950331379247714
-0.932656756947172
-3.02740197882954
-2.971276391122918
0.9911054651998977
0.999406872453633
-2.9973844637636935
2.988172231494646
1.0248044613584437
-2.9932652292524526
0.9911641087543482
1.0359455681404268
-3.0227161057717518
-0.9812371830381935
1.0300738208528133
0.9868611613842047
-1.0023030810126952
1.0142552284435689
-2.974499221814967
-2.970915492784682
0.9924511239614056
-0.9844723646372118
-3.006528539015621
-0.9900572805686293
-2.9567313024863755
-1.0086425054992825
1.013000888463357
0.9959175652314127
-0.9771247584312731
-2.9716120027291435
2.9832610765969862
-0.9707961072021588
0.996494441593575
-2.994077322711093
-0.9616335628173789
-2.9999522322639947
-2.979628437170387
0.9954216322741578
1.0011615489332708
-2.991479346356106
-0.9964889096250793
1.0281514783781436
-2.986525913505524
0.995579240244843
1.0221109346103132
-2.9963259075282527
-0.9843007245564381
1.0051165901081687
-1.0009691810853623
-0.994876544729386
0.9969531657297155
-2.9589946160817733
-2.9808233806579527
0.9974372072796234
-0.9955263431961138
-2.9969392001839594
-2.9668001359478704
-2.9871039585350494
-1.0029746481982322
1.0104452423366526
0.9898283874204299
-0.9541758792849911
-2.989711079857135
2.999824165189387
0.9970709031857309
0.9954726968391159
-2.9936536180123814
-0.9733431392379964
-2.9883546886455656
-2.9957339967346805
1.0008838524110963
1.0087281724711499
-2.9918809330897864
-0.9706060928313173
1.006042016755145
-2.994932223986206
0.9978123977238874
1.0222870064647207
-2.9770241238786714
-0.9975797654917652
2.99456048912302
-1.010947477658914
-0.9846263674162191
0.9870502667942508
-2.9715007436558514
-2.99599813779993
1.012121195399088
-0.9986599011157766
2.98096970329494
-2.9661049266812256
-2.9804377786863303
-1.0284091142182588
1.021388584231183
0.9713082218078334
-0.9564871012080014
-2.9974145564773766
3.0109866794213747
0.9834689518869419
0.9856019022725486
-2.9987576295329883
-0.988499221772324
-3.0014069945837463
-2.989919870508204
1.0114407106101557
1.0081476655646764
-2.9983351004840326
-0.9531284162112905
0.9981811338551905
-3.0168554395544147
0.9942899435035003
0.9994172644112068
-2.9811313677623823
-1.0076800223174118
3.020793629990478
-1.0218444803660611
-0.9868261076569059
0.9832893114462499
-2.9806128402451098
-3.004292463758445
1.017794336263734
-2.985858133434323
2.973109168139722
-2.975303637291395
-2.9660194133203133
-1.0421103971668286
1.0103204047212981
0.9539513647454775
-0.9826092804804195
0.9957381919982833
3.0033849239342896
0.9948826471576379
1.0004669759344629
-2.9986499388333274
-0.9943608706377973
-3.011689586254902
-2.9886064961075225
-0.9762812443656468
1.0008617336087904
-2.9986507529466504
-0.9767918209807848
0.999146172587927
-3.006654807026967
0.9884915947166882
0.9946185197757571
-1.0119037853193673
-1.001176514967939
3.029477182589298
-1.0036566601907815
-0.9833129499110899
0.9764250511748439
-2.9817665109176636
-3.00280638462984
-2.974565321708218
-2.977531831642178
2.9669781327510045
-2.9836134366161606
-2.9651574542216674
-1.015768047786955
1.0037231515719929
0.9559061105745082
1.005926978842672
1.0092430506603023
2.9852124697979128
1.0045007057582842
0.9941668851081348
-2.9936635568928063
-0.9809724150854403
-3.0097174400179605
-2.9949967438442724
-0.9844451070430129
0.9994284256653951
-3.007013405697154
-0.9918392204677537
1.0021388999096152
-3.0048445154872296
0.9955809127603401
3.0064008454959223
-1.0207803912280187
-0.9785882162522639
2.9837707121267623
-0.9946055203057899
-0.9902375004764286
0.9917474313316901
-2.9655239161155493
0.9887307684190264
-2.984500795674635
-2.981692289797136
2.974136654509625
-2.9816740154540318
-3.0090218629805676
-0.9955717832237212
1.0121786860231463
-1.0201573003723796
1.0295162043515027
1.0087087999208053
2.9840174562259993
1.0066445111791642
0.9983807788038446
-3.0006165895603436
-0.9722949253985802
-2.9911630003103644
-2.998828360113986
-0.9945712332717332
0.9988569973584533
-3.0077792201942946
-0.9951016984277355
1.0153241005394091
-2.9983589656230576
1.001424711351097
3.0227469925835817
-1.0031580795444597
-0.9801841498873016
2.9729894320076653
-0.9914156711914656
-0.9982157026885536
0.9899700735665424
-2.9517311781656663
0.9924141436523459
-2.978757961931986
-3.004679814810835
2.984127217935638
-2.977584432695037
-3.008760889457999
-0.9857221729608324
3.0096361413860726
-1.0120999605812186
1.0518551567048269
0.9867155100115009
3.0049227482461287
0.9838199304715817
1.0044549567734957
-3.008574099380206
1.0138525791083333
-2.981560182432262
-2.9952859434240215
-0.9926792677133747
1.0113427408024926
-3.008859612867244
-0.9772152973118603
1.019951033541334
-2.9949907085844556
0.9980240561368792
3.0125267924723707
-0.9960490494534838
-0.9860552620077326
2.9818067958111394
-0.984430581011799
-1.0009132325083299
0.9773750451352138
-2.959254891819243
0.9822593571261
-2.9497794442922682
-3.0035704835007446
2.9816678204228713
-2.9624886382416262
-2.992101372037143
-2.984052386682964
3.0039642900255026
-1.0162153196563823
1.007952386094723
0.9861853550859743
3.0321819268787413
0.9800004497483773
1.0163272853706042
0.9731684020051594
1.0019243363624997
-2.9984688520343696
-2.9680420659797906
-0.9725487239030183
0.9883590558183604
-2.9924424329701353
-0.9642990000933604
-0.9815110887184837
-2.999152509468088
0.9864048883352629
2.99520172030535
-1.0018368151268304
-0.9682820713822236
3.0014488613256947
-0.9829624622198991
-2.987051381996292
0.9712578521437957
-2.9703560985413917
0.9471675930137747
-2.9466006238914693
-2.9930704546318
2.9823343247861276
-2.96584532419872
2.994047055883787
-2.997985934135331
2.9987982884770643
-1.0492288748922736
1.00267815543734
0.9610235731393245
3.0285411293273015
0.9872994883997939
3.011870766116359
0.982455422406952
1.0040310573347866
-3.0278998494593963
-2.9851130566380224
-0.9871488798194844
0.9977186611687813
-3.001330529212122
1.0210448153068874
-0.9928760470390279
-3.0049839290341405
0.9791476833436179
2.98982877980607
-1.0209481286504412
-0.9892606993802369
3.0022201326767575
-0.9905015640791098
-2.9783020377569978
0.9839607805497899
-2.975331108057922
0.9327674884759057
-2.971180400029668
-2.99402817839372
2.9864591584598497
-0.9901323342583846
2.9840376008383696
-3.00325129691582
3.0056653876054167
-1.0491389899919903
1.0129060879510388
0.9493339746145493
3.001627453561308
-1.0010180641793116
3.0033012084220307
0.9885158592358725
1.019476943590167
-3.015825166810018
-2.995664954343181
-1.0072415911584347
0.9999214875244777
-3.0153695757121013
1.0033313087570623
-0.9914249522575673
-3.0162495699996343
0.99313650468152
3.0221531064745797
-1.0144177368794864
-0.9935842903277299
2.9780390655764424
-0.9957424980043807
-2.9848879067810943
1.0070067212061256
-2.9636061341558677
0.9415733993571049
-2.9727780987891985
-2.9951353366735485
0.9972847868430079
-0.9972219053675089
2.956307902721422
-2.9823224483735493
3.011552367836295
-1.0097991655586778
1.0279827881534702
0.957461831224455
-2.9763383494642777
-1.0053651908545702
2.9941950703881033
0.9791717225751864
1.0155901304448354
-2.9905823504151945
-2.986505424472612
-1.0114817260549738
2.9896712483260757
-3.0149063196634023
1.001764528042151
-0.9916022289911883
-3.013029073408751
0.9945102388045256
3.0425216662854897
-1.0093770599766199
1.0194073888978459
2.9632795723228873
-0.9918214395601694
-2.996256444620887
0.99734149691606
-2.9713383275141365
0.96544720437923
-2.957107344152397
-2.9936252550910485
0.993252931801268
-0.9841678470485599
2.9514048762536733
-2.9654835370468904
3.0152077913073274
-1.0067745029396247
1.0228559151671823
0.9764472223416787
-2.9507837682303912
-1.0130082569574637
2.996001791352031
0.9648435177666058
1.0025197787859081
-2.9868814020725765
-2.9647742068701426
-0.9966168308046485
2.984580265398565
-3.003288535694999
1.0298306094724605
-0.9885324935385548
-2.9895906383075515
0.9799180968166444
3.028122859132852
-3.0051656469135812
1.0370108761441388
2.984676415634902
-1.0150055234362882
-2.9959868577594024
0.9951930555742179
-2.9854155840725136
0.9820205067128607
1.0382602996857715
-2.9921626436984874
0.9852462736303031
-0.9661613248497841
2.9769355866525196
-2.9777008753168226
3.0095994256373837
-1.0215379563898148
-0.9918530453801411
0.9803983385096349
-2.9285170745929605
-1.0251510598016251
2.996408290609762
0.9699905287891385
0.9997026171705116
-2.9837419775955727
-0.9745550703253231
-0.9837787535087041
2.9784565091022386
-2.9919611334485436
1.0461007290058542
-1.003903306236003
-2.98362565916076
0.964663738972982
-0.9811001576476698
-3.0124795510840388
1.0230587152041006
3.0186611177071945
-1.0137510979311697
-2.9822947914054247
0.9979508803134941
-2.990874991179811
-1.017981657315122
1.030327040182377
-2.9929392371129904
0.9859241881853936
-0.9835842994101465
2.9986071743541878
-2.9803647799477386
2.996624998250975
-1.0331993617826885
-1.0016868316535885
0.9644778638719285
-2.931355601193288
-1.0073612774615446
3.0034402353586227
0.9727464530615676
1.0086071613121308
-2.9850904156443123
-0.998247717532701
-0.985414019063536
2.9725363368362863
-2.989186759327308
1.0419482681733276
-1.0024326370952819
-2.991235714403747
2.959326032891195
-0.982783974829498
-3.003660531078942
0.989549071653056
3.0365302641272063
-1.0202245297054253
-2.961666449576408
1.0055092629568028
2.9923793875904288
-1.0403572718018963
1.0120822229074977
-2.9960817100823993
1.0050969435153834
-0.9991646651929889
3.001069539893568
-2.98552020428718
1.0082018843638894
-1.0264902172103
-0.9890162678405882
0.9668656263424513
-2.9565421998394665
-0.9975833338020496
3.0152833405200177
0.9895663300823219
-0.976969295625222
-2.9898986237088168
-1.0071756658123705
-1.014890663184074
2.9850411534774306
-2.972206236637826
1.0197863363029636
-0.9988311990788888
-1.0073055638133688
2.9775336659831373
-0.9615560040487691
-2.9877158836589275
0.9778476737231704
2.9994258255985042
-1.0088635155868333
-2.9502657778444377
-0.9903565675558941
3.0017199881557888
-1.0457055109290478
1.0107215392908933
-2.9912703984673197
1.0208801458185333
-0.9989839872382869
2.980324830617073
-2.9891632126691388
1.0252308073667242
-1.0069293452346575
-0.9770357859725312
0.9698412785040541
-2.9790093370858446
-1.0006618110897276
3.009641075872032
2.9890257105048406
-0.9828787879850742
-2.988522738756342
-1.0031140687924094
-1.0087667311338482
2.9724132021844754
-2.975071672607868
0.9998344031442379
0.9923156279140339
-1.0030228708929012
2.9842430438181857
-0.9532596491319162
-2.9896136835976885
0.9641897852163672
2.986580540959682
-1.0206845161848237
-2.9587961240945866
-0.9998814934725763
2.9961488950131003
-1.0250121725565895
1.0152112787780976
-2.9906052890607295
0.9978332934163553
-1.0082848778760811
0.9824663615722201
-2.986434150054988
1.024708277609029
-0.9973141524529082
-0.9955276848677286
0.9839330225256824
-2.9824916090790508
-1.0101266297360236
-0.9909431385079402
2.977048448534272
-0.9955512375029674
-2.9691659105132473
-0.9971676179772883
-0.9849988212426091
2.942364875540726
-2.9847840814906523
-0.9844374023362125
0.9888273087663213
-0.9923748583241526
2.970226845757964
-0.9739710909737193
-2.979096863719908
0.9608430491353964
2.999972274506483
-1.0355669967068242
-2.9757863458957674
-1.0052578803386285
3.0046590218760563
-1.0076684687488544
1.0270921097706325
-2.9991695515869776
0.9847284082127655
-3.009008396822758
0.9981295433241353
-2.977048473861094
0.9945841696048926
-1.0015487081909935
-1.000823134246125
0.9889640764844109
-2.9552496229334912
0.9789206865303401
-0.9964827450189929
2.965855968538425
-1.0001139810704942
-2.953664407625661
-1.015168459141411
-0.962548935907762
2.936014144458157
-0.9914361495845525
-0.9611917789489093
0.9814650526070865
-0.9886719261687428
2.960408709598313
-0.9885213464071542
-2.969201858388434
0.975309690380984
-0.9597541019529308
-1.0333307488180292
-2.9865074493469033
-0.9554203697385554
2.985962238177978
-0.9995249071345061
1.029119675934548
-2.995653355777104
-2.9818570994680904
-3.0073791279496658
1.02236214861531
-2.998419397263076
0.9953002319849436
-0.9621912629312024
-1.012600539198661
0.9946948426762835
1.0454283419296335
0.986893710757612
-0.9933642032859606
3.0034305169413096
-0.9834859669595586
-2.981401671496981
-1.0036814249923827
-0.9611355188657218
-3.0194829602868287
-0.9830382119292809
-0.9511464130219207
0.984241826421648
-0.9842577926830967
3.0035243573944603
-0.9768572892989283
-2.9706376995465047
2.975926681003018
-0.9574911746284752
-1.007978627751723
-3.006485270761036
-0.9590927282784455
2.976826150289511
-0.9948216477287968
1.0173203884404851
2.989942873675781
-2.9602145645730897
-2.991404129928479
0.9887349314654824
-2.9808352131192972
0.9694789798937324
-0.9655296563808587
-0.999755035161513
2.979552794928784
1.0317233975470284
1.001363458438405
-1.0155797462679694
2.9957455354920373
-1.0153333610416027
-2.9790054064111287
-1.0058061338549187
3.004147226563811
-3.0003051349203096
-0.9708843264619379
-0.9740402824812431
0.9825753655326976
-1.016346818866618
2.988299782051051
-0.9673357923608076
1.0042538367681064
2.9684807956160824
-0.9862768464308265
-0.9932539309983742
-3.0103396497317787
-0.9832735447477837
2.9745490240132275
-0.9951757496887937
-2.9840529693618016
2.9923493880263146
-2.9576859070315007
-3.012573597707414
0.9823759735877939
-2.979720623554438
0.9544923839958811
-0.9860609886340521
2.9955992222073804
2.9710924348918004
1.0131248962888706
0.9631481062676571
-0.9972505349510921
2.969613351315901
-1.0141833053020217
-2.980048806277904
2.9697984553511274
2.991694022273259
-3.0011609367910075
-1.0148721818718485
-0.984218179061437
0.9422300736406484
-1.0032971684673158
2.9833749864281733
2.9982401730776904
1.0013552185410002
2.9566396556032637
-0.997766426037428
-1.0010076545271256
-3.034526598556818
-0.9827469549146322
2.9789285376523167
0.9960471590355776
-2.979455680567061
2.9811373228243254
-2.975646963605295
-3.0315884856735833
0.9951398210294028
-2.9911664533073
0.9630803931579953
-2.979018735701411
2.989829611526352
2.9749189246009053
1.012565232984651
0.9639170826259412
-0.9915853448770847
2.97328879254393
-1.0098553621247237
1.005835003315575
2.9687326395621056
2.9949560436010705
-2.9933378686025987
-1.0095913542127994
-0.9966354176615122
0.9648675943275915
-0.9950186276098536
-0.9798716029988968
2.9782034944762388
0.9984698386702493
2.9826367472548734
-1.0013663944067628
-0.9635132079824658
-3.01988234127307
-0.9815763447352696
-0.9944505581431633
0.9933582886500297
-2.9663590907870705
2.9935529107561862
-2.978126005403283
-2.9976300652594743
0.9931465628433438
-2.9739237522844544
-1.0117393735556377
-2.9563568017483326
2.9693360323659603
2.986288101188644
1.0132575056082869
0.9994938052458514
-0.9842229146813168
2.996995807714423
-2.9924900087533075
1.0073565833489717
2.978503369720044
2.980151003563634
-3.0074725064957852
-0.9902123343450261
-1.0058636943534156
0.9948825073846501
2.989171834088778
-0.9599372222241703
2.989474020792019
0.9731777413414108
2.989451877484154
-1.032181454601676
-0.9477041927470985
-3.0060496906328407
3.009642780860524
-0.991282198226661
1.0052608909859646
-3.0019259342547135
2.990100098069686
-2.9967812206640265
-2.983842986973598
0.9774469694056823
3.023713679609536
-1.0088800273171947
-2.942834015633005
2.9821044475557588
2.9927163758688087
0.9745348115457526
1.0002085407255
-0.9907256507899075
3.004057099038558
-2.9892449181827265
1.0106483885052417
2.984196405404458
2.9781453656220798
-2.9879590493863626
-0.9931164946101395
-1.0021118202167487
2.984460968217294
2.981082018587588
-0.9605401977638958
2.978926757132949
0.984700595564989
2.9924057923474945
-1.03905192965034
-0.9588285630157194
2.9529549558275816
3.012959690832192
-0.9936554320687842
0.9788638078187155
-2.979436622496599
2.957865658012925
-2.978087624322691
-2.981071716400291
2.952043388869545
3.0219883132126992
-1.016191974791797
-2.98493080969985
2.986535272387552
2.9770380082790875
0.9960417180820454
0.9842737478483016
2.9760283673469288
2.9856776892052737
-2.989782262145087
0.9932398211370095
2.979977590883221
2.9589738769285634
-2.983936223728448
-0.9932551259494433
2.988879604028311
2.9574194223847137
2.978125000803359
-0.9870860874758806
2.9777974201469126
0.9791703349142586
2.9928717178185416
-1.0211011797823504
1.0170215649065801
2.930741916958096
3.005545675019292
-1.0013436189265976
0.9959736125866145
-2.9879425790086427
2.9624828356773105
-2.975874654402747
-2.985829456590255
2.9586585295547505
2.9967720730546086
-1.0283683963695833
-2.987244227349889
2.9781779791087946
3.000714508591418
0.9974923593476944
0.9844064852274794
2.971972922899746
2.96592116997544
-2.9994497030912126
1.0028883197554541
2.9664414478653045
2.9872290233590633
-2.9943068699694035
-0.9919808995406316
2.990988545914528
2.9396656649256276
2.9818850402388297
-0.9965713620489551
2.974983204237279
0.9925115136072379
2.9852692767929594
-0.999605589858357
1.0197826144720237
2.931953416110489
2.9980917765181174
-1.000407622769527
1.0088147983483398
-3.00892398705438
2.987538666797228
-2.982527829835855
-2.9901562802026893
2.9776131503061505
2.9896611820206633
-1.0213842939714664
-2.981405169146978
2.9759883742952713
3.0080496336603106
0.9817070202595345
1.0011010048763946
2.98430905236117
2.980945193144074
-2.9965289737149448
1.0012129021890768
2.97169250980327
2.9873670179297354
-2.996822391826447
-0.9907627377439214
2.978757593321623
2.959235103797085
2.9892785889828124
-0.9761804583600462
2.9823078212072547
0.9756743562656767
0.9955357663508311
-1.0044583375149552
1.0287056352357389
2.969131206199988
2.9937392228770388
-0.9873300702982314
1.0002377507955258
-3.0211971598268135
-0.9794781055900037
-2.9894990537022985
-2.998736671932986
2.99113848311948
2.9918405119696003
-0.9883368909459882
-2.9815782459685733
2.9823117550377254
-2.9850043127826553
0.9703267162215045
1.0102769016716373
2.99951568135561
2.9815367962533967
-2.977737774495814
0.9732267545920169
2.9893052666305318
2.9612999831092384
-2.9875264464712914
-0.9912808716861217
2.9744588284015725
2.971734970998258
2.9913536386766335
-0.9775116147783831
2.989737931128511
0.9521005458767033
1.0046631662098517
-1.029218202005573
1.0339332111804553
2.973317175099123
3.003365669006152
-0.999480042097321
0.9819829641503081
-3.007038752812227
-0.9963785864435324
-2.985796471551318
-3.0052778651220837
2.989207080784689
3.0028865241335403
-0.9936544216954935
-2.9851385662905594
2.9894766501127705
-3.0039156028510114
0.9767347604536283
1.0017097776152002
2.994657959324733
2.972394671619755
-2.9603461883523523
0.9613522505742425
1.0042177923098397
2.942688256131326
-2.9850793443099963
-0.9774546341853256
2.9716389922892383
2.9910127991720095
2.97859145766428
-0.9838063389024654
-0.9964827690651763
0.953649675600547
1.004923919141384
-1.021645494491758
1.013038194176218
2.9846139701479157
2.9975716123804195
-0.9907447545554936
-1.0148777984130273
-2.987709327929921
-1.0218465386558404
-2.975337220991667
-2.994358479641866
3.012750604040117
2.992602663122476
-0.997933639088476
-2.99373670962594
2.9861675101018417
-2.9964049196097355
0.9862978364188848
0.9973849311138292
2.979704132841233
2.979175820870059
-2.9483187342387756
0.9741897361089101
0.9888615069517062
2.958706112781484
-2.990785554306364
-0.9621156789390785
2.972823127064254
3.0000145284220716
2.9706193028655004
-0.9851751881681952
-1.0065762609562088
0.9755562850019688
1.0041982343906621
-1.005338634242216
1.003997133474837
2.993390597633871
2.989676097195374
-2.9649062096693743
-1.0010254632181796
-2.987227519411963
-1.0296969272153698
-2.9745728386890513
-2.9812805720114874
3.0169077488520974
2.98226373669924
0.9971352000576443
-2.9958211854892043
2.977161971136234
-2.982445468450382
0.9950663774526417
0.9923268490311743
2.9774967087012336
2.9854369157994545
-2.9566190966244776
0.9939878710827537
0.9717310435748775
2.975031239377331
-3.01114083213289
-0.9691429151790959
2.9791942034181926
2.9875692301056347
0.9851376369901469
-0.981682319741834
-1.0150611257403246
0.9930278434876587
0.9960594792171512
-1.0027385792402663
1.0024822460195069
2.9918868455729792
-0.9964307105899278
-2.9628785816555405
-0.9945489237467684
-2.984590709561447
-1.0237126518396893
-2.976235898633865
-2.9908912803184204
3.0042905367400556
-2.991485699498149
1.0024748724251973
-2.9895355933799306
2.9846539235894496
-2.9877590851872298
1.007062585708957
0.9798466224324375
2.9878141131985316
2.983772183206984
-2.9748632576654113
0.992442825528765
0.9718772194894337
2.9914487660309477
-3.0070085795279593
-0.9884667944853948
2.976696384741649
2.9725959481328434
0.9957733343827434
-0.9796793132984578
-1.01824948045457
0.984475327025288
0.9910572652286803
-0.9984591583542686
1.016995667299618
0.9924338547318788
-0.9937885717624779
-2.985514045766399
-0.9957749029135935
-2.9789586298192567
-1.0148166994827805
-2.9747000914068082
-3.0058282573690995
-0.9908128528051011
-2.9813068077867557
0.9944358757164465
-2.946837218747141
2.973123089145177
-2.9860750004765264
1.0086108781931888
0.9837649065544534
-2.9723701420827546
2.9745983655585664
-2.9797755008545543
0.9818820267536694
0.973817704214604
3.021228528100699
-3.0101355846834346
-0.9842673972438551
0.9786183633506506
2.9744111730570757
0.9896400615526053
-0.9446240462893197
-1.0040955970852186
0.9833318228183251
0.9833655642833087
-0.9948282452165499
-2.958629100993907
0.9866524415128566
-0.9762705510257342
-3.003500685296782
-0.9964929700444185
-2.935026112433324
-1.0122536205785642
-2.9550666564700268
2.963520798924909
-0.9887331551524882
-2.9724767775691325
0.9820465089624003
-2.920551522059849
2.966513479709819
-2.9660078910232137
1.0094016033499393
2.9786606472405297
-2.976167665922666
2.978463608022755
-2.9930789765335706
1.0013330867184567
0.984082486837022
3.027000164368144
-2.999023311250949
3.0196489408117397
0.9772645874805932
2.997103165162817
0.9500739205065101
-0.9524770759956002
-1.0138724841777953
1.0169494929217815
0.9973186424060321
2.986361984731579
-2.9687208074708917
1.000156006117482
-1.0094578147482602
-2.987022136905078
-1.017550638254601
-2.9415212606010517
-1.0090036943633223
1.0358385639487202
2.9764652920953636
-0.9765307973220544
-2.9682454227432764
0.9606319026291458
-2.9719661371885473
2.9724668530541893
-2.9489264977487353
-0.9903130005259213
2.9785709756847685
-2.9925105591939034
2.9887111799184156
-2.995967013522452
1.0243311039309446
0.9605476512652676
3.00522379214982
-3.000167871398356
3.0291018749648013
0.9873172426248038
2.9863906419631334
0.9386110639225408
-0.9750427998127746
-1.0334096464520104
1.0226972465210618
3.0001674451299056
2.9812765448660294
-2.9777728717721756
0.9890067588160861
-0.9932912886969802
-3.01728943009536
-1.0116579744983425
-2.975797715166157
2.9659769479696543
1.0231080954103464
2.997227045175628
-0.9964328080572292
-2.977268439264546
0.9397168545877326
-2.9800674877533373
2.942569450475508
1.033594765170741
-0.9947126656080504
2.9606470574374537
-2.9585185920157167
2.980700710647426
-3.0071325367190784
1.0106192461983954
0.9414653178045421
-2.9868338891285102
-3.011256574914606
3.015168605110983
0.996389065226058
2.966918465017499
0.9983195742127013
-0.9917300528486414
-1.0426836710608285
2.991407089907037
2.9959752373988677
2.9866033162556764
-2.9886563951254046
0.9751578029224398
-0.9902158769580627
-3.031444868509017
-1.0015568278937308
2.9912234442801897
2.9580386373721175
1.0034460102499798
3.0067326855806007
-0.9851992299367929
-2.9906629177617834
0.9522005614567098
-2.967369096953793
0.9324336525282798
1.0178896057059177
-0.9942403540040162
2.9823403327950766
-2.9820993933242574
3.001157133691095
-2.9909605728864763
0.9950754472035905
-1.0413188395441673
-2.9762397655746264
-3.0221418208795323
3.0164555580277246
0.9882194267997393
2.9922924306415006
0.9889017904965657
-0.9617426488945954
-3.0218779841311125
2.9738346133143025
2.9869901942953834
2.9873994813524334
-2.9943000356835556
0.9921023161802359
-0.9967273400934493
-3.013294760393222
2.9860566130761512
3.0218976858358175
2.966216468947999
0.978447496047714
2.991026000332775
-1.0018991133227195
-2.991287598583934
0.9767838085116043
1.0381534650685806
0.9531190778444605
1.0031035908310837
-0.9708514194922292
2.9852587121106007
-3.000864921135382
3.0074183466191844
-2.994146693635111
-2.978211195435721
-1.017168191886565
-2.94622750646042
-3.048062563498878
3.0031070745628554
0.9869015510775647
2.9958632638909926
0.9814866425915096
3.0448567869401466
-3.003439033594182
2.9920368878585872
2.9739564105190754
3.0067752870248143
-3.0345324730386385
1.0075148902601552
-1.017574094867968
0.9995973968193216
2.981381943289068
3.043755196230596
2.9824527403616914
0.9870067703027464
2.975776907872579
-1.0076581178254398
-2.986349007475305
-2.998439808452238
1.0385163115094174
0.9879551427088318
0.998514892412557
-0.9533089825214853
2.978278176137242
-2.9928900897719966
2.9984713302487043
0.9682812338014208
-2.9559878348309705
-1.0126038112259999
-2.933321088417276
-3.023811306557915
3.003314752771245
1.001070979083059
2.986451593635582
-1.0111819662547028
3.0293855376594303
-3.0059275001107966
3.004166695852787
2.9825096335031924
2.9990266304823625
-3.0210816572182138
1.011699528140508
-1.0279159614418187
0.9985081404442502
2.9759342689095303
3.0217203205503957
3.00363246859203
0.9965380623630234
2.991744302646967
-1.0232128720875373
-0.9826495880205577
-3.0148447141146066
1.0077856577113067
0.9936936564266212
0.995306348690191
-0.9711064363002057
2.9845717197964596
-2.9713068035253247
-2.982086618533902
0.9554627350489501
-2.9554143775509205
-1.0380588799049906
-2.9558908145831144
-2.996163309437457
3.0030242179131443
1.0063780204146093
2.9727521532650534
-1.0027066141041958
3.0008828081905734
-3.0415113220004106
3.0037746800603786
2.9687006911768203
2.9844290705796217
-2.9939783382360896
2.9992783298093846
-1.0133929702601603
0.9722020126001312
2.950992140281736
2.995368557122802
2.985646623034121
0.9998257961680298
2.995375393054845
0.9678539627196968
-0.9814059034690491
-3.0324966375561795
1.0052972382227774
0.9761373255161652
0.9745124132992484
-0.988821318850559
3.000862054021482
-0.9768078743555557
-2.975387452984972
0.9657916504854387
-2.970710277951699
-1.0564661397174726
-2.9657905400038156
-2.995847649330848
3.00112927613358
-2.985207263580583
2.971479333003644
-0.9906211646309102
2.9966649708319237
-3.0403291208312795
3.005930949420944
2.951091384125107
2.9847685254624543
2.9822365392389067
2.9932993553984004
-0.9965515367928904
0.9719664695998296
2.9675586637723903
2.9829439403101294
2.9848524580787306
0.9982587760731977
0.9899708738715229
0.9836345994134436
-1.0053360208435678
-2.9965619471509943
0.9945769784446743
1.0069087483964787
0.9722709727578852
-0.9966168815515913
-2.96734045924823
-1.000260276619388
-2.970856600123991
0.9975641318762484
-2.9822896701388033
-1.0056167117719481
-2.9864925091277175
-2.9952487331045377
1.004120780249299
-2.992227684644827
2.976380600856313
-0.9889731137200555
2.9875804844102785
-3.009862488195398
3.018518085401914
2.9547983443367474
-2.973943980650783
2.9534684010089935
2.991682420951266
-1.0088142373596243
0.9730165114091986
2.9981790645339648
2.967625420945244
2.9843728311966236
0.999855742622569
0.9809176315496612
0.9884258233410588
-0.9858306080601682
-3.0047221792545225
0.9820324383674036
1.023067514802251
0.986728320804851
-2.9698514537994987
-2.979903087601564
-1.0094463418599013
-3.0016143318125175
0.9903961853726191
-2.937043849426766
-1.010244223078131
-2.9851769357553466
0.9901580363685166
1.0008758929247623
-3.0007668158018337
2.9982113503407675
-0.9765508773012681
2.956883270081093
-2.9937913245948877
3.0292183623113376
-3.00441492565774
-2.964250167297222
2.9325088321796806
3.0034220127376408
-1.0320776152818558
1.006026858670076
3.0127082550069537
2.968058211224399
1.0027081719780804
1.0006970778219937
0.9840354615050975
1.005347815139691
-1.00398108066316
-2.982745370058499
0.9817776470978301
1.0196032990879302
-0.9980798454236735
-2.9529834733818987
-2.9906213621947133
-1.0072770226258376
-3.0002867486234517
0.9967771477115058
-2.94907864826004
-1.0047013045690272
-0.982841256350269
0.991633906953775
0.9949124022961605
-2.949592289614089
2.9775747438412092
-0.9623032372762981
2.9689150922265575
-3.0022199490384116
-2.9546900455365295
-3.000086904492006
-2.9750545098475962
2.9556789622485193
2.998737461385646
-0.9826044125704628
0.9907905803915747
3.0098643612666685
2.9763228455027986
1.00703946920033
1.000884442646732
0.9946898769236492
0.9926693928299918
-1.0053098803013032
-2.9669830395360033
0.9969002227143628
1.0018205226757098
-1.0085264529007152
-2.9611505696279443
-2.9675589049413453
-0.9859724614742386
-2.9903053521625385
0.9959342903513975
-2.9730276775049163
-1.0006240598368412
-0.9765036361487867
0.9939394980931806
0.9850153758060868
-2.9654703459574203
2.9989907499168043
-0.9647234220783074
2.985215838130632
-1.0246148479684671
-2.971733139254863
-3.0227588026756513
-2.938159594002203
2.9762859467812244
2.9929163901974962
-0.9851950938110701
0.9960294716444986
-2.9905253246680847
2.9809703400630223
1.0054432788838266
0.9932617715928018
0.9851367009510417
1.024279411570387
-1.0049123112988132
-2.9652530760181572
2.9936998950239135
0.9943799776964878
-1.0115365810308294
-2.993683601291209
-2.9492706216816376
-0.9958010172626683
-2.9879552370291145
0.9907690379856445
2.9949901304030107
-1.0034362831348331
-0.9837853808141528
0.9851247592336361
0.9973025470975577
-2.994015943143263
3.0179247100638253
-0.9810039845246296
0.9921849294572347
-1.0245139849647666
-2.9813957987319637
-3.000928296999312
-2.959512552766162
2.9733991205690797
2.999223519378821
-0.9957012932888489
-2.9790430028718338
-3.0049498956178753
2.9835933036370728
0.9759804574716756
1.000581549854544
1.0105499186918994
1.0032925491650173
-0.9927206182640078
1.0036994857508201
2.9834904412992245
1.0012967393272618
-1.006640157897699
-2.9985237140088774
-2.988968999432622
-0.9962294414959387
-2.993921809965449
-2.996843086934613
3.0136145470170512
-1.008625726937051
-0.9940901372905792
0.9928030227226481
1.00629299544829
-2.994331584518683
3.0047813711640323
1.0041176839785733
0.9770584800804462
-1.011931746230783
-2.979552063325337
-3.008934908691288
-2.9776423927700133
2.962477026384339
2.999175700886205
-2.9892252750648285
-2.9818188847904743
-2.982669623861256
2.949584311211459
0.9933329650326878
0.9857581727032035
0.9947361412014721
0.9947829299145162
2.985734364511415
0.9944262293630108
2.982678734446886
0.9600008296066627
-0.9809973603449537
-3.035580751775007
-2.9832416145630614
-1.013222360524702
2.979575365578762
-2.9917686636470853
3.0294151114544348
-1.0071021980511612
-1.0070952945882383
0.9542599740825091
1.0069384006123678
-2.99725902159623
0.9952752904306094
1.0136750443034521
0.9590378913954849
-0.9929382360261746
-2.962465109660322
-2.999838125681762
-2.9942530014861632
2.9601916368038266
-2.984303477000334
-2.9788202436155897
-2.991905949364425
-2.954603872120018
2.934636270098797
1.0104229586043345
0.9822575863906556
0.9817260902681971
1.004514834343719
2.969347328159183
1.0034587489545235
2.9882613959820903
0.9714326142442048
-0.9566128895747914
-3.042881273866933
-2.975960160458673
-1.017007395926396
2.9848170638767106
-2.986048525085989
3.022907290179508
-1.0013370875570684
-0.9998898815346116
0.9672720252615158
1.0132535630870676
-3.003744059621313
0.9955298518672879
1.027145597830253
0.9765944743261665
-0.989892224791563
-2.9450148087171035
-2.996230062167595
-2.9774257121504664
2.9729320759202538
-2.989482369760274
-2.97121354442157
-2.9946317242091927
-2.954271501773673
2.961739378319101
1.0149215178218844
0.9998366090666974
0.9886363114611646
1.0175277819318
2.966306493844245
0.9935296959440958
3.003428300044775
0.984175549253246
-0.955473424856985
-3.020685360328761
-0.9769727778319951
-1.001300827195093
2.983366264627977
-2.964608762648206
2.997330827642605
-1.0138481250988243
-0.9735231938540373
0.9839898027451883
-2.954713266983558
-3.005348049148117
1.0259723821581006
0.9980185278748448
0.9858421204265293
-0.9648367447813343
-2.9686275494476813
-2.9835365839270858
3.02042594235406
2.98206669321188
-2.979088453902141
-2.989246147491914
-2.9652068118635735
-3.012587331188246
2.9852482283051414
1.022635915304072
2.9943465924909405
1.0076439838820361
1.027040583570439
2.9729172935506836
1.0039965386119756
2.99572961718423
0.9964879088223543
-0.9774803505982251
2.974783438836101
-0.9798461621858514
-0.9871405967782935
2.9825695628805713
-2.9545435971236085
2.9833202903225122
-1.001744965657426
-0.9690006161354328
0.9789564120830697
-2.9527432464963503
-2.997103246882052
1.024901680610877
1.0159139676026785
0.9817061780623616
-0.954113862231333
-2.9948820973293477
-0.9882099363154284
3.0183860083295295
2.9721855309853065
-2.9548344524879475
-2.9956832174575316
-2.971691651106247
-2.9947400740603047
2.9706611694734226
-0.9688943389870973
2.980447164658901
1.0065612364318115
1.022550581229834
2.9616750252611643
1.0309983975694994
2.9842532651917884
0.977397855680474
-2.984557562314846
2.9649300705912505
-0.984988146451632
-0.996692464167173
2.971507274457463
-2.961859870534448
2.9795157802596
-0.986997406777497
1.0039931456425264
0.9618310688275082
-2.9673956400910297
-2.99868410493692
1.0048498696230932
0.9988964245399696
0.9691056469120378
-0.9696732493645344
-2.9942155383611766
-0.9977172124950161
2.9955270156100178
2.9502362011841243
-2.961017786616902
-3.0082533860012757
-2.9968806539784105
-2.984725626511132
2.9489473990583766
-0.9760285660029134
2.9713539869364114
0.9802461354916967
1.0132068780758758
2.9251185288464967
1.028668528287593
2.970636114805782
2.9478322990944354
-2.970517623562811
2.9458638260512955
-0.9953146652381177
-1.0114659043914267
2.951035373105549
-2.974321467362571
2.977717187495303
3.0003390303841098
0.9882062294996223
0.958435177329653
-2.9813872508731456
-2.9917231822227617
0.9821083579334418
0.975689882230844
0.96423748439896
0.9990564450436611
-2.9668995120198822
-1.0036035948390856
2.9878437047179287
2.9705433818878477
-2.9819007334740704
-2.9997126948563713
-3.0068650671260846
-1.0022435986948648
2.949904203425442
-0.9880488204998892
3.0124190744987245
0.9757645775801371
1.0358808912149016
2.93380593141567
1.011850031779276
-1.0144236926576717
2.9534053487018186
-2.954147878267507
2.977434175871212
-0.9946185767557988
-0.9809247919205984
2.960327710165377
-2.963927158453519
-1.0043010081845964
2.9873245100557524
0.9894578295268742
0.9742879272880198
-2.9757850070028966
-2.952896430135739
0.9928591692008252
0.9694400056248225
-3.0086284983331564
1.0015008036640074
-2.9475368647867106
-1.0046131715677686
2.9904608392870142
2.9899850815768882
-2.9840761969680947
-2.9824556013507237
0.9990929402335802
-1.0171385321197945
2.96672054271758
-0.9796368450320474
3.0107464230632646
0.9780427172074315
1.0509164706000123
2.961338594830144
-2.9797743449585865
-1.001399474719999
2.988029157111616
-3.003472778802281
2.9905060295669808
-1.0015851573354544
-0.986362844472733
2.971903850761147
3.0347137614956985
-1.0011381058228845
2.979353191197891
0.9815486034421634
1.0013492267944346
-3.0276005480147896
-2.9516871175505517
1.0018683952160332
2.9852669910664544
-2.993884006044687
1.0331050112920976
-2.9871943506038634
-1.0116870309519812
2.9668293854024665
2.9927237727798985
-2.984374742860639
1.0080048349514603
1.0204099106178415
-1.0241496141299948
2.985070558071289
-0.957763031398338
2.97681726604644
0.9611526323396358
1.0324016998603136
-3.0044059929753355
-2.967537465615491
-0.994091603687409
2.9900325718579874
-3.01830944248104
2.9968691789864406
-1.0117862944780653
-0.9894987831114378
0.9710736457007202
3.0375433140837815
-1.0062605798634574
3.0153160330822097
0.9808527326563528
1.0114308367258245
-3.030908822443156
-2.974896352287559
-2.994898616407071
3.004669815595915
-2.9857972309977776
1.0038189849405756
-2.9917471000400133
-0.9890382884431802
2.962134736995149
2.9901491821394677
2.9876724134222172
0.9936696666491355
1.0137318658964318
-1.006614935644952
3.004371573398018
-0.9900118546506423
2.995224356032595
0.9524088510020872
1.011139613821355
-3.0259493762854555
-2.95284861597636
-0.9993005586846154
2.9862421128683736
-2.9995468780741947
3.0124068737620218
-1.0040858543515272
-0.9911557771519125
0.9522301678203148
3.0186832194304714
-1.003247378517635
3.0344631475896224
0.9852972264448145
1.0202770785912836
-3.01458543958884
-0.985001167168235
-3.0131823442367587
2.987489472245852
-2.9808494132322294
1.0045521237207042
-2.9841451835426147
-0.9717520009920877
2.9815113051414066
-0.992859158540888
2.987072051036135
0.9711000024856078
1.0282678079119671
-1.0141445550240826
3.02317148791718
-0.9945508554346695
3.0037615575021612
-3.0125382001713357
1.0134838203323189
-3.0409238437071515
-2.987603689231307
-1.0041937128164047
3.0183844887288225
-2.997888775683635
3.027415119582668
2.9845491673223092
-0.9878632620544499
0.960225962479367
2.9937420040195204
-1.007541567006993
2.987841336727292
0.9990312358157515
1.0209867336794078
0.9810561843673388
-0.9639721781399075
-3.0184812267979697
2.9965675533041622
-2.9788541809235407
0.9940676288025343
-2.9820859883145583
-0.9745889637998335
-2.983913787145043
-0.988987474691801
2.9866720965976077
0.9911706898624133
1.0009661832554946
-0.9910160456820433
3.0103556950302868
-1.0021618585910952
1.011729356338854
-2.994528126690845
1.0257861378028788
-2.985162439920953
-2.9885494735516622
-0.9983778698119803
3.0090847123420383
-3.0072702189050573
-2.954601241528589
2.9809625133203315
-0.9819565184828001
0.9693165366321699
3.000089673295785
-0.9772567193755873
2.9827223048495237
0.9851702754036824
3.004048294031132
0.969790788284301
-0.9463081089703609
-3.005445478764408
3.0096314270896487
-2.9922876356715817
0.9881400633869056
-2.991090203164515
0.9999779656613347
-2.9970863730061157
-0.9888190610281561
2.992920986784573
1.0174778492827807
0.9961298487197068
-0.9838433645490074
2.9971757268369172
-3.0021508877958665
1.0021453143135464
-2.991494507082087
0.9944334774383804
-2.9743385559826563
-2.9822163883897654
-0.9949247790678152
2.9930837888083097
2.953124121143745
-2.9736458656587716
2.9745246880718343
-0.9891918942190837
0.996827149723982
2.9640754781924272
-0.9799816654867592
2.990025755505241
0.9703537120997047
3.0005425091823907
0.9525929975153816
-0.9554959844514312
-3.0194764791838673
3.010768362959439
-2.9881017129838554
0.9740558895044926
-2.994209594506348
0.9903597850722017
-3.015340330025836
-0.9920327681843216
2.9967092683842926
1.0182722401721644
0.9893134338299726
-0.9975441224771461
2.990215542776784
-2.9985524314120258
0.9993601366715009
-3.0117217623565757
0.9798874669278217
-2.986975175275458
-2.9830002623346714
-0.9924574581226406
2.987811156356445
2.9525781380556895
-2.9780311508905832
2.9727263815831177
-0.992554705661397
0.9877221114643329
2.9575228034502996
-0.9836705110061761
2.9881700254786527
0.975217506858104
3.005541176891366
0.949363098118453
-0.9757631981745188
-3.031343146945166
3.0033007571739296
-2.9901518107656164
0.9748642413347224
-2.9870620878471374
1.0018549254034714
-3.0074478944763117
-0.9971519667879375
2.9921660177426554
0.9929166251951735
1.00236260716723
-1.0097672334918126
2.999225856790986
-2.9940320132289915
1.0098607465486782
-3.021932460109082
0.9889637563455376
-3.000583598963015
-2.9897431916751995
-2.9890582736698197
3.0009563425382058
2.9698202757667826
-2.967375623921088
2.9789111310561456
-0.9898963668076797
0.958809762789519
2.968593309367776
1.0207756947064561
2.980237820565127
0.9929146983646053
3.0083212424085217
0.9669551958159804
-0.986850270868537
-3.0214035971310897
2.997440430680279
-2.9960396991044322
0.989678818481635
-2.980341821748513
1.0108531650484818
-2.9935924869126063
-1.0006873540954375
2.984666697353366
0.9756442275817155
1.0175455844342105
-1.0044814282704246
3.016727861384169
-3.0193727246539095
1.0235035904908305
-3.0174091751673475
0.9999125457429098
-2.995680290480614
-1.0000220515923648
-2.9933083335772053
3.008603281781265
2.983128393187357
-2.961368159957148
2.9602274093893644
-0.9800247674457563
0.9501723025798593
-0.999741365837356
1.030762081801463
2.9684028222389163
1.0146706903217344
3.002584621292335
0.9904931884928424
-0.9825365401837316
-3.0061167883685154
-2.9729351157546917
-2.997574326236996
0.9959991492450199
-2.9699671938062218
0.9988960496658866
-2.973614752692504
-0.99991079572595
2.988565983772492
0.9919514447200777
1.0125573992398653
-0.9834704290575177
3.0127702548595368
-3.0010602357428424
1.03361842257441
-3.002682344077336
1.0008032106516158
-0.9875074883084684
-0.9951330745618139
-2.9991502415302667
3.018676197937925
2.9841346810131886
-2.9689614910576783
2.981672133176679
-0.9730844832881657
-3.013977220069587
-1.0041094545539582
1.0342415058608911
2.967878084755871
1.028471109761005
3.008703834971791
0.9919370413349864
-0.9680753913255131
2.9733831451530417
-2.9638673708081247
-2.992705195429962
0.9846198438545218
-2.9849822711710936
0.9865165234428028
-2.9520687650573536
-0.9947775619435765
2.996867047829837
1.0171055717051407
0.9942357941416166
-0.9771906655069192
3.010694902187789
-2.990717316060695
1.0116010151249757
-2.992222553108931
0.991370511794541
-0.9813303782974169
-0.9895611693482461
-2.9886512411471364
2.9918340505144503
2.9869974585179024
-2.96841482788254
2.9910589920492066
-0.9738133028938996
-2.9928628587730697
-1.023445351301736
1.026824954769165
2.9565496039064305
1.0288024454380156
2.988734784121992
0.9879440336490307
-2.9624759559699423
2.959146687805073
-2.959111680501954
-2.991018726344201
0.9696845497033234
-2.988932948222494
0.9718527451184642
-2.953949399129879
0.990758159641932
3.000738348833679
1.0188490353862574
1.0000411645342515
-0.997341937935812
2.9866013760203067
-2.9987551062026174
0.9974419922535335
-3.0008079619312986
0.9845407142265423
-0.9963200292946472
-0.9839250766759257
-2.986754137733055
3.00534678668934
2.974963303052568
-2.983330483031211
0.9858707721775346
-0.9814278464418906
-3.008162440830077
-1.0016156399903708
1.0131364638635405
2.943208015081055
1.010585861839846
2.995718831927339
-3.0050020719620485
-2.978148666809383
2.953530920507387
-2.9796001452190453
-2.991698923952538
0.9921044566487751
-2.9813571675960677
0.9556607914771453
1.0158650950981503
0.9817491716644867
2.9905317139996663
0.9945614917083214
1.0119429509135767
-1.0248346850437702
2.982022893978695
-3.014412064832655
-0.9823276072784228
-3.0171994508087696
0.9899785675701314
-1.0044343701315381
-0.9781573986697781
-2.995119680418868
3.025438536608813
2.972327018090953
-2.992066759679973
0.9692342345631378
-0.9879655897387217
-3.021917282700693
-1.0081471704226843
1.0377664800279407
2.9511029893880796
0.9999689815686821
1.0279990592155561
-3.0083005819644244
-2.989456549745177
2.9668679613881483
-2.982338688205278
-2.992785407638745
0.9866883964751251
-2.9568975511466213
-1.0343751126386123
1.0086592683151474
0.9869078671753341
2.962260110358705
0.9892384101226697
1.0146252088626915
-1.0027689916550713
2.987003990916913
-1.0200218182933793
-0.9601209600457992
-3.0253711397479144
1.003098276567148
-1.005127618309265
-1.0008612610258156
-2.9929194482645745
3.0256532727531185
-1.00152548218602
-2.9846670974747473
0.9667084329931555
-0.9501248418051672
-3.0321818462473074
-0.9919117952965255
1.0477829129918288
2.9679081771316738
-2.9741801458467148
1.0355815154452004
-2.9948644685357375
-2.9975650659957025
2.9709055934242534
-2.9556723493743466
-3.0024108020428093
0.9933050948922812
1.027871151970881
-1.0175517284263023
1.0069520166398158
1.0245105887680606
2.9787508153871216
0.9889858274194786
1.000617181313842
-0.990242851333177
-2.9742548262272868
-1.0035834688302125
-0.9636265283642008
-2.9980717440985556
0.9916118639092155
-0.9632079695388029
-1.004655927255785
-2.98518451868143
1.015365636444205
-0.995271184959672
-2.978909731986708
0.9909062802941403
-0.9453118788969066
-3.00744120576428
-0.9874154960757572
1.0306373185038278
-3.0045417371090037
-2.959454411823009
1.0155600188353628
-2.994832885667309
-2.9987699499796947
2.9888338708373623
-2.963740302944183
-2.9971727359420477
1.0009974248754574
1.004866152502997
-1.0119997036898638
1.0394998872747292
0.9963884635061891
2.987825228875118
0.9961724832279756
1.0040226934373755
-2.9983193671191746
-2.9711804068821794
-0.9881859520666808
-1.007211397498124
-2.990642307796429
1.0168742503489008
-0.9921696847307377
-0.9976865206253251
1.0051082173297103
1.0011534773048183
-1.0009656242705478
-2.9846270087685567
1.0210607531986424
-0.9916895383955145
-2.9963805611521117
-0.9724635829051224
-0.9888742334457029
-3.0200715818014223
-2.9577109759306808
0.9943692995377119
-2.990194693052541
-2.9980708723649347
3.0092868686197
-2.9876214005685546
-0.9975720268137448
0.9973750629181293
0.985216617823711
-1.0166984987714591
1.0304458236910792
0.9946438437569594
2.989129204593539
0.9970355947709253
-2.957953516666053
-3.0233474097417914
-2.9773346612547744
-1.0274428266850997
-1.0043794713064753
-2.990081664534242
1.0117878313943007
-0.9921712049545114
2.9833693583259806
1.0016214226487914
1.0172484035324578
-1.0268266260942858
-2.9841217457477858
0.998933353030661
-0.9947293240463747
-2.9998012992169074
1.02003415774855
-0.9877651053164593
-3.03185390112259
-2.973790147030657
0.9874763088968241
-2.99966612965602
-2.9905980537228722
3.0193895002079016
-3.002530452844848
-1.0004976431234727
0.9899071154057693
0.9989866286849606
-1.0158140629622594
1.0067027324433127
1.0035821749504925
2.979820086622194
0.9913104711121598
-2.946500607898387
-3.022170188719941
-2.9867702150013717
-1.0428547936770698
-0.9903607162755903
-2.9811725780441307
0.9966454398114256
-0.9671094633776612
2.974189910959623
0.9919464292947991
1.0429259955509227
-1.0217395277475567
-2.9788103600748643
0.9771349246533478
-0.9875789791116169
-3.006045686067214
1.0052708836221125
-0.9615560107123121
-3.0314543933422886
-2.9811194020033858
1.0125365123048857
-2.993812642636725
-2.9827933353584632
3.003538952547157
-2.9878548895076045
-1.0124457036138372
1.0012330677210663
1.0180579824424376
-1.0115336666611423
0.9995842063129957
1.0177494216767606
0.9850823919953212
0.9864030929441263
-2.969506121610617
-2.9907611572419097
-2.989072814020938
-1.011136454511713
-0.9875470338574353
-2.973181875410426
-2.996036490138501
-0.9514029541296358
2.9738179080870535
0.9784863260995701
1.0338320103542602
-1.0060911967751982
-2.975553339243677
0.9705249709353378
1.0212161981278776
-3.005815776291548
0.9960638302115218
-0.953591033605248
-3.0173844178050766
-2.985987664805045
1.0302874392584547
-2.9951821279232202
-2.982047995911025
2.9840921038358865
-2.9610691212955884
-1.0358545660572565
1.0006052541762491
1.008372442820799
-1.0120603456742092
1.0176691039439476
3.007926888139419
0.9914921189962023
0.9961101411718339
-2.9879543448666768
-2.960700401941269
-2.9999523271419974
-0.9914464058356214
-0.9977020278039032
1.0077426675043877
-2.985417092187121
-0.9728697467427103
2.9869461079171336
0.9835651707991429
1.0168269102711358
-0.9908188083974819
-2.9764071634720537
-2.9984061669009545
1.0220763803419806
-2.992137256790521
0.971466225241339
-0.9516263447651099
-3.0000815748121408
-2.98124533509803
1.0209591080121163
2.9742260767453454
-2.988334881177731
2.993676881480324
-2.990891125578486
-1.015087976892821
0.968356016258293
1.0137820327592584
-1.0069570168543502
3.026513967893883
2.993362359527922
1.00691743429042
0.9699459961449182
-2.9866959104904054
-2.990774785595798
-2.9905512173601796
-0.9936641936057056
2.971162862144351
0.9973816128116666
-2.9579351132697083
-1.02718209132927
3.007636993828495
0.9648839030255028
1.0053721786954741
-0.9833901282540183
2.988954628235615
-2.978069790739302
1.007170986847644
-2.988754848558926
0.9773889576976734
-1.000486059396349
-2.993752705933824
-2.975511848143464
0.9998538522538001
2.970269749711324
-2.9970900848683613
3.015899234039551
-2.994343591537107
-0.9917384388592092
0.9592437794777794
1.0046911312143354
-2.994660379145165
3.0199939463943073
2.992072602388191
0.973515857974303
0.99136796782549
-2.993890543219372
-2.9931917382144775
-2.98717686820714
2.97344557752315
2.971964710120358
0.996936735498631
-2.9862094086035205
-0.9991512989343064
2.984576194250097
0.9941513158863265
0.9964154828340154
1.0001210715287296
2.985017671615347
-2.9803872017465527
1.001148046263175
-2.9982915042872116
0.9722485264195648
-0.9907808414613267
-2.9926305793770807
-0.9874375504265981
0.9971892398423818
2.9692630881551416
-2.9890976042539603
3.0301575679591783
-2.986995762541968
-0.9984647766022585
0.9753600603240254
-2.9808846680786396
-2.9966178519535664
3.001489421422746
2.9849792641649135
0.9729056385998829
1.000087852104205
-2.987189844118106
-2.9921081550670676
0.9954361773202213
2.966523981797311
2.9833034111740444
1.021747468527041
-2.997547700369207
-1.001377652490914
2.9979600950580747
0.9901969351884965
-0.9815341134520167
0.9885639714061338
2.9939202220075636
-3.016918089563244
1.0035975928154883
-2.985653991530869
0.9843029644564008
-0.9860169636624792
-0.9965858063301244
-0.9974982810518367
1.0125334760554194
2.9882134887479244
-2.967892950796628
3.008563660814685
-2.9901107937537823
-1.012555144254201
-0.9977097142777457
-2.970786969826944
-3.004357977125616
2.9957652295270423
2.9850964142493064
0.9996409997381516
0.9960738123498366
-2.9725408523062886
-2.9908224387206133
0.990480242931218
2.9805992987069674
2.9712646569534584
1.0251380994834998
-2.988627924164991
-1.0229743207653759
3.0037179814967927
2.958233886630138
-0.9632879271214561
0.9965851534539335
2.9627701031218723
-3.0107569066299575
0.9791374111767451
-2.9762751405036045
0.9918487548908937
2.9945576633584694
-0.9938164736481608
-0.9920586809147405
0.9876432331641797
2.9866439003231546
-2.995556612551832
3.000729809979825
-3.005405700347035
2.969748897686133
-1.0015732575163119
-2.9554099639094007
-3.035822744620141
3.0115920971508605
2.9495706799990042
1.0037616962652263
0.9932185541472901
1.008816060154354
-2.989778787302262
0.9834316576436435
2.9994501894994556
2.960371683925817
0.9878697259181646
-2.9775795111357497
-1.0401174079742164
-0.9832427649797428
2.9474178658037293
-0.9728252791838851
1.0304844519240395
2.9675902558653857
-2.980632291208314
0.9684082241838172
-2.9763205798824854
-3.002145147158942
2.9878169886283015
-0.9909197006124533
-1.0070729951374244
0.9908018820047619
2.99425623481473
-3.0013171670838763
2.998650806582534
0.9752595296371701
2.982383548728345
-1.0262135111832955
-2.9477600771400847
-3.004101760572442
3.0087926626168917
2.968850464107905
0.9915937326511138
-0.9992474093636873
0.9927339031606587
-2.9904823865304175
0.9732864320182555
2.992572503075075
2.979629428441323
0.9957661289354282
-2.9702952117342702
-1.0288635523114311
-0.9920896957236621
2.9666468160434394
-0.9980781064870231
1.0517334466919912
2.9609630113004037
-2.9667657228199458
0.9828751055845454
-0.9865009405001967
-3.0158830970203807
2.9774058679646584
-0.9794047636490499
-1.0053999561231177
0.9914174996931514
3.0134795275180264
-3.000972069828618
-2.9617503438279207
0.9885432229353618
2.989043212344807
-1.0283302688822937
-2.9712398269358866
-2.9787927283083446
3.0067404312229757
2.98577067430974
0.9902868693836157
-0.9981116127781574
0.9882293891088892
-3.005393266679247
0.9970774338627645
2.995352835715036
2.988679066354787
1.0085441769437302
-0.9783709837195131
-1.0043399084464897
-0.9961029193725244
2.992168270905858
-1.0106022942522597
1.0237504801916173
2.9755713442082894
-2.9625954726477857
-0.9949329604892397
-0.9909938396571106
-3.014268678042153
2.982057215122118
-0.9577686640957876
-0.991527125206911
0.9837702494693811
3.020360263089577
-3.0001002459160153
-2.949189551822734
1.0013031597599031
2.9754611241911686
-1.0177130780587627
-2.981783480777687
-2.978248697252031
3.001118376751445
2.9837955504975135
0.999708470116012
-0.9985702264117686
1.010342388350363
-2.999283564317945
1.0059617612462548
2.993679408904803
2.9853540867562764
1.0045383254121982
-0.985043990419309
-0.9975787186859106
-1.0053078157868993
2.9873068334801443
-0.9921105357103792
1.00341047679738
2.9759923856330346
-0.978731585538884
-1.0010341994474676
-0.9998047735567025
-2.9925774547030204
2.9806537281307675
-0.9626890193020282
-0.9952474354071937
0.9744985315479977
-2.9669163461159203
-3.001501008724446
-2.958894549539771
1.0000831819440024
2.9556095822748696
-0.9926351569795733
-2.980665585154946
-2.996080997747028
1.002735828423885
2.9662626118403064
1.0026160809140865
-0.9890119461434767
0.9947090268431165
-2.990668013457207
0.9883535617334137
2.993058437108348
-1.0074961026350386
0.9883778081248875
-0.998091095711855
-0.9811451387474452
-1.008329239122415
2.980888794778197
-1.0058495053393457
1.0052277210622846
-3.008883660469329
-0.9886414478225785
-1.0165274726995799
-1.0087468008177336
-2.9898872974354926
3.0126950520022997
-0.9888686394567585
-0.9993327073538677
2.965306713413536
-2.98321824080517
-2.9943453364943102
-3.0003626698123704
1.015224558700169
2.9382678580319532
-0.9871831893066331
-2.9662649470999045
0.9772579337973943
1.0019969205737285
2.952268450497007
1.0014408146958917
-0.9699670313247483
0.9663152966582695
-2.9649386391163786
0.9722521329143434
-0.9880581495031491
-1.0127199175292116
0.9794880336096987
-1.0003842145365187
-0.9889777878309648
-0.996859061550278
2.9900290222568673
-1.0110696088925701
-0.9642272576297322
-3.016612459779017
-0.9909135932318701
-0.9971979841514815
-1.0092236751590533
-2.9773284336654138
3.0198328907093615
-0.9963411982230791
-2.9858998078486616
2.972463502340241
-2.971589607386824
-3.014719913338054
-2.9873766003122038
1.0316478086601648
2.9544677596589994
-0.97785650197384
1.0168302615827092
0.9876540304062678
1.0029952285958659
2.98253346609029
1.0054431490022158
-0.9813160621515441
0.9897174994388889
-2.9706002777486757
-3.0081912268702165
-0.9872843449854924
-0.9971494089588776
0.9891234892620542
-0.9818280093960886
-0.9774847415850185
-0.9915622344188585
3.0123348586961667
2.9774152669328453
-0.9535018474825986
-3.0078936545370003
-0.995558821626169
-0.9891854157852681
-1.0068487639050565
-2.956690470796425
3.0014000451932126
1.0045484918862622
-2.9800341337101854
2.97766915253306
-2.945119662011626
-2.994612413964747
-2.9852622104057747
1.012887507651265
2.9743279154299267
-0.9728956209463361
1.0037908320902345
1.0075976629092058
0.992178307449485
2.9848237758165324
1.022710280368749
-0.9767497188648243
0.99965959068823
-0.9999821596610858
-2.9902871391844874
-0.9990291222247324
-0.9866211948383432
0.9866618971903878
-0.9793858093799743
-0.9938913312713566
-0.9887250912464254
-2.963782545609142
2.9849987748532776
-0.9715881166026297
-2.9921399662854515
-1.0061769703880121
-0.9857532821276588
-1.0247701555322009
-2.9558503300003065
0.9926161789117045
1.0197507276075173
-2.9895461146655715
3.0030185025808467
-2.972598345056947
-2.9920351776345235
-2.997722499908546
0.9966693750018619
-3.0071939527425786
-0.9798874811671078
0.9968523943540537
1.0018230905317955
0.9853104134049856
3.009401254616554
0.9881927076318364
-0.9959018301295258
0.9895870960365553
-1.0078120065186087
-2.9864933249079115
-0.9839607289597444
-0.9850355677077379
0.9573246425918265
-0.9847045617611219
-0.9885653141597955
-2.9904544321784
-2.986742940433641
2.995708021560328
-1.0099296234594695
-2.979349420906186
-0.9954034591940227
-0.9830421478312145
-1.0498918449621737
3.0050716721547746
0.9972948565811378
1.0192747893285625
-2.9997144628914545
3.0244384054717703
-3.012930773309129
-2.9969510113965443
-3.0072249976679086
1.007557446534301
-3.0322487825329016
-0.9891405796227597
1.010575698437958
1.0088793502001703
0.9873006877696382
3.0302827867300057
0.9755473480637872
-1.0122346050802777
0.9729638892697583
-0.9902816140026927
-3.0068053967905306
-0.9899226126023599
-0.9583444635745283
0.9655605346566762
-0.9955055027331685
-0.9655482283943154
-3.0013993632547216
-3.003388687935976
2.995817039967714
-0.9971552046825566
-2.9860628209015005
-1.0010857038660714
-0.9500120244503014
-3.0482290782779335
2.9952902308733287
1.0278711723095206
0.9894487591855053
-3.002032150916903
3.0231149057469033
-2.9956539246961693
-2.996694782029866
0.9806868566866127
1.0312874567642223
-3.042299942085621
-0.9885479429794519
1.0214999224958634
0.9893976465007774
0.9934065948504862
3.024817687923384
-1.0002163799848511
-1.0045431851951268
0.9745256351386878
-0.984601659605194
-3.0091274794543104
-0.9941818588967177
-0.9541509087369648
0.9832469897118664
-0.9957228670510389
-0.9558290779311239
-3.0021496810238104
-2.966737230397886
2.978618684104045
-1.001223203336917
-2.9794521491585964
-1.0063002643267285
-2.9264644314582737
-3.027597806162156
3.010181617121676
1.0059572982593579
0.9915847496544018
-2.979911200025955
2.9927564540877207
-2.986389114664645
1.0011869065917456
0.9923584337219855
1.027018352072619
-3.0115720772637045
-0.9677029011183865
0.9827050722713442
0.9946128258585495
0.9918737406492343
-0.9821295011290269
-0.9772547745715516
-0.9864334951861561
0.9973028549106505
-0.9934571763240719
-2.986581033536235
-0.9869075066196847
-0.9774776330262104
-1.0048099069669338
-0.9857605399306671
-0.9735124881281337
-2.994632516722205
-2.9609295917812
2.9891641496661423
-1.011780119008433
-2.9809004826434844
-1.0022630565460768
-2.951248409732971
-3.0063857627950434
3.017153741497045
0.9989285584981524
0.9866188435969098
-2.987908768498027
2.9928680541105326
-3.0011319725645556
1.0114933966099198
1.000292520144638
1.0038210065286701
-2.9972841602091402
-0.9672397527748892
0.9796610282590775
0.9844564785147746
2.9823694912475043
-0.992374852527675
-0.9718307178239814
-0.9941487200964406
1.017882863186391
-1.0049571295459054
-2.9889111023093458
-0.9734185693144161
2.9817717773879293
-1.0203690210550191
-0.9681517523845223
-1.0022596011197948
-2.973153779662724
-2.990054475375436
3.0190819648479317
-1.01092255294921
2.9864390801428016
-0.9950594581480889
-2.9811778946341603
-3.0176934630155965
3.0403140874291963
0.98672333190699
1.0015716462488904
-2.998526788452824
3.0170142355569576
-3.0197333673506312
1.0027615514885986
0.9924063022809037
1.0041201949376515
-2.9946858395009768
-0.964474244178503
0.9951849457174026
0.9802196571655051
2.9823110973808356
-0.9742645787958811
-0.990268868223477
-1.004078654944849
1.01667359105426
-0.9911752465484204
-2.982655847590925
-0.9782781648073655
2.9918796169964965
-1.0365498611590405
-0.9795405909967034
-1.0135908575146364
-2.966086386357894
-2.998411914164491
3.031515621540599
-2.996499758759863
2.983351380610941
-0.9893750621543915
-2.980446927802557
-3.043756316780498
3.0236511209524615
0.9750655929018729
1.0117773057170558
0.9885070075396195
3.034961759120508
-3.021271268527855
1.0181420338549536
0.9737197974821731
0.9979805676269197
-2.999142416205806
-0.9788464134749689
-2.9757014932456416
0.9872599028501413
2.989482875087117
-0.9828509956783091
-0.9993272402677
-1.003094761616311
0.9857832375677915
-1.0004061171639214
1.010602365593055
-0.9938542471060084
3.0109731960638904
-0.980017651131395
-0.9843941706149417
-1.0422645166529612
-2.9650461920534217
-3.0062682068221407
-2.959314135560772
-2.9912869920304592
2.990536193087112
-0.9840364955700852
-2.971699675773882
-3.0014820683854975
2.998306333430392
0.9593613120814326
3.001600016985604
0.9986312791899951
3.024576127069937
-3.0079821469228634
1.0309203836968506
0.9818577076442648
0.9788488526990802
-3.006542604069678
2.990613516004388
-2.9812692191245707
1.0026294500213262
2.98106617037196
-0.9709885538508959
-1.0008774161060632
-0.995652511332367
0.9810358416833951
2.9613896490953544
1.011289690103531
-0.9923217200407948
2.9862284015804383
-0.9688537843611083
-0.9776977712981719
-1.0182405195507511
-2.98246158276476
0.9789970773147496
-2.981217323887118
-2.998465061069325
3.006317831612785
-0.9944220501403366
-2.991999077545694
-2.9883301634774715
3.012732928920313
-1.0328133810060358
2.992697670053765
1.0029478786233357
3.0053808514565894
-3.024522141307325
1.0377792225638696
0.990073612262339
0.9719935506303183
-3.001664672344768
2.99823906693319
-2.999084869400116
1.0016655302766222
2.9607341841117787
-0.9730534566040739
-1.0109884885368932
-0.992681585216779
1.0000757463934509
2.959239486201577
1.0063424822277511
-0.9783770123790285
2.9647928194909157
-0.9930817487884565
-0.984138758056143
-0.9961286826795247
-0.9957631933312893
0.9892662650122617
-2.9864967899703876
-2.9746631672929538
2.996693018234467
-1.006037459931103
-2.9990043832722386
-2.995165790556229
-0.9482620535442486
-1.01710280095125
2.98455759630259
1.0214119614498882
2.9917746427356606
-3.0137154012407605
1.0122709729336539
0.9808318516841793
-1.002291120861848
-2.991728507440174
3.00987937032484
-2.9775429821725
0.9999745865666624
2.9761463898917433
-0.9893820161613385
-1.0185102462513336
-2.9854783396815594
1.0181616255027781
2.9819075719043973
0.9980667365216012
-0.9724057879633077
2.983891692354749
-0.9988036680946698
-0.999386762760857
2.9818106508066693
-0.9812433444529776
1.0008692543006514
-2.9996825479805445
-2.9710169588953135
2.9805789616682556
-1.0041022724271005
-2.9956571334313606
2.968656937650516
-0.9479512909372277
-1.0022621150510762
2.9618278052178204
1.0183260061720105
2.976907401805305
-3.008864719204042
1.0109998639927515
2.953632583681759
-0.9829380499790937
-2.980975331211946
2.9895722809119647
-2.980292017224515
0.9650770701608339
2.990328104262607
-0.9895202731943902
2.968990623360438
-2.987241364568532
1.018138936865356
2.9726153181177923
0.9962242387485131
-1.0113394163626994
2.9859580728790105
-0.9885569676831172
2.9781142959005673
2.9594063119272014
-0.9592227631553807
0.9884691127980912
-2.9944378427201084
-3.002633275601465
2.970632293197282
-0.9950968805480771
0.9974606335951536
2.969636242108493
-0.9723598990249432
-1.0002901045914707
2.9881479503223662
0.9984934494312507
2.9854695971869676
-3.00534092703816
-0.9658705759541203
2.95109404627428
-0.9878648924489556
-2.9935335200642683
2.99511347805296
-2.967342530495653
0.9693012705465449
2.9885864587915894
-0.9781817431707256
2.9783921332775303
-2.9917379459307267
1.0076101213890951
2.9786567745414154
0.9901210655140847
-1.0035804650895084
2.9885288676324135
-2.9728342018643525
2.9917155279355057
2.951580779656968
-0.9704816588864883
0.9734408964480962
-2.9798130414269237
-2.9871917594065827
2.968291723764348
1.0067393893967889
1.0006643218376023
2.980422728324003
-0.9875439740122012
-1.011513058679343
2.995829031353475
0.9959097715908706
2.9946769893415004
-2.998140649439857
-0.9535448667126221
2.9666533289331354
-0.991173452483605
-2.995467331105695
2.9820661524818104
-2.952328574620573
0.9865313894820864
2.979114783474172
-0.9701908232854899
2.976409333958229
-2.973909300916374
0.9907010526008794
2.9771000178034615
1.0054342720783203
-1.0002453218814835
1.0040305071819835
-2.978531660350708
2.993164539991399
3.0120711515908427
-0.9935466252898189
0.979138695788815
-2.9857638031269023
-2.97997289538574
-2.990510843993764
1.0031295991474212
0.9924525389172081
2.9834319535292733
-0.9753619411058879
-0.9784113655463669
2.977330637036692
0.9993537227827668
2.9971929236068453
-2.9974223847378636
-0.9640042311132325
2.97642090987544
-1.0068738990577484
-2.9941886291110036
2.9724680449364804
-2.9532911061761995
0.9902591974437353
2.9741459395535297
-0.978618937265237
2.966689566713991
-2.9758653306405574
1.00646414547222
2.949790713036266
1.0193802103432483
-2.997481274214078
1.006591675051284
-2.979046469266889
2.9372438322467596
3.0156490316696267
-1.007555321487437
0.9817809057701979
-2.9870326855445235
2.9809836022694656
-2.9781131623872423
0.9960200867000459
0.961220728884109
2.9908911201523605
-1.0084415276035263
-0.98134918835737
2.9505259225267952
2.997078948085534
2.991680194864203
-2.9965131726760683
-0.989477173867228
2.9580018823514043
-1.03447918144511
-2.9800342925355867
2.972147774027
1.0153732099934436
0.9745438712693119
2.98011634146596
-0.9885747179659281
2.9717284837929787
-2.9926216083036827
1.0173384564261412
2.933519779870218
-0.9835690477194365
-3.0042309031807357
1.0045324569380996
-2.9716106362989456
2.9392873807942417
3.0006993644257323
-0.9947502989021176
0.989519074251976
-0.9947643581414837
2.9643530170502874
-2.9939944328698362
1.0325380836042102
0.9681163209167514
2.997820128286604
-0.9978598767130845
-0.9831212094602785
-1.0426043511750853
2.9968731000841373
2.976694909522358
-2.9707538430335183
-0.9962621409605307
2.995110360769633
-1.0243956193971357
-2.978996383511714
-0.9996964305869158
1.0049175975948952
0.9501118125555343
3.0063464255029833
-0.9866192767736996
3.0186793521628155
-3.001587490255966
1.0257632338713267
-3.0241035848259084
-1.00332781855728
-3.007622721504009
0.9998982136095754
-2.9814208488865463
2.979093129304
3.0006154525889395
-0.9711605446335038
0.992791425025343
-0.9931225227631028
2.9648533988075183
-3.0054222239862116
1.013068848729484
0.9904035269172156
2.9867566842625095
-0.9926086469071977
-2.9609782897509183
-1.0208916798406575
2.9981789060334534
2.9407982659246827
-2.979174964698628
-0.9921036430011664
2.9894315545167855
-0.9973612818765925
2.9876455772583292
-0.9908726683893885
1.0154080548515727
0.9592263072004538
3.001682872299411
-1.0154001624806759
3.0207435907164544
-3.0100787174985646
1.0257490874361854
-2.9957801789142176
-1.008904044795853
-2.991871100662812
0.9815444486376013
-2.9872084627825264
2.981453691051843
3.011451142350134
-2.964634444546579
0.984529832542919
-0.9888035091449631
2.9818671135766732
-2.9987046172599534
1.006003919744731
0.9736273137249614
2.97165785310897
0.9931145882922455
-2.9494018419744643
-0.9972450441416583
3.0074160861331922
2.9451529573485318
-2.9824937369568416
-0.9852748877537151
2.9863194976055722
-1.001851379802239
2.980139399500152
-0.995259039569883
1.0284996087297318
0.9836200166769816
3.0244198418918664
-1.0305325436916093
3.0001455363890983
-1.02326543616654
1.0170838860786324
-3.003475247151392
-0.9633849575006467
-2.9930210118808307
0.9993137674515866
-2.9860025500068774
2.9843724135228817
-0.9724588625281003
-2.9887250665313885
0.9667032642652209
-0.971528100493016
2.9667330427878857
-2.9469460098797398
1.0022133525076093
0.9611887703141907
-3.001076945525294
0.9831937739873275
-2.9579262868605354
-1.0038547584096222
2.998963879350482
2.9824709814671864
-2.988291316801565
-0.9866110126019386
2.9902296847947976
-1.029231748232347
2.981739164762432
-0.9976374580382431
1.001917694221332
0.9808742719882271
3.033306451206691
-1.0252564984285435
1.0052969195724593
-1.0172583887092996
1.0008008495656675
-2.986804714662714
-0.9760158831203907
-2.981716077687493
0.9970494252221516
-2.9849068330558195
-2.990784203663413
-0.984425333238601
-3.0029337957056574
0.9786544448078637
-0.9889069277763293
2.9913850498925902
-2.9698018997885143
1.02580357745175
0.9677917390155676
-2.9855429940419547
0.9838000071715179
-2.9706362141142115
-1.0118553153290095
2.9900719835662657
2.9894807044587797
-2.9868396848282326
-0.9913879142347888
2.9941666659939647
-1.042260939507989
2.9919810332301626
-0.9892339700268806
0.9914919191784004
0.9762777851858785
3.018368217782253
-1.0078822211195706
1.0227366236614002
-1.0053025383454623
0.9846082857262353
-2.999054082838942
-0.9952487937419273
-2.9755843758831295
0.9953723797362702
-0.9916487306854472
-2.994750496237823
-0.9986695452947097
-2.949422538644549
0.9845251722998816
-0.9850471865742753
2.9869628117589
-2.992592148450644
-2.9475175812502803
0.9836953996275691
-2.969671906588777
0.9677932994271947
-2.980264939728501
-0.9883730036850294
2.9787212604301723
2.994604317697836
0.9955389476849448
-0.9935339386847981
2.98352649880405
-1.0068035291695803
3.0034060026078335
-1.0045629600698986
1.0064099975413807
0.9578667409392362
-2.9757086396302785
-1.0024780714768813
1.0382449610031648
-1.0019538817107805
0.9844122722321355
-2.9826299773525773
-1.0001944030910692
-2.9773728094071212
0.9945162737167802
-0.9922798412219345
-2.996939023552125
-0.9921893858708928
-2.949010708159781
0.9826827730915608
-0.9663735704222557
2.9769106881223943
-2.995160996600074
-2.9660493112625517
0.9882193519797963
-2.980058365085357
0.9855004336444924
-2.969719540076089
-1.0112342682763085
2.986276761772715
2.990492203444252
0.994716398029926
-0.990016656135567
2.9777081495813706
-0.9947084629371012
2.9891703987361673
-0.9943443096437832
1.0246272211455099
0.9516339194417492
-2.9729504490851664
-1.016686976050774
1.0179374328631068
-1.0113857778729016
0.9975301706191317
-2.9835630633734356
-0.9931388676817726
-2.983825395796278
0.9945984205200571
-0.9956579172540084
-2.992032966897346
-0.9814796677290405
-2.9829280002760616
0.972204673045694
-0.9591478569375862
0.9885655359050007
-2.974372609604955
-2.993852347333687
0.9898519772807214
-3.004107873394919
0.99207446388179
-2.957448449072354
-1.01940808684986
-0.9882615794711751
2.982619910750529
0.991857995621906
-0.967258290297844
2.96664840613939
-0.9677752697344915
2.9580428475293536
-0.9964247529193744
-0.963060028225929
0.9644150444306228
-2.9523013381216168
-1.0295081045349326
1.0073528704178423
-1.0019967787916944
0.9954157956788457
-2.958310246201326
-0.9929442738943691
-2.9865969119495293
0.9965597626865901
-0.9959895678523589
-2.9757936150931568
-0.9798588161814992
-2.9836160068599424
0.9665926607658334
-0.9729786897542817
0.9988144515256288
-2.958738332495305
-2.9899007953367556
0.9925434671002505
-3.0040180450132294
0.9880377359178495
-2.9582759300938424
-1.0011544970923882
-0.9912627345760865
2.98194081074734
0.9924541259977886
-0.9671726306289603
2.973961710495897
-0.9575813740767949
2.9585030337895275
-1.0075647089709723
-0.9797369071222966
0.9790131475341263
-2.942181588901389
-1.0254997089102469
1.014738917846561
-0.9955535274149515
0.9879382820404335
-2.941367237355904
-0.9999059696569469
-2.9812551043017153
0.9976391922058747
-0.9962367758722902
-2.970976032167498
-0.9920261135888956
-2.957010534654145
0.9742349039918724
-0.98918516180865
1.003055291855495
-2.9638830742582742
-2.966149753006935
0.9985026027389148
-2.9872798037722146
0.9811701036445091
-2.974474603215018
-0.9823722247204375
-1.0018843262101187
2.9891946120950443
0.9925925304379354
-0.9743705863552372
2.982245542717869
-0.9722914623259727
2.982399866210036
-1.0125627336411227
-0.9901445630979053
0.9796173177942431
-2.954748787614794
-1.0089055266283309
1.0289896984118119
-0.9934403798322895
2.9732574621610524
-2.956050298665259
-0.9970324383773951
-3.008352326184199
1.003708344718633
-0.9938896158767575
-2.9805800470161894
-1.0008821779202635
1.042686415170793
0.9854119726775941
-0.992794892685952
1.0167759535245362
-2.9926214707905188
-2.9844111104191287
1.0057375749986106
-2.977487854359206
-3.003238599347425
-2.9831657754501695
-0.9865852327580199
-0.9956771015095135
2.9781068017358354
1.016465778166911
-0.9962042686631393
2.980688872587331
1.0010485195068988
2.997489654116391
-1.0095127269827995
-0.9799021426718435
0.9501517018634303
-2.9662247330502844
-1.0128381304550382
1.0291692972893551
-2.9927416691881916
2.9767863990464356
-2.9769808158997266
-1.0057760666145399
-3.0013956202525955
1.0022984794368783
-1.0066082717515585
-2.991486577081619
2.9888837879776666
1.0281978090817918
0.9939634505947031
-1.0195341945905276
1.004753592284572
-3.0195010208508504
-2.9865795441993837
0.9992343198170386
2.985952186730054
-2.9962802840210276
-2.972010146386237
-1.015837485565107
-0.9885315443836256
2.9360607911865295
1.010464276053196
-0.9940168618131664
2.970175151725796
1.0054495211898127
2.9825302039868413
-0.9974108570072345
-0.9759364125686556
0.9288505591825938
-2.973153547822138
-1.0206661490412439
1.0154750992230184
-2.996798941639195
2.98469327890437
-2.9772789846620054
-1.014400567233285
-2.9918164528016593
0.9870294462659235
-1.022183400989225
-2.9864103211801027
3.0021437288440036
1.0021826576642017
0.9726488879208866
-1.0107520492300484
1.004402124326983
-3.0129445514352042
-2.9920538660483
0.9952073210375135
2.96983620464889
-2.993816626384057
-2.951466743457188
-1.0239071763752792
-1.0097193364020718
2.9455908517759504
1.004579049624892
-2.969455329883064
2.96513334626876
1.0341689413761677
2.939037218697717
-0.9951748719150375
-0.9551414607492508
0.9415133037445508
-2.9689041492536727
2.9629933778697493
1.0066960640753895
-2.9848326277676365
2.9628920549307542
-2.934446828504578
-1.0384609459137848
-2.984260205575566
1.0038537678360102
2.9597789558935377
-2.970759998621448
3.008848199489514
0.9953418772786501
0.9821564787017386
-1.0233045321572627
1.040883437457262
-2.9883425369765817
0.996582197319308
0.9998396914798505
2.9681877874361615
-2.980588788034413
-2.93384950901637
-1.005432053609188
-1.0026953495456392
2.9707671053458933
-0.9739387795138251
-2.9625801536401286
2.976369206127622
1.017887706794111
2.959356386868437
-0.9909903970431159
-0.9350743974182073
0.973356216446644
-0.9679658220261317
2.970666896124497
1.0075799835490913
-2.956818594117459
2.9697732354684105
-2.942770299722873
-1.0064428953640425
-2.993209305462637
-2.9544979235643587
2.9757218593864945
-2.955462429448814
2.964139896321933
1.007297538623628
1.022390038890285
-1.0163468270139087
1.0555697476455073
2.996154707276985
1.0050644047996515
1.0038847638460635
2.9823758180066906
-2.9818110710571357
-2.9829264204279555
-0.9930627594046214
-0.9802772903970945
0.9855382873080843
-0.959352814402785
-2.9798589357281196
3.005459047102498
1.0155764467767268
2.9829609706282136
-0.9969209914795891
-0.9491766607296335
-3.0049375275070083
-0.9654847878439792
2.980751235830939
0.9970141500270553
-2.9726890909593515
2.9783725286914104
-2.952287357778758
-1.0051122235024201
0.985352345182122
-2.9568969434460546
2.982214935392936
-2.962569297740083
2.984736788980258
0.9823845299928144
1.0279305009380166
-1.031585296764689
-0.9574941929944392
2.9785171027094997
1.0041281293293038
1.0193972051878701
2.9824872140319973
-2.986910526507357
-2.986268694629064
-1.0163217251088486
-0.9667864265750425
0.9629372728545682
-0.9693106569978313
-2.992498348852821
3.012319893921317
1.0252788454610486
2.9683748774741567
-1.0037333023335402
-2.9747072997120636
-3.0339409580260215
-0.9672410356304296
2.9508635254862146
1.0016401270325044
-2.981362538639782
2.973588037402778
-2.966444882236622
2.9516582171129433
0.9913855838126658
-2.9759736209464616
2.9362630094859945
-2.975757348512953
2.9635087090166037
0.9823704696103492
1.0131728704898968
2.928204165838802
-0.9837400436419289
2.9661757657431886
0.9673263792933469
1.0097816378761248
2.9483775387308193
-2.9932031141491837
-2.985793960417025
2.950012175404411
-0.9810043561501578
0.9487723774920106
-1.0075885361367107
-2.9926986457765246
2.9675979528027967
1.0093499514426574
2.957866182023457
0.9845014606917633
-2.979495637567091
-3.055911954486808
-0.976272619288539
2.9392344607485836
0.9819424595663767
-2.977415316081529
2.964967189699507
-0.9797477754894188
2.9341509942377835
0.9957973554464971
-2.976069789092478
2.925693197504096
-2.968206629328792
2.944663914783645
0.9880041036573884
-2.979342682055259
2.928351312452679
-0.9707753874815913
2.9298974988600097
0.9850863710260879
1.0018913877107236
2.9492177951352025
-2.979589937688137
2.989434300623904
2.9625745706089988
-1.0026153663329915
0.9537155547687692
-0.986899670303348
-3.007683351231109
2.9774708409686808
0.99582574311106
2.963975149010377
0.9914344047591673
-2.9509936569072646
-3.0340998436950684
-0.9950558730498691
2.9555373197823194
0.9945726271393902
-2.949944133956558
2.9629387701906715
-0.9697843298019836
2.9503627560130057
0.99559974496074
-2.945630227766672
2.950299533752729
-2.9621023967182376
2.9447926188075133
0.9989812400620889
-2.9676494814762235
2.9535454646391113
-0.9582552285494585
2.95594596450405
0.9930109049149123
1.0230097455539309
2.96419234823462
-0.9650250653841995
2.9894346107561516
2.979150810310834
-0.967444768725874
0.9765152940409173
-0.981384070683009
-2.97849809200761
2.9842008379956377
-2.972295429828603
2.978039060278523
1.003262685398663
-2.960939037297941
-3.0058032827645778
-0.9552435321600183
2.97508850673141
1.000595326053891
1.0521201020638546
2.9694018815648358
-0.9629573966760402
2.967561381685901
0.9970125135960782
-2.9566882470074516
2.9719912537409026
-2.9528418858727044
-1.016550333231124
1.0008350583469736
-2.9606718031634394
2.973950057141351
-0.9561782976697732
2.9832592200310453
0.9893841909666952
1.0466233189836784
-1.0124585679123606
-0.9645174290248377
2.98135740616492
2.997198737640537
-0.9717774330320489
0.9906646014552738
-0.9918055868298313
-2.9712413078008955
-2.9840856731787655
-2.9505102943107206
2.977945476966233
1.0132786151924267
-2.9735338739185635
-2.9909092644893622
-0.9591654980676237
2.976663038178302
0.9927323625606802
1.0362026417712424
2.9806244828146005
-0.9697595986101114
2.9814215847289933
0.9916424785840412
-2.9618650593465237
2.9572857149710923
-0.9603258262542547
-1.0040172325202101
0.9834951893628476
-2.961809598454058
2.969023240004218
-0.9693125736068073
2.9900651484349394
0.9674322744360153
-2.944165154031084
-1.0271054940912976
-0.9778408593713479
2.9773460512640986
3.001842544634114
-0.9777356418744558
0.9751670817634522
-1.0010294071828567
0.9943976562232493
-2.9867944306999004
-2.9580275281680444
2.9786341838911374
0.9913402768232742
-2.9877402017854218
-2.992065329399086
-0.9710401596284753
-1.0334578975356055
0.9795215888652685
0.9986868954203685
3.0230486402786285
-0.9862100783383088
3.003655074869048
0.9607397016216294
-2.9723648990459237
-3.0397169277536626
-0.9705095899867495
-1.0187240989235204
0.9818573992900854
-2.982073805992003
3.0046222916101732
-0.9866157411289811
2.9868582778007338
0.9530935940665124
-2.973307639661539
-1.0396377498250053
-0.9945768745724332
2.9859454935983485
2.9966494055102446
-0.98333469220254
0.9691764817967108
-1.0026198174536167
0.9729334019754563
-2.994614701915976
-2.9830929774441706
2.9840188747709466
0.9817471918444556
-2.9783890038774534
-2.99982054187697
-0.9826924957304672
-1.0512673582844
0.9815753280915697
0.9948390751758307
3.0145001759841317
-1.0027758977984602
3.010565153640666
0.96245653692869
-2.9732518239729355
-3.039578264628242
-0.9766491996727092
-1.0434879573755655
0.985644696929777
-2.9706186058360005
3.002824865239817
-0.9936293719033384
2.9806535650043564
0.9658606083072881
-2.9842304881073742
-1.0409414353523594
-0.9831625895121623
2.9602478791722295
2.987978008134464
-0.9641151617697213
0.975788783154625
-0.9939146819744085
0.9828519407369719
-2.998297661778235
-2.9944283897673136
2.980459282965262
0.9995723960080444
-2.9897519123021623
-1.0053841254702451
-0.9787997688714148
-1.040502057047497
1.000234336407628
1.0191130134060775
2.990208765500042
-1.0069325408346463
2.9995523400266766
-2.9974191486313138
-2.964886153617283
-3.013951763837575
-0.9773133256029619
-1.0371351060212122
0.9980112018041404
-2.9553546098061148
2.9872987515900626
1.000920957510764
2.9804199787188512
0.9894098604749882
-2.9617926339473177
-1.0264387615649875
-0.9668742585190393
2.9486508953849113
2.987771568527176
-0.9470301559987008
0.9859675244205665
-0.9870252877994078
1.007471108911303
-2.9929230201887607
-2.977270130465972
2.973808617087877
1.0182030250644771
-3.0059315673872193
-0.9972283963328045
-0.9644118930477208
-1.0177827438211908
1.0153698582188242
1.0384556204390545
2.9815649302492373
-0.993219581816093
2.986294687689066
-2.9830243443808997
-2.9571788202320164
-2.99958434120816
-0.9744514273397635
-1.0200684624490715
1.0077074137892745
-2.955671096655299
2.980518709706093
1.0081317627437727
2.9832311814332555
0.9863312144869714
-2.9399277796260934
-1.0102233741794604
-0.9726263682083996
2.9592641397374075
1.005855533747894
-0.9553524472561736
0.9810650544990349
-0.9739696089280583
1.0092026226985376
-3.000764370596546
-2.9569078342395505
2.9788895672822835
-2.9699260008229436
-3.0054191239047374
-0.9871868961809274
-0.9844242664993573
-1.0113083671462535
1.0327522813568457
1.0165191686378034
2.993578787492481
3.0040041419918753
2.98827398604337
-2.986345413651693
-2.993319066139911
-2.988220124051623
-1.0062837678206116
-0.9996830327087406
1.014809304002739
2.9987032632222435
2.9922696603330263
1.0139878929452548
2.985036898072796
0.9840494196157087
-2.9771222480979813
-0.9917239119335115
-0.9937796786733548
2.97994570258139
1.0106495431870932
-0.9803971251798912
0.9704941807792986
-0.9609958148477307
0.9911093213787883
-2.9958860043017665
-2.9612315476098905
0.9980843535524094
-2.9926676487269472
-2.997301212276924
-0.953424760518735
-0.9904895707987569
-1.030226626911992
1.039732731944455
0.9886881804858202
-2.9648985408501
2.997334759816901
3.006200215415205
-3.021417923199227
-2.9875096429098824
-2.978486513815798
-1.0027670812925178
-1.0138499474904858
3.001226183970596
2.9850903976955863
3.009913362942043
1.0045479526163659
3.005082353955028
0.9674571143398684
-2.9812418497205355
-1.0116414869536468
0.9902866076167587
2.9821035033811953
1.0056215505975554
-0.9867407076874135
0.9751029117122866
-0.9702397042626366
0.9923334795149162
-2.9798731594450185
-2.98767102336279
0.9982314207669674
-2.99908826159842
-2.9913571786336393
-0.9507208243025338
-0.9956612467277183
-1.0383869312246943
1.02153015451127
2.9800477844162105
-2.9668573386065176
2.985135271089737
2.990427144195569
-3.011189197745855
-2.9992683910306477
-2.982928640478896
-0.9938680459459284
0.9564294947033476
2.9920698480287404
2.99324495469285
3.0115019327715022
0.9956301650649201
2.9689054117619627
0.9872512844494492
-2.997899706528851
-3.0252760182791674
1.0065206281081556
2.9689223846216626
0.9911969829967886
-0.9739059615607586
0.9925661620008558
-0.9946396861427292
0.9930633481079146
1.0099210827416891
-2.9987807252953917
0.9833719605529714
-2.978687911844692
-3.013119136356825
-0.9746923826507601
-1.0045015968193065
-1.021059804620465
-2.98579829682687
3.0062627371109936
-2.981951912707377
2.9812722732629333
2.9913493551997865
-2.9792107287028418
-3.029212518650081
-2.9834538234438557
0.9898293975157614
0.9590899510104289
2.9950530856015862
3.0043048291513648
2.9904606709735915
0.9852421528409256
2.961648245836982
0.9972338385193824
-1.0087117793896219
-3.0187111510247226
1.0208660426432392
2.973589248377143
0.9941538836678437
-0.9636509486006875
0.9913425773029082
-1.0106245984032294
-0.9964866423779297
0.9970448511429978
-2.984034898242068
0.982691545718874
-2.960867222113808
-3.0124309846543125
-0.9885715300611642
-1.0010864379510573
-2.9945615339320644
-2.9804574687965286
3.029069527085099
-2.995251644825672
2.9873164460970405
2.988510792108597
-2.967026807240835
-3.037918241778009
1.0082563827796862
0.9757432538507954
0.978792202907967
3.0053656923096552
2.999862873164093
2.9878373574935
0.9832918761810694
2.974431216664743
-1.0052423985633614
-0.9932282203941862
-2.9964354868442427
1.0288956884558833
2.9770714055979997
0.9901092344017204
-0.9734782794928055
0.9886672737842711
-2.9896532292944915
-0.9962346483958032
0.986286090972101
-2.9767448609587497
0.9885632023475447
-2.937088662398416
-3.0105079630558964
-0.9901418592431257
1.0067482823047016
-3.0001184499731863
-2.9536478608419174
3.002941861984519
-2.9821511404345733
2.9745746906172443
2.9896963455234205
-2.9720399763173186
-3.0181493494931355
1.0129955613925836
0.9721506269869201
0.992119910833572
3.0182665022156465
2.9774164885018015
3.0123399063651495
0.9874855103013056
1.0016623043037822
-1.0209037356676673
-0.9839815202377308
-2.9860581880382595
1.004503311714738
2.9864542708149906
0.9897941380687922
-0.9889822892452567
-0.9999265607557272
-2.967152025650249
-0.9996727732025805
0.9998742547114764
-2.9787858741353506
1.0066391840656514
-2.9560798476747294
-2.9985748816151037
-0.981582654736727
1.013243329517187
-3.017373104166865
-2.9496379495722183
2.985805843984122
-2.9757806097580937
2.9805343232800574
2.9971993108345516
-0.9975109762667679
-2.997015698857001
1.0000611130313075
1.0192473411216993
0.979432742066659
3.0156646370782814
2.981946394870087
3.0102096801165183
-2.987523093252023
0.9988979970872318
-1.0137988623533387
-0.9942566678142892
-2.9959323842621624
1.0228583610570385
2.982210344567675
0.9991403570657181
2.9907894493886316
-0.9948172352470954
-2.95714503937149
-1.0108091141476907
1.0138159669009807
-3.0015813581614066
1.0262151686094168
-2.9833325108277093
2.976928787385017
-0.9751239483214085
0.9979554689895318
-3.007613561524726
-2.954292571885871
2.988594107980257
-2.9898214738905877
2.9860892542539625
1.0119677661929398
-1.0012508072994464
-3.0108287903678677
1.0354612663013616
0.9924937459280242
0.9916324910164888
3.0066047744449818
3.004101877291799
-0.9971891213608198
-2.987341239296867
0.9709355376919422
-0.9807394070679729
-1.0268208608260487
-2.9651341602873864
0.9989195447412169
2.982210150349109
-2.9836219994024673
3.0056833999973738
-0.9857734683249922
-2.9847960456446527
-1.034439135273908
1.0255153838720101
-3.0210168013092997
1.0219643852116624
2.9917594333557918
2.967458986008072
-0.9786378813209144
1.0006271417484778
-3.0024136744306764
-2.9913159898003205
2.9946428991001177
-2.999629281814554
2.98138229306537
1.0100472240553426
-0.9903291747547861
-3.0221632110701826
1.0264959962400189
0.9930141812203083
0.9773007452409297
2.9882097072230573
1.0243291050602974
-1.0100287314901988
-3.0066740809589665
1.0113253440318948
-0.9923037066405096
-1.027443252724377
-2.9767831763823995
1.01004310848873
-2.994767403504304
-2.9910524618462317
3.0172032805199254
-1.0065313928626602
-3.0121000824695354
-1.0023105433715673
1.0057563151549995
-3.0312260933706447
1.0048825250038176
3.0185472866512755
2.9628180489174256
-0.9921062779892562
0.9991302998835918
-3.015001428249183
-3.0074105579416495
2.986518484758291
-0.9899031239807754
2.9742014841003823
0.9939367150401917
-0.9645120712467911
-3.0365431273412504
1.0060944594714563
0.9954226635286314
0.9793610178651062
-2.9954320853059158
1.0092505627665556
-0.9962396369721551
-2.9979143280735685
0.998974866179183
-0.9773827160407119
-1.02856477099467
-2.9902588664138214
1.0334385868603484
-2.9977689539088916
-2.991889587186713
2.9949067365192894
-0.9897697812839547
-3.011819890960562
-1.0027693438731442
1.0137706016929702
-1.0315385256160383
1.0010220550938607
3.0245919514040653
2.993575966162447
-0.999101240617159
0.9818582983011142
-2.9873539207641544
-3.011160550317094
-2.99130975494878
-0.9728113945292566
2.973809441400286
0.9929055914967783
-0.9547790563652024
-2.996378687884059
0.9896222585597625
0.9964207387715439
0.9946998780622668
-2.9812733246556933
0.9916447306166982
-0.9980192314708267
-3.010123490606661
0.9941487066055157
-0.9548094385158572
-1.0117346417093218
-0.9995819563206857
1.0342455063086464
-3.002443120285782
-2.9623187183308555
2.9794819557096215
-0.9891936063427601
-3.0158123925157554
-0.9963214131493687
-2.956670383612396
-1.0154378679008893
1.0258764482741562
2.9665550896266373
2.9881919262851135
-0.9725258900718527
0.9793994017229374
-2.9717144256858274
2.9794981205806574
-2.9856936625566783
-0.9774041320326994
2.987368165806877
1.0165761983393928
-1.008575792186644
-2.987095719267987
0.9991481230831979
0.995940015666482
1.0015452388545278
-2.9697194807978153
0.9990870298582246
-1.0001192008422544
-2.993809857213747
1.0081322047211123
-0.9464073446995059
-3.001953889347275
-0.9876833670242802
1.0180471871699923
-3.020980685722744
-2.952620328695415
2.982443671838632
-0.988881564372259
-3.0051471733638113
2.991108365203084
-2.957235648043942
-1.002367902028728
0.9854646949173278
2.972018223446487
2.971603780668332
-0.9589479848628292
0.9925148745823672
2.986642079881699
2.9943922683806585
-2.9736079059074645
-1.0106418008332632
2.9904173739270834
0.967337028916351
-1.0004750436673728
-2.983195286565494
3.0031426654443245
0.9954764800918043
0.998643351164044
-2.998532202846613
1.0124880275472126
-1.0122705802597805
-2.989446924574392
1.0110831300574321
3.0173029020272257
-3.015592053353305
-0.9719629463823889
0.9987265990050997
-3.0222029690567256
-2.992604312420629
2.986398172381834
-0.9909693196169564
0.9927958243137636
2.9874321408964577
-2.976682173080642
-0.9978213767514311
0.9921216938309616
2.9860486392733
2.9799828289257055
-0.9732149418117194
-2.989289853109237
2.961427321636452
2.9932933970660627
-3.001655944691815
-1.0027969365321099
2.9930916781219787
0.9623633454643098
-0.990079951758476
1.0052901918030446
3.000133428805626
0.9909877646874277
0.9911156569373959
-2.991740888015312
1.0083260677350352
-0.992161983745272
-2.9935573903014894
-0.9948714381958825
2.999069244225961
-3.0281176958944256
-0.9704272501798946
0.9897010744403337
-3.0029305444316603
-2.990061341355871
3.0066363792294597
-0.9934312494763222
0.990284791464135
2.975735323819843
-2.9834460872975437
-1.0024836357427949
1.0090477147448293
2.983385707566254
2.9905346952450915
-2.980640573509475
-2.998431017463221
2.9639972867642888
2.9822848284911427
-3.009967127469031
-0.990568491856234
2.9996852276752666
0.9778815514206761
1.0125769264507625
1.0051542809766094
2.986870581354551
0.9852898407398143
0.9884093955810361
-2.9932400696184467
1.0191998135441425
-0.9992339036405324
-1.0054012060796576
-1.0057196095664749
2.9978727612263683
-2.998139288416273
-0.9913755046224896
0.9968455038676338
-2.9929953482064757
-2.986018686309097
-0.9596799541345
-0.9934342159133234
0.9672536189850008
2.992436752992482
-2.987257584479111
-0.9768382188836936
0.9952072278746836
2.967606233858452
-0.9883948999459874
-2.9759671356295736
-3.012250884176692
2.992221933280931
2.958551413436856
-2.9838751705987376
-0.9994310912790313
3.0047850050860343
-1.0046119029475993
1.0091171942212573
1.0005062321457123
2.988901111520898
0.9678106801040605
1.0092440121082615
-3.018672253956639
1.017232515724948
-1.0162580636857026
-1.0023875389786734
-1.000268444653081
3.029331435532626
-2.9989434560718093
-0.9910097800705023
0.9923141300946587
-2.9906435838801078
-2.9892153858888104
-0.9693070239703546
-0.9947275748484619
0.9724774286506732
2.9874745822730864
-2.9533799108301713
-0.9937110491114318
0.9792467978705625
0.9686645959829121
-0.9970661244950689
-2.965644336036417
-2.9878337178293384
3.0058544060845542
2.9721828245237876
-2.981223774969272
-1.003174182703792
-0.9829150645734104
-1.0151171905888723
0.9930727016398182
1.00199732916615
2.9924043624163943
0.990311938146817
1.0273040076799183
-3.034404219178217
-0.9836567609832672
-1.020178609012064
-0.9950404976103007
-1.0024883076156323
3.022778597210326
-2.9961308287087385
-0.9845754128587629
0.9922689471502627
-1.0034015792764803
-2.9952086506205022
-0.9965628180132905
-0.9776659409805257
0.9702645860344079
2.9833408187162127
-2.9568196795834125
-0.9935690986630928
-3.008020989549172
0.9797917505083822
-0.9984490933961185
-2.9797132724170696
-2.992044127245016
3.0141031742380986
2.969007273655315
-2.972840673290523
2.9793251398936373
-0.9919742882047358
-1.0179478022817892
0.9700211468668791
1.033852414934001
2.969726193607487
0.9987494154978346
1.0281212924388279
2.9521657527088907
-0.9859379410808019
-1.0009543455891687
-0.9978238042286768
-0.9896194480595664
2.9838292527394907
-2.969938594250877
-0.9777151132274682
2.985375620876247
-1.0106214223428533
-2.9924707516205302
-1.0109972525154312
-0.9497287279433131
0.9820561181192589
2.9978194126918742
-2.9819757780832505
1.0133672994461533
-2.9949239880188965
0.994518867938478
-0.9976332315360005
-2.9727340994962903
-2.9921950918911224
3.018038643421872
2.981028768275758
-2.975087729427127
2.9820041771457824
-0.9920360527090322
-1.0194190988125973
0.9871640465317059
1.0425343996141005
2.9813112720931527
1.0102498272648277
1.003310739403732
2.975577160496422
-0.9792549725239632
-0.988491239039958
-1.0077106409742722
-0.9883250729152975
2.9835749346163998
-2.9653519479087898
-0.9823561942408975
2.988245883658874
-1.0082217827364606
-2.986257415995011
-1.0010163056730315
-0.9588697951435006
0.9856424883261482
3.007577417481315
-2.9903186535840507
1.0229946672807444
-2.9840597483063753
0.9856185774060183
-0.9888151333160056
-2.9875472141182544
-2.990673976689443
3.001685427312147
2.9849042901904035
-2.9838586030617575
2.983117025891604
-0.9718451083267392
-1.0050190364374447
0.9732306555528051
1.0285573945437319
2.973109658425422
1.0172590802516606
0.9877812799173021
2.9808354780009294
-0.9901687127248636
-0.9930616621635808
-1.0119035349575922
-0.9890129834886845
2.9816170669365407
-0.9867307546844334
-0.9918781743166949
2.9763879512604325
-0.9924474463050265
-2.986287891180495
-0.9988089871325868
-0.9845683306640837
0.9674761622833808
-2.972204179915026
-2.97068174862151
1.0105176083182192
-2.9854132428139817
0.9617658862294718
-0.9764687066239969
-3.009533086518194
-2.9925899470498196
1.002065012508198
2.9762452553525094
-2.9935757799890292
3.01111452703967
-0.9962823923497666
-0.9898563326686579
0.9461422277166488
1.0096740423011472
-1.0251799935367913
1.008984766446704
0.9975416151729665
2.984393298790155
-0.9988892475609471
-0.9814431050947244
-1.0431316480338626
-0.9917078748131312
-1.0019918598289104
-0.9997006600390904
-1.0019891446265323
2.9997302658638705
-0.9987515276405368
-2.965389621056266
-1.0033539658157093
-0.9943917318975769
-3.0308205411939215
-2.9869049766499316
-2.943707248334781
0.9943358777933007
-2.982403522021061
0.981982850093304
-0.987297781873637
-3.005112011254561
0.9902039717136212
1.0108756044736193
2.9595865829189067
-2.985146871569388
3.0212989384611975
-1.0076693006430173
-0.9744820812339744
0.946937518606182
-2.9727764536134758
-1.0287499610717918
1.0019893420956965
0.9948813149544724
2.9837469427150802
-0.9935877535568698
-0.9770799070225044
-1.0327551033465878
2.9909532304898256
-0.9994699196230589
-0.9882650832013059
-1.0203776663621793
2.9895871703772503
-1.0082992647101279
-2.94977770480906
-1.0064161204122377
3.0113508044752515
-3.022398451386433
-2.982195073163273
-2.989192104436208
0.9981453592728644
-3.009082903517254
0.9861420555455759
-0.9676610221990903
0.9937138536746952
0.9919492342779326
1.0234520552247068
2.9737790897760803
-2.9800624103484985
2.9730057886830905
-0.996481927204873
-0.9862867803245947
-1.0197901945353207
-2.9514828335585235
-1.0166292854545271
1.0079654068625248
0.9793301275309216
2.9975906777658516
-1.0008928190273794
-0.9795105471470532
-2.995303187157451
2.991891847643288
-0.9944566355255816
-0.9771251759942629
-1.0191660615293894
2.994025219813474
-1.013808109735122
-2.9624766777195832
0.9805000052925158
3.03493108306691
-3.0012852960852383
-2.970743690135793
-2.9993105336687407
0.9862009723723573
-3.015078820687592
0.9949456293645152
-0.9517981263465601
1.0001978839326973
0.9937250487621371
1.029206884178913
2.975851959028773
-2.9619741497238024
2.9639926364654143
-1.0007974627848997
-1.0037199750634955
-1.006638504919451
-2.9411482990957665
-1.0090235459693593
1.0247860464087168
0.9760523563653185
2.9865567342497834
-0.9829211326670244
-0.9908855802877344
-2.9860489235754533
2.9966393431083826
-0.9973488346705671
-0.9763776811906734
-1.0174000795798253
3.0196507533279773
-1.0127258524233123
-0.9854507914350558
0.9808339076461245
3.0227939837515008
-2.995770469557059
-2.961646107588953
-2.990687704632132
0.9840879390942044
-3.00480683358595
-0.988232137271365
-0.9609989032677757
0.9843100027326678
1.008206780420522
1.012500400020451
2.9799788917847003
-2.956878005393694
2.9834269170843255
-2.998122700273567
-1.0037220959956943
-1.0197127111970234
-2.968692337857851
-1.0109324183185278
1.0504989392736817
0.9817547723692032
2.9867556937130537
1.023201725419959
-0.9950367174002064
-3.0096668161561646
2.9935976401834803
-0.9946591227315181
-1.004426444363221
-1.003061469566537
3.0365671594493135
-1.0092318343924103
-0.9824833032149646
0.9864637384756367
2.9935274665124423
-3.004110185829566
-2.9686037507040255
-2.9693829184724243
0.9918114447967197
-2.9893081894174456
-0.9911921515451135
-0.9828537322739993
0.975702525039869
1.007468248213938
0.9960713723226211
2.98919800897608
-2.9707723241246127
3.004517010838917
-2.998222115328052
-0.9866216334883124
-1.038724521060698
-2.981554806548441
-1.016996309966737
1.0420058080972645
0.987463521651475
2.9974602471536453
1.0144979916272918
-0.9902118165286483
-3.019358922508607
2.9901001346091856
-0.9998595156279317
-1.0038814903876432
-1.0044541453678002
1.0308931278303355
-1.0083440361791463
-0.9699374842257757
1.004497833067071
2.979265104709435
-2.997061779781992
-2.9850671220433984
-2.977265248452405
-0.9903796849690518
-2.9907543669588468
-1.0024685133522522
-0.986832737453616
0.9745590917665847
1.0138151776197755
0.9949215911450691
2.9941868951841184
-2.98737445178605
2.9981624132769618
-2.9896451779128435
-0.9832033100904229
-1.0431867002140434
-2.9758435867841224
-1.0248413432840078
1.0179713540150037
2.973053818891343
3.004545303901341
0.9975802055869015
-0.9925597810246487
-3.013308930802653
2.9829842512407163
-1.0108859215268755
-0.9895359817155686
0.975530485233065
1.0058793928781817
-1.0119048195836373
-0.9713304337251502
0.9920130144022522
2.9922524942485684
-2.998442849534546
-2.985865428213893
-3.003514997805694
-0.9918047936833548
-3.010989466032987
-0.9930059344781325
-0.9769306710713201
0.978249367079302
0.999274423567635
1.0115289560161747
0.9977931310335985
-2.983490516584691
2.965791366346881
-2.979310097782883
-1.0085764588873636
-1.0065571492409204
-2.9689338643910994
-1.0243749312302126
-2.9729733921291266
2.963683737112104
3.0004107303459526
0.9955635504483852
-1.0051965026291187
-2.983504911256611
2.97078988562897
-1.0071443686894552
1.0107433240394381
0.9701636137362668
1.0075878041168953
-1.0285923102265613
-0.9825706271777138
0.9825520557217038
3.0109802044941385
-2.993145656761674
-0.982909211283857
-3.011255656679271
-1.0061652193342405
-3.010544677400996
-0.994437914851863
-0.9693933796675142
0.9807737380925292
1.0008070929847672
-0.9728716546585398
0.9890935261471908
-2.966099365721285
2.9777165700793433
-2.9826111807627975
-1.0133363844626777
-1.0005601831868975
-2.9629754777936164
-1.0146604063324716
-2.9526573763409103
2.959416803773456
2.9930720152236634
1.0026696312335353
-0.9903351430858852
-2.9668045937295076
2.969221103177419
-2.984110412432358
1.0004143647961212
0.9852660892020034
0.9932954627076565
-1.0224072915159497
-0.9852622743804927
0.9813464782290793
3.00898609961527
2.989696240774736
-0.9734582064970138
-2.987082407709341
-1.026592193952136
-2.9985623640760366
-1.0272482972655588
-0.9576870630044798
0.9856580069477113
3.0073921227671048
-0.9845367907242377
0.9992942752885342
-3.0158370834561365
2.9877173878697656
-2.9865225761937793
-1.0108428493785933
-1.0097440745351025
3.004061284444635
-1.0090309367680097
-2.9358671878621854
2.976576505137608
2.9950475212610783
0.956834208295828
-0.9924952532641751
-2.9660988074430676
0.9852281310157558
-2.9754683153852746
0.9760750780147311
1.0069032365614856
0.9857263591603719
-0.9969451264591573
-0.977710883136265
0.9861862679779132
-2.983792619540527
2.9886444345572385
-0.9781671857030878
-2.976284358935823
-1.0302240275450039
-2.9738896786394107
-1.0452206421679124
-0.9731024261241685
2.9820353446678256
3.0153515293116224
-0.9973382997189547
1.0015463426600582
-3.0082944461921546
2.9752166850164388
-2.9823346948841567
-0.9896264428787596
0.9659196202676273
2.9945960364557616
-1.010737142249173
-2.9518734657598
2.9787436716936218
3.0073510666717658
0.9708008216939524
-1.0047659798810422
-0.9916671097299776
0.9900957452022348
-2.995136840443386
0.9994575019595575
1.0118300058131742
0.9914160161869073
-1.0022928243600104
-0.9565060220927506
-2.9963063420371605
-2.991426287594766
2.9861081437431087
-0.9929943449968115
-2.9870207917656826
-0.9941502923416972
-2.9632516298779676
-1.0279881246530171
3.0007158814729475
2.9803140953188505
3.0052979356432
-0.9953735434345279
0.9979234670194999
-2.994709096313032
2.9761513422700654
-2.982279832948617
1.0156537298643273
0.9657282304389619
2.996719940887696
-1.0256108978577585
-2.962153711912644
2.9721550753352717
3.012025225336285
0.9922430338172301
-0.9986864423255621
-1.0024304543462264
0.9820867266356539
-2.9917144820203614
0.9962300583550688
1.0213737401673442
1.0050187854033636
-1.0083199240402885
-2.9467293346878103
-3.0005675759637884
-2.9748553609852357
2.9692147241633773
-1.0038680117103125
-2.9872653967196565
-1.0038021674115636
-2.9513064926303505
0.9834012883596839
3.0110708466496408
2.978315084161477
2.9855747928526477
-0.9830903327416239
0.9791991305730443
-2.9924403045470043
2.9842338205504784
-0.9908862233008329
1.0043680582867311
0.9788754905690591
3.0132323398108336
-1.0188759154560247
-2.9781717233987313
2.9650822192151374
3.0040129623326
-0.997745091964407
-0.9818735901112666
-0.9935892419806202
0.9793272659831943
-2.994761271250793
1.010964964646379
1.0253500892908798
0.9892332803732483
-1.0036042544047439
-2.9684442005540683
-3.0055261622368503
-2.971775900450917
2.985518995819037
-1.0026892096009203
-2.9908260219448497
-1.0129639597639095
-2.961138239952893
0.9800776079901232
3.0226117755989965
2.988280399178442
2.9835014583723365
-0.9942514665282381
0.9995914996908405
-3.0223299083944997
1.0046951709933203
-0.9920517494911761
0.972391721447877
0.9970850046871504
3.0147286724161906
-0.9906029596093657
-2.9814384337135467
2.962881241167573
-2.978274779903216
-1.0178436227504457
-0.9759488530904772
-0.9815695567226771
0.9677525035017299
-2.9820447320968055
1.0144569432837216
1.0153759308633963
2.9593395171701116
-0.9948620016329477
-2.9802436438681843
-3.0135547345968177
-2.978859529109119
2.9876772617958447
-0.9985313572891644
-2.9839738354412155
0.9784272122760992
-2.978058446658219
0.9573791222070269
3.0130768378524446
2.9856451559094275
2.9844633851650655
-1.0063421149181226
1.008509133599143
-3.039405893411045
1.002758278573168
-0.9966561285075485
0.9972456461129928
0.9913500258304145
3.00182502626042
-1.000285833922652
-2.972042719707324
0.9814830961809197
-2.974486772865461
-1.0389619707389524
-0.9831836117540819
-0.9933895944438286
1.0011274727401793
-2.9740818248122403
1.007429300855099
-2.982884470621233
2.959772242747743
-0.986756946095405
-2.9923588837564417
-3.0133348195210075
-2.974925973468334
2.9642198950200354
-0.9912532580795239
2.999201915927587
0.9886181793205591
-2.978637388577752
0.947715848054988
3.000228715604933
2.963880940930896
2.9937594079076684
-0.9922339135383664
0.9932689132840015
-3.019193769263842
0.9937237949239753
-1.009878345524692
0.9965577173675914
1.003049165730289
2.980311323266606
-1.0129371106030602
-0.9750359527870519
0.9880503162585476
-2.9680862445809564
-1.028282253917342
-0.9881982268429136
-1.0216335906645448
0.9905705174307201
-2.9525513430246706
-1.0004864774494866
-2.979079930854761
2.981374327972994
-0.9927278151378046
-2.9899771948713525
-3.007037758046064
-2.95764597649929
2.94627082300807
-0.9860941332688556
2.9962562941492124
0.9910047340102642
-2.973835279195469
0.9531011964699116
3.0044809595749324
2.9528912117256745
2.990849106988612
-2.9606488051374855
0.9753236826434013
-2.9842798484739017
0.9590347545085774
-0.9976132604057107
0.9812549943517589
1.0023215463210484
2.989879541014062
2.972756518574017
-0.9811668597726554
0.9942747830241208
-3.0160325133615
-0.9934680243889695
-1.0014904083384684
-1.0105576180572164
0.9778564101859083
3.022823729127265
-1.002022744951881
-2.96189162791032
2.972429816048102
-1.0009171715115759
-3.029488385546233
-2.9916862523510206
-2.9384707182655156
2.9539832659710448
-0.9907698070682003
2.9848240336678207
0.9875765894655124
-2.949980690393096
0.9530817864718988
3.0142823294352015
2.9588847519732444
1.0002414074236918
-2.959334046412453
0.9694250032481173
-2.9693084713691014
0.9597756161848202
-0.9879439192444428
0.9939183783770615
0.9932869841953708
-2.957850181708495
2.984860407354673
-0.9924033685081567
0.9968889946119293
-3.011027068693147
-0.965661541321351
-0.9939089743530803
-0.9949641599023737
0.984966047307276
3.0002857360233173
-0.984752176610828
-2.9778582911615863
2.9821401388822237
-0.9855421679736834
-3.0074326904806554
-2.9849522912676814
-0.954182801446988
2.976388964655953
-1.005643129497621
3.0006873261161195
0.981431660499041
-2.954342517412093
0.9790762913441545
3.0280832329756966
-1.0078730436041736
1.0004489508409213
-2.9897636253121704
0.9948176125343292
-2.9844605833022606
1.008656198451228
-0.9941536135421924
1.0193065986665921
-2.9948472349192756
-2.949950996926798
2.9921344189054024
-0.9905425580129606
0.9782126225533323
-2.9933881563439027
-0.9631325766350989
-0.9874459644935296
1.0051034772649556
1.001378381270882
2.9845540430154403
-0.964973696476661
-2.9874322832646865
2.978676950932971
-0.9767450599856204
-2.993849213231285
-2.984748521603354
-0.9767907270901389
2.9788407196917146
-0.981741574357689
2.9898921959378417
0.9976556667902666
-2.970320796907197
0.9806881719678135
1.0374932881687782
-1.0059653860898716
0.9935783908667914
-2.9759761250695544
1.0032753183598506
-2.9683966131228816
0.9947272387253017
-0.9948893329301494
-2.9654886736384003
-2.989386750755484
-2.9658575629163844
2.9796478121854864
-0.9884866082641512
1.005070970430347
-2.9938383593575306
-0.9782427434620762
2.9831895976477454
0.9942762065035707
1.0113492068178327
2.9891524967107514
-0.9790057367438383
-2.9906043771289292
2.964595650190698
-0.9752830167015207
0.9746295315010435
-2.990386085798419
-0.9851164557440274
2.9631084055029353
-0.9744006581088542
2.9929443783731258
0.9973146922826552
-2.9788036052431734
-1.0327565548072402
1.0248212216976198
-1.0239111533775387
1.018922736812805
-2.99076536337906
1.013147958008213
-2.9781939568201024
0.9773405092609955
-2.9887991085441783
-2.991650688832073
-2.9744341653541695
-2.988398873892751
2.9675873872924616
-0.9687934743824855
0.9975574491086715
-2.994720174354614
2.986317711206795
2.970927057375544
0.9869995926592673
0.9920744933691461
3.005028566566837
-1.0050770360253918
-2.974814808005987
2.9562222126351143
2.9998175652329895
0.9523180232148625
-2.988133859841337
-0.9893984213656203
2.970706556206742
-0.994003704492678
2.998113345811684
0.9905295739958607
1.0121755416207698
-1.0464439552517475
1.0112104901977976
-1.0139122677149965
1.0200437227854524
-2.9895735729321418
1.022181547182052
-2.986826018895213
-1.016606840465287
-2.9898112540273
-3.0023888020809544
-2.9859066296817733
-2.9845885898764473
2.979103878874562
-0.97576461881678
1.0033033143197503
-1.0100326062273883
2.9917647071600624
2.962537815921769
1.026718644620101
0.9726439584032779
2.9926489068817586
-0.9961767367353962
-2.98633954122537
-3.005391933599026
2.9955005275718682
0.9546381847666173
-2.9820834009173893
-0.9912247868463985
3.0172021198168375
-1.0186364077271446
2.991815995834795
2.983303065112902
1.027030824953088
-1.0262797335084173
0.9834630027174542
-1.019168486410005
0.9960024303230733
-2.9772651647676422
1.008109287748475
2.987380815335093
-1.0002339166505656
-2.985727828788229
-2.9943567322520437
-2.976925021412458
-3.0120850633082368
2.975935327728189
-0.9933236574001723
3.000943483103593
-1.0103075876130643
3.021351938896148
2.9520523623347117
1.0177907635985053
0.9541684544198613
2.9946608231438216
-0.9896462968885256
0.9806990729481607
-2.987326743750667
2.98767572779786
1.0034616834932422
-2.9895441545178385
-1.0114320177632175
2.9958013264419003
-1.0313766417307872
-2.988393207374069
2.9923283380373307
1.0299195990948582
-1.001752846005586
0.975813322209584
-0.9883531921154718
0.9646006865212858
-2.976047861995555
2.9888698285134527
2.997699129445975
-0.9866114605443104
-2.9835993649294204
-2.988596459879697
-2.9836864116304933
-3.028099301391284
2.977635944445449
0.9893245744900814
2.999073475481769
-1.0018626406635716
3.0162631293911786
2.9785908603935094
1.0192039558400257
0.9425278631981473
2.991867208192932
-0.9928607381975406
0.9830370487690189
-2.994062078766517
3.0096665903375626
0.9973140487427469
-3.004103990200559
-1.0010399163093358
2.986809500011756
-3.0170610641354854
-2.9846498719285606
3.006851877010908
0.9892757482621388
-0.9992187380845946
1.004393222173758
-0.9927245872152164
0.9717167866691425
2.9907984564446086
2.9976318029708033
3.0049730760635756
-0.998210225994744
-2.984822845905988
-3.0152800849068293
-2.982656483653601
-3.019062566490354
2.991038995612333
1.0016973340378326
2.987688652742291
-0.9776136387048474
3.0182846159017243
2.972956561462298
1.0280941769832606
0.9604034427386003
1.0009338586833825
-1.0000014613905817
0.9951460242216749
-2.993685246177763
2.998412788365532
1.0102097473796667
-2.9843137269688302
-1.0020939308857788
-0.9738257343482248
-3.0030480462095017
-2.984858822175338
3.033751141187283
0.9899970707194544
-1.0063460195692895
1.0039989843674286
-0.9788347400187247
-2.98690492545803
2.9842803542720966
3.023872629214593
2.9913896294196314
-0.9981676843440872
-2.9663163025311787
-3.0000581338005716
-2.9866458084836505
2.980448636658828
2.9985552740190795
1.0213842030920328
2.978393400488553
-0.9701905953315744
2.9979606971568016
2.9666968937873
1.03072472726685
2.9744037823739964
1.0026270730429836
-0.9958035751003547
0.9860456288943342
-2.971851163491874
2.982816493422188
1.018204437194052
-2.96968352256773
2.9705777162113622
-0.9498082350519056
-2.996189746555079
-3.00242312012548
3.019867803993102
0.9760775515778727
-0.9902017744545518
0.9910541839434206
1.0222712690409907
-2.9780673668651945
2.989368968024464
3.0213388930505625
2.9827143607794904
-1.019137628989104
-2.9713333831750135
-3.0069422216207915
-2.9813350450029077
2.987480994337727
2.9889749229909715
1.0256980978398627
2.972598652373246
-0.9941214540904658
2.9868684903683476
2.953307268981992
1.0227650327395368
2.9726091690913528
1.0034088670627859
-0.9888170033101197
0.9566662635039951
-2.959678784708919
2.967825009050441
1.0113361047716165
-2.986733477606348
2.9653328238357988
-0.9542888254110848
-3.003174812287016
-3.007130410373117
3.0059517410293064
0.9527923935962818
-0.9801078825796427
2.9669350730358275
1.0149323036404385
-2.9915156564453778
2.9766478987170006
3.0141138780663854
2.9614679660014795
-1.017228595848224
-2.9760769028087477
0.9491446662229781
-2.9722679816820987
2.9599748795161287
3.005142049429469
1.0025445750172315
2.957058059632369
-0.9990144265647598
2.963304551205173
-1.0229070425451592
1.0157976718587276
2.9383414316261955
1.022083105636467
-1.0053464783517985
0.9774835919519207
-2.9857947753082765
2.972182229708897
-2.9814146825157715
-3.011038579944852
2.9737087541376663
-0.9838536606740018
-3.0293654463275703
-2.9886177037640995
3.0009330249997297
0.9455399769251538
1.0088939112372235
2.971898592760609
0.9996807509637649
-3.004047543338849
2.962680944786696
3.0036184585515833
2.946111416747753
-1.002928281958141
-2.9715520971347797
0.9402985495022289
-2.9741190584943364
2.947852184875837
2.994637422874821
0.9959647168348423
2.94782590369546
-0.9838219549995484
2.960138835753685
-1.004876130500709
1.01558130727305
2.943779104736172
1.0079909504198432
-0.9941999466823565
0.9845861558799178
-3.0035897484944827
0.9986974592502922
-2.9798689535190768
-3.0166145683507084
2.991999820470031
-1.0045341659188238
-3.0177800914804873
-2.9918828693793653
3.024687489780858
-3.020042078010355
0.9962601193323869
2.9894390173179533
0.9959453538001778
-3.001400953111747
2.9717581166071776
3.003928412043405
2.9534210785902255
1.0000130078423188
-2.9622746662889634
0.9594845535227347
-2.9772338381475403
2.941200261827608
2.9933646709024235
1.0111980151358804
2.9595774111425857
-2.9561880259909903
2.980964210633329
-0.992512961665837
0.9819451925905752
2.961331912202241
1.0178101660343153
-1.004518058902717
0.9976049150568784
2.9781944565044034
1.0059785040741602
-2.96817601180243
-2.9955925650211097
2.9956847289492234
-1.0311578393313199
-2.994494115016697
-2.9816144568350573
3.0382095180863664
-2.9992353983733704
0.9922087271315398
2.9964335032779306
0.9878586461478163
-2.986282470907971
2.983993712869209
3.008964846596207
2.9757474079063915
0.9906327730137333
-2.962100498854177
0.9816226932635433
-2.9743848945719162
2.962623507567695
2.981401318607783
1.0250146976228487
2.975034542229553
-2.9576085799525043
2.9977803300047774
-1.000198317353327
0.9850133095326612
2.974911686408692
1.0398020428218997
-1.0069777548179768
0.9967833545068767
2.9995809918580987
0.9907098810387442
-2.954888543648877
-2.980607777609338
3.0096276129892745
-1.0076400901109488
-2.986769372948087
-2.9766993244595303
3.0224681960490614
-3.0082922211716254
1.0240486516198573
2.9823816037170894
1.010185112876896
-2.98201212556604
3.0072241332374587
1.0148755366675835
2.9824072591956665
0.9662601620857663
-2.935842631926003
0.9660860128171667
-2.9402363751481246
2.977666044174165
2.987712562798032
-2.9635017583530345
2.9725731138475475
-2.974631754563687
2.9841521978068135
-1.016337055215932
1.0314025669214681
2.9663600608968417
1.0447161538063916
2.9817048694937895
0.985038254242801
3.0149282786507627
0.9660285382090282
-2.966290906082121
-3.0032838360341345
3.02002006554937
-0.9858968903758504
2.979905306880725
-2.983050155601886
2.995143365727968
-3.0186220284718948
1.0350953182976008
2.962248221445584
1.0217015496522315
-2.9946056201777256
1.0167257385065671
1.0096597754216103
2.955789431321828
0.9935179702516326
-2.9778926596046147
0.9605076676900454
-2.9468142482716746
2.9697133131952795
-0.9797320895588391
-2.9805574667967587
2.9504166941374304
-2.960794122254187
2.9486447558540276
-0.9898864023517358
1.0045180325758525
2.9507241057196603
-0.9651283168256981
2.989336884688797
0.9741421529848926
3.0021189672450803
0.9389359754426431
-2.9548681347795323
-3.0353366153662154
3.011190315826133
-2.9905543874688933
2.9676306561322554
-2.9839471777797004
2.9813118326752206
-3.0320410801326902
1.015685682238549
2.9359841844945445
1.0150190424987462
2.9674151059308005
0.9965723314263936
1.007959602048123
2.942505515845591
1.000654079994617
-2.9971973213408845
0.9536398844034318
-2.971447421968223
2.9437916345512507
-0.9754397922011863
-2.990268440561485
2.948697263577541
-2.9721088243226164
2.938998108327748
-0.9927814515272292
0.9822792917022721
0.9508529832336017
-0.9812564114783496
2.9786661650191673
1.0091962625510331
2.9825622298923937
0.951186056335894
-2.9665167768139225
-3.0533966085098374
-0.9799970954829453
-3.0175987511312066
2.961508905988358
-2.974260312380506
2.9728788039433045
-2.9935179653904327
0.994279780295046
2.9340802313966505
-2.9768109353612884
2.9707673888608275
0.9856340392522808
0.9947496621180297
2.93470627464664
1.011285754755095
-2.997711119200697
0.965698706704966
0.9989058752345729
2.9372789003148916
-0.9929239533476326
-2.952667580661552
2.9514791363754243
-2.9792015795430262
2.9456414815579635
-0.9865107397892477
-1.004200406113894
0.9620836805827364
-0.9687508329363782
2.9576552950524944
0.9987849294997615
3.022474338903563
0.9582733097483082
-2.9567536168418775
-1.0442988952435994
-0.9776256128008756
-3.0336089889737154
2.9874407586363048
-2.952580068163018
2.970380730189379
-2.9875219979510694
1.0077514569318382
-3.0183996060424128
-2.973797270459146
2.9845017577072364
1.0002041197482245
0.9821916080724735
2.968865170094781
1.0220490365297776
-2.982995453315535
0.9909987702046733
1.0147688200763576
2.9539599808317503
-0.9920794462757403
-2.964266965566384
2.9783306457162464
-2.9766656896388635
2.9690581352139063
-2.972668519424571
-0.9794881008967503
0.9837963935180907
-0.9778013246202847
2.9640405018712928
1.005731791680921
3.017520357864071
0.9792893015655169
1.0404456435520948
-1.0150319933555148
-0.9707939519173003
-3.0051747691525614
2.989442538629161
-2.965666754444556
2.9869271000378474
-2.9857008612511176
-0.9617827059930892
-3.002097629911147
-2.9603558835182726
2.9786850768348843
1.0117496279634446
0.9935248994606303
2.9776802358639802
1.0277501293560447
-0.9848295202120229
0.992872750282839
1.0331082334515962
2.97593539127678
-0.9817987441330288
-2.9947070325521588
2.9838103930933144
-2.972838770430701
-0.9998823038245062
-2.975630074902966
-0.9734386743755512
0.9853264074197245
-0.9737464232001184
2.980833640801198
1.0127126335554166
3.0015920339215754
-1.0092632894718077
1.039441584366225
-1.0129066599362164
-0.9756260025202795
-2.9983648416015214
2.9998125808857994
-2.978236332446189
2.984700115100753
-2.9871941382885896
-0.9632988586133426
-3.0110478922801973
-2.972715745226596
2.981059923665771
1.0075645203605632
0.9903754418488249
2.9901531855674275
3.0021326363141303
-0.9960267441248951
0.9825712253195387
1.0103518308901647
2.987263373751611
-0.9907280922986079
-2.9826198026105737
2.972527235582873
3.002107285382312
-1.0140428849331635
-2.982404981821072
-0.9948657073497705
0.9868549614944673
-0.9982859485704251
3.001906700886745
1.013299844730871
2.991754551738703
-1.0300009664423913
1.0257708891877482
-1.0291867075572414
-0.9584693106514313
-3.001629678673673
3.0177483828614817
-2.9896005315549044
2.9746685679913436
-2.990408223682598
-0.9903265524860493
-3.0159560820326172
-2.975264140237105
2.984422523825244
1.0241998411680657
0.9969004577585584
0.9944446648305406
2.985064313358366
-1.0163777830748222
0.9996013231289163
0.9913567754360565
3.000583142100567
-0.9921053584976932
-2.963520569051273
-1.019275806140715
2.9965995413398363
-1.0409387611209318
-2.9878683879980477
-1.0181618756736015
1.0182709255692441
-1.004345186708176
3.009568874759241
-0.9911726452101637
3.0020654050405415
-1.0434923232032425
1.0140929572346546
-1.0539270269178722
-0.966511471204934
-3.0089395647539914
3.0205743818251767
-0.992549834715449
2.9707577769724347
-2.996023389012686
-0.9915390470771355
-3.029131468182503
-2.967646881984672
2.9730060893545125
0.9695262190306251
-2.78702355812176
-0.10298896296375122
-0.04046905088486191
0.0031816405457921995
0.00046239071805233165
-0.00883495811078271
