-0.051268773622689064
1.4119280376069263
-0.48159328377043853
1.4971708221236593
-0.5068462897080601
1.4959828263311303
-0.4964205748039446
1.506072339000579
1.4969238181831444
1.5046477343385025
1.4776941362754321
0.5054528166144134
1.478403246199838
0.4992303381218845
1.4985028342787068
1.4820758893262769
1.5099732498482887
1.4877290630910767
1.5026377546871101
1.502657287981965
1.48268733427447
1.5070757849269736
1.480435835515531
1.5001580803358507
1.496171459561381
1.4833575312863219
1.5063230729310653
1.4870903241499815
1.4988563870948541
1.5021359830310816
1.482278617007058
1.507447659080837
0.4806345205165812
1.4999693141833468
1.4900893846101395
1.507788536231378
1.502823057648213
1.4889846223140941
1.497579906996222
1.495367943342724
-1.5161780830575406
1.507182219103868
1.4802626259297982
1.4931629541981348
1.493995132560777
1.5063870581553789
1.5027848432317064
1.4807881821070181
1.5005752808347106
1.4953045523770354
1.4816911611969925
1.5082261062796558
1.489228770679815
1.4911669066298263
1.4988947107970174
1.4827173326114313
0.5089684859727545
1.480713653767118
1.4958965477371065
1.5018895715553795
1.486634076413564
1.509240025086745
1.4892124161712554
1.4994939005342618
-1.5045644078236549
0.4832525869796264
1.506609976573059
1.4859636940861956
1.5109405606809667
1.4993587748328208
1.487992050704438
1.5053858074187592
1.4812932865416388
-1.49970310949455
1.4933982916831756
1.4922004191966236
1.5016560135218375
1.4901511245419554
1.5126263778093423
1.49177705094773
0.4836137606078327
1.508611616489311
1.4743979874229018
1.5130089145103358
1.4919222896283026
1.4926615354576596
1.50017337382524
1.483359423010048
-1.4997991639698574
0.4959203131146429
1.4837908775266249
1.498686410203464
1.4951323123191675
1.5128198489620137
1.49412232445832
1.48201205582841
1.5090558508827108
-1.5195335043844438
0.49922172098729695
1.4961206557225468
1.479853624149919
1.5029914289127402
1.4954607897643986
1.500714967358662
0.49453163010286194
1.483417325154275
-1.4969239922068236
1.4987635088808566
1.500177759205427
1.5046728848417754
1.478091045860118
1.5116930248792333
-1.5236963790074505
0.5004939560864476
1.4954974939096897
1.4810259933766128
1.5069017645227762
1.5025593145077805
1.4902246674010629
1.5003607994687904
1.481907065046844
-1.4923308662577397
0.47830540279304506
1.505396146206161
1.4955559911379033
1.5030257840296826
1.5082642118555571
1.48311526927977
0.48964115625426313
1.4968744776616911
-1.5217426983840507
0.5112022371364501
1.4816012084679302
1.4944998797272413
1.504565516136243
1.5000511670403553
-1.4945029414146918
0.4786474542593941
1.500277088369275
-1.5033310415245884
1.5019227950360508
1.506554497206852
1.4946720299707859
1.4818839102382164
1.5054460080179786
-1.522391184770085
0.5068208680022979
1.4873989739778226
1.4877052353333169
1.5044594188930225
1.5095819887554327
1.49791290447614
0.48909725839120394
1.4959807917351835
-1.5102291259493124
0.5058962455253186
1.5031404262559533
1.4930426554156422
1.498185797417097
1.5011941317250292
-1.5129505204571088
0.5006263618663577
1.4799729892430005
-1.5112677140064736
0.49828201395524896
1.5101299499235594
1.4952504920950251
1.5056854928873549
1.5077123042046525
-1.505001924074966
0.47934099614311587
1.5083044298829
-1.515193022284935
1.500238236828374
1.5002341213215225
1.4896107047859233
0.4957851354349875
1.5007986304664405
-1.510374127614555
0.5019601463296292
1.4874821436734946
1.499950812874076
1.5037140831248603
1.512843880912319
-1.5002600321166928
0.4817802619022349
1.5061826456081455
-1.5176610455226605
0.5100480954367964
1.4997583135572132
1.4845133693458592
1.4991987314062196
1.502242085680981
-1.5002790151139922
0.4980429371786271
1.491007527193534
-1.502912914233636
0.5022481305400156
1.512711053606431
1.495054391258492
0.5028344110143425
1.507652457955148
-1.5197710730666794
0.5020282387344549
1.4933389157919277
-1.5105792954780306
1.4994998554760497
1.5011495420794172
-0.5063371108644396
0.4988199565352314
1.502502143290191
-1.5036874457108749
0.4937714886540317
1.5057517512983691
1.4961129151211665
1.5005729377225152
-0.4915119274576968
-1.507295957631252
0.48612534407369035
1.5029814993527681
-1.5242265284994176
0.5062389097447616
1.49828230194319
1.4881223851182528
-0.49611266639546864
1.5086576838471188
-1.5008626133488632
0.5078673240829376
1.4927697934951147
-1.499183663557403
0.49861781559911755
1.5064105511029382
-1.5111321111689815
0.4996982167638031
1.4993871571646384
-1.5123202391859851
0.5010059758745297
1.5035599184880077
-1.5182954162225537
1.5025519993740712
1.509393120981034
-0.4999759188837698
0.4861837640338629
1.5091491988656387
-1.5051224600922934
0.5014287939742663
1.50475421908882
1.4890962586264673
0.4985055658847357
-0.4987123408722034
-1.516195542093324
0.497532379704674
1.4928956842892516
-1.5131775253001083
0.5075546439941564
1.5053424459036826
-0.5042321125003394
-0.49600328348856026
1.5101994136038719
-1.501975482780232
0.5009945928879461
1.499815157555678
-1.505165277619583
0.4989892274018257
-0.49944501306912786
-1.5155040947720764
0.49756738520104
1.5116566836619494
-1.5103857202961999
0.5074109954887521
1.5069965989728955
-1.5096235588448366
-0.49650288818682115
1.5128008752039461
-0.5054715475089905
0.5025008753064587
1.5003712897945787
-1.4917209083335574
0.497931715208233
1.5019247314773614
-1.514239828084943
0.49920424407292113
-0.5003425178123659
-1.4985712481243412
0.4995283165875683
1.520929317254398
-1.510663898139334
0.5149104443276272
0.5099639047135248
-0.5049208091996088
-0.5018700272867904
1.5057917053786471
-1.5045529473690658
0.5108662438768529
1.5027618938341212
-1.506680817060109
-1.5009041474657758
-0.49845453443493254
-1.5088366901611838
0.4990284112188175
1.518505256386174
-1.5063534498155515
0.5107264968355458
1.5104578088725276
0.49951195464751763
-0.4991001933694073
1.504890016632168
-0.5013242049752412
0.49336124617403343
1.4995032609954393
-1.4901765472662563
0.49884845921273474
-0.4992982159129281
-1.5097286853817686
0.49991234253426287
-0.4836045037731511
-1.5024206626530525
0.5101941097382994
1.5119557998222195
-1.5071740075688378
-0.48289330359604676
0.5047170741078313
-0.5118322101315042
-0.5091965918858774
1.5038750035607051
-1.496999570929418
0.5037147053227448
1.5044968400652259
-1.5042858950026015
-1.5006127232509687
-0.49305710411212267
-1.497493784406685
0.4934936392455284
1.51179217860276
-1.5023348582943874
0.5056518850556945
0.5063426387974233
0.49447414079057267
-0.5032787998136031
1.5052504192354879
-0.5047199887296168
0.5023048009357205
1.4951176993721371
-1.4959731309788984
-1.5015718981128716
-0.49708515400204945
-1.5004977992834099
0.4942383868981927
-0.4843182088539017
-1.502706214979394
0.5026856293023905
1.5050069541858297
0.4870771293830758
-0.48924214407981553
0.49451663792349665
-0.5008610429619281
-0.5066572480174518
1.5074656673044862
-1.4998739146926607
0.4994593720313394
-0.500053614390435
-1.5010060573058461
-1.5032727077489751
-0.48166523472313266
-1.5078071071936519
0.5007885986025244
1.5018123472904852
-1.5012438816609102
-0.5027990969333078
0.4990240070941811
0.48322627080873093
-0.49972958606521917
1.5141113721231718
-0.49942790511094964
0.5047803691420304
1.4888191459054818
-1.4985322903675056
-1.502408959340001
-0.4955982967463745
-1.5061717826241703
0.4850025422742402
-0.49010506430654033
-1.4976388240388785
0.49451791898893566
1.5057333448786576
0.4791982790548402
-0.49366792408128624
0.48841750454818883
-0.5004769213334324
-0.5027724889889371
1.507737126267443
-1.5022596332252978
1.5020866248910978
-0.5042843892379285
-1.4960163768797452
-1.5280568417815752
-0.4858797703147949
-1.5198897726569771
0.49677636058832786
1.5068745112741588
1.4955125008570695
-0.5024081482673173
0.5001645355840957
0.48217799324402605
-0.4983081546784472
1.4975695983012347
-0.49886104299887574
0.5105562482163962
1.487333940636751
-1.4940053417562755
-1.5025438258754802
-0.49922396314472905
-1.5165024281499364
0.4862223310667185
-0.49896271503824635
-1.4949614412531014
0.4935072633338515
1.5136989708739272
0.4831187843007753
-0.4883567110583086
0.49547323869069393
-0.5056395799376894
-0.503391138268646
1.5020023337205575
-0.49734931673572835
1.5076931796036477
-0.5051063450856905
-1.4940662819367125
-1.5220519383158326
-0.4909824707577608
-1.5171026329864652
0.49687633180087015
-0.4848648299345228
1.4923603244205685
-0.49821010155549544
0.5244394009530743
0.487262153614739
-0.4922203550545747
1.494402343929276
-0.5002349715820277
-1.4897302388423015
1.4916625186722174
-1.4853197836035297
-1.5153628553453435
-0.4943317020336868
-1.4972900582470314
0.49137377987553427
-0.4940336519516755
0.5022313652396715
0.5016057778626034
1.5145386823786362
0.492003273626246
-0.48110570819448445
0.4898748600213244
-0.49470828262399724
-0.502547632054596
-0.50112158395336
-0.49297443624106413
1.5058645401747646
-0.5016977532703424
-1.4897739778867742
-1.5080221014142865
-0.4899892685459003
-1.506734279882126
-0.4955746426298667
-0.48373478956888655
1.4922827784014
-0.4934897535578645
0.5157257986590424
0.4898014397502879
-0.48169143573472567
1.4946314018970763
-1.4950865023640179
-1.4966752020499325
1.500308977375827
-1.5018214797774727
-1.5061245179535905
-0.49663421068433145
-1.495547998301322
0.495421508775549
1.5173817158199852
0.49800845780154496
0.5117106851415373
1.4970730137291135
0.5052729316768092
-0.505950114012731
0.5002611756708291
-0.49189813749950223
1.4982504402133965
-0.4970229741450222
-0.4884956156958212
1.4945147949383808
-0.49284029338059826
-1.5001003180223205
-1.5009875090803861
-0.4879865134809459
1.4974168280513491
-0.49209097489943693
-0.4908520910692743
1.4949240906183126
-0.4848578511638629
0.5000534613970347
0.4884999910927167
-0.4798025512975908
1.4937099123594717
-1.4914182361851722
-1.4998992351126745
1.4977396676725587
-1.4937820041970955
-1.5021464376534992
-0.49144736344886436
-1.497152422471726
0.4889210147181377
1.5192725439960202
0.4981614814158762
0.506834619836271
1.4978260246826158
0.5076903551408798
-0.5029762754659179
0.49591216829036755
-0.49790493734917857
1.4978086096288303
-0.49179193094468954
-0.4854693886103115
1.4910285168882835
-0.4874142993330969
-1.4983854096814442
-1.5035801325911535
-0.49016398371273323
1.4895058777558425
-0.4985313639691996
-0.4942194795562861
1.493501720065458
-0.4784779880398128
0.4994199595515474
0.48981356756234895
-1.491604052694801
1.4936444849114467
-1.4903011991150947
-1.5024904356097548
1.4932913694276284
-1.492044205848555
-1.5085323439219802
-0.48949477586787815
1.4995053103802167
0.4816856268917076
1.5091144965144954
0.5075356063847147
0.4978873560987429
1.4907472004202706
0.5060250430314964
-0.4984426699825447
0.48642864489152576
-0.5038764375873676
1.4982256023744904
-0.5007159225257319
-0.4901773524472891
1.4874462075165888
-0.48987012113561684
-1.505459004169942
-0.5081766892022033
-0.49332748770023854
1.4764592394405753
-0.4967977628256543
-0.492225051373527
1.4825591449696445
-0.48801027728406404
0.4991592174720333
-1.5046947976142235
-1.4995256921981184
1.4943609381063871
-1.490484361779961
-1.5097735439204802
1.4999420460553137
-1.502916063345936
-1.5161271905604816
0.5072890870047144
1.4987983592305443
0.48173731111796336
1.500387009080636
0.5029853228288543
0.5026706866025933
1.479292090153429
0.49992522244911086
-1.4997302839185827
0.4853333154566702
-0.49693486986099533
1.4748037003294536
-0.4984711660295979
-0.49892778005760424
1.4783176447251785
-0.49333740405796567
1.4884603491223771
-0.5076262505581944
-0.4912641525151944
1.4686065678904976
-0.4965791866681718
-0.504699296403403
1.4909212620953536
-0.5002677581722177
1.4983679208524685
-1.5017781380597692
-1.4895966087760428
1.4823423461128478
-1.4980639756093144
-1.523323489788534
1.50117785960734
-1.5057147551519674
0.48474467937635846
0.5033468984240524
1.500926198107181
0.489598535093685
1.5090306605163641
0.4827689461537654
0.5064162844215511
1.474920315718547
-0.49842284808406107
-1.503781665314438
0.49278434117728137
-0.49163907814775654
1.4744172873668604
-0.4982266601140344
-0.4966787599766013
1.4793100476220564
-0.49346784620668427
1.491736279081661
-0.504965295582353
-0.4727785869068799
1.4782303135473898
-0.4889233590952528
-0.5014497686507926
1.4951054852069519
-1.4966843426909178
1.4975531631412777
-1.502688902116697
-1.492934626499846
1.4922080455551119
-1.4859581203665952
-1.5219261697396367
1.5088754938882554
0.5004089922232093
0.49293388554742723
0.49892500246726185
1.5157628949144386
0.49643039332409306
1.5128305564663218
0.49226495877075177
0.5065503066757007
-1.5152701132363713
-0.49110681377835597
-1.5062668576120466
0.49685201953662395
-0.49530084936374197
1.5020628721394889
-0.4983612052799274
-0.4831966828101568
1.4894023595660877
-0.4900324186563649
1.4986402955640625
-0.49721409399713123
-0.47900198352847073
1.4851067852329605
-0.48101864636244346
-0.49780172799199734
0.49607554730985925
-1.48230238531157
1.4947177502787228
-1.5015555407635282
-1.4924849202577888
1.4991877918963559
-1.4852820676320309
-1.5098218471774911
-0.48504873753384165
0.507757440797047
0.4938075167353009
0.5218939290678936
1.4996079262621491
0.500389336405255
1.515438329337454
0.5005714926350399
-1.4933618931201282
-1.5060054659381386
-0.4848988458528861
-1.5068674134743916
0.500127438625955
-0.48175697129713935
1.4970584292934486
-0.49319790879164543
1.521198698125596
1.4940812253758065
-0.4829940973310266
1.4933114253062578
-0.48794148286810096
-0.49899952726267977
1.4916456413185248
-0.479065227308103
1.5003366717663564
0.4918951782440923
-1.47392525015329
1.4922587967352836
-1.484921407545206
-1.5029198723541928
1.5010447002098792
-1.488122019091978
0.49391523728927245
-0.4890348887426716
0.5055421053060017
0.48887908792251167
0.5281680264346389
1.4982782016797485
0.5054275385301477
1.5072279012476288
-0.5006204166326452
-1.4943993194263516
-1.5113361994367618
-0.48339001033415635
-1.5013525270522357
0.49726456096076416
-0.4819543837880191
1.492799336505945
-1.4948098490072637
1.5103580392408218
1.4894487650495598
-0.49649573517976897
1.4896319500209274
-0.48896751564798424
-0.4988072755442007
1.4818029764114233
0.5143177801685843
1.4963020050123446
0.4917498254590252
-1.494563378039258
1.4878576966268042
-1.491914805466722
-1.5038125040124841
1.4927123713231953
-0.4920379681070692
0.48378840743283297
-0.4993508760538331
0.5002787047291763
0.4848439707025939
0.5066270425123586
1.5042671694383045
0.5033843143767409
-0.5033241494013725
-0.5094694418652903
-1.4990326214233909
-1.5061263731700811
-0.49522042831839824
-1.5048103253994862
0.49218745534738345
-0.49190348993931615
-1.507688863032897
-1.5015091324301721
1.4995282505381171
1.4837557239614476
-0.4986705366778988
1.4933205504550175
-0.5029172844454799
-0.49463105776285693
1.4725628448334522
0.5080852700398394
1.49492417693376
0.4970393755003363
-1.4937065974360695
1.4793384766835747
-1.492947429057907
-1.5114051761905667
1.4887166877246427
-0.4922345710578168
0.47551728569361884
-0.5015066982762426
0.5050471414833683
0.489626375559396
0.5047960963546398
1.50380446074958
1.4994801051434117
-0.502449862480244
-0.5124013222409842
-1.5014082977495746
-1.4998523157277872
-0.4995650659769927
-1.5083816595935806
0.49425021600913815
0.500434993404026
-1.5043941105113914
-1.503678009297903
1.5058115119486346
1.4886252235682058
-0.4932378568919976
1.4981951320372493
-0.5042935583397802
-0.4943105762171419
1.476653930648968
0.5106566856144776
1.4979163046267268
0.49947234337888297
-1.4852587327427635
1.4840950690905195
-1.4954982457594315
-1.5128279691275777
1.494673344769341
-0.4900422839911195
0.49078197459639916
-0.49649978743117196
0.5161242758845156
0.49332630252787796
0.5113661506110654
0.49941723892360884
1.4989355204594677
-0.4950383393642467
-0.4959121645406532
-1.5088413999199974
-1.4827294795113275
-0.4975178900782589
-1.503064417460954
-1.5033223733878582
0.5053318629410175
-1.4990361766546434
-1.5039054366598212
1.5150805358128492
1.5040087481281788
-0.4960331683588901
1.5024221113941465
1.5038581454073288
-0.49774664519196404
1.4941217780507767
0.49174443854024547
1.500888465275899
0.4873162364409405
-1.4825830791463515
1.4929554863154428
1.5031747794056776
-1.5054464190503136
1.504107187051921
-0.4985455148909633
0.5019992759221433
-0.5224194726358271
0.5184032776152495
0.4897019235270669
1.5168635687468486
0.49786846861153544
1.5082180986436529
-0.5113566479216217
-0.4950381463020324
-1.5221276675238984
-1.4892750474069882
-0.49574729202175444
1.505668710542103
-1.5025608034414322
0.5152722462500583
-1.5039884351257788
-1.504822749167911
1.4933886370391771
1.4963602081935259
-0.5046119679125377
0.5013370766435455
1.5102991790023563
-0.5039652264344489
1.499443030730598
0.49263698208920803
1.5008752827164196
0.47109016753967586
-1.489840870412082
-0.5060496511307933
1.5054436124577169
-1.5022447951059998
1.5087441238664887
-0.505320463089409
0.49933388588654515
-0.5292227286902034
0.5101018301922546
-1.515900710262798
1.5126601914895914
0.5052058127499114
1.4963631463907894
-0.5043016426927688
-0.4895760542216924
-1.5236515761558385
-1.502098591448311
1.5004793617760814
1.5054863251974049
-1.5009437965151748
0.5075623794787939
-1.4930414496226554
-1.5240986673267676
1.5015834068894585
1.492864643740763
1.4887909151206125
0.49688564049715317
1.5102360621188
-0.5020376238330096
1.5010476572700306
0.4932110925365024
1.5157775593836003
0.4714781782902012
1.5059988360661594
-0.514582004560605
1.509450152593357
-1.506883903333572
1.5170191779288291
-0.5027257555082313
0.5017569657090407
-0.5179449556325889
1.5073414257961373
-1.5162234858722072
1.50824878648763
0.49464994025994763
1.5132648528895525
-0.5093170263207455
-0.4699113969906647
-1.5135380559195906
1.4985911654216144
1.4967143990183671
1.4952544165838242
-1.4982252707404822
0.5064585452948065
-1.5007744031345007
-1.501361207009526
1.5028976873017366
0.5036174978843543
1.4937805598893958
0.49275129072481094
1.5097479818924977
-0.5125616002296534
1.5094770744582335
0.498548625849466
1.52439592075164
-0.5131760375349413
1.5103666724302665
-0.519569576609754
1.5046369276819778
-1.5211477301114942
1.5232033159008258
-0.5124391217710478
0.5127518251269628
-0.5073166114445923
1.5159730106595009
-1.508764791781981
1.5096187715433957
0.4832321495492628
1.507963646032308
-0.5223843000987001
-0.46588262807600483
-0.5080967422595989
1.5124824771919627
1.495421067673195
1.504131265699791
-1.5014500438029128
0.4977389500992191
-1.5128726181382663
-1.4947137277469602
-0.5004655622932865
0.5144481074286293
1.4988327240502721
0.5138817092429921
1.4996682713614733
-0.5122478098106981
1.5068745492933835
0.4848353815229177
-0.48126187657910213
-0.5044692938447054
1.5147941937195262
-0.5037602043196027
1.5056449279703796
-1.5123943238909752
1.51069630635233
-0.5278381207273082
-0.4787406295610737
-0.51168735594357
1.5223642458748037
-1.5085772715593397
1.5161030159160194
0.49023673290965575
1.501981352004931
-0.530214647381702
-0.48168311866383856
-0.5153634126530782
1.521531630544176
1.495926827329259
1.5123374484504013
-1.5053014251175558
0.492700679118731
-1.5154665622021932
-0.5079913109332899
-0.5033633176188503
0.5069167815143559
1.5124662659334327
0.5123585838742445
1.5031662982024083
-0.5107474939828217
1.5064071532185035
-1.53089067494086
-0.4936404861007574
-0.5115293693873597
1.5082226090016237
-0.5024601549791211
1.521050799061134
-1.5128336513790857
1.5074097623698937
0.47065114853187184
-0.4847592707191151
-0.526632513702866
1.5192145216146133
-1.504042108512506
1.5060337574699165
0.4984540506322705
1.4975473224360545
-1.5224521381575675
-0.4948590996458924
-0.5186910163157553
1.5036740130714095
1.495274355388314
1.5132634287408755
-1.4965579060667704
0.49350238006932245
1.4965017341964912
-0.5235630580480373
-0.5024026364214064
0.49702578406159037
1.508180847002439
0.49467454373479
1.511286160249808
-0.5046935739095084
0.5038721152648532
-1.527476126638497
-0.49815800725026355
-0.5086457445793308
1.5093633875825188
-0.49988005480161457
1.5176010161970608
-1.5072547042542865
-0.4856972702933163
0.48501689916220975
-0.4996715026246704
-0.5124926134880424
1.5024782246701023
-1.4882627533908823
1.5036933948744997
0.503323551070183
-0.5009791312050488
-1.5102576722353096
-0.49176729763918353
-0.49566737994601834
1.4937486238683517
1.510702889877812
1.500911366345505
-1.493757921053681
-1.501089527505098
1.5054948565966104
-0.5160591285494806
-0.5011110071096172
0.4988399092066893
1.515085916201036
0.4950753565926622
1.5126341642847787
1.4982530199512756
0.5031757544356125
-1.5054722946971868
-0.49409280507991443
-0.5048420610929092
1.5005455724797871
-0.49544799538615547
1.5068833973269529
1.4926650419142498
-0.47838324749538946
0.4962644376485817
-0.5035562102877013
-0.49707765134501014
1.4993114985157747
-1.4903705347595166
1.5020781700457573
0.49935345976366535
-0.49510616634674237
-1.5103851993111193
-0.4747131908731746
-0.49779734779470497
1.4861559986367274
1.5135408597916151
1.5010666610985204
-1.5017451669238193
-1.4981393444520588
1.4998378863716852
-0.4982133715586293
-0.5019738318335841
0.5058866380433378
1.50356396568314
0.4929561688665171
1.5094377559529066
1.4949375059510939
0.50542803760063
-1.5000466022587662
-0.4972254098711752
-0.5015597809856879
1.4925505436704931
-0.4978039994812394
1.5013909417723075
1.4871052562027327
-0.4795537126667482
0.49219270821959915
-0.49378298219229283
-0.4993903979741054
1.5013203926835763
-1.501942898271911
1.4992635607291858
0.49254708327227614
-0.49366512273824514
-1.5200582633888013
-0.4713679814927256
-0.5008998058640898
1.4856407713898274
1.5057320973449044
0.5092852649438473
-1.5097141734005914
-1.504809455761621
1.5033565812072145
-0.49478985624651856
-0.5088083597411657
0.5061412019353034
1.5033431959394479
-1.5124592997347552
1.5059579038288278
1.490883453596559
0.4942265645316641
-1.509195775001622
-0.4955274087148128
-0.5003511104747225
1.483931296419722
0.4992876437398677
1.5088716222140606
1.4855235675621543
-0.49335576811499326
0.48158540925871846
-0.5005520545361699
-0.5048028481875032
1.5000896483692925
-0.5016306829155385
1.4988472020405623
0.4877122271783948
-0.48882658981627203
-1.5250047107548983
-0.4885728924317707
-0.499645656205102
1.493565077862906
-1.5021744345422083
0.5139520845503291
-1.5087748148851545
-1.4965968224473634
1.495154911233927
-0.49752326745991743
-0.5148860706938698
0.5002892150491179
0.5157002593760297
-1.514441200605595
1.5031656601693288
1.508242422130006
0.496305540242925
-1.5091501155070435
-0.503932453420302
-0.5003659966019698
-0.5131180849215954
0.49969337094295635
1.514960392298541
1.4944556857605773
-0.4969461392066549
0.4906818233781685
-0.500213776543575
-0.5121386756584745
-0.5017919333815697
-0.49183236339028774
1.4976235825372042
0.4992263401127758
-0.48588155901616337
-1.5107848745066499
-0.4995871387407169
-0.4999002218296844
-0.49998245193599455
-1.4994514194002506
0.5063223782248851
-1.493290415658165
-1.5046483905769306
1.5041743238092984
-0.5022845219156666
-0.5076095856245789
-1.5043846974993038
0.5223689965265161
-1.5085957920943918
1.4968713518466352
1.500526125320231
0.5093235933121543
-1.5178053725144982
-0.5008597520417486
0.49539646100909834
-0.5023020334610336
0.5020381671637825
1.5215572927843612
1.4938987880959602
-0.5036864358109796
0.48878499141172194
-0.49971583397430086
-1.5085476587123565
-0.5016689623218458
-0.4810735858354885
1.4906340052388016
0.5002846977240043
-0.4786539881361192
-1.510640691491146
-0.4955784411026097
1.4998255995479344
-0.505337805843745
-1.4872953137035008
0.493254844767031
-1.4775241723096906
-1.5197237269705886
1.5086736873415734
-0.4992183408224612
0.497853189585178
-1.5018286503811429
0.5156390835678671
-1.5058326926797758
1.5048118016937695
1.4935243698930096
0.5184182876023375
-1.5138101879042596
-0.4933082899568437
0.4918363605547506
-0.49975471218178347
0.508404651442081
1.511179911918678
1.5011860107945232
-0.497699030258893
0.4959974674072181
-1.5039742610470728
-1.4998930675325748
-0.4977473254036236
-0.49435947229148197
1.4967909758608364
0.5089906973762792
-0.4862995206056366
-1.5054964221823277
0.5144820436028559
1.4998009637366518
-0.5139961139445912
-1.4825197469789873
0.4978104338725661
-1.4901838887423353
-1.5089853719639215
1.5156507984961143
-0.495985121703868
0.49414893117821646
-1.4962695936013266
0.5090124758821024
-1.5088744109793162
1.513611658813516
1.501661480979424
0.5121113115694613
-1.5058284463195786
-0.49170933185989235
0.49663213171994364
-0.5064424919271014
0.5090018371282237
1.504021026393929
1.5065843468828117
-0.49290623085467666
1.504085307249101
-1.5069987816885029
-1.495551475965723
-0.5043182993512453
-0.49945982613606676
1.4935929870311404
0.5154748546624981
-0.4960418696653865
0.49549757282123014
0.5172541146433483
1.4965479246668498
-0.5000562668698769
-1.4918820745199783
0.4964832641305919
-1.499233688367396
-1.5057178179794157
-0.48101443993617976
-0.4967992560018721
0.4836276973069823
-1.4843107541883784
0.49708565215168554
-1.4956838327545774
1.5050481165409058
1.5056134572044675
-0.4989747957409108
-1.5051062620175026
-0.5003765681571517
0.5059740542826492
-0.5200691487942424
0.5139596900572043
1.4973523642763698
1.5048528742845746
-1.4963007162248132
1.5026086878146159
-1.5034009815321951
-1.5004487666654838
-0.5144995497911451
-0.49342928239317985
1.4817146033679067
0.5122230782848158
0.5038274402015939
0.4916339165600928
0.5100889638166889
1.4974213961790226
-0.4966446003564089
-1.5009753762841038
0.489265021545011
-1.500280404990989
-0.5127588026774211
-0.4854658367898109
-0.5048416286230598
0.49749471491444636
-1.4957159943838119
0.5079372518145076
-1.5010960717712272
1.4937114232384285
-0.5004511685971808
-0.49935322659112474
-1.5167494419946095
-0.48668498020972717
0.4970138713640309
-0.507820741489324
0.5030250459308919
1.5067911203580184
-0.5007419301552574
-1.5031290582708645
1.4894548190731376
-1.4982800671548289
-1.5125112315114784
-0.4980486064369041
-0.48983939343062427
1.4715673433717342
-1.4957169861287793
0.5136815263407755
0.49111796317399237
0.5034151424409009
1.4889423330966318
-0.49741216113434167
-1.503392471184628
0.4857640499070327
0.5120429346384446
-0.5197483947441515
-0.49505845368095475
-0.4894683617116786
0.49382039033891517
-1.502362464463258
0.5144676069256674
-1.5035817708175465
-0.5092727504753319
-0.5079981564681644
-0.4924186662874932
-1.5046875107763331
-0.4988627402395221
0.5144850005048346
-0.5155931728940412
0.5024421688542041
-0.4823981466260106
-0.5034046177375077
-1.5077992424610924
1.4977811751198327
-1.495507303260554
-1.4997048981409784
-0.5021363713401114
-0.4834625679985586
-0.5239552444073954
-1.4966878449918097
0.5173317892713761
0.49710500138546937
0.500083970570933
1.496745084010888
-0.49329175298984024
-1.5011080982240956
-0.5076851095574263
0.5191758327842793
-0.5178234226057248
-0.4989487797378941
-0.4891827038015135
0.4991093795482537
-1.5032507404611617
0.510785737578206
-1.4983724408335382
-0.4993858654814266
-0.5046572380759395
-0.5010677681825844
-1.5068831443865323
-0.5045877629106456
0.515970209830263
-0.5099272319973499
1.5088328301788336
-0.48521929652489754
-0.49500770590880133
-1.5182988892356846
1.499675356424814
-1.505713401514806
-1.5012655223671307
-0.5009235930809655
1.512428081355808
-0.5106802305480497
-1.4831688485920769
0.4898021139726297
0.5039674708224945
0.48149415258926415
1.4984546452217562
-0.484642489614111
1.500138049975178
-0.49942464624937244
0.5129615736233634
-0.508231234757929
-0.4902706600921427
-0.5162938751981083
0.5036149764545316
-1.5037601041480388
0.5038095127253407
-1.4931291567697924
-0.49161171375157736
-0.49180578942382197
-0.5009338839610552
-1.502953019163125
-0.5000280962587751
0.5072076641261607
-1.5031455065965305
1.5128442027596216
-0.4954077422850738
-0.5035591425398125
-1.5076810987252893
1.5102369089678904
-1.5041140261797328
-1.5015210563143997
0.4996576833120445
1.5027506929994499
-0.5080603984861533
-1.4718294216435324
0.4931023097849659
0.4945255457946673
0.4882974837187959
1.5052823946155742
-1.4876345115983307
1.4988592022896943
-0.49542343801223904
0.49549848312401995
-0.5058230616792208
-0.4729684277494182
-0.5120655395411918
0.5077828535880772
1.4953175320073226
0.50308009059087
-1.4930630380861112
-0.4990470524684459
-0.479046569803066
-0.5068479674477058
-1.498028213445281
-0.4875754208684588
1.4989442458295852
-1.5040203611807006
1.513055143372585
-0.5052131439710499
-0.4931191393378926
-1.5063473961658294
1.5237208744440993
-1.500130582863189
1.5026278441598742
0.4993354223684833
1.5009036046287991
-0.5207867214022377
-1.471702810520161
0.4919863373935927
0.5096505247818417
0.49544626025288646
1.5114410423119016
-1.498196255804754
1.4966652754588925
-0.5057907730985632
0.5024966286118047
-0.5149402097114372
-0.46877716117827634
-0.5042705577940797
0.5111839519589033
1.4952524859069816
0.5095754688929971
-1.5028960804713039
-0.5113654122438674
-0.48734204346471344
-0.4996071021435692
-1.4967236955848604
-0.4851192761935368
1.5040827164976223
-1.5102274514101077
1.504112271257949
-0.5067940531416214
-0.49222260262810597
-1.5144386388149702
1.5204264757624641
-0.5004150297925134
1.5056751091474665
0.497715249909807
1.5108199154460602
-0.5323545036036589
-1.48562397780276
0.4814175450475939
0.5183056364669553
-0.5049549911167435
1.5091510510843313
-1.5020215756935373
1.4964943842883103
-0.5081877543391212
0.5033012573492223
-0.5218555095436291
-0.4841218748084949
-0.5049268539083971
0.5094658559660327
1.4961171806109663
0.5148728014765506
-1.5034511876528216
-0.5193371474486252
-0.49696730946912576
-0.5134048060696977
-1.4962240752109177
-0.49582183324498924
1.5142218142805495
-1.5174755791831729
1.5054199883734085
-0.5049028166633974
-0.4935474263609576
-1.5284834827858134
1.506505152655464
-0.5047471965825748
1.5029255671460018
0.49987011139139825
1.521806148175126
-0.5307596050507724
-1.4892814307529776
0.4698458527849751
0.513261017928309
-0.5120179336842154
1.4991728952173624
-1.4937275540881645
1.4975823459859776
-0.4994361561580353
0.4994428939932265
-0.5164711398081494
-1.4982681170217873
-0.5135170488110521
0.5058355901504732
1.4977028771492706
0.5114307765740238
-1.4941870828623238
-0.5131664020464033
-0.4974404798123373
0.47127108335465506
-1.4971377820183323
-0.5027323275225264
1.5072732418004955
-1.5083233123562874
1.509044884914752
-0.4989160845726076
-0.4960958532968069
-0.5287262261755926
1.5016915972890894
-0.5106313592520175
1.5090637667478741
0.4954948488322152
1.5139092422599605
-0.5141992022929285
-1.4833252596389155
-1.5256679875342547
0.5007386344896108
-0.5144436091787722
1.4938333679612321
-1.4840692584971242
1.5098154084343374
-0.5009375823399097
0.49826760651315205
0.49283699259855
-1.4909965231834093
-0.518145530376964
0.5005987590517099
1.4904464002245654
0.500280043925406
-1.4846446269923765
-0.5010997400924359
-0.4885503736810115
0.4750132100676174
-1.500025964568122
-0.48635771094780267
1.5011152665281928
-1.4996989788521633
1.5024029475745666
-0.49790482320605256
-1.4962629418772804
-0.5142882346138765
1.5160055859307173
-0.521736166394311
1.5033390873959571
0.5042796679357109
1.5048741435780557
-0.5061789774132875
0.5245504978566633
-1.5115111398287477
0.49479233754086877
-0.50076688167592
1.5038389559019676
-1.4953276580687092
1.5047373347761397
-0.5052722082206388
-1.4994003693765352
0.4932122707508395
-1.4710514734183069
-0.5143574815558588
0.501468981140225
1.4960028778126604
0.49970026171487825
-1.4849383306074277
0.4996235568422673
-0.48231035215706636
0.4925606355888305
-1.5045506174484191
-0.47701788936714423
1.4928549983852026
-1.5003180292889522
1.4950160183646826
-0.5018945546161123
-1.4941285141730445
-0.5062968149718781
1.5265191701964604
-0.5113451520685587
1.503519481473591
0.5034042340744072
1.501890740637522
-1.5163979385071567
0.5236320007583299
-1.504590051430008
0.4908635808268691
-0.49933967460592477
1.506160020645768
-1.4991375731822043
1.5019487339975481
1.49054863267088
-1.496948738259828
0.48836108981262655
-1.4900883595414198
-0.49774289533320565
0.4934295620099969
1.4991059791225283
0.504010123716329
0.507045775821924
0.48838313985278464
-0.49026814136549834
0.5024973698585847
-1.50501540230673
-0.5024729382865559
1.5011574022395315
-1.5061127866773552
-0.5017849630585675
-0.5059430504084242
-1.4975448617675493
-0.5110798169609236
1.5249138826123967
-0.5013935328697013
1.5081392427322906
0.4972054053422459
-1.4921648094129074
-1.5306924797048718
0.5154270007683072
-1.519940052060049
0.49589859913302176
-0.49624574047802067
1.5017549442472087
-1.5022918232852849
1.5094751697038378
1.4912716698248654
-1.4966264531033409
0.4746014716674508
-1.4932674717500538
-0.5081395498457064
0.49621259413155727
1.5066978476891388
1.5035068302027197
0.5027311629332449
0.48449489848331556
-0.5016309402028751
0.4941014493145365
-1.5069157905762354
-0.5009327110672634
1.5034886468660253
0.49354284162634343
-0.49344308901293565
-0.5071705178064448
-1.4950153038024645
-0.516011051905574
1.5145414003195925
-0.5074562569066109
1.5162088228900934
-1.5070948962580106
-1.4861986079124065
-1.525614067243357
0.5084218840017812
-1.5224175322963265
0.5030112634430849
-0.48862271377286126
1.4965409502629163
1.4994370358423255
1.5170329582529327
1.4961141340197506
-1.4936547921468268
0.479077923055847
-1.497377188154918
-0.5114102452757133
0.499197639233988
1.5115484291996544
1.4987367653609973
0.5053290882312543
0.49811949685031814
-0.49984089009101174
0.4936575074100072
-1.5053147350839442
-0.4909342855821401
0.5008665201080842
0.4982535282590778
-0.4951102202300541
-0.49604473323482395
-1.502173097686681
-0.4969328958568541
1.5059842570990534
-0.5086752376330564
-0.4860536159803038
-1.5027159299337354
-1.4924282492478478
-1.5034127591573203
0.49892169052776747
-1.505473451350185
0.4939112993313889
-0.4789946541437877
-0.5051687229460655
1.5028054010414689
1.5109661361318683
1.5005653482222285
-1.5067014485008516
0.5019066748162321
-1.506331674759971
-0.5091211449097062
-1.500985982699541
1.5080290198876496
1.4989118065953544
0.5028142957332589
0.5008062867432606
-0.5021342536021347
0.49076726706667806
-1.5029883166636713
1.5165112861115102
0.4974987296452636
0.5032128915428433
-0.510126244481491
-0.49666932824737503
-1.5087889184756118
-0.4908836018170334
1.4981796008818504
0.49869604553578684
-0.49500827586924295
-1.4964363199362216
-1.4902332835896928
-1.501093707582117
0.48931035381813853
-1.4995116789208371
0.4913663676566181
-0.4824690989653492
-0.5015523278332441
1.5024824214388572
1.5032298221816915
1.5025608871144331
-1.5019613582685813
0.501845149053466
-1.5141122274955476
-1.5018545762467588
-1.50380696155048
1.5045107366879527
1.4997704587589178
0.5020393229880208
0.5000665484740665
-0.5026580206166427
0.4956955540412162
1.4967132510267172
1.5106999617234278
0.4969130929224179
0.5052594257421599
-0.5146520951279593
-0.49666373529810426
-1.5021734473374515
-0.49541068649744735
0.49863456486592733
0.5044607773440147
-0.5003696433311411
-1.489464582656566
-1.497958684584388
-1.4970055863835492
0.48966685082074607
-1.4967905105718535
-0.5041644700626383
-0.4951579248446163
-0.49692186216705436
1.5005429411298532
1.501747253225658
1.5150048634072149
-1.502202194258023
0.49922169509670244
-1.5134499732608209
-1.4983426583860255
-1.5061566851746582
1.504486005942027
1.4953013441223777
0.4999271077746179
0.5011168925831135
-0.49528394461989433
0.4991767002967782
1.4936728680594518
1.5001773774968397
0.5042858475995982
0.501417678198426
-0.5054286276630223
-0.4998488280322289
-1.4974181297320763
-0.5006168355997113
0.5078483035413879
0.5020903175031765
-0.5048855599175366
-1.4966487219046234
-1.501271236530775
-1.4979310750264414
0.4982255414412813
-0.49890852795196405
-0.4987882262495072
-0.5017856387342566
-0.4829759437517188
1.4954800472422425
1.5015487296006829
1.5142384454558466
-1.5051265757638785
-1.5035093777219288
-1.505096039924376
-1.5006371573819346
-1.5103845184354696
1.5083174357725033
1.4985709691980498
0.49714134805448246
0.5035081614569352
1.5078191752014118
0.4966076603527022
1.497422300135636
1.4982547176059302
0.5144366594038757
0.4893291253530791
-0.49418611047256505
-0.5086861733861782
1.501984848581581
-0.4989135509295912
0.5140557301627952
0.4895201051061714
-0.4880489161689773
-1.5032100801372075
-1.4926131348862484
-1.4989731458967959
1.4995890656378987
-0.5032484937095046
-0.4952054169938271
-0.5139196728676603
-0.4775605340047102
1.4906392737695648
1.5158601190010472
1.505530894212605
1.4911287828365036
-1.5025576700233474
-1.4979944007033605
-1.5192101268819498
-1.4963827011091326
1.4927864308288081
1.5079112412456417
0.5013724808732185
1.503402710285228
1.5036122053377745
0.49376112557654905
1.4866124809440044
1.4995659537184554
0.49692147360509753
0.4986677009743621
-0.4951336554782517
0.4883646561473058
1.4975205047141236
-0.4911139837544315
0.5031373018551657
0.4843088312589442
-0.4947513651334713
-1.5088183281178986
-1.4898477320374208
-0.49847961243306127
1.4938515025608259
-0.5056672647324268
-0.4965556027390989
-0.509251138467236
-0.4939022882775318
1.4899016703397632
1.517453059927226
-0.4973669251556825
1.491513991249317
-1.5011852778228825
-1.5002633367457179
-1.5161852346196096
-1.4968264418116755
1.4854127191928481
1.505289211604025
-0.4967138399129227
1.5010268775156186
1.4964704225782801
0.49445855763584157
1.4956620587852572
1.494675757995108
0.49117724625709785
0.49751565134170456
-0.5033434146344816
0.4955720720696081
1.496624569967709
-0.4954581143318521
0.5007404431048195
0.49070593203734747
-0.4952332669678301
-1.5151724369600796
-0.49196518468395284
-0.4976892890688817
1.4818200074268995
-0.4958908686229482
-0.4936951819159194
-0.5055546836060446
-0.497149496393928
1.492643663591005
-1.4939588950741807
-0.4904398730711615
1.4949226806524285
-1.4992784292192294
-1.5066162886140808
-1.4984387737689269
-1.5050950122322744
1.4897440778601954
1.5011740341589535
-0.4995796603969211
1.4986416262397155
1.5012886915965267
0.48956703738353985
1.5039610023277898
1.4955519827121886
0.49697624219817915
0.48948453980425877
-0.5078343121364505
0.5020199485536819
1.4995111179807064
-0.49655219171091647
0.5034559629637997
0.4936497745587015
-0.4987088373018121
-1.511021207015341
-0.49619932031789027
-0.4992543241638922
1.4895140376891074
-0.4950880124476397
-0.4856089100391714
-0.5027496366796138
-0.4913920141897421
0.4977294662458441
-1.5029946553510751
-0.4880274646100697
1.5008948749707043
-1.5062671619371026
-1.498260987522451
-1.4994745486393983
-1.5045319312578243
-1.5030540402758312
1.4999584176811998
-0.5036777186874083
1.498506013719106
1.501911296980919
0.49928777498659027
1.4941630454607109
1.5016092269671826
0.5062212371391112
0.48601979279608554
-0.5033215353167405
0.50235682876091
1.4926578814888078
-0.5021028614336801
0.5024396874416186
0.4978221806676709
-1.5004728188531598
-1.5021725655512148
-0.4959427024633979
-0.5065754241658168
1.4936863376618528
-0.4853935414954337
-0.49786000118593676
-0.510650766173679
0.5168935572563489
0.497334906512774
-1.495012395308926
-0.49659671929418536
1.5040887424307163
-1.5167651935796116
-1.4961892868450495
-1.5001274387068784
-0.49896286460032657
-1.5025027665757362
1.4995039488687794
-0.4994867827131124
1.4988986682659418
1.497541763181685
0.5124625672368213
1.4808776296863542
-1.4958467571569967
0.5043282478571449
0.4906942550587573
-0.5002256209574536
0.49621033453015245
1.4998085910789087
-0.50848704668585
0.5013038525900562
0.4983866890847322
-1.4976639523791497
-1.5021178927233723
-0.4860844387489113
-0.515104150085735
1.4912881637597442
-0.47765343637560076
-0.5021453675710842
-1.5184640120417403
0.5154749503096648
0.4976620013118675
-1.5053659389311094
-0.49983661666112134
1.5161907614588646
-1.5240108644394208
-1.4950394938929348
1.4981880102779839
-0.496463318353519
-1.5089548555403873
1.5078525876227509
-0.4876636412470666
1.480447614704726
1.501351564683559
0.5239820243079857
1.4780523533793115
-1.4996323163132117
0.4965692525541208
0.501230131551419
-0.5029638038280476
0.500511913444115
1.5104509587152828
-0.502814376500898
1.5009318507688385
0.4934720965681235
-1.4915094035716425
-1.510568995302179
-0.47634476396317815
-0.5064637612004842
1.4877104138184865
-0.4833221900336992
1.5056015356901225
-1.515361333931918
0.5102903270242742
0.4773023427799637
-1.4888155969474421
-0.5047350313241968
1.5268862204489613
-1.5136157872047202
0.5049779015616033
1.4984164638005646
-0.5032468176028739
-1.5005198425628294
1.5037922400164483
-0.4900212737458595
1.494649720050196
1.4984457487114216
-1.4810706703984866
1.4893298503436045
-1.5015413477555575
0.4928894975846289
0.49167155831521914
-0.4868421335346627
0.49504366382234877
1.5255787961548297
1.5026081313018587
1.502600716610154
0.49501299031504287
-1.4993406290451985
-1.5179987241210058
-0.4833649726677727
-0.4999078001485123
1.4939118130373454
1.503911353612593
1.5159082064166143
-1.5012030167395587
0.5066439781311607
0.4868171977130437
-1.4977260082740909
-0.5033704019907674
1.5207575418247723
1.4982031323112401
0.5050593178046778
1.4990960766331505
-0.5011547160985921
-1.4915433761875976
1.4916933650693724
-0.4832887845772155
1.498153245704045
0.4977861618930775
-1.4959144292704938
1.492240056862696
-1.4776783427138451
0.49872746633519527
0.48813438984797686
-0.4816495219400482
0.48981053031152666
-1.4761241285534326
1.5001921097198718
1.50118019496105
0.5052285219747386
-1.504056044409377
-1.5005233786626158
-0.4920535512632737
-0.5060396169674235
0.5035313544586819
1.5029144290496956
1.507366592034731
-1.49155422556248
0.5001554512781885
0.5085050792164197
-1.5080743272049442
-0.5074605300307413
-1.4910293317750318
1.4948964844526669
0.5042767246144798
1.4988857764892225
-0.5060012755287024
-1.485177347853435
1.4761178930027887
-0.48491444297188024
1.4907603304105996
0.501649886052806
-1.499178823509818
1.4809153116540408
-1.4873996324244412
0.4921979601368281
0.48686797811582005
-0.48966243601965764
1.4886530426929963
-1.4920331521517614
1.4955598778282815
1.4917431893803925
0.5070185782495509
-1.5178420297771436
-1.5067987154525815
-0.5043297308496751
0.48644090737911483
0.5039552761346031
1.5145456447227443
1.4959745733035867
-1.50109387633427
0.48198825191240624
0.511056854895243
-1.5212086584713587
-0.507921541870446
-1.4918561670586257
1.4812654791734559
0.5049361581221363
1.4970331349544426
-0.5057738356399218
-1.4964380095009062
1.4689376943133166
-0.4893016949588328
1.481945318816707
0.504089317339782
-1.486693130656954
1.4676075667111779
-1.4910472714070206
0.4773018078080138
0.49525915147528465
-0.5025763242055046
1.4926926253441002
-1.499998387799498
1.496920319549007
1.4927760398637624
0.5075687219855068
-1.524904224831406
-1.502734514543366
-0.5095499758830979
0.48776142307885256
0.4942445589015199
1.522500972591765
1.4923219067247662
-1.4931669555996754
0.47956840885599283
0.5000642439452087
-1.5212306608098003
-0.5044316461377354
-1.482530531631485
1.4873017943813425
0.5039796990137834
1.5010786807839551
-0.5042633508432361
-1.4898034632951378
0.4766787752851179
-0.49035358818551894
1.48113917026912
0.5025887675463601
-1.478093092275205
1.481223547974304
-1.4843749765780294
0.4761081624174726
-1.4987323373035721
-0.5025682534810623
1.4982528823955608
-1.4958837865425343
1.4990530932857724
1.4959961409313507
0.5054662529028371
-1.5178111561761483
0.5090577593195649
-0.4998486685585112
0.4930520528505125
0.5017205388261708
1.5089359836684424
1.4941829794731567
-1.4797028539899213
0.4908643692085341
-1.5077906184693664
-1.5080581940113302
-0.4988215313095333
-1.488882627300432
1.4913244069486613
0.5164366723501004
1.4946415991347821
-0.5037743120441941
0.5258311874669771
0.48809450300199175
-0.4881154960304913
1.495701055432295
0.5070181782846274
-1.4980761351644367
1.492690017087579
-1.4748787837726471
-0.5097520500291581
-1.5021396792451274
-0.48933231027049223
1.4956461849798581
-1.4910812711309676
1.5061842711701792
1.5028363194075705
0.5044531186264504
-1.5062203223818802
0.5107860854217222
-0.48941717029352544
0.4921245592213006
0.5089866373290798
1.4976655731349022
1.493489036931881
-1.4793712852357768
0.4999882788362132
-1.5011569131497058
-1.5011589055566683
-0.49222356075857265
-1.491846228270569
1.4925360634338842
0.5177366766526246
1.4963856503799526
-1.5051017719932163
0.5287290324460673
0.49129728610090007
-0.49932005693605713
1.4972075102325482
0.5234241738975953
-1.5107527319879273
1.4927584541550387
0.5221665246952983
-0.5002717329656221
-1.512693033909736
-0.48698088685729995
1.4971322749328295
-1.5061120189742587
1.5047337654846276
1.5088920680728737
-0.49689795691700195
-1.505744297801546
0.503251428079692
-0.493671227335755
0.4840274599561738
0.5064008437815047
1.5078850515377247
1.491942030705383
-0.4880925871016449
0.49406427939895586
-1.4943582608248147
-1.5024430936490083
-0.4994379729664061
-1.4969538295898654
1.490222462584057
0.5095445307536534
-1.5002661308158753
-1.5068797403639465
0.5147358879571311
0.48798589986858143
-0.4970544932509085
1.4969052802787188
0.5199039113254957
-1.5075654139510495
1.4858207000150758
0.5108105758164943
-0.5110247734414254
-1.5054752577041846
-0.49613465320710104
1.5047345684273428
-1.5049507263751263
1.501676873389964
0.5041592292167614
-0.49674013463022787
-1.5213301872569034
0.5134855973756971
-0.5092057467389343
0.49380037561954043
0.4989118419523735
1.5219946147741157
-0.5071180187761756
-0.4957781989700121
0.4785167262537242
-1.493276647610822
-1.5087893956254375
-0.4872485664423793
-1.5005177216795498
1.4915341076511863
-1.4969106725191534
-1.4993612354586205
-1.503827872685225
0.5059560504659474
0.4750599794069304
-0.4965307649808772
1.5007853511617726
0.5069880643595029
0.5068651014951554
1.4811349660349056
0.5042230304130539
-0.5141619674542603
-1.5072853230648244
-0.4942631468833227
1.4999721281339062
-1.5017782610360961
-0.49539506772917735
0.4954543828308993
-0.5010697574458224
-1.5037545514006778
0.5015658194727993
-0.5035253986620577
0.48816663273279265
0.5046565119590477
-1.4797926152276362
-0.5061056000215174
-0.49083981480474237
0.47986242638940685
-1.5020247226234218
-1.4817679695744257
-0.5008292128620653
-1.4990189687924427
1.4956962712065092
-1.492550857886193
-1.5028563581483354
-1.50156956937335
0.509979651151906
0.47591243063282557
-0.49362253765177827
1.5080290352002366
0.49809769212235144
0.5108823776736153
1.48550677971031
0.5064915297548298
-0.5102022879726217
-1.5013206206515628
-0.49003140123217437
1.494370912498017
-1.5020409553011167
-0.4899216660115369
0.49622016747910724
-0.5045079430380138
-1.5016480176948068
0.49864258220003066
-0.4911872670492447
0.4915406037972852
1.5134960738325098
-1.495670108956789
-0.5011872915005401
-0.504435746475078
0.49458769224216664
-1.5038889467882541
-1.4824126606149113
-0.4996780094025838
1.5007947511217026
1.497799259044167
-1.484937390936571
-1.500254685688472
-1.5018115555047424
0.48959298801775064
0.49458004607715256
-0.48975541237318065
0.5069810766555195
0.5059493889558435
0.49438118400107095
1.5048742836719697
0.5068930088983393
-0.4908953339787354
-1.5035128527558281
-0.49856383088084766
-1.5027428990065768
-1.5056815025691903
-0.488758424891577
0.5019787890082195
-0.5124119609878501
-1.4914628938080712
0.49858938700681693
-0.4852523939981286
1.4956832421661177
1.5130786658122575
-1.500300536188419
-0.5127770902298527
-0.5024085514605489
0.4966384536527314
-1.501174230668645
-1.4943031894168548
1.50806693482293
1.499798956368719
1.4965536834834936
-1.4934540843744781
-1.499265360305591
-1.5140152502875306
0.4882483792235257
0.5004890617061482
0.5094426875357542
0.4993001193615722
0.519445400573601
0.49363831714117373
1.4980188801104806
0.5064128875118348
-0.49355514697276376
-1.5054164542621344
-0.5078638911208252
-1.494785487779628
-1.5098955761803277
-0.48889386901426335
0.5020624199573919
-0.5017340712419359
-1.5008116315815352
0.5083939729757246
-1.4947558047828742
1.4948562873435995
1.5063885285121277
-1.499319968939175
-0.5158659719036988
-0.4946090345852196
0.48503080207087995
-1.4994832101612452
1.5007829254515936
1.512748979800274
1.5008697516571987
1.4856453895640194
-1.4975612877419413
-1.5096592163283469
-1.5104221618557303
0.4985266135714549
1.4902071395645526
0.5053463121302142
0.5003272623226673
0.49467554434426264
0.5000295097584704
1.4899656616582855
0.5073246071867933
-0.5050820291915877
1.4928578421612009
-0.5049652954422982
-1.4925513659084486
-1.5068872020760689
-0.4930006895040316
0.47562694766308156
-0.49504363029318604
-1.4926574647042616
0.5097771678064889
-1.50435599713876
1.4899059507373993
1.503914518054313
-1.4990427049231951
-0.5084311437270808
-0.49530132573282115
0.4755177894417363
-1.4999821544145513
1.5098655711345437
1.5084503148371637
1.5002679107593644
1.484843410781142
-1.4962340355014907
-1.5206745938466517
-1.5039598024870378
1.5093284815733599
1.4790127885913467
0.5047678193182736
0.5001276913092526
0.4914172602359127
0.49844372025278755
1.497468079142771
0.5038296152845531
0.49191322793551323
1.4941369840508245
-0.4939056660986397
-1.500463395782039
-1.5022359770234301
-0.49403879631190833
0.4815324612776771
-0.5049238056946097
-1.4791390288863733
0.5007583728357108
-1.5021776521556078
1.481798401200327
1.5078518789213189
-1.499232222645838
-0.5021904738288268
-0.4950830066812115
0.4794052598237951
-1.5011064528737008
1.5215051194211564
1.502068390192189
1.499045689479859
1.485416650723702
-1.4910874757782393
-1.5173440587710827
-0.49780873251249985
1.506461099133537
1.4777277947890464
0.5096064870577874
0.5032481523390692
0.49801724875579406
0.4951484849559641
1.505660864628357
-1.4980821699332032
0.5018639715817863
1.4988947204056406
-0.5004771232559799
-1.5029931207654095
-1.5047727769515862
-0.4883557965155713
0.49348228773064234
1.4886357600333158
-1.4787432116795083
0.495116857764731
-1.4999507872857316
1.4917654222772518
1.5039713414229339
-1.4923697438799963
-0.5052936664476081
0.505318381661333
0.49208006147414723
-1.5015034217144279
1.511500077583223
1.4972808591894176
1.4885290854878983
1.49578740839131
-1.4877003945903617
-1.5043476298198295
-0.5012239529933626
1.491152364920795
1.4956753739079816
0.518154145650445
0.4985901982542225
0.4987215110640873
0.4917474658061065
0.5056843228579582
-1.4946739889644456
0.5074307093009978
1.4980295859244492
-0.5163984594567148
-1.4940107585692528
-1.5059455076757347
-0.485027476001492
-1.5035170521260024
1.4937253659819094
-1.4897576039087548
0.4861768089745938
-1.4961715031741984
1.5002150284276434
1.4979112044940106
-1.493378929646702
1.4870835237989741
0.5056374311315375
0.5018314485956159
-1.5254969188658638
1.5088320507114263
1.4830915951626316
1.4927086680227215
1.4997486129620692
1.5093655932431485
-1.4987178508088972
-0.5065586076476989
1.4883641872679612
1.498868563918128
0.5011490542155439
0.5012416254501246
0.4938864226305675
1.4931885424666653
0.49694404831252115
-1.4879485818645046
0.500635266771055
1.5034859044078002
-0.5177873293885599
-1.4969999645133765
-1.4981008389113368
1.507573912512989
-1.512507053710544
1.5083821349481734
-1.5039492662059404
0.5021968684954994
-1.5042942985283527
1.5077249712558163
1.494490405727862
1.5020341362984657
1.4850067835898595
0.5052938236357492
0.4901538932164228
-1.5075688322295289
1.5071275278551883
1.4954925047529541
1.5002714961495582
1.4926515132336802
1.5045231364576217
-1.508907241317266
-0.5089782947396568
1.500202313952006
1.4915819642589447
0.5092888632424406
0.5049221761575258
0.4906488195358256
1.4970476354276856
0.4916702411127153
-1.4934330042009236
0.48784012130669147
1.5158642343469495
-0.5075541659184416
-1.4936714156504562
-1.4940970740498227
1.5010205129869993
-1.5212970816084865
1.5051034547522677
-1.5070809431067522
0.5084265083303324
-1.5107195709184125
1.5114833417024467
1.4967256707771333
1.500859970800907
1.4893775256940447
0.5006238122722952
0.47702886679169426
-1.5026170000050292
1.506856983695171
1.5066868377318847
0.5052836463323646
1.485613665094571
1.5009988901394387
-1.509499054344145
-0.5058713199868402
1.4966668887355217
1.4874695144333494
0.5068294386426526
-1.489056048565792
0.49333019990676824
1.5025373843933179
0.47588198403567455
-1.4948797015075452
0.4837553282571758
1.5183729609642804
-0.5090406660139718
1.512660222260032
-1.499239372225787
1.5038073631344202
-1.5205704104362407
1.5083833744888018
-1.5250471039447686
0.5117042830570525
-1.519905467669704
1.5093067762876016
1.501947746184293
1.5044777361753299
1.4968752932603608
0.501597090957824
0.47995149923983715
-1.5043547674983606
1.5028030676728996
1.5055881457425324
0.5000778474080438
1.4872640914125406
1.5030129992391341
-1.5010620776906076
-0.49884195495616096
1.4852070201443652
1.4918127135988302
0.4969976850639014
-1.4893721832051412
0.49805343097398586
1.5056593977067654
0.4914574422175707
-1.4928801215363512
0.4936198519144496
1.5102344294481385
-0.5204520791279497
1.5131494834597534
-1.505548035031094
1.5042211194653177
-1.5074660550422356
1.510969513866257
-1.5114154631901142
0.5028652927779446
-0.5186510676483668
1.5040013332192916
1.498897853546981
1.5145651900528498
1.4932270315214764
0.5077024428842208
0.49611786286883425
-1.51575034766144
-0.4982590529372118
1.4933439638886346
0.48755395525409606
1.5001506726355018
1.4985882111519033
-1.4819407670921312
-0.5048293874742366
1.4896068449570543
-1.501711999679951
0.49311072680692924
-1.4982077791700463
0.498917293051002
1.4911936825823782
0.5054128279249956
-1.4936962893440344
0.505274028679878
0.5005123332424499
-0.5255354780716722
1.5054247206334237
-1.48817023830793
1.4963619441470546
-1.5023717643408785
1.5002566523594338
-1.501347271846819
-0.49950861095628185
-0.5084152230986739
1.5043572307094153
1.4886149421473638
1.5068095514838338
1.4984008290679072
0.5047064506672306
0.5011118938125391
-0.5208621343853287
-0.49522565944298
1.481195140726398
0.5147325740006363
1.5048037578939195
1.4947080242193658
-1.4897778310736631
-0.5141885182428374
-1.4964059318157712
-1.5026616695645003
0.5018024120634489
-1.4991951203415597
0.49521106973768086
1.5120565005482542
0.49507879554746104
-1.4923297281282855
1.502284970202771
0.5018902767191733
-0.513790334395019
1.4929695867910406
-1.4814431175711416
1.4964063810302026
-1.5072176494394416
1.4961986989685945
1.4903278180275987
-0.49243799327547355
-0.5013505481265628
1.5013713207085102
1.4949095468825555
1.499095397930802
1.4941151167018025
0.5049304477507213
1.4888027217589768
-0.5118750945148735
-0.49041788412570897
1.4802866015952363
0.5102563146399315
1.5051292137506342
1.5005368498699945
-1.4963403200095253
0.4824699820474495
-1.4924165060785395
-1.5090155888566423
0.5089805054286342
-1.4990393890584408
0.4910171071647384
1.5053286652706994
0.49298395523897626
-1.4953930644752056
1.4900574027924218
0.5132077354999822
-0.50182806853505
1.4841219582891354
-1.489431195504342
1.4973983487340525
-1.5118447430728643
1.5027860252877423
1.4756143811174685
-0.48531222825965653
-0.5042654799109304
1.5018983194871018
1.5006817351845199
1.4948073344992898
1.490109403912816
0.5054413803140824
1.4769224387483695
-0.49903409665197274
-0.5058116261656788
1.4967159741761293
0.5039346269550182
1.4992170230237336
1.4997788476321554
-0.4913823109207071
0.4897332887947836
-1.5077997796775873
-1.4979686590831722
0.505937135816673
-1.511247794060586
0.49849955300280513
1.5015931403653389
-1.5038559588595097
-1.4984641247536656
1.490283770006911
0.4945047784763578
-0.505065593487959
1.4998611336285017
-1.4994016511509138
1.4946128224343003
1.4920543857169162
1.511256241242689
1.472942799366795
-0.4890771308720746
-0.5088833683573528
1.4769242073747948
1.502913679454571
1.4954987673435414
0.4970078713505214
0.5057384065050385
1.476552775723489
-0.49443334786217485
-0.5076463811216063
1.5033572128971846
0.5060001871775299
1.4932691106759162
-1.504356524162099
-0.48155028906673963
0.49676391555758825
-1.5174094246325178
-1.5038081155935408
0.5026170550303222
-1.5080587263749796
0.4995347007650968
1.5088567364943943
-1.5008660548823227
-1.49753480412935
1.4996136758793177
0.5009042227366249
-0.5166294550902394
1.5034710365973667
-1.4951796549338847
1.491689232230359
1.4994335581905436
1.5100465665122027
1.4837665746922257
-0.49623023386748816
-0.5142989671781351
1.4915627065505386
1.4971588863715597
1.5006033474075335
0.5040774678312122
0.503023596210475
1.4943988897586302
-0.4971018233372392
-0.5004011325389356
1.491430322011158
0.5099479068955036
0.49592617264876515
-1.5063005459536292
-0.48106452412532036
0.5003373847981156
-1.5135390128139983
-1.499137564391754
0.508394630282584
-1.4977524144637506
-0.5049045838038275
1.5161477748026573
-1.5015457610210337
-1.491808632992892
1.5062353864394058
0.5075493121523474
-0.5216830661084613
1.5022791329340819
-0.4855878850620636
1.493056348931943
1.4974963936900088
1.5165851002576336
1.493229985174788
-0.4922683649429226
-0.5121746582005037
1.5021596411997509
-0.502387938847142
1.5025766236617393
0.49793940271355025
0.5064989555261612
1.4898866659081185
-0.4795497585056508
-0.5010713607993429
1.484138058183251
-1.4919212874521979
0.5021598463025778
-1.4999801257709366
-0.49447397253916786
0.4971417685349304
-1.4980749935765068
-1.5019456807783547
0.5215522410518855
0.5030729768891387
-0.5081511350424254
1.510235948146917
-1.5005721598754214
-1.500298867390184
1.5012178018820101
0.5096300065030442
-0.5114980156838006
-1.5027124606973987
-0.4849063554254963
1.4965677089871603
1.4880569774371901
1.5095955901260654
1.49490342602737
-0.49710049919419846
-0.5028077765051827
1.495071904012818
-0.49603622472493153
1.4991206420672323
0.4908456294592289
0.502839548996373
1.4769883819071548
-0.47699146681454974
-0.5040906259338167
1.4917101056079574
-1.4968914718637465
0.5061325696152288
-1.5023269513367048
-0.5007234180294793
0.49003950529845297
-1.4988911313498805
-1.4992715711234021
1.5217640671573691
0.4918586759921856
-0.5041562085586964
1.499245080321399
-1.4874939631192163
-1.5145052133798627
1.495300080364338
0.5012038973187164
0.4982191731139055
-1.5038639723793337
-0.49270871329484167
1.495314732278348
1.488212609628042
1.5038814606743882
1.4944582177708747
-0.4989286972602374
-0.49862819312702855
1.478829030141309
-0.4931068275108341
1.4972844816817632
0.4915183700141956
0.512569113820182
1.474699743833939
-0.4861896920094386
-0.5095371689856059
1.503241889522122
-1.4964189617413275
0.4928184715080577
-1.4980999972234854
-0.4994956426854954
0.49271547284723094
-1.5005153796643265
-0.49743207606071194
1.5092190675990962
0.48334117159724743
-0.48901506200598294
1.4950336544606464
-1.48401222990731
-1.5062094675614042
1.4859080796486794
-0.5036989191021912
0.4936651593428674
-1.5030465243352613
-0.48935635372742264
1.488070466352579
1.509079960472466
1.5026748791444278
1.4976786018571469
-1.5000098549598897
-0.5051264831269145
1.4797026505916704
-0.4992832010741144
1.495926734312749
0.5028038078994859
0.5214416755263844
1.4839148187635642
1.505213322616159
-0.5095364676194962
1.5066634496104334
-1.499604529252806
0.49224424560815183
-1.504651200542134
-0.4925658600953576
0.4979887559315247
1.498834644197914
-0.49804773542424463
1.4993241845590168
0.4959680079128518
-0.49187313517661063
1.4909960498377577
-1.4836065736914008
-1.4974750420757972
0.4880004725960447
-0.49790320611741895
0.47479929615992117
-1.4876477806610957
-0.5022864509886096
1.4977324552189752
1.5060292965459179
1.5038324499371214
-1.4984517438105207
-1.4986852029402942
-0.5163739224446338
1.5012712433072075
-0.5167588564456794
1.509998940869912
0.48887943386760907
0.5193310792964317
0.4933000143155006
1.5101832850422525
-0.5072076411507531
1.5054692275080497
-1.5169344188605491
0.5055573888843364
-1.5187889805318249
-0.4894058563202101
-1.5018826825697733
1.5003912043475387
-0.4977304397000665
1.4946289730870796
0.5015562613941673
-0.49455763675398084
1.4756285367861695
-1.4919859806906566
0.5020371618961248
0.4996474678263405
-0.49414069709467495
0.4944519029901862
-1.4984893594639659
-0.5066742898783569
1.4992029961024764
1.4935735309322657
-1.4968069128763806
-1.4990970829948802
-1.4953280704914802
-0.511011455352172
1.5027839238050653
-0.4993540628677182
1.4988262706458444
0.4848162557669321
1.5075044515459346
0.4888516327643305
1.5253812106907434
-0.5146194279184203
1.5144900659312532
-1.5233651066618714
0.5112874108705846
-1.5266813700809008
1.5074829927468278
-1.5059972369714896
1.5048141368452927
-0.5037382681167342
1.5122982701673298
0.48954077557479364
-0.48315018806487237
1.4742228406628433
0.5069857431991868
0.49234477961663714
0.5002587890038906
-0.4868756230631677
0.5043326047502232
-1.4993380829951848
-0.4912521126648794
1.4988668886241199
-1.5141929987033387
-1.4992273133341985
-1.502769950967588
-1.5024035866991297
-0.5026487548240849
1.5077881004311413
-0.4962969878733784
1.507702572395139
1.4913786755829928
1.501879452564499
0.4823011403896456
1.5131085042254686
-0.503569115630134
1.5083915517506228
-1.5077225339222544
0.5135847184233565
0.4813795545729809
1.5038321837072057
-1.5142521871899093
1.5068307437698543
-0.5106563159985887
1.5096307742557753
0.4965206934578669
-0.47760958038167944
-1.514879027980958
0.5135350084513334
0.4884867499141719
0.4954259201801527
-0.4865971890953202
0.5046074348426062
-1.499573039890464
-0.4840842080548413
1.5022072470512406
-1.5056202381401043
-1.5014155027589244
-1.5040130959244096
-1.5123342710326815
-0.5036207770516697
1.5121857648105121
-0.4991125298116671
0.5186177180512821
1.4987912180896243
1.5075484512164368
0.4958796629475215
1.5058383643787874
-0.5115725502709777
1.4965627463691302
-1.504333103680123
-1.4891781933614867
0.49387298347748315
1.5071837371191779
-1.5204583682555624
1.5097759544710352
-0.49823021590244887
1.5049752338702638
0.49029488279747724
1.5180823553961287
-1.5066433256375737
0.5217389938552339
0.49233966335237866
0.4915332561230168
-0.5016528205291504
0.49876213433007394
-1.4980625785451007
0.5071509141078332
1.5029917779394726
-1.4938514236339142
-1.5022806302512834
-1.4908047931024961
-1.5078072386427837
-0.5130169130649577
1.5129588533837013
-0.5084334827797568
0.5166369974258535
1.498077779713035
1.5112350227259175
0.5035031089933859
1.4974672210666524
-0.5152268920321545
1.4985980899092297
-1.5156773865885154
-1.4937700655356048
0.49495890787238
1.5023392398586415
-1.5075553935288382
1.514571638021869
-0.4939626596391081
1.4945491211894415
1.4823713144424588
1.509822822449476
-1.5084450613359768
0.4997001887945498
0.5045352238765161
0.4791410900330394
-0.49777478930778046
0.5062538619294089
0.49981259898188557
0.49504069738512474
1.4986589051010655
-1.4966393939634857
-1.5022627046880226
-1.501280116156438
-1.4923469901108375
-0.5222794873497306
-0.4911326579535513
-0.5116930924018748
0.502473240919352
1.498412538951257
1.510533289401044
0.5031340231881783
1.4927343002306266
-0.5116492464945638
-0.48839312138796925
-1.5261589689377228
-1.4963175829508428
0.4893366769481007
1.4960148508212185
-1.500371773223838
1.5201840733930478
-0.4984614333613514
-0.5103085753999528
1.4831291818271508
1.5060365257976263
-1.502911147084443
0.4966238675204725
0.5049586272460946
0.47737826450762355
-0.49925978036642166
-1.4796301076393428
0.4963167720800213
0.49949364379122185
1.4946081645476434
-1.5005824205261122
-1.4858289733399777
-1.5030201480950163
-1.4947676696577712
1.4825944580386
-0.4952147583822288
-0.5009925245901297
0.4942563038796849
1.5095648429384887
1.5001008330470764
0.5064406536240993
1.5016494765452102
1.4934600114845167
-0.4835150594541688
-1.5186289080401765
-1.4984307728687951
0.49813740806308704
1.4975242057734097
-1.4986979699537895
1.518161181096804
1.4944259544039227
-0.5030392793092826
1.492972012094097
1.5122893200293936
-1.4992258777428116
0.4979692069973364
0.5084186135706815
0.4906943964015101
0.4977179959146893
-1.4787494408251043
0.49751856572333725
0.5029506359352403
1.501678536060846
-1.4970244670330894
-1.4797864253875694
-1.5046425150352463
-0.5082155889162526
1.4951794374701661
-0.4969581461916074
-0.4842730601760543
0.4962576884198219
1.5071907845526775
1.5002455506401018
0.5128620859365032
-0.4901611377828224
1.4935463106841198
-0.4982844989573041
-1.4966550744961244
-1.5121174948583265
0.519543313870954
1.4937865002843753
-1.5057970941254974
-1.4919630660235972
1.4948386743854463
-0.4929659139820591
1.5002081607670632
1.5045833495571461
-1.491646555941099
0.4872074287654732
0.5082485467612244
0.49823820375230665
0.4979232765980526
-1.4903595552156688
0.4934360761311929
0.5031186207972181
1.4951961243366911
-1.500753805722141
-1.490569088945487
-0.5077640834600717
-0.5131804349810829
1.495973568445003
-0.4841936361978712
-0.49384240610328406
0.4896409565244306
1.4974174994393696
1.4913125904132432
-0.4832262137874417
-0.49396883771341865
1.4894425691012467
-0.5088648069100974
-1.4968756096547138
-1.510175640719036
0.511306244536117
1.483270769519408
-0.5081184607144773
-1.4961092315474165
1.500849818452448
-0.49806076517464315
1.4966102197532203
1.4948806444010316
-1.4942460798163897
0.4785191631159406
-0.4930756692649863
0.489135703184602
0.5012927213369475
-1.5001817263294266
0.49687819158695296
0.49836312806652266
1.4851025487521659
-1.5040567646361038
-0.5009182808261046
-0.5076292903578411
-0.5071542640343796
1.5015899998759552
-0.48996533358454103
-0.5012668508037161
0.4887118148353848
1.4973574169407677
-1.5129321972886345
-0.4881072227177442
-0.504921756436156
1.487627343504706
-0.5072317304753132
-1.480503416700029
-1.5167912090440039
0.5043587364905594
1.4768114431335861
-0.5034871657849156
-1.4880602525036168
1.5041028415546605
-0.4972376262388331
1.4868327663013674
1.4974609335293507
-1.4842072066948717
0.47953426502696656
-0.49281717503987593
0.4759734125538903
0.5041681992432839
-1.4951463527072621
0.4994750454703574
0.5107322276907427
1.483472882204457
-1.5022873240757613
-0.49814825181967903
-0.5049301454668841
-0.5026292873884978
1.499446811193191
-0.4946343878125305
-0.4987447824541977
0.49121909584604384
1.5087198550350354
-1.5062680528612278
-0.49376287200521424
-0.5109837520720942
1.492159383691576
-0.5065796890701477
-1.472604568530702
-1.5105765501991766
1.5064744412534432
1.4831660246216982
-0.4930066158948403
-1.503233563570658
1.5033280137631158
-0.5008134673700879
1.487097107833135
1.5015887936113308
1.5255641932644615
0.4894833759864837
-0.4934110000817131
0.4893421299692044
0.5014690315103848
-1.5066167304873563
0.5027384561921971
0.5184197754452564
0.4923374954198306
-1.497674984767426
-0.48805527020174894
-0.4967421041945912
-0.5139020467006669
1.5136656356492408
-0.5023141963936281
-0.4907333057680965
-1.506551998527349
1.5157035318124288
-1.4946543663223617
-0.500077483182587
-0.5059516794319602
1.5005991901458406
-0.5140297908964522
-1.4796909701726266
1.4954444468124832
1.5149770677858752
1.4950072425466963
-0.5011914699977016
-1.5019656968421637
1.488176647173756
-0.5015034116179098
1.4957522620542536
1.5005969384509301
1.5222598200664577
0.49680205378598874
-0.5019487579046706
0.49785006947467614
0.49140973707340285
-1.5043327451247532
0.4977542884729268
1.5109265184557918
0.49895438759790955
-1.4928329046497453
-0.496236756569765
-0.4956174870651216
-0.5269936044110982
1.5082561940969696
-0.4956748596897263
1.5105158830692391
-1.5057751878845538
1.514273848932488
-1.5049419377998372
-0.49828271745727276
-0.513481552992217
1.5030951447167924
-0.5127419980483355
1.5085981553716756
1.4926593142570597
1.5161589248120595
1.496816393946629
-0.49971572983941487
-1.5061709442448383
1.481462504532858
-0.50255797752583
0.5016928199412956
1.4966871702863558
1.5088821708617717
0.49553861334619526
-0.4920674973575737
0.4971302476049918
0.5000850119488202
-1.5024079113669881
-0.5027249249061124
1.4979052900415257
0.49353725767096546
-1.4961882589215236
-0.49826122119476973
-0.4874345111873282
-0.5109494548790967
1.499506303476514
-0.4869479670597092
1.5033203504208554
-1.5086505502742367
1.507489321226997
-1.5083362723481322
-0.496788603147814
-0.5024682506861926
1.503607029831407
-0.5063336275688703
1.5084759273897639
1.4841884996221455
1.5077160872037945
1.4876786102110806
-0.49106704621932756
-1.498081669121977
1.4874578896879527
-1.4989156646709683
0.49734425702124513
1.4976794821771084
1.5069398507639378
0.48951643612211004
-0.4940885719781934
0.4903956473077916
0.5113133797056174
0.4982788906432083
-0.4976982275989813
1.4945123990988998
0.4982758836857333
-1.503519671571923
-0.5043782182341168
-0.47896113920755434
-0.5033934200183858
-0.49871696748388483
-0.4880136108905159
1.491549614291351
-1.486071439480738
1.498497465936503
-1.5046077321511107
-0.4991610076682636
-0.5071769971406478
-1.4939595028789843
-0.5044424333592351
1.517766065238829
1.490933519723685
1.5031751642204676
1.5052409930139754
-0.49556521488343935
-1.5073207173498586
0.5026125053728377
-1.49542429162312
0.4863844987022817
1.501381002789467
1.510558712037792
0.49490068646820723
-0.49939629166553734
0.48949335916306874
-0.491804659073206
0.49540274979283694
-0.4942800126730317
1.5065150354900205
0.4968195251297374
-1.4991453917183974
-0.5140924777094965
-0.479842910559783
-0.5160256901344886
-0.48803258980996395
-0.49702586327824516
1.494613521223501
-1.4947441056101454
1.5037016748506882
-1.508472130118797
-0.49579158523349975
-0.5208251822862529
-1.4931233332331777
-0.5091516208026544
1.5253166306940438
1.491959755820241
1.5114583490454112
1.498789720268538
-0.5023472221222685
-1.5217965858620346
0.5060880947516535
-1.4970409416703925
0.4853806650725003
1.5052810440449456
1.5066494792545952
0.4975529478768253
-0.5022947640298396
0.49498757691349526
-0.5048467650475158
0.4944342966951741
-0.49883026188419916
1.5149617028466849
0.49678513180292944
-1.4901667240122567
-0.522424638211861
-0.48699100020944847
-0.5321259008418843
-0.4834616023500697
-0.5035482156432325
1.5037852829684533
-1.5034226353389293
1.5095019951053916
-1.5071031367379717
-0.495514847517902
-0.5249871158526016
-1.4960682868331319
-0.5059819280003159
1.5171374161014595
1.495269565821819
1.5163995096739207
1.4979688573608918
-1.5078630749738455
-1.521753645227163
0.49600380581186393
-1.508720362929977
0.49343847057543333
1.5177923710854637
1.4963116628103428
0.5026146479604722
0.4994371652090682
0.49906473630268977
-0.5114204619742709
0.5014757536073376
-0.4998878240738286
1.5016888991011665
0.4981357760650465
-1.483429933143642
-1.5202564667628744
-0.4903452206390522
-0.5240536490896751
-0.4959744619574612
-0.49603166562363793
1.5102356794450826
-1.4963062982414919
1.508227773906526
1.4979916774876278
-0.49871427203890534
-0.5137564056538528
-1.5011299763613433
-0.5014739537716973
1.4998920936139137
1.5002473600515769
1.5108705074779414
1.5025229484302192
-1.5049240905217023
-1.507638977509918
0.4932099969868108
-1.4987217312187349
0.4982813811000315
1.5174837682397053
1.4954784693600995
0.5031132878724452
0.503703596398832
0.4975429014373739
-0.5085675531686367
0.5016961578714705
-0.49064321048324255
1.500920615532724
0.49832169527581205
-0.4878776375106393
-1.5104965004137907
-0.49117282520964783
-0.5008589761840588
-0.5078890313120371
-0.4901850421113154
1.5011721082615657
-1.4859133972514909
-1.4984279926190394
1.4993932757765864
-0.503174694723338
-0.4978268936855651
-1.5075631685092734
-0.4925673203545977
1.495406244349418
1.5004115133504736
0.5045594484662772
1.50696269349858
-1.5026607583063136
-1.4990722104889778
0.4834820706884106
-1.4900110630526537
0.49097683161666755
1.5065375499296543
-1.4966849954339823
0.49793191178682017
0.5057378210204954
0.4874609945875181
-0.5015115559976925
0.4996733024248102
-0.5032226337829843
1.5004733543937234
1.4996711596723358
-0.4967885754378234
-1.50177989124159
-0.5077233786676458
-0.49499805714456646
-0.5252810590435716
-0.48787273861101366
1.4932450077340413
1.512226906502754
-1.5005343341919812
1.4957232964975409
-0.5093502723213515
-0.5017868498393353
-1.5266817667107528
-0.49506134996742646
1.4945853813688386
1.5001219703125996
0.5049641535671922
1.5038869010404694
-1.504306731473601
-1.5012570241001448
0.4823581347005587
-1.5017422592650786
0.483967196019637
0.5011638180127912
-1.4907597582075254
0.4912408190282335
0.5065632217452085
0.4823050837449603
-0.5032838593341677
0.504971297097999
-0.5140805320556108
-0.49881804570328414
1.4991463461635266
-0.5023884525544104
-1.4903229127138105
-0.5106048102493406
-0.48956978692019776
-0.5282393623593401
-0.493856426075773
-1.5007065775050479
1.5000054156769966
-1.495833503168154
1.4946907353051329
-0.5059015724027618
-0.4949677936222214
-1.524855950462511
-0.48552879121412573
1.494427697154915
1.4986047634497333
0.5124670948237136
1.4977966731409413
-1.498930417531982
-1.4981291978697087
0.4937020963509627
-1.5074634558426026
0.4852737991116039
0.507814411276215
-1.4947296867034
0.4917553243517995
0.5118320140233811
0.49019879906605934
-0.5000339627889409
0.5220162734714491
-0.51136671648293
-0.49910931556351873
1.4972392298001844
-0.5010757276791304
-1.4911604841789985
-0.5078953466723765
-0.48211184146727404
-0.5139253799593451
-0.497058805927727
-1.4892212102256817
1.493027544481678
-1.4885483497671406
1.494570932952317
-0.5035325944629713
-0.4858518677984155
-1.5134585953426083
-1.4709690189596847
1.494758500472318
1.5038272389718015
0.49394790626261226
1.4976592996281257
-1.498605550636769
-1.4966903193317507
0.5026322752506139
1.5009265869333226
0.4930730761534832
0.5202910522886763
-1.5018892084270354
0.5051888352724689
0.49379424517796205
0.5017999055063583
-0.4989816449578471
1.5252443976486942
-0.49855555526951817
-0.4950503310851054
1.4962324547967158
-0.4951933058797242
-1.4940874751184663
-0.5041891224263946
-0.47782759961689886
1.4932909603280822
-0.49372449149099834
-1.483438398689686
1.4908727782621696
-1.4781029168496367
1.4953681705659816
-0.5054124575847164
-0.48232886099209366
1.4856747176729357
-1.4716265335034668
1.4980371327686535
1.4939784730873928
0.5073779414874111
1.4916039569872017
-1.4913703009238024
-1.4978332498593372
1.4957195583112006
1.512046033997312
0.5000662833476834
0.5019200305755542
-1.498385260506479
0.4965580653016873
0.5082867701819229
0.4973891690261828
1.498187850467035
1.51051026823924
-0.49172135992531346
-0.5021538236170519
1.4967490769373282
-0.5062268758468724
-1.492990215714692
-0.5065161623926858
0.5170330986817289
1.485146006340179
-0.48824018650533585
-1.4917755671684094
1.488335676808091
-1.4883252811843724
1.4927045046147038
-0.5040958314986669
-0.4892484877537894
1.47442435035983
-1.4876939707078287
1.4949042240669088
1.4940045446813686
0.5104489952887412
1.4835283343752488
-1.493025563061808
-1.5014284103956073
1.4837248080409609
1.5123020179515512
0.485754040166851
0.497650703787202
-1.5068390161634717
0.49059227358217455
0.5091800337691943
1.4889735153165362
1.4956513459742669
1.5014009825474615
-0.5183110523497937
-0.4939611407521832
1.4769330550568651
-0.49775066641213694
-1.5015104879861805
1.489340394205835
0.5102676944146175
1.4737121295814715
-0.49790472144778064
-1.49853983593441
1.4688165577009207
-1.4887639972715558
1.4804580429370102
0.5011629522303477
-0.49627166349018137
1.46955477010953
-1.4982439560603018
1.4935334142614412
1.4896717308780332
0.49994628141251485
1.4825410304331885
-0.4963535994996251
-1.5017718854058977
1.480749724416647
1.5045652437063097
0.47966386809799766
0.49917028195962
-1.5102694748775234
0.4894780625759792
-0.5031289173020724
1.4882416610119957
1.496147556233689
1.5155904182757418
-0.5222832296885663
-0.48928712159359067
1.4734662689907447
-0.4955598918149185
-1.5037396508048262
1.4891241460948954
0.5083467871046743
1.4819513905175126
-0.4984258299513519
-1.4869917378400679
1.4786528861433874
-1.4894002668926882
0.4773195078920758
0.5029951455675105
-0.4982634872637527
1.4911342710646633
-1.4909805497691324
1.508246878065644
1.4963722044494372
0.4923751586668181
-0.5093595332298513
-0.49755408065641177
-1.502686972592042
1.4962513805884476
1.4982976126427985
0.5017343884953067
0.5037888270042347
-1.5009333801026776
-1.5046871991696018
-0.5110784290900499
1.4969012775199744
1.4978929569196295
1.5248683622560524
-0.5090733700821148
-0.49149059577279564
1.4874522474561478
0.5005208594048786
-1.4962774390486167
1.4928553648340461
0.515572445974714
1.4871052550858526
-0.4999513070567859
-1.4791937904198085
1.489996347135265
-1.4854258566555494
0.48823942126432607
0.4985568633899037
-0.4895328908508355
1.4931836749145548
-1.4800532623111116
1.5059639043551365
1.4971960942216895
0.5005833071095516
-0.5035787148627836
-0.49444815787241136
-1.5028364958821097
1.5037468339617241
1.5043638896428755
0.5030431333414749
0.502162376835247
-1.4902965359627527
-1.4996937907285057
-0.5032530620190026
1.4981067703545823
1.496108030915859
1.5178968309466598
-0.5003779043148028
-0.49667829973150307
1.4982445005849474
0.4952621282465966
-1.4901220657133014
1.5011187241311343
0.5189064881024855
1.490169807092029
-0.5047316303474456
-1.482072651375001
0.4870697214495584
-1.4823773972866598
0.4956791630844563
0.49982219436573505
-0.4892107018578358
1.4960640758241386
-1.487046614918921
1.5029404037112983
-0.5109430011840287
0.5126884400876527
-0.5109245048978446
-0.4742350681007875
-1.5080352839720699
1.5120144928724426
1.5052462571533425
0.49899675341989175
-1.5070879809704782
-1.4940171562628606
-1.498821000340251
-0.5099651287014608
1.5023470035108208
1.5060342079306654
1.5031868247520874
-0.4976819924452524
1.4989523444569426
1.4907195653824812
0.4999377778844381
-1.4975464616847378
1.5107035129540074
0.4928265405373559
1.5024048739082136
-0.5079611969364346
0.5109152291497993
0.4731513358959326
-1.4889082449297801
0.491565151351511
0.5111889457277783
-0.4964224744254615
1.5014440433197536
-1.5005573964826417
-1.4973624025309051
-0.517508416049796
0.5132854791691431
-0.5280694281024932
-0.4756696494183498
-1.5070261741064583
1.5128943401727617
1.5025440857561196
1.4962070690165545
-1.512025711359117
-1.5027121060359214
-1.5218411310067397
-0.496147597683946
1.4864310713275457
1.5099274707113273
1.5041877160362982
1.4952000962284646
1.5023683219012225
1.4779028930782165
0.49486262048683166
-1.5061008041238018
1.4862094796236587
0.5001082802792389
1.4974326014798234
0.4951686341751335
0.5082121594032528
0.4690654381193074
-1.4974321017332746
0.48688067040996214
0.5082752016021858
-0.5065082822340675
1.4996910750198245
-1.5036074181150934
-1.493709856656007
-0.5130297216839919
0.5086376584987646
-0.528577629931818
-0.49346396702031414
-1.4989166945454013
1.506800044036268
0.4973402831134508
1.4972359722351694
-1.5084114574987195
-1.4940860992972473
-1.5230920098947902
-0.4888506233988783
1.4770416162846818
1.503718309942213
-0.4839739369880958
1.488084557487552
1.5031583204730117
1.5015849763987188
0.4970658139063204
-1.502766834061347
1.4768874255244884
0.5100874462215848
-1.5128594753482487
0.49936501079006756
0.5134933479860315
0.47943053996800006
-1.4943275347200478
0.5194723676530539
0.5001110307446248
-0.5126381301100199
1.4958555136108682
-1.493115103104407
-1.4919069525478583
-0.5068767562852238
0.5090124387721686
-0.5170945579698544
-0.49443427353528724
-1.4856296204008304
1.4991256920296552
0.4963450275224623
1.500039673582734
-1.4963800772077835
-1.4815952080691308
-1.5122617444647863
-0.4922765106951053
1.4845995268416812
0.49923852151723197
-0.47765101515475317
1.4896143872321632
1.500184237406724
1.5058377041976185
0.5013534573190964
-1.4945339818972088
1.4868210959462154
-0.4864466763743458
-1.514617120487924
0.4972740989706528
0.5284839385739785
0.4883734861518938
-1.4920999474436871
0.5220237214899531
0.494091143472137
-1.5043377179957964
1.4950401369533852
-1.4772139304407828
-1.5106314534909218
-0.5005268615601207
0.5147737453590737
-0.508528900255765
-0.48391772639364367
1.5146328894934105
1.5000084379052943
0.5018522716005992
1.5013260594548596
-1.4887371134762002
-1.4941086662112448
-1.4983878624323157
-0.504958337835237
1.4958924813507126
0.5016080300675327
-0.4844981994751375
1.4960626385812272
1.506909491733167
1.5058384916486673
0.4990833963082895
-1.486000565094005
1.4982039194438752
-0.4947684241308925
-1.5034613897545255
0.4863323669028741
0.5265970100127575
0.4851100021589962
-1.4832829007535069
0.5087358123470717
1.4926945166581285
-1.4939000656345418
1.500873036851419
-1.4910049140493977
-1.5009928859284363
-0.5139649870298931
0.5154393085746092
-0.5136218132430097
0.5234412344302293
1.5020811471478128
1.5085720140654963
0.5053563054032024
1.4956067802563149
-1.5067745826845502
-1.4927965152531324
-1.50614211009448
-0.5092251680525144
1.4953516404468148
0.507977235002961
-0.49475096523709816
1.4961489352586421
1.510376098722869
1.4939326396000643
0.4936259438899095
-1.4907108668061027
1.495510318765935
-0.5029183701351551
-1.4954697771666545
0.4815329630900197
0.5149848398921638
0.4715559432082529
-1.484074495424527
0.49698604900086174
1.4977424448296253
-1.495338051146492
1.5009576420251238
-1.502685706704314
-1.5008415044059547
-0.524352425358773
0.5116510960341215
-0.5267874109513871
0.5180272056000406
1.4947548964884039
1.5130214224380407
0.5031742264613795
1.487012796791833
-1.514685230977564
-1.5042879730796652
-1.5196398405110911
-0.49934020333031365
1.4852609011060647
0.5077616107356031
-0.4932309076060008
1.4912907972549831
1.5051291200446573
1.4902323684640237
1.4912143590874076
-1.5019325883600179
1.4868425312294926
-0.5016176252947374
-1.4953546797372081
0.4841583205429291
0.5125372241400832
0.46853761463471566
1.5064471084981526
0.5035856584252018
1.5044836555873775
-1.5035932619243375
1.5065487859929558
-1.5043429256958196
-1.5029638317379026
-0.51944065075134
1.5092295711787524
-0.5299604534652671
0.5102637475358127
1.4874541145049183
1.5211403548748161
0.5002782134800299
1.4961690146371267
-1.5072629611904993
0.4889695690133815
-1.519950922285226
-0.4937277610589229
1.4995842157483505
0.5038602986598221
-0.49488718002480314
1.501978234591249
1.4988746731126585
-1.5003958183409218
1.4955594406336687
-1.5028110752861952
1.4775167656121633
-0.5018106011627665
-1.4834354622486101
0.489863317043379
0.5223485139798747
1.4800151868014524
1.5013513646286265
0.5212725759877778
1.4966224599076872
-1.5080465516530162
1.4987190628141567
-1.4979914766395193
-1.5058672804105493
0.4936131885421932
1.5131744050304736
-0.5180947975022068
0.5112158424403667
1.4987037909245935
1.5054265502622932
0.49956552656767234
1.5080033639839112
-1.4945989057146414
0.4966832117782789
-1.5083459486996464
-0.4923865094061378
1.5025422600994522
0.4970144182644542
-0.490305206123623
1.4999723925116717
0.5005714705953191
-1.4909829304742321
1.4985640645467817
-1.4844344038053818
1.4886525958948333
-0.5065393440846245
-1.4909553715526203
0.48511378250590803
-0.4673047630951694
1.4904875122922012
1.5075696636380733
0.5249818099130318
1.4936588437010117
-1.5049504899807429
1.4996191384255197
-1.505089688098744
-1.5014987429288902
0.4968473396362238
1.516269994623995
-0.5080124176631693
0.5226820838845301
1.5061200979094158
1.4981019255051256
0.49314389745448584
1.5073193720425513
-1.4943034335299177
0.5085725320191223
-1.5020216209779438
-0.5022810283777411
1.5030546408358545
0.49517277834984214
-0.4896195851394196
1.4912603138199005
0.5077617256872374
-1.495354013507915
1.5028088137897957
-1.4785086472262048
1.499471947758432
-0.5129432134973484
-1.4931616992942751
0.4709746515582922
-0.47073119372582206
1.4879751410653121
1.5089364759256272
0.5119663466873553
1.4961377475190627
-1.5031111732743674
1.500633045846821
-0.5139865498790808
-1.4955639129640004
0.48202718797235794
1.5280152349130636
-0.5142829081230105
0.5200657107311636
1.5018833238725657
1.5001023179589665
-1.5086443828649905
1.494895768642173
-1.5045254256939238
0.5042777341129088
-1.5125740851747254
-0.49471713920755095
1.496135449066993
0.4995217364149229
0.5058686659470033
1.488074981289678
0.512523261671278
-1.5058780170871633
1.4934889834498666
-1.4930160701472708
1.4931187746075865
-0.5102008915031334
-0.4888450585397428
0.4666790503098172
-0.4857498120798495
1.4887409953289479
1.5114893267239964
0.5036155483355598
1.4910395550031754
-1.499313754305566
-0.5019013540931805
-0.5119205074561444
-1.5000904226989467
0.4895663052682109
1.5106361514107216
-0.5115109135576895
0.511343713342342
1.4906754637803787
-0.4908987832624563
-1.5042014607015894
1.4856635859259868
-1.50253049027414
0.4955579840280778
-1.5057753289483888
-0.4998385681646305
1.493691543054641
-0.49576962748846987
0.5024491518632979
1.4951140970295664
0.5032384793694149
-1.5110052801070746
1.4940534227382591
-1.4977192080993817
1.4799403770207562
-0.5021448926644698
-0.4843122392556015
0.4797599387163855
-0.4886893886203217
1.4866314722844665
1.5001130048416542
0.5097589726889497
1.488807987285101
-0.4988591870618491
-0.5038656979394999
-0.5049337581102088
-1.486182862324388
0.4889003435547
1.5097734968997696
-0.5125182593068038
0.5044452524015622
-0.510334626163892
-0.4876976424778099
-1.5034657608188484
1.5113946959563564
-1.5063202567024117
0.5092027972756668
-1.5116479204086226
-0.49335055991419424
-0.5040168021091265
-0.49767347520810296
0.4989090989145141
1.5172769906948258
0.49839870147470505
-1.4916002472071805
1.4930793244785836
-1.4980812543051918
-1.5195418649087462
-0.5000895198266002
-0.48721215712659466
0.4916313915577328
-0.48505707532990183
1.5031010779971588
1.4959008782287335
0.5165996838877537
0.4943229606839114
-0.5035421764183967
-0.5046193548654
-0.5035814105963848
-1.496575587243719
0.4946272876796923
1.5166314188055428
-0.5090028066455385
-0.4947668409589819
-0.49977324491807923
-0.4960226318130873
-1.4935666059852815
1.5124065592537106
-1.4990810672817005
0.5022655028977477
-1.5062739321483951
-1.4876325351344495
-0.5000683686916719
-0.49925543428602287
0.49005752661697033
1.504991653960959
0.5131028886280344
-1.4972711129687593
1.5024806208670494
0.5046704477032764
-1.5059994716260214
-0.5101923248305626
-0.48250180839385476
0.49125915548198573
-0.49696648492953027
1.5010801901906743
1.4992300688581788
-1.4853486246383436
0.4995288675996125
-0.5044067571381272
-0.5018182030250536
-0.510417113013881
-1.495682169469372
0.4982545295680149
1.517363219817294
0.49545826201283555
-0.48802338874921786
-0.4919297670438796
-0.502265123978196
-1.501028431951233
1.5034630754928717
-1.4922736356236697
0.4953040531077098
-1.5024426793201324
-1.491611199127158
-0.4998116436495915
-0.49105278361595267
0.49832765325548944
1.5024856841147791
0.510705607735347
-1.5014092811422948
1.504873394121549
0.5069124532670336
-1.4995925634134595
-0.5080156130786243
-0.493118982142021
0.494157513474458
-0.4973570409893067
1.5050022432350625
0.5007503266425462
-1.4937593667032034
0.4916207429657547
-0.4841350606109332
-0.5065576278038149
-0.4985533553111844
-1.5030978586798613
0.49960099140346814
-1.490486906782087
0.49392991995242863
-0.4845172305847095
-0.4967419305387882
-0.5028834783610999
-1.4934596620624883
1.4914257121996537
-1.4896765704654953
0.4974413800474145
-1.5049351753952394
-1.500223660900382
-0.50578787310821
-0.49705799849769144
0.49913273873794234
1.5138707417075044
0.49950967192289925
-1.5001033120187768
1.4968609371789645
0.5060694269218495
-1.5146365935879207
-0.5082861675479081
-0.49216359637680174
0.48074060674933794
-0.49730557700281347
1.5129778697410459
0.4988084711227135
-1.496016642298323
0.47759688119266414
-0.4899161855496263
-0.5200396843815197
-0.4951709053331595
-1.491758462053166
1.4934356907890958
-1.4958168782665786
0.4931705839643644
-0.49792961848661166
-0.5051763988862473
-0.5063615645997053
-1.4989172163308402
1.4897521699659573
0.5067964854099317
0.5059266011403537
-1.514054060959624
-1.4960493111651116
-0.5089024291132793
-0.509903246354598
0.49337293066922316
1.5213328302513713
-1.5061728486962573
-1.4955030005283074
1.4916627067177246
0.5079552669770461
-1.5227642353421091
-0.4989001137580248
-0.48410254907619876
0.4755273203434006
0.5025770093146766
1.514197121102328
0.49759548867484754
-1.4942538492059119
0.47577720342189067
-0.4868408783741283
-0.5177613127561974
-0.4975283380275773
-0.4801664062790505
1.4876452108678155
-1.496191174487424
0.5133495283853807
-0.5007869095022855
-0.5080175725861992
-0.5076300381903736
-1.4888373020705252
-1.5045117674032489
0.5018479541345672
0.508591357389764
-1.51499313631764
-1.495700333128021
-0.47987639838198604
-0.5073596457920356
0.4882315735685573
1.5146079597565887
-1.4984350607256123
-1.4948474217803087
1.4998267795001474
0.5068452012610772
-1.5177009315671088
-0.49920383572390503
-0.4772416810658499
0.4863070246178413
0.5022712110373002
1.504931879334766
0.5000990169355367
-1.4909452881342895
0.4931793970287132
-0.4800067591357959
-0.5061736574039165
-1.5023959788074104
-0.48385886831538805
1.4942550203903533
-1.5047094163900532
0.5122651605878121
-0.5032368337311951
-0.4994611978591723
-0.5068580429319106
1.5255301377976795
-1.498920786869716
0.5027289817130687
0.5001519050581257
-1.5058522535688426
-1.5014946499847104
-0.47420120390957465
-0.5025582702956783
0.4934007225961083
1.503755844738536
-1.488046765054577
-1.5014341471176955
1.4976120829204862
0.49777554980278765
-1.5060805658331338
-0.4962661990127448
-0.48410590135271214
0.4977815160536216
0.5016305620401035
1.5026186738521585
0.5062279925472895
-1.4945776735667367
0.4932872116376597
-0.48700312641944443
-0.49997484437007655
-1.5019397161589791
-0.499041700664317
1.500807355995694
-1.5114423944725266
0.5100537387893849
-0.5017631619349338
-0.4910312178702212
-1.5043263662964368
1.5234577862686578
-1.498597388733577
0.4902777709998245
0.494477874720043
-1.5023506836441018
-1.5062812497664937
-0.4868244927956433
1.4920894450465925
0.5021025390302011
1.507802687784114
-1.5069674367899861
-1.498143088744618
1.4779588895039721
0.4973787433941955
-1.5032146754078721
1.5057806860816187
-0.4945170290894076
0.49870970825116057
0.48630983770929687
1.5039064918619547
0.4926658709129015
-1.4955038030736472
0.48565900167988457
1.5004059835568389
-0.5076737582358842
-1.4968899291344908
-0.5002785587899466
1.5082224299760505
-1.5257348830904147
0.5046185143246266
-0.4975212082340294
0.5047054267367961
-1.5024298362232005
1.5069489193375072
-1.505035920708936
0.4949877612019699
0.501240810022629
-1.5008031040962149
-1.5093091226960913
-1.4962352436084885
1.48346505726698
0.5057547140791949
1.4993827623316434
-1.5072509062657082
-1.494416326616162
1.4810941511192188
0.5030674870568749
1.4869876906998183
1.5042066896074084
-0.49196522501807255
0.4745383271869881
0.5014043716649806
1.4891304482888101
0.5032109057516468
-1.494831389656816
1.480720382504213
1.5004369021694475
-0.5166761230530015
-1.5075077770004017
-0.4983127321847643
1.5012181134106122
-1.5106434953951897
0.5087220337625091
0.5025605072498477
0.49335139940527956
-1.5033462744531954
1.500950938338925
-1.5027668903047042
0.49114706965076227
0.4998054119500838
-1.4987520179219753
-0.5064435822600639
-1.4874711929036428
1.4810790526217334
0.5033142157084137
1.5007679843868411
-1.5034784523030076
-1.4861566960678616
1.4937074792499834
-1.4896682849312575
1.477714710378315
1.5029957259586366
-0.49103024176032156
0.47474515881164964
0.5103100023873917
1.4897201766012147
0.5028416283425392
0.5110614487996545
1.4857647680111854
1.5105138416306048
-0.5088453431023063
-1.5013723264968182
-0.5057339697373193
1.507933340142728
-1.5045645349622263
-0.479512449373154
0.49881044348434933
0.49033216673669733
-1.512153788719811
1.5029458296588962
-1.4846931629634155
0.49587639278319856
0.4949305851950784
-1.4982133719216686
-0.5028089238570894
-1.476930550682931
1.4965179119085017
0.5055140196850616
1.4986754919618284
-1.5069321574563461
-1.4825956665077686
0.49855101750221426
-1.4893755950412395
1.4792026362112625
1.5072400018803305
-0.49295759275590784
0.49654010026624174
0.5095806931771356
1.498449683392763
-1.502652729664258
0.513560696058232
1.4967420850391104
1.5025910117576313
-0.5013838127482725
-1.4942282826499234
-0.5113801365079116
1.5073517100568783
1.4867144720055347
-0.4759294706838207
0.4961838002652644
0.4982458357696395
-1.5054863746454716
1.493798956936612
-1.4779268523197737
0.4952892611226821
0.4956437397915808
-1.4991945968399425
-0.5027687109436987
-1.4863203094621775
1.4898588719770842
0.5114121970498264
1.499663137134773
-1.5121984878083972
-1.4874795794400255
0.48767587390970185
-1.4992833203410991
1.4921849331941432
1.5167116200187762
-0.5046069923977913
0.49375052158705063
0.5016085472453342
0.5017840129917085
-1.50466621744025
0.50564866155711
1.5012569283729047
1.4847222151854316
-0.4951147696844719
-1.4915205097744542
-0.5093368815173954
-1.4964909096202723
1.4743549634413537
-0.4869746351089902
0.5062549018151963
0.5002574520093593
-1.4893918214476933
1.4831060609575621
-1.487067143818182
0.48919444161432696
0.5009248805278217
-1.4981878543053964
-0.5129695437711157
-1.4941312870932177
1.4899316099375737
0.5084487696882578
1.5034352225321597
-0.5117063182966213
-1.494021847793566
0.4731262143186728
-1.4874743647869144
1.4941015873665047
1.5184078618918868
-0.5037683887937825
0.4848677956060099
-1.504769054190214
0.49368680735809517
-1.4972750464303948
0.4932499606753922
1.5043097177838054
1.4951833596567088
-0.5017705959286802
-1.4931572071151027
1.494956342181458
-1.49764836552591
1.4790925683091505
-0.503221758161697
0.5105508929591991
0.487304813619544
-1.4729967265936181
1.4825118235246735
0.506187520164729
0.4849653478482866
0.4992162505301569
-1.489053474510357
-0.5091380543411527
-1.4947840454969277
1.4913424787741192
0.504543327088618
-1.496013478803667
-0.5058123088343952
-1.4925864785711398
0.4714498380915945
-1.4941447550287845
1.4980384759061227
1.514642126214349
-0.4911754379956156
1.4832995667329907
-1.5018551880382423
0.4904195703533439
-1.5098740680578517
0.5070221257266825
1.500291901715534
1.4990488136995754
-0.5021521210692664
0.5014746087124297
1.496622049255108
-1.4977043086906612
1.4949738997648072
-0.5063223323551285
0.49136632684794523
0.493399732359983
-1.4728309331072007
-0.5111806076965849
0.5100180228821237
0.48778631065369854
0.4966384378938082
-1.479478879865143
-0.5027876804113645
-1.493512010227827
1.4928367485247684
-0.4946042402818578
-1.4984911215802288
-0.5026465406767329
-1.48417494316391
0.4812139703230707
-1.4925922659283133
1.501797891514877
1.503679503348125
-0.48231646724351573
1.4901852871456323
-1.493642346886589
0.49366485077546424
-1.5030686254422179
0.5074067689537666
1.4973383449365585
1.5022326145257239
-0.4993617788005659
0.5000216735231491
1.492510595659798
-1.5033773704177449
1.5027973761269755
-0.4964504811881093
0.4969419793512638
0.4866339376893423
-1.485078952582227
-0.5070867945640323
0.5185009069877979
0.496093283980001
0.4937671014099069
-1.4881233640756204
-0.5058613467777653
-1.4921320913239888
0.4962931981545937
-0.4910853888659325
-1.5061448303335656
-0.500746826367184
-1.4847545771121788
0.49429990721397893
-1.4865739525088977
1.5024197555591987
-1.5035415797630238
-0.4898649163098344
1.496381545862081
-1.4895409579291303
0.495438172273464
-1.496933505491735
0.4918638787398632
1.498628428179455
1.503392535592378
-0.4973726672668385
0.5041824774759386
1.4895653564287497
-1.5009414862000015
1.5010339442591776
-0.490340582435328
0.505147897802414
0.48002523994971763
-1.4931993295258883
-0.5107453357971955
0.5147238876362683
0.49650779188498845
0.498006972597076
-1.4976025156696038
-0.5037829064096796
-1.494907631134073
0.49549009699970914
-0.49058986971595275
-1.5064573781749693
-0.49650448936101227
-1.4961810423040465
0.4903776851607135
-1.4820751924671975
0.49868113626617605
-1.4972684086048829
-0.5059019034329411
1.497612523891053
-1.499174147282276
0.49923968394305984
-1.4942041786863596
0.4844063854539556
-0.4968321763483062
1.4998854697747839
-0.5004629744117073
0.512209157423519
1.4841005433013705
-1.4896417331514324
1.4881633207929013
-0.4929773287316637
-0.49486777381794134
0.48233549802057696
-1.486286946344342
-0.5157800595127072
0.5071160263188379
0.49603905077549526
0.49703481464850513
-1.4942565303880184
-0.49863772876781626
-1.4985269286517189
0.49448584753882446
-0.4985768288787853
-1.4984692182109354
-0.4896905366462582
-1.5009023398562087
0.4812284175011306
-0.4866260967204254
0.49468195587319425
-1.4875038887918717
-0.5054709995546477
1.4972028145066254
-1.5110225760605438
0.5012301306503658
-1.4924995762812723
-0.5089002350619983
-0.4960967109716102
1.4975053275570702
-0.5034625136069414
0.515404121442361
1.4909503023478248
-1.4811442731259294
1.4840166572511073
-0.5001989366927964
-0.5034792550741554
0.49041112992489794
-1.4733289578155737
-0.5190921687483512
0.5069725699477345
0.4989104706708658
0.49679839183161284
-1.4827410921175432
-0.4979723644078261
-1.4980864306200685
0.49325332022815
-0.4987836815936328
-1.49160367716307
-0.49330302143562316
-1.4921161754357959
0.4799408120901247
-0.49420873676053717
0.49648201985116425
-1.4898803743931608
-0.4934789851070872
1.4993907387548475
-1.505462552172295
0.5012855870652431
-1.4953696700131922
-0.49752299950607987
-0.5015428291579592
1.5028890241696375
-0.5052748695078285
0.5084382688737127
1.495828158901214
-1.482743698992476
0.4918331573597925
-0.5024947433085328
-0.5094878043527898
0.49902363460275956
-1.4752801717205224
-0.5085430458952802
0.511865326193221
0.5012811336436411
-0.5033666198784323
-1.4790264323272964
-0.5006027398162873
-1.5077509395096518
0.4922286519334078
-0.49424838380704966
-1.4967494291935906
-0.5000436811952885
-0.481675246336547
0.488420831524281
-0.4976227753940092
0.5164280598487858
-1.5009916826357321
-0.4950984269885189
1.4997530212531638
-1.4976630636207837
-1.4991155240261553
-1.4990635150354628
-0.4917224594084951
-0.5221687478794322
1.5037193254115437
-0.48911526421141927
0.49876826601596447
1.4975871778477283
1.5063288270044675
0.5003649527073283
-0.4965683557517772
-0.5025768851387825
0.5024821427675705
-1.5069709232942465
-0.5000708594954942
0.5155515431832325
0.49970657923272177
-0.5032408842052494
-1.4891288318353992
-0.4975681657063866
-1.4999383316085169
0.4997477192720382
-0.487632359694824
-1.5048379368624554
-1.5011370838579339
-0.48417183701644345
0.4973223079465187
-0.4974661405640057
0.5156434363983922
-1.4993222704170792
-0.49473764015453836
1.4991135005006846
0.5019702591596958
-1.5000312041396517
-1.5015588539231228
-0.4890483270489527
-0.5086926106082139
1.5002674439806543
-0.4867530853591999
0.5030372705627475
-0.5063830883429937
1.5016242240141136
0.4959634637600641
-0.486361428803227
-0.5054551300821258
0.50872795446474
-1.5070905837764077
-0.49970648193442013
-0.4881819207430885
0.4954470144061518
-0.5028608743329127
-1.5030129768671434
-0.49170452091384836
-1.4899100425375285
0.4947909730228073
-0.49046553590294456
-1.5057472372048943
-1.4942340520818527
-0.4971419414280418
0.4914186205960936
-0.5010165245830998
0.500397394860321
-1.486915369682454
-0.49813957605302295
0.5012216064175455
0.4934424895776135
-1.503374076449292
-1.490031241077308
-0.5060559826032263
-0.5025267918629304
1.4934824876916386
-0.49522828675724684
-1.487851681545611
-0.5103319741728112
1.5125308493254692
0.47267444690637
-0.49100338171049157
-0.5019529712733409
0.4940250813913328
-1.4954639754922494
1.497600671978621
-0.49443677077703274
0.49716526820662643
-0.5074347800572103
-1.4889355520618703
-0.5081024667634816
-1.4919983222297828
0.49086207279847965
0.5008995230511647
-1.498158084422344
-1.491345491174378
-0.499293643969107
0.4849495058857136
-0.5062961479446584
0.5038138726149878
-1.4835863681727812
-1.5026278287638912
0.5023319586530169
0.49086404058617367
-1.5047106078215613
-1.4796798380193543
-0.5047875605728744
-0.5108331915677788
1.4921479906429063
0.5005703643563929
-1.4867319565979986
-0.5089880074534231
1.5222850953333642
0.4721354779657846
-0.4967973726574704
-0.49535330489971474
0.493251520478175
-1.49261482685313
1.4951617848440433
-0.49417784896176253
0.5002783081187178
-0.5051442665745449
-1.4739965965528508
-0.5133559670625216
-1.4990353553200022
0.49194303870131884
0.498165168995091
-1.492594081527594
-1.4951822865021345
-0.4910746796926551
0.4918560645585453
-0.5036535486492518
0.5156128574409408
-1.4936504914308524
-1.5017246754811475
0.5018538195464328
0.4968544143361537
-1.5079154151472918
-1.4825660101340592
-0.4919777740662083
-0.5152919345813957
1.4967662440541707
0.5059459303201711
-1.4957813848701351
-0.5064869308782937
1.5198067465722715
0.4871372059156792
-0.49810098730914243
-0.49462085392446176
0.5046118236295123
-1.5019904240429662
1.4970667595614218
-0.4911224857073139
0.5027128504574107
-0.510759568217798
-1.4749803531584091
-0.5091766929471296
-1.4972447029912916
0.4966208012048007
0.5066464428062248
-1.5045030646262891
-1.5009322758489914
-0.482939388717457
0.502865155401105
-0.5036212178594939
1.5208129250941953
-1.503230086491799
-1.4949737064770885
0.4908181973099134
0.5072159175154035
-1.5187837663380908
-1.492885004666353
-0.48022935423025565
0.4886417742272289
1.501385857569477
0.5133380276837317
-1.4988167983253042
-0.5047913125801285
1.4999121632641552
0.49947551222334746
-0.49513762281084567
-0.499100243064607
0.5122432289621605
-1.5127025719107585
1.4987258557139704
-0.48535943196417497
0.5053631553365391
-0.5159919586935193
-1.4910189899231983
-1.5017216108751297
-1.489268552869386
0.501512491759237
0.4962848546145218
-1.508509021837185
-1.5051034990954615
-0.48133161457982604
0.5027073021846996
1.4940041461639813
1.5122006678080764
-1.4946952619451719
-1.5106695660676477
0.5004631118190158
0.48659165717033026
-1.5100589798512687
-1.4976664186357616
1.5138663680168274
0.4962473633843045
1.5035799055891679
0.4973802556000896
-1.496139638814879
-0.5226717870535823
1.502790670850014
0.4913376002715663
1.5072704027193875
-0.5025794365817416
0.5095534378133596
-1.5131469058483216
1.504620717420255
-0.501491584955764
0.4970302100214138
-0.5115410690922305
0.5002870153149711
-1.5003495558589905
-1.4875100102335015
0.498159966959314
0.49715193651186707
-1.5092204348035758
-1.4949309999934248
-0.49136010854771534
-0.508640551187296
1.4919088065914308
1.501850208752268
-1.488652687140751
-1.504256102511437
0.5052268032915955
0.47897985122984527
-1.503706449319392
-1.4881236479318267
1.4983794475423189
0.4985834684871407
1.489586940964722
0.5006747332174225
-1.4966878715805276
-0.5118350879366258
1.5146208537301806
1.475673586595862
1.5059751329991298
-0.4963671961334697
0.4885452141527274
-1.4976319583636484
1.5005542706051194
-0.4981443952092006
0.49456688983509894
1.4959767874108982
0.5109515759251488
-1.5049281229645188
-1.5018756228906833
0.4997112170702251
0.49035758179270966
-1.4996042243979855
-1.480158722669741
0.4993115122615249
-0.5145513969638705
1.4948787106058143
1.5020305016026532
-1.4769095763166364
-1.5109756339440843
0.5074370054918426
0.4859350364891881
-0.5035193197785873
-1.4772818880811747
1.4902610745430578
0.504445627215258
1.4907555374535097
0.4995686043274355
-1.4822381261792348
-0.5072857615577043
-1.4771037113210879
1.4737458953259308
1.5016105122699392
-0.48956915607989643
0.491001017402719
-1.4890690678798242
1.5030373568060549
-0.49862968505048083
0.5056719784765819
1.4955199430887725
0.5280321852974625
-1.520268536028558
-1.4960431066878699
0.5033652893392929
0.5001562412614187
-1.504640053284668
-0.47851045914589585
0.5042173524355873
-0.5096519588018348
1.502623600816641
1.5104339980257662
-1.4886559453064332
-1.5048772726544546
0.5070819476336638
-0.5029651415879537
-0.5109704739484577
-1.481917748968345
1.5004562585647674
0.5064129584941378
1.5040392584133222
0.49343500821749536
-1.4780559278311765
-1.5148237380702314
-1.483124374395737
1.490692720011342
1.496099715732754
-0.4905781097057353
0.4962073650313943
-1.495281682036424
1.5024623716575758
1.5006748466705209
0.5149319987681195
1.4926405529626625
0.5099772382175086
-1.507928290874128
-1.5024043246082577
0.5098270108763489
0.49565098576480787
0.4858228707058864
-0.49141477471736694
0.5121971610330097
-0.4917468128563854
1.496316265114199
1.4979134572434787
-1.4938743801157577
-1.5113090408803072
-1.4941363160848649
-0.5035979362415762
-0.509205662454715
-1.5003213776113655
1.5135479546089534
0.5127745049951358
1.4944863564003648
0.49070012609485825
1.5119724155250784
-1.5232781748381456
-1.496751018096676
1.5027525900149923
1.491736933433594
-0.5014321688977036
0.4992185903168539
-1.5041016086617203
0.4937616856740248
1.4995408775283063
0.5089451701879566
1.4907174854664986
0.5045154818297976
-1.4933818071774618
-1.5183062046979696
0.5100542048110417
-0.5165200360258368
0.4858222933820296
-0.5006940819252742
0.515965522021621
-0.4981883012103289
1.4971030706070987
1.5017843369866704
-1.4938358405965166
-1.5192721528250845
-1.4950369291130914
-0.5129859033851698
-0.5101786212792055
-1.5002738758052068
1.5171617761332739
0.5024837188861968
1.489535358489833
1.491926723324859
1.501283619867249
-1.5166673975842382
-1.5028597023470907
1.5040211068274685
1.4862864952800678
-0.49573842087768244
0.49994061762010256
1.4959801951113565
0.49018266230252877
1.5007639931186594
0.4995204568569438
1.503539096953392
0.4959182675784281
-1.484517307374454
-1.5224274680440524
0.5057198316885673
-0.5199479231661136
0.49605591266069143
-0.4964045044179203
0.5176106227018598
-0.5020662321154462
1.5087041796986234
1.4991527927349209
-0.4847968787514717
-1.5179013126152574
-1.4975197110758784
-0.5047171249344057
-0.5012179551569373
-1.5021061274289564
1.5192368917962464
0.5032323614872813
-0.5066584677351144
1.4959682139041826
1.502708774559071
-1.5099852522660426
-1.4989296524951568
1.5059875195804144
1.4943816686572118
-0.5017849733632497
-0.49896292500853195
1.5040484128183662
0.497375352288362
1.501117701192975
0.49766372182510865
1.5072320513064525
0.49174039525708607
-1.493001800810478
-0.5090281667321006
0.5040394273422737
-0.5138304044807668
0.5029511126758561
-0.49099284177119346
0.505773549395205
-0.4983282579548953
1.5148410372642174
-1.5082836668391717
-0.47978294170862357
-1.5076703290654756
-1.5079039816299868
-0.5018641897098505
-0.5013357675946585
-1.5109506308897154
1.5057750642837346
1.514909316387131
-0.49906061827704046
1.500215765913938
1.499999440693702
-1.501924339561444
-1.516205110700203
1.501019877171486
1.4980538477550367
1.4908799906875876
-0.4980235489941843
1.5134087102497988
0.4821378069263114
1.502914741808162
0.48315104790336133
1.5072814668010963
0.48311335171870323
0.4972612786597881
-0.4976715382336458
0.5030218454412156
-0.5010758010249274
0.5062095700037711
-0.5101691400013979
0.49663530225383223
-0.49719896209802933
-0.4922555796258052
-1.509848879084777
-0.4893942754472492
-1.4985609785067135
-1.508692928483932
-0.4944394005669418
-0.5067661821249285
-1.512645384644606
-1.502771654030875
1.5201243909823041
-0.4987742208468707
1.4960158317581833
1.4997888604421823
-1.493289065428246
-1.5276750451464611
1.503076521455022
1.4888512743293518
1.4916807164893238
-0.4963913596058514
1.5007728891221765
0.49394804521583907
1.4943943268639128
0.48557904771663263
1.5072076968166357
1.4811718905042977
0.499694047082274
-0.5012933984597664
0.49420973486644376
-0.5024298619620484
0.501369126083149
-0.5053281104204856
0.4997278064167625
0.5008776567504029
-0.5040908460615678
-1.5010141512618944
-0.5061894887825101
-1.4925723805548237
-1.512977459078417
-0.49599075445181723
-0.499674697264206
-0.5076472817869402
-1.494767671743929
1.509378395525806
-0.5044594588591936
1.4959555226213723
1.4916363907392163
-1.4838931039997787
-1.5221034274790761
-0.48739568055432153
1.4785529683329652
1.4952193832862417
-0.4861774284941597
1.4908813010346034
0.5014631252034164
1.4947286766977952
0.4948603704522574
-1.4879595494860616
1.488169063072808
0.513007322893227
-0.5210768528016069
0.4980301426255603
-0.4997122108841886
0.5004542021277587
-0.4982449802119276
1.5149326251989501
0.49758252384285545
-0.4996144002726349
-1.5049674455026227
-0.49122511602969826
-1.5001404032020573
-1.5044959528930906
-0.4929397240412295
1.5058111629138293
-0.5034380561792762
-1.4758909260923332
1.496650531013029
-0.4967595290217094
1.490491096744412
1.5021894161798115
-1.4791358171098754
1.4884489351381824
-0.4841930799924077
1.4839329949687035
1.4913804449144061
-0.46799563808779565
1.4903160671289708
0.5058608679347084
1.502509798859464
1.4976969925920476
-1.4856015446681425
1.4981621282830608
0.4950850483097321
-0.5087819145125164
0.49402902270920934
-0.4828452546934
0.49944354021697085
1.50297716196166
1.5210685114468185
0.5011548537483104
-0.5061223532613429
-1.497096251017984
-0.505895102870044
-1.4858108277019564
-1.5046192365123097
1.512480189042163
1.50298209286034
-0.4996559395903372
-1.4977176940163224
1.4958562564133915
-0.5041389942186633
1.5021824320989376
1.5019566803859128
1.5159857316603491
1.4899384203295496
-0.49214858071480233
1.497155635594609
1.480232751964702
-0.48725326525135265
1.4906198929362062
0.5059161482288366
0.5035894903240179
1.4911026725157457
-1.4895929253735838
1.4998301721630773
0.48781122783677067
-0.49557441767470173
0.48214489356505413
-0.47696658484449617
-0.5047778509701215
1.49716035730776
1.5098495640393443
0.5090400171180562
-0.4983759336326267
-1.5043417797392473
-0.5100327658315716
-1.4903329029487724
-1.510793054822463
1.5125641073506846
1.4933390657391465
-0.4972858360821637
-1.498888838360823
1.496449664550299
-0.49682572850637324
1.4933028409627818
0.49481062386045127
1.5084096889713698
1.477168537345337
-0.49227617383270517
1.4999345736418004
1.485063353491243
-0.49001809530876744
1.4779039735710682
-0.49396541739027194
0.4960264297701315
1.4828727687618948
-1.4952271319531423
1.4944601915229667
0.49829126378156574
-0.4981600750669552
0.4808036973463485
-0.48783553437302646
-0.5060557065996115
1.4917982513649921
1.5010293321808041
0.5078113217400868
-0.4981967982131139
-1.5097463044953747
-0.5069932658092784
-1.5025788918449077
-1.5143119227293729
1.50490212701114
1.5038296721691238
-0.5031702310669364
-1.4971026903122664
1.4973825788570643
-0.4950793961627937
0.48077104835993667
0.491104675035396
1.5049998513642817
1.4867218453556683
-0.497703653895108
1.5061731934051135
1.4914054862408037
-0.4939894587062688
-0.524468326407849
-0.49472176395395784
0.4863070181951453
1.4940473162032817
-1.496551601693013
1.5080270960240032
0.4987747404483659
-0.5064257621633265
-1.510142520837202
-0.5010302155709918
-0.5016743518950905
1.4959785841425222
1.5057874925960006
0.5095862902754993
-0.5039686559896546
-1.5058431382796804
0.4984381155459692
-1.505895357828529
-1.511530489905791
1.4981966853062672
1.506640086979796
-0.5002087711532434
-1.4949852314285565
1.5009852013863245
-1.5023225546462744
0.4814015853294602
0.4990704645657338
1.4942347094314232
1.4923023457954743
-0.49342333415136214
1.492028163333218
1.499400075572943
1.5043621970771721
-0.512949537435613
-0.49198995131805634
0.4732103016375366
1.5013214707081934
-1.5099180238541614
1.512023489859738
0.49990123118944363
1.4890723808708681
-1.502302081114731
-0.4936434678352206
-0.51484400055909
1.499665732504372
1.4968683344399032
0.5049743858584093
-0.5101576329647096
0.5028448924507082
0.49849669620184095
-1.4999164044438467
-1.502078429769505
1.5017095767230089
1.4904922947436205
-0.5007616423034442
-1.4999645166059272
-1.4984464798952268
-1.5081756312867474
0.49334174276741016
0.5094831765070826
1.4963146325516625
1.4984065637182158
-0.4904989252509284
1.483009811756809
0.4965491504976814
1.5069249050740352
-0.5047737290997908
-0.48725858568086156
0.4750321884555713
1.510839616702872
-1.5113139949305927
1.5069001312007126
-0.5042421141445733
1.4937509315487454
-1.507342053380847
-0.4782116172899976
-0.5076585658974513
1.5000075636140842
1.489692460463063
0.5115990147293699
-0.5110917103948379
0.5038537797263439
0.49524488990851745
-1.5044680734489377
-1.4969645722791782
1.5154022777107878
1.494936950744288
-0.5042667355873579
-0.5034510835130879
-1.501877168206479
-1.5090530904628783
0.5054619879200534
0.511969130049137
1.490563805406835
1.5010812462588856
-0.48675980145392067
-0.5079452020586015
0.485574740332626
1.5051126360101026
-0.506010421368761
-0.48694947800198857
0.4941665813284615
1.5141767119008658
-1.5060960790710418
-1.4955191993678913
-0.5078169224712743
1.501584219500769
-1.5180125055404718
-0.4812809990064254
-0.5029867882466893
1.4996293283049322
1.4922298573374808
1.5256034043610907
-0.5058281238896823
0.49836383515859034
0.4845527434498241
-1.4999333102564099
-1.4959649300669713
1.5158903653962077
1.4997732096097447
0.49748920591817936
-0.5007622952095612
-1.506347547553017
-1.502191975782876
0.4934696366743945
0.4995978698540803
1.4960192295871202
1.508637354683751
-1.4915993449347793
-0.49473492173792655
0.48733124556806223
1.4949246625758739
-0.5083959337006856
-0.4899573365605135
0.4931917943377856
1.5102286152094495
0.49823915790533146
-1.491685023734388
-0.5082048075263511
1.5044483136695388
-1.5236257053233806
-0.49946670595798237
-0.4992266108302264
1.5011646448034985
-0.5004848616925811
1.5260984974614815
-0.5058458932254535
0.5097701851749563
0.48923407771233773
-1.496173990382936
-1.505616072717145
1.5067939424766952
-1.5010202544681353
0.5020864138883991
-0.49615761856131296
-1.5010936129587968
-1.5044527329917738
0.5032654708552015
0.4948043396503509
1.498344433028741
1.5134177574734295
-1.4994932815171227
-0.4947413052357481
0.49236123517840036
1.502543793519675
-0.5002881729473934
-0.4967634301780005
0.4894160162808413
1.5012979302532707
0.4946584196684721
-1.4860919649182194
-0.5098478766153566
1.505343573098921
-1.5196933744609544
-0.492513870826572
-0.4952199040291385
1.4993448970770697
-0.49886696235159295
1.5122110644093538
-0.507642064100151
0.5195565695646889
0.4891781154300318
-1.4915286611419492
-1.5118840562408495
0.5032037605503007
-1.5068543533839467
0.49847733981213616
-0.47515418257237363
-1.5021899409762003
-1.5002834192465908
0.515724677760906
0.4975219639745911
-1.5031972186947262
1.508145445083449
-1.4990210342461556
-0.5050686874739176
0.4969083271473334
1.5168092646956228
-0.4977550960368743
-0.4923391778066141
0.48769209725932766
1.4990856225532143
0.4868437649356056
-1.4876081576185678
-0.4989407412535302
1.5054857722034374
-1.507643248785457
-0.4901088357141644
-1.4942484155295395
1.495802639781757
-0.5012940359805298
1.501919641103315
-0.5087453084191704
0.519552274195065
0.4926449316564245
-1.4874410667113314
0.49214027180782804
0.5088845460922489
-1.511659841168899
0.4959349030662943
-0.47585194786827406
-1.5043598975908083
-1.4940758049853147
0.5203039335720853
-1.5019040776557657
-1.5074487228977935
1.5024231707872748
-1.4994872179909373
-0.5086188145820723
0.4997642623538536
1.5070177943735303
-0.49946206473604643
0.5177742882309545
0.4904262677617179
1.5069880037241206
0.4865030167088779
-1.4937169621881545
-0.5083524065998151
1.512163653849302
-1.5039894918329137
-0.4952844645786202
-1.4973289557150864
1.497600106731541
-0.5157581274496466
1.5064614304614992
-0.5079646393427367
0.5087868534212441
0.4857579059573777
-0.4893930535734391
0.49958445813279106
0.5146768784916688
-1.5004145526921568
0.49884133529856556
-0.4969249589286046
-1.5110498628620748
-1.4926220017475154
-0.49078530171990575
-1.5037319520249355
-1.5094266803444614
1.5055027345405807
-1.496725397156873
-0.4963071613824514
0.4978708449352224
1.4954004582331424
-1.508983232478216
0.5188544342403749
0.49842057489187735
1.4981035496310764
0.49221044309406337
-1.4888808616097333
-0.5216266373870571
1.5095927895795567
1.4862315423106058
-0.5008862851376644
-1.5002195530617124
1.4985172792165506
-0.5045921022592096
1.4947661418523772
-0.5017995185216089
0.5080028500552951
0.4768546489872072
-0.4937869969359197
0.5007564152628039
0.5085092632347009
-1.5073372981207773
0.5056951652251966
-0.5002844007566001
-1.5211980318928837
-1.4949166316318658
-0.503067771016522
-1.5074608624697248
-1.5081159175008323
1.5145543697347543
-1.5022725643149375
-0.5026271870718826
0.4974589596154546
0.4960517683586675
-1.5123361443062664
0.5065269097957813
0.4974367457813469
1.484577643793634
0.4952884443780263
-1.478097908847488
-0.5237847659103666
-0.4959723506356102
1.4761480001291747
-0.5025184924349166
-1.4903253433155375
1.4920807819906512
-0.4942907885508241
1.484423825954411
-0.5007241713225805
-1.4809681667799666
0.478129543109332
-0.4893335481246713
0.4727937276249994
0.5046955919182228
-1.5038055631436988
0.5003131781265537
-0.4876929872059304
1.481003455917862
-1.4980780579792237
-0.4967245148717776
-1.5086877909209235
-1.492356737096941
1.4969582528322103
-1.4994728798246748
-0.504095317485976
1.4962496157677576
0.5080296560786057
-1.5027260261306181
0.5011489516419271
0.5022713662011363
1.4819423332042552
0.5035053189125047
-1.4744496304470265
1.486454398579593
-0.49735821549216624
1.4829150617848905
-0.5046574416796967
-1.4725580609331854
1.4915936997641095
-0.4867204876823317
1.4852193615022078
1.4982149667942692
-1.474017867433033
0.4908005069363252
-0.5044436390317564
0.48583002307109374
0.4983601300684974
-1.4849631231977276
0.4961717492120307
1.5224255511274514
1.4925752526937317
-1.494799271347386
-0.5006753035054551
-1.499196716488775
-1.5065668591453234
1.5086970971302511
-1.4951883824376597
1.5013021811862033
1.4963445345571884
0.5189208424169545
-1.5061018337762582
0.5020622768462407
0.4962737138329596
1.4959157590759307
0.5065837059521817
0.5161089381006511
1.495924590244652
-0.4972056859853581
1.504696183689883
-0.5141933903380795
-1.4781053937636783
1.4864515448183881
-0.4835819887149528
-1.5075826368557181
1.4971876515487539
-1.479544158642732
0.4968240243881169
-0.5035701802416499
0.505708760264126
0.49155761824392635
-1.4799147778143682
1.4964630205759488
1.5175605060630957
1.5005222261429092
-1.4981133865344096
-0.496126218696668
-1.5067471547926534
-1.5123317828654737
1.5059030644395044
0.510379276624345
1.5063626953026588
1.4958539811609943
0.5171156745382306
-1.499867106008495
0.49255908477336263
0.501686657572247
1.4938333358822138
-0.4983332236871257
0.5069589970465457
1.4882641086386026
-0.4902658788254233
1.499254387502271
-0.5096762146368182
-1.4880014133110324
1.4774268366945231
-1.4864809393553335
-1.5033895324957645
1.5007972748661234
-1.5003006052934245
0.48845500413703263
-0.4968241272512758
0.4957921663869076
0.49472384682241144
0.508724669564246
1.501381618984221
1.5005059140839134
1.4981874511881295
-1.5038176804722965
-0.5040467942382458
-1.5168615061755633
-1.510507483491988
-0.503559969747361
0.5097501838082007
1.4987634394410343
1.5198962891642527
0.5027141440685702
-1.5021236663124713
0.48378945867418804
0.5046134548832732
-1.5163084098484954
-0.5042733713942877
0.5091246257087921
1.48732720647656
-0.4984350863439617
1.520098885936056
-0.5062377750367023
-1.4995055811668598
0.48024821099977505
-1.4924323119924479
-1.512171066070528
1.5126333993237744
-1.4915398494221135
0.4847306886472372
-0.4976282419715579
0.49172359445769603
-1.5018650971704306
0.49583591500561514
1.5088138599117502
1.491343487582106
1.498816275276239
-1.496887106141739
-0.4942741352029467
-1.5204721003116484
1.498730263105451
-0.5064046790231325
0.5044578084934707
1.489920411740026
1.5243155625389964
0.4925022972071316
-1.499947018408854
0.4886621932552578
0.5034855818272984
-1.5216614010721101
-0.5031745119168701
0.5161466889567667
1.4918482399385082
-0.4992968646528812
1.5232852801991488
-0.503188768541805
-1.49879722761439
0.4912276533789367
-1.4932655625124085
-1.519357471374399
1.5050929766967422
-1.4863343886297233
0.49257262687543535
-0.4966456616291924
0.4982168525674365
-1.5025419066309185
0.5020418278197287
1.5018142319605137
1.5033435388155145
1.5004723034827074
-1.498765653885635
-0.4985948798510909
-0.5092512746016471
1.5020412622077788
-0.5015350419354763
0.5048736490115815
1.4869077282869319
1.5092918330906095
0.4987088518249453
-1.4952313815555707
-1.5036879196905455
0.49997195291405966
-1.5124320831759372
-0.4983202475772098
0.5208862137222315
1.4971990290793578
-0.4988544654150057
1.5136975917849917
0.4901080004578736
-1.4867378182857394
0.4960752080046548
-1.4908329766496289
-1.5233529109511286
1.502414459269487
-1.4894938609217332
0.49862028895927296
-0.49802979430976935
0.5058341539661122
-1.507215591143774
0.5165874070028552
1.4998262995508882
1.501768502366641
1.496503919547389
-1.4942843973294202
-0.5142192192153963
-0.4984025690191502
1.4969199012561138
-0.49875055229770887
0.5096763322115174
1.491901093389023
1.5034177320708009
0.4957156752773255
-0.48933122212133456
-1.5033076603724027
0.4928996535248515
-1.4949623489317
-0.5013805643970806
0.5120732135012851
1.4947572608602469
-0.49710195694410053
-1.4957875837100525
0.4819186458943604
-1.4802987233499072
0.4929916487099925
-1.4877050292883756
-1.5058269092679322
1.5019669168669971
-1.4989432967293073
0.4957291355219595
-0.49906833033851106
0.5056713338625454
-1.5161721627121278
0.5137514969321771
1.5009927061498956
1.4932629247191243
1.4974354777804189
-0.4895035985621258
-0.519695312767695
-0.5058956528281073
1.5039331911574034
-0.4998562721476042
0.5150372525621713
1.4899668349086472
1.5074316622551336
-1.511103162388162
-0.49083205622512516
-1.5095270045753584
0.4863343236959668
-1.5011956439058833
-0.4932253639884064
0.5019810002098146
1.4981715796093882
0.5012338138419813
-1.492019324192794
0.4870608567422842
-1.4978083718510549
0.4882539854201375
-1.5009338553628504
-1.4958626233027883
1.5040047508102306
-0.499684018869539
0.48749576390870875
-0.5014000615382127
0.5029325138403095
-1.513005370937171
0.49850310856876395
1.5044957433866406
1.4888881381267776
-0.49774078502176183
-0.49112062716242816
-0.5124680939887014
-0.49274584990118053
1.498669497983779
-0.501527710429038
0.5160454955002182
1.4903902135530702
-1.483337445529566
-1.5130606624187524
-0.49998973087596615
-1.503332257614468
0.49050634632044354
-1.4758288715163157
-0.5039119506279023
0.5022114042116865
0.5045351460240686
0.49747225197811923
-1.4859637784864899
0.5067595894661512
-1.5019048911759152
0.4950402285413357
-1.5027886277399487
-1.4901423264369105
-1.4981024531560474
-0.49175715624581523
0.48359083651593876
-0.4998335486560471
0.5034081468814113
-1.494667423578448
0.5060454115899552
1.5007546479084588
0.4962624679148071
-0.4963597156317467
-0.49929258003708116
-0.49664051994777086
-0.5023767200699069
1.500278894524353
-0.5005017987588994
0.5105099388199005
-0.5048863385541493
-1.4825627031927258
-1.5094318828864741
-0.4929281553768282
-1.509239146489363
0.5006569413739934
-1.4782876888120944
-0.5060670201793777
-0.49063339537950607
0.5052770377259201
0.49670689954185876
-1.480090736734602
0.49877146596759897
-1.4912165299181028
0.4916390134966402
-1.4985313243460678
-1.493794088247975
-1.5017469384011963
-0.4872958730547151
0.49938894151711033
-0.49765294536999793
0.511227864155349
-1.5024367353537311
0.5132005621149623
0.49712207347618537
0.503590030526227
-0.5031983728298688
-0.49455404756572924
-0.4962959321980199
-0.4970387860322364
1.5022551339125956
-0.4948627266097083
-1.4974308959133744
-0.5034702285784894
-1.4891781434014193
-1.504228863471008
-0.48907455879375383
-1.5002302605672253
0.5003455324716476
-1.490932289024242
0.4975262135787025
-0.4870645978589317
0.5014639628859076
0.49811362495370165
-1.4933269333570622
0.4991125099465956
-1.4909285943007107
0.49625533308304826
-0.49647804955337727
-1.5017988951084267
-1.502235729201433
-0.4845641366033706
0.5000433025272828
-0.49431685665540936
0.5052131386245317
-1.501914193960239
-0.49474607947290317
0.49845887340978307
0.4996522368307183
-0.49573702253073576
-0.4977930277638066
-0.4968965904444712
-0.5022939699012674
1.5068698846335644
-1.494899134217044
-1.4969070196097614
-0.5021371963642068
-1.4963773407236491
-1.5066343254968315
-0.48049485165790384
-1.500860668717237
0.49553078335124284
1.500547125459193
0.5020917675082199
-0.48938325497694546
0.5005919813425747
0.4997416493723157
-1.503964828420178
0.5080321081345176
-1.497209429577127
1.4989120614349376
-0.4996046690773542
-1.4998394639726875
-1.510505457441919
-0.4825591040057299
0.49609103209271244
-0.4978189853139639
0.49976190201365606
0.5057814396786042
-0.5062046697641017
0.49825493937640425
0.5128559319417975
-0.5009365251991306
-0.49671080231606024
-0.49630290223615614
-0.49912038583014595
-1.494598011982416
-1.500393848248877
-1.4890920787367259
-0.5070180353251752
-1.5038165893731703
-1.4936168623662678
-0.4956208034436992
-1.4954374053678106
0.48968484411843266
1.507954563095133
0.503086910046062
-0.5009768600188582
0.5036983112060236
0.49225257893085606
-1.5004164281692847
0.5074541039147895
-0.499780255985896
1.4975740278300438
-0.5051643778263842
-1.4960227162354787
-1.5140688889177665
-0.49435756204488024
0.49148422551737714
-0.5032906658395464
-0.49645623570909253
0.5100311897250589
-0.5072183603832471
0.5008618076291075
0.5036004579701543
-0.5058645267631664
-0.49499806149225817
-0.5010569539202495
-1.493533773696393
-1.5003275918456642
-1.498335434372124
-1.5072970603588618
-0.5024504660389136
-1.5088846112036265
-1.5006716842040428
-0.5028879845898957
1.5067393927327697
0.4917686043711171
1.5238201961903852
0.4897411260803643
-0.4910031219869587
0.4726765336771649
0.5001919692700864
-1.4998268885961445
1.5017122298162031
-0.4947548166124282
1.4947201519923834
-0.5073665319104281
-1.4873253886988997
-1.518892525776356
-0.4927860058883716
0.4837824107967877
0.49784256219560336
-0.4887562584774049
0.5052793335633745
-0.501647159874796
0.50515293719544
0.4951726722078466
-0.5011801621841022
-0.49802060180981433
-0.5017072049704385
-1.4940166182176036
-1.5041365063884904
-1.4900226637550413
-1.5039120799314634
-0.49948487185141355
-1.5013573232646895
-1.5034905963264897
-1.498395567168461
1.5023348181604292
0.5039339241458821
1.5014883886190435
0.4947233443654445
-0.4819642028869055
0.47553458536254795
0.5078520000585495
1.4971982141607028
1.49889875386045
-0.48889783838044526
1.499324163130624
-0.49529017980974516
-1.503457461911287
-1.5044843790971232
-0.48852402373494286
0.4851553808509852
0.5043398311416625
-0.4895797401363869
0.5039633511815345
-0.499832867034805
0.5145367482867931
0.5014137036593547
-0.4857735694420977
-1.5037835462072189
-0.497523889382452
-1.496368500950754
-1.507672403004898
-1.4805376289263434
-1.4992999956210558
-0.5003326301879766
-1.4945279987886164
1.5009877586075506
-1.487628146425216
1.4995245508941974
0.5001741193969128
1.4965763762897863
0.490568088736059
-0.47579630632399533
0.48896763301046625
1.509768277667019
1.4953406690428424
1.5044908644465442
-0.4998804506407311
1.5026336500306399
-0.5036322635464187
-1.499239907118053
-1.504095648131057
0.5144643830791147
0.493693041208574
0.5067263816931434
-0.4996889779169339
0.5009306957435448
-0.5067712767680627
0.5085272763214322
0.5072686421135242
-0.4798667262517968
-1.5028928930265228
-0.4922244445031102
-1.501480072273219
-1.5142022996034643
-1.4861898042475343
-1.5074607307836694
-0.49733904569975246
-0.49718752442187286
1.5066734529150323
-1.4878383951152243
1.50290377733193
0.4910342683710908
1.4983159040823395
0.47936970725701344
-0.48372281019651353
-0.5076516654639569
1.5042348726986279
1.4971471642056398
1.5132694682047325
-0.5016039527200427
1.4983939308613148
-0.5171376718998603
-1.496112876625271
-1.5120168276642756
0.5121958909833623
0.49772156697233577
0.5023105884418956
-0.5031791145410577
0.5114973077456323
-0.5036345597985499
0.4952633311635496
0.5035716225823066
-0.4914798900172613
-1.499589406173187
-0.48242412875931656
-1.4970459561531395
-1.5170207351421812
-1.4939205920897525
-1.5102400773359421
-1.4962635209190926
-0.5057855837360166
1.5092367527740431
-1.5022520525327467
1.513204184086617
0.4967136411007989
1.5089486412580508
0.4725220752230559
1.5091926306453884
-0.5181310733710317
1.50073950586726
1.4940321228731919
1.5149310354236396
-0.5065114792633072
1.500131172389848
-0.5187202499792175
0.5029249277660679
-1.5175034707231982
0.5060123516922755
0.5014468347209472
0.50397749398394
-0.5007572430309841
0.5217621818959984
-0.5030194255813932
-0.5053282622224494
0.49584193266126114
-0.5029230787422049
-1.5042870372059152
-0.49320711920066085
-1.48334011749222
-1.507503314844555
-1.4931307327199754
-0.5031147895823913
-1.4986933719396196
-0.5118185262142433
1.5095122535894863
-1.5075674303833204
1.510587714135884
0.49873314217727455
1.5101137196730732
-1.520172949125194
1.513445022339578
-0.5275811628622232
1.5053871130035055
1.4842317167846708
1.5141735587992489
-0.504451526465347
1.5063029121324822
0.49329873251622014
0.4995885477141547
-1.5135978875258207
0.5101669272777265
0.48879068237372647
0.5053162274251155
-0.4997022767761115
0.516915674580227
-1.5073017350047075
-0.49221768990031495
0.4969658180661662
-0.5002766551550029
-1.5012293649555262
-0.49673632138335927
-1.493072698760864
-1.5025227202723048
0.5153578538483653
-0.4952352899750199
-1.5041911571745255
-0.4895341893286641
1.500308730484985
-1.5091907287835156
1.5121910408124297
0.4989873625807422
-0.5018148545779834
-1.508141053118193
1.5162986889345877
-0.49842920272593566
1.4995380272615364
1.4978257510940352
1.5013166822477246
-0.5123590800659107
-1.488497586414913
0.5010380671693193
0.4999901599483593
-1.5072215283224175
0.5174489940865887
0.5047616498581932
0.4926921273717409
-0.5030568021865575
1.5062180457713181
-1.5090084921208258
-0.4812822119033223
0.5021665336125354
-0.4954295061860992
-1.5077469214959371
-0.4847754774639112
-1.5059278939018053
0.4890330904156782
0.5194073044150199
-0.49827459792701817
-1.505443452201212
-0.48369199889954256
1.507643750636801
-1.5166188956818614
1.5071162824278543
-0.5015289478383533
-0.5095700795948657
-1.5093016277739282
1.5258890106641356
-0.5012723643121592
1.496914648771374
1.4987795398289148
1.5128193472268008
-1.5222037524352006
-1.4917221860054342
0.4987580389754418
0.4923566432417073
-1.5030867302578623
0.5237067130528904
0.4982174948537619
0.4881300351438468
1.4936216104364923
1.5054056783142138
-1.501282743335959
-0.4986105260341958
0.5088631250413376
-0.5079497867770307
-1.5038982479860192
-0.47677298773673826
1.4938679758124982
0.47893064523143497
0.5153052451339444
-0.5045964880864386
-1.4906139308635675
-0.5030121867163223
1.5206499534762803
-1.5178971124537206
1.5041392241127356
-0.5020356053441944
-0.5038049859703374
-1.522849076909438
1.5255447595554452
-0.5015032558630174
1.503984317869316
1.4968147407128793
0.5285922425439072
-1.5212399140792239
-1.5010264832971707
0.5025042661818764
0.49839033723166526
-1.5132979127973598
0.5195481372803925
0.5027568839282042
-1.5078372109832596
1.4951381378926085
1.5189027328368454
-1.508583961480057
-0.5066264474157606
0.5116489186019925
-0.5046620743302558
-1.5065388496829257
1.5170931081059873
1.5067677330355298
0.4866525905314009
0.5009332970749864
-0.5004873632383267
-1.4980178243059106
-0.5070933286834253
1.5148216406246267
1.4909696850577976
1.507803027234747
-0.5016033358764452
-0.49506530966079076
-1.5186616594327145
1.5067851087756479
-0.49659089633757963
1.509768973722847
1.492097424353912
0.5266743829548596
-1.5111273347274432
-1.4943270967707127
0.5059324663468981
0.4957533056881936
-1.512744387214148
0.5062778043874118
0.5107550605496449
-1.5010438558089192
1.5013507539954796
1.5180945259845857
-1.5008670573135914
-0.5074934430973717
0.5097593708244631
-0.5049530556524678
-0.5083250774911837
1.5062345596920643
1.5090555041628442
0.5164731768634071
0.4994072460312718
-0.5062285319195258
-1.496404553326157
-0.513054681117224
-1.4976460974940649
1.4973835611702213
1.5117555938244107
-0.4968062749114234
-0.5009852181796295
-1.4870080333578135
1.49336243378857
-0.49829326570758437
1.5060354587288178
1.492021861487537
0.5116428714669222
-1.507916440602414
-1.4970637284412698
0.5078729148875559
0.48377835679775705
-1.5041960358769892
1.5004469006877708
0.5108708209134272
-1.4993470072968986
1.4995418470311608
1.5156529924496414
-1.5063108462009096
-0.5126404242801935
0.5068147452281678
0.48786937951043086
-0.5053909649118298
1.506537869178831
1.500821929152094
0.5105930355117603
0.4930466185029319
-0.5012320378875064
-1.5074510870898905
-0.5085546370169357
-1.499264118240027
1.4903124234401592
1.5177012766283065
-0.5022395655351037
-0.5097080798290897
-1.49371640846818
1.4904615844840916
-1.5012293345311776
1.4980310400922985
1.5010617175780923
0.49848834938151176
-1.5159990002605064
-1.4963052926145415
0.4993272297124431
0.48124280540558306
1.5008795345849213
1.5109494102630587
0.5030416316071558
-1.5066971954734458
1.493456641470478
1.5030354568869206
-1.5146107100695667
-0.5105121284572655
0.50494307733863
0.4835116218837133
-0.5017886515070185
1.5162178517706515
1.4981844056010956
0.49938316350452744
0.48538272012705486
-0.4967570490434792
-1.5144210468877841
-0.49970091958576646
-1.4879461737522464
1.4806283641293907
1.509831087196605
-0.5040768232281438
-0.5043201425203802
-1.5047910638357938
1.4965716542644978
-1.5010330439576185
1.4969122604496639
1.502421732945545
0.510090608991108
-1.5269805801810965
-1.4974896071413715
0.49537820202395366
0.4913346693600014
1.4955492311995449
1.5226494909630812
0.4979568553449767
-1.5111730638582348
1.4887172441668457
1.5036048272074813
-1.5180383879194972
-0.5025033356353833
0.507674115921392
0.48788476544079523
-0.5043990237317779
1.522673134048918
1.495083540847295
0.4995468521124789
0.4862671174795964
-0.49731118406474567
-1.5077354934661302
-0.4987197206252723
-1.485804500218465
1.4800001602591006
1.503900343072689
-0.500609792715542
-0.5008457077101841
-1.5051986209816297
1.5031946786843444
-1.4965855208379248
1.4958914270245387
1.5013359843256135
0.5075541682505976
-1.5231875014929854
-1.4934630797368222
1.5000229853684097
0.5006055272491035
1.491320960451937
1.5075162228183783
0.5066871318131543
-1.517730464656976
1.4980814141772778
1.4999773836843366
0.4924322046603734
-0.4994099043471094
0.5087885368356293
0.49828634689140483
-0.508148694806322
1.5065368004434951
1.498220572844526
0.510771819488115
-0.505968734947664
-0.5023018249706172
-1.4960753660245216
-0.5007833967700172
-1.4868188387874675
1.493096338503805
1.5073948593904956
-0.4971127222808854
-0.5038277323981079
-1.4941911744829877
1.5027699040925961
-1.502343928783609
1.5026515878556885
1.5034470227948322
0.5039052592078249
-1.5105334836392166
-0.48979986649525353
1.506584870265684
0.49173929652198317
1.5137033132419144
1.4989449031953752
0.5085279372210153
-1.510094604500689
1.5063882952120833
-1.503102581221157
0.5022676378187525
-0.504312798818122
0.511859514996686
0.49229282958648973
-0.483841202829014
1.4977454730016062
1.5022643042943649
1.5177284381894942
-0.5023510747193074
-0.50028868284347
-1.5065561801630996
-0.5001358347997065
-1.4934578978606352
1.4977548181223186
1.5183214587775686
1.500624254136844
-0.5088019097849406
-1.4841824903577412
1.4909335082302257
-1.4985006196376476
1.4934606135434796
1.5098282206759457
0.5014533284987026
0.4942747717536129
-0.49115839259952493
1.5017834758985051
0.4974029283356499
1.5196841087945225
1.4924425579177925
0.5131996462441013
-1.504670851269381
-1.495960758479614
-1.5016515023690846
0.4970121225475925
-0.5091832796020872
0.5057797763134081
0.5067395137190029
-0.48400452731257787
1.4986032885678984
1.5050885196065904
1.510234912963611
-0.5095401021963031
-0.48943696957930294
-1.5079688690491773
-0.5039928593806223
-1.4946288258935463
1.4951995096826605
0.5204345196055897
1.4968414985476302
-0.5106643680321167
-1.4922769370207458
1.4784810749070187
-1.4887960600080499
1.4984579274502847
1.5044358316630448
-0.4971042055614231
0.48384129757868505
-0.49303436220621166
1.4980555785114804
0.4974576955527799
1.5093944908537027
1.4871992570175283
0.510016906872341
-0.5063958090370518
-1.5050663941626237
-1.5005768773644215
0.4989128005997797
-0.5117486479869391
0.5005343595902904
0.5108156224448919
-0.4949045656248585
-0.49802346997984365
1.5027899983367716
1.4934021518103924
-0.4912014080665453
-0.4971019069995503
-1.5015508302372715
-0.511589195099046
-1.4993238126480177
-1.5089852256647625
0.5100489878263544
1.4935910101259227
-0.5008069026215671
-1.5003571055499656
1.5027328658917616
-1.4967035954220462
1.4903564527371755
0.4984930626024108
-0.493836771092241
0.4709045220284018
-0.4888263843070537
1.4923832103712142
0.5024973297091115
1.5042477386181898
1.4880873551885527
-0.49354710325988027
-0.5143286333847717
-1.510522522035968
-1.494548049091392
0.4938719991310873
-0.4966267738364433
0.49588144071000284
0.5075285754027625
-1.5073128051359916
-0.4964609737664369
1.5014898526338503
1.4928733912411007
-0.49881189563152095
-0.495329375068205
-1.509016570907337
-0.5049683999697425
0.4994457579591667
-1.5090874904260865
0.4988723084544386
1.511778297446014
-0.5017133030282914
-1.4940380908613196
1.5060330816064489
-1.49917404024027
-0.5218145958466047
0.500644174566215
-0.499221893208299
0.4937389016813361
-0.4993351014890674
1.5047147665165148
0.49603043283797976
1.5095113391776225
-1.5068194000645272
-0.49384017520353884
-0.516863287910376
-1.5030801972471701
-1.496251673348952
0.5128210039724476
-0.5008625409203066
0.4918141279606948
0.5025250898125951
-1.5036621073119403
-0.4987694409627061
1.501860874661449
1.4912361170426485
-0.5016083762556465
-0.4910667817594828
-1.5107903494821588
-0.49746520080529427
0.5024303805267146
-1.504437881864077
0.5003494980994135
1.5091784287602923
-0.5014898424257411
-1.5008608898673734
1.5029867007273703
-1.4986843776905316
-0.5205616259608122
0.5087410107949158
-0.5018193702327034
0.4954333200991366
-0.49728765284587595
1.4985881543569985
0.49921639687975927
1.5165340082079315
-1.504780497274403
-0.4874231973219085
-0.5219002873885411
-1.4945350996868
-1.5029354085929167
0.5051611386841687
-0.5039019410901746
1.4914300009184704
0.5027930316862479
-1.485433827643897
-0.5105090045325631
1.5102605552439174
1.4797010721316293
-0.49256394793207975
-0.4928521610450278
0.49470553281991925
-0.4993063514557715
0.5036453588337443
-1.502057706487114
0.5151818850494159
1.4932568373510724
-0.4981548410925624
-1.5085963265566353
-0.5001323435826619
-1.4966549737001793
-0.5109148269012269
0.5190902160460954
-0.501811184744892
0.49968943547124484
-0.4888918416603931
1.495675025663803
-1.4962083771862469
1.5146395255496479
-1.5049404666725517
-0.4987259968136896
-0.5093497040518792
-1.4889411704960334
-1.5056274976468786
0.5058088978841175
1.4931925121508676
1.4953500616382518
0.5105239997337573
-1.4888049751173928
-0.4978502858956149
1.4964348249762562
1.493218702340012
-0.4860853284174828
0.5016323310318683
0.49950309758262645
-0.5078038209506376
0.5033595223287766
-1.4984859239072974
0.5148453880080476
1.4994241868525677
-0.4971683638809086
-1.5064719160906237
-0.49915413539131737
-1.4952764288608915
-0.5031230900999674
0.5210079402937183
-0.502495967094725
0.5058857951951954
-0.4873116856706732
1.5007461840457768
-1.4971743058603635
1.5069009691054562
-1.5147092580255763
-0.4972451101928234
-0.5036903780622685
-1.489060566377761
-1.5050679115272128
0.5139700436497896
1.494361599169079
1.4967894646112874
0.5210149305075578
-1.497469749905636
-0.5047431666318394
1.4980916258828632
1.5002083672497282
-1.4886288260962974
0.49990794022762997
0.5007716592281726
-0.5180443157214416
0.4998430014151561
-1.487113499109481
0.5054382707140634
1.5028110826810779
1.503136216852227
-1.4977432532482464
-0.4921227282609713
-1.505674394563788
-0.507562925583728
0.5050611694640388
-0.5049744704233159
0.5139669296228447
0.501692256072305
1.5066628326642568
-1.5003516510929424
1.5033889497028714
-1.5055462117090028
-0.5036413354463302
-0.5110889693801836
-1.4935970204808926
-0.5045612453355789
0.5187806392195624
1.4941830760280874
1.5137872198778444
0.5159478502335106
-1.506186786978549
-0.506943990258076
1.50008898325221
-1.505037843561887
-1.497318753443121
0.5020037262014923
0.5045193314629479
-0.5102565284746347
0.517099420142787
-1.4908252022719857
0.4935274611030685
0.5007811828936537
1.501592275053459
-1.496605805278581
-0.48801328173079667
-1.498534597807351
-0.5139104944209454
0.5043380428793884
-0.5075137472653195
-0.4869676480428899
0.49377017160003106
1.5055549209799277
-1.5065711503797556
1.5055042320225598
-1.4937716525864104
-0.4934343482211007
-0.5238820131122659
-1.4957219852702055
-0.5058569501179151
0.5120086134122181
1.492351296063767
1.5117729314258372
0.5024098459015047
-1.5076503053151686
-0.5053647731259746
0.5009643785997325
-1.515082137470154
-1.5025028000525602
0.5107865291827448
0.4962337740495178
-0.5088990394054479
0.522051950425786
-1.4993258400226586
-1.5055898924855062
0.4960187240152773
1.5043941837974677
-1.5170963308980525
-0.49493124649375336
-1.4958905988397597
-0.5211389391795004
0.5046279635631284
1.4968320312458638
-0.4957203801322474
0.5037324779687498
1.489135905598699
-1.4899822055121963
1.4888077481247335
-1.4928490753697734
-0.49594744724762496
1.477282146253992
-1.492443280027835
-0.5036137545768897
0.5003685728016144
1.4943543549742413
1.49241136614959
0.509000710676289
-1.5024033328980815
0.4979077764069794
0.4983624535721647
-1.5142357168068732
-1.496431071493047
0.5232681726566086
0.49313158515601657
-0.51632475054388
0.5160718244064398
-0.5062911951927297
-1.4936984351843796
0.49515232512583707
1.5042703135728488
-1.5159621807493164
-0.4948338411622998
-1.493124241866136
-0.5107586694990928
-0.49710202768137013
1.5013640003615218
-0.5020525858399124
0.5225901238260289
1.4904293992511937
-1.481779333788576
1.492139516010196
-1.4993369721537668
-1.509111407725061
1.4903278017508463
-1.4846303122754463
-0.5165501419524148
0.5055648301914266
1.506249256855273
1.4922773516467802
0.5202299173123807
0.5025896598495233
0.4987536703038813
0.4945945495572939
-1.5009067843076005
-1.4916450126229075
0.5076138097812132
0.5050972798800518
-0.5165755823122292
-0.49380897421667713
-0.5026489166244225
-1.4887027206283718
0.5036335170233122
1.510194396504417
-1.5025514257049333
-0.49086072562814204
-1.495857958390766
-1.499897743712226
-0.4976826665910812
1.5027814952619476
-0.5029834556516977
0.5198085185613882
1.4945514656890846
-1.4821156294725795
1.4959350930588076
0.5005946535692355
-1.5148678605164947
1.4966175164370616
-1.4788050777165636
-0.5069614552858757
0.5017702395573056
1.5105226903589004
1.4955646117134396
-0.4762741537872927
0.5010550295986733
0.49329189022111597
0.5006720904131635
-1.5034054864623403
-1.4917925465449555
0.5012155948342247
0.5040975090849606
-1.5079363120742342
-0.4946523614913788
-0.48713287348736234
-1.5081171840190852
0.5122824230506111
1.5134436340112298
-1.5071722190739725
-0.49116122709348486
1.5013979254511847
-1.5027718474028406
-0.49773931237625035
1.497045541863631
-0.4992418773644704
0.4958318974500736
1.4989913222743334
-1.4908136732096124
0.4933224035119334
0.5060810164920571
-1.5092272314665671
1.5003264142701247
-1.482217550036642
-0.5019023335954356
0.4916802885521209
1.5056872662953775
-1.5035815237165904
-0.48509801362804944
0.496627839119159
0.48554656939221236
0.4993474554299728
-1.4945808858879401
-1.4998136234408066
0.5009117041067143
1.495531543143651
-1.5030625205103074
-0.48269527979348686
-0.498882234314119
-1.5054845439718707
0.4999869352689979
1.5075146226955936
-1.5110073197626606
0.5022290920981674
1.5024025344158136
-1.514025397323598
-0.5011610759078781
1.5007859574070324
-0.5121904365093893
0.5053829618534753
1.4954380363076003
-0.4962255262969793
0.48780681317079344
0.5080369740741959
-1.494827862582823
1.4964004991860622
-1.494668887647696
-0.503528800591534
0.48751711925406116
-0.498564475818971
-1.5069941527181339
-0.4962462852273594
0.5041079847486643
0.4896110030095291
0.5064361228212301
-1.4900101817586624
-1.5037731117270914
-0.4944557078129679
1.4904951045810604
-1.5089561763211543
-0.47465597285729577
-0.5027733786119604
-1.5026237474563164
0.49530998971138457
1.5041573470476135
-1.5098916851179254
0.4987713553910811
1.5038370531349856
-1.504959796624242
-0.4985473036293283
1.5102055110329093
-0.5064238139846005
0.507808327727931
0.494301931738673
-0.49230424090482927
0.48419432859586464
0.5084451325868524
-1.4944534395118385
1.5106631975884424
-1.4998663777494023
-0.505083363268357
-1.507545941858261
-0.49667010306879855
-1.5054725494419239
-0.49516777587301825
0.5092665351946902
0.49563546857163465
0.5120236683132643
-1.491046639854271
1.498395397441635
-0.4912858533016314
1.4957788996213763
-1.5151303584019524
-0.4853466996938289
-0.5032234382833881
-1.5035179103671978
0.4971064846516928
0.5093975074332543
-1.504946557532846
0.4997518676985234
1.5208409717202194
-1.506311537555531
-0.49827559988590375
1.5052237527971006
-0.49940925220466814
-1.497456091105282
0.49628142211288817
-0.4822123457978885
0.48341193933404364
0.5031085329072925
-1.488935870208511
1.501472468035093
-1.4956624068321671
0.49671713488689156
-1.4993894165450352
-0.48891310036817337
-1.5093718171729202
-0.4897618748510757
0.49953772400090696
0.49648458979155785
0.5132961196783608
-0.4991434423578609
1.5023288807872854
-0.49531745261178534
1.5018905975154473
-1.510018461469835
-0.4979885969444532
-0.5070344496918566
-1.504274715683556
-0.49949577900199627
0.5167971819678123
-1.5042899824108238
0.5137394390582606
1.5152442784146016
-1.5068228474703667
-0.5001920607261204
1.500686577516687
-1.5005199120633925
-1.5039615168416152
0.5024560839122211
-0.4956921337457911
0.4923912081131034
0.5163435960504423
-1.5013214410587867
1.4941892378974548
0.5091947814453459
0.4996448004553863
-1.501522496711445
-0.4842335905062017
-1.4991963892393834
-0.5125711578800763
0.5039016238011569
0.4952668554670906
-0.4938405773680552
-0.5029335316709185
1.503453921528556
-0.49844769269491823
1.5007342065959282
-1.4965172536469729
-0.4881219655143812
-0.5185560002774999
-1.4998212449976827
-0.4993729540701898
0.5156933357858879
-1.5082059327232178
0.5130107110334432
1.5048590624814908
-1.5073422403200194
-0.5009213579189533
1.5011635040521318
-1.5088917821621521
-1.5023779089203513
0.5023268496374991
-0.4996263450145514
0.4913699641442226
0.5236163786748183
-1.5056501993393359
1.4950005235454438
0.508404106772031
0.4997684441575952
-1.5098266353757204
-0.4924784573875097
-1.4994821486658931
-0.5161786891895487
0.504675117880469
0.4959152080836788
-0.4996717121911247
-0.497276173376268
1.5036448972297118
-0.4991101488187276
1.4998855357149141
-1.5002800823819271
-0.47616229450597597
-0.5203417751742627
-1.4965809130161007
-0.5021864344304714
0.5058666688245481
-1.512691784114569
0.5056056631158568
1.5012032211350663
-1.5009564671391988
-0.5010709471155965
1.5060498873201946
-1.5115155754550955
-1.4950101089996681
0.4999803309335077
-0.5012122971781827
0.4830824937044175
0.5176918899181888
-0.49704588747456796
1.5029915218745056
0.5025644376084548
0.492972530983549
-1.5143917302894463
-0.4962908505922983
-1.5073898695369499
-0.5060188431732177
-0.49573844512222515
0.49743597766161685
-0.4978924797294204
-0.4820529558112186
1.4969556815248986
-0.4986433038052591
1.4971792576489367
-1.5081859267037176
-1.4804998110516765
-0.5102463190348233
-1.4931497533277427
-0.5138208496551341
0.5078578483997456
-1.505942722746509
0.4974165044011377
1.5101899102072416
1.5030300910438685
-0.4996975518583785
1.5101160596784666
-1.5051864671602828
-1.4891636526691374
0.4875348697645599
-0.48888196589049043
0.47920285755496583
1.5052888563083178
-0.4879123051456028
1.5105736856527623
0.49999530765781497
0.5060580196654381
-1.5077090599202405
-0.49007617301479844
-1.511948851247945
1.502973743014111
-0.4960757729980298
0.5005063013982575
-0.49594648930775465
-0.47616618598196053
1.4938212249920855
-0.4805218142191186
1.4971202171412041
0.490457012136582
-1.4954897750595673
-0.5043328269154516
-1.4847235565289343
-0.5042486395047202
0.5108857784233195
-1.495090238942163
0.5007391723172195
-0.4811200127588175
1.4996478518519374
-0.5033842049648428
1.5167916284572003
-1.5096100837662616
-1.4830626375175284
0.4935154993621113
-0.48530631127276047
-1.5151919459335181
1.5040007701357803
-0.485046565683802
1.4957653606091408
0.49772018138809077
0.5205053998223804
-1.509519344630952
-0.4862943668701161
1.4949104210345796
1.4995792040847202
-0.4975822642772665
0.4965560990870645
-0.5034965204473205
-0.4980138574902669
1.494027147619332
-0.47457582018195754
0.49821361019127525
0.497488801165736
-1.5028205102173324
-0.5060693981488259
-1.4857805513492264
-0.5106022057204062
0.5042260022895583
-1.4977620915760723
-1.4900801667477255
-0.4839811204604628
1.497218136893717
-0.5178171966275412
1.5065435933838651
-1.51474121017123
-1.4902812293941663
0.489840044796574
1.5093505981779274
-1.507658758999329
1.5194530502075512
-0.503043593891169
1.5012808848189345
0.47389189901827944
0.5144316499901607
-1.5168746506815423
1.5103703464966864
1.504136539706341
1.4916789861976831
-0.5044649480174215
0.5025667042665403
-0.5191676567126078
-0.4965664262057937
1.4878187777261704
1.5125423607702748
0.4991560018994119
0.5062622813391313
-1.5012417112961076
-0.5012848801949233
-1.4994891642251862
-0.5184722840295712
0.49765522601176304
0.49224424917717235
-1.488224627526041
-0.49735116527561346
1.505748540862591
-0.5069264354331783
1.501691184159986
-1.504318555379437
-1.4952277535772684
-1.5231812663571291
1.5017224297662177
-1.503040533098116
1.504252462606043
-0.5004708399587912
1.5035014602340824
0.48131519475355794
0.5070453446016732
1.477442739793316
1.5048180779914002
1.5034395933931717
1.4906927403042176
-0.49266361934511593
0.4874782745396027
-0.5036797307694801
-0.4967756229175069
1.4878198528760564
1.4998712139133534
0.5010821120584281
0.4988124736027862
-1.499668777308985
-0.4947067515239884
-1.4991702088313725
-0.5114954316215208
1.498109797662319
0.488320667110639
-1.4938463075502968
-0.5101601310675729
1.5188518976582484
-0.5086468930870234
1.5052543790069726
-1.4973470832768523
0.5066713684264955
-1.5267062989766609
1.500874195223784
-1.5073691844010828
1.5070273444924887
-0.5068922254529508
1.5077219554833792
0.4927908294416674
-1.4877290806688424
1.4815963387111317
1.5084931824339824
1.4788186553830285
1.4985071425513805
-0.49674813285707514
0.49817343347476734
-0.4998360363579602
1.5049621581212411
1.493779541887213
1.5077925601081026
0.4904730942309983
0.5038516456059622
-1.5178211786996523
-0.4923108658804761
-1.5018322860705677
1.502707806546766
1.5066210368108757
0.5016349718165954
-1.5042745512361684
-0.505602894926435
1.5095801504434592
-0.5069286355347342
1.5148156421901722
1.4988850684139667
0.5123131171591377
-1.515390614478335
1.505823788204256
-1.4970736916656393
1.5013869776939262
-0.5119546307614261
1.5077114722548781
1.4880060647722118
-1.4764246478406244
1.491923916806085
1.5104560727665381
1.4913440256118418
1.4993092437622364
-0.4954542966165192
0.5017967334459218
0.4924152760874677
1.5059949381107645
1.4964550338115779
1.5214477163802604
0.4981488350926033
0.49782335942006184
-1.501829827063728
-0.5008238894722142
-1.5043880540061119
1.5051088697529227
1.508191144954285
0.514821389581565
-1.5043960748630745
-0.4938096759731609
1.5074738840138049
-0.5182660217213544
0.5199497330329632
1.4899167338060242
0.5090037166171366
-1.4996708353965782
1.4991451084003673
-1.4832301726515567
1.4917386590090882
-0.5097895983557613
-1.4935684679582004
1.4744127981256532
-1.4761401288171487
1.4942722104298811
1.5034665174883295
1.5077290585908736
1.4851604094056163
-0.493580868689017
0.49159687081669634
0.4846989816442858
1.5049319156320955
1.4967620336154204
1.5166686258233146
0.49501343779696566
0.48874630580607015
-1.4973497979689667
-0.504045848330266
-1.5026795778971318
1.4923926697562115
1.5026931639029422
0.5085857652228026
-1.5053289749555685
-0.4952581463951788
1.496567052383641
-0.5233509275312023
0.5137180690154061
1.4857672796161132
0.5183775653020837
-1.504211987589358
1.490908368361643
-1.4893558499176454
1.4784058118714956
-1.499272127372959
-1.4943426255237833
1.4741220516681783
-1.4952667972752443
1.4881133123420462
1.5094545218821422
1.5028527656372554
1.475331105127155
1.5071065386714033
0.48131754209574334
0.4903136427469155
1.5010532325449308
1.493904900357077
1.499048250858877
0.4888389414490363
0.49014702029029794
0.49074421416091396
-0.4975603812815801
-1.5034737692724265
1.503494160560889
1.500351558341051
0.5003411327613286
-1.50864123986192
-0.4977578916249247
-1.5088414306423228
-0.5152844148607084
0.5020001451838445
1.5035732503578085
0.5032086715522375
-1.4802183494792258
1.4870685980927008
-1.4959900760027598
0.47800216512505844
-1.4960602178434663
-1.4973471292330225
1.5014385272293334
-1.4954454483613335
1.492823026351167
1.5036843226602594
1.5014595870824805
-0.5205047550168571
1.5063952639600253
0.48121873882216626
0.5081862136876315
1.490717543136043
1.509593750964838
1.5074239802671097
0.4870794337384449
-1.5003294062284125
0.47821933684717993
-0.4872754989769359
-1.5015813296821439
1.5092532181419085
1.5064280541433015
0.49369406581478165
-1.5089376852112641
1.5024768072495855
-1.5002571423537938
-0.5018529869869947
0.48853151657470995
1.506810824593599
0.49549212901336404
-1.4743015927045096
1.4923747534467025
0.5055822993541177
0.4916543676069489
-1.5085741143138203
-1.4745243679364626
1.4995020535391823
-1.5053813570756605
1.4915500024321195
1.5005144783890398
-1.4963031752637073
-0.5079301314281365
1.5063911580631302
0.4831819583196499
0.5009748193205132
1.5058056462204963
1.498932231096538
1.5114388800303848
1.4950869298734715
-1.495458036715636
0.4869199561756686
-0.495176072452769
-1.5051198941328883
1.495078667107952
1.501676082164619
0.4940183159626016
0.4972234837112457
1.504935648846533
-1.494257134023793
-0.4980584034697332
0.49517673898856246
1.4987700367331878
0.49865833495889217
-1.484838427759487
-1.5073738087896222
0.5129918159274217
0.5009847138925759
-1.5199553307200449
-1.4777736252120541
1.4945501931174698
-1.5137612969614136
1.496414301681691
1.5030907244193266
-1.4941885528864673
-0.5033597012070739
1.5064162160666883
0.49426570841624246
0.49566057186043283
1.5062743672476082
1.4991633968278544
1.50108603802015
1.5022030546717036
-1.4999125426449356
0.4899816348950759
-0.5007230100240289
-1.5203864868992962
1.4974718430399836
1.5061091530540818
1.4975633626235685
0.5005125179882356
1.5100481494983005
-1.5052418995302803
-0.49496585444087027
0.4934433626380713
1.5000948078126441
0.49741467227063035
0.5061327258714949
-1.5114925887292037
0.5145049344258559
0.5005679425119957
-1.512932835254261
-1.4983236767999175
1.5018954017419603
-1.5114107030054877
-0.49624697668533474
1.506313847619755
-1.4991075886528022
-0.49526748910801976
1.5087561341342268
0.5028425664071874
0.49903188847939123
1.5009446087965805
-0.49496304861540324
1.4903636522215036
1.495717900068985
-1.4907531469792366
0.49556984307536034
-0.4910376644627202
-1.520011908770224
1.5036824068484276
-0.4830314787139351
1.4988882019422658
0.4929370650061772
1.5111420895525487
-1.5137598676920698
-0.477429781915899
0.49580755661867376
1.4973692725633965
-1.5046976847208395
0.5093290739059873
-1.5118213688340052
0.5047306962203614
0.49582675264926784
-1.4976513694848683
-1.5005018571158373
1.516261897816412
0.4963638713963681
-0.4963182283110326
1.5029766497811812
-1.4983536983698287
-0.5088574471527748
1.5039426492253445
0.5039254337988026
0.5065665823946287
-1.5029821227499895
-0.49276445113502876
1.4937250518453324
1.4870751474797175
-1.492965622676739
0.4965264915143225
-0.4960098224388957
-1.5076714596518943
1.5064748327104185
-0.4804614569480104
1.4968553648001217
0.4889337566953458
1.5041820256392708
-1.524343594462085
-0.47575001604693623
0.49273537615343393
1.4968995144000017
-1.5042749647795854
0.5211937780648858
-1.5038439384766724
0.4971743433031459
0.49241952920033333
-1.4992152187418033
-1.497953694010148
1.520520024667544
0.4968474261611807
-0.5011416275407049
1.4947581368997471
-1.4868706549499444
-0.5112873544595786
1.495679096442826
0.4959544169587086
1.5036986293764218
-1.4996316244539905
-0.49310424204246195
1.498372608601649
1.4894446774462236
-1.501263900427489
0.49557826749100575
-0.4978986206573601
0.49525189523899904
1.5008296356294568
-0.4922795581940676
1.5093116836380098
0.49219483838964967
1.5098824894941256
-1.5227937281991948
-0.4852693891248066
-1.5161291629908606
1.499085403372378
-1.4982567691901951
0.5105983084002259
-1.5013031737609717
0.5079987534738027
0.4942210455334934
-1.5009189729514538
0.5036794007270917
1.5086182891009916
0.4869518555482428
-0.4995065270772518
1.4987587697070193
-1.4909438661078698
-0.5020984157323667
1.4863567184114572
-1.508515519866955
1.4951125630372555
-1.4934280892903424
-0.49390579645489024
1.4916195084135389
1.5059611495985932
-1.499601541280692
0.4991505912368278
0.5026758697523865
0.48439977817284957
1.4944390456084493
-0.49595839306088074
1.506983777737037
0.4979169002177508
1.5163629965756693
-1.51394153783108
-1.4937993213728193
-1.5183512815165208
1.5036331075612441
-1.5039645753006181
0.509807360969592
-1.5031837150856187
0.5090773830015216
0.49863281266769566
0.49982125789312615
0.5028662565561289
1.493875214844601
0.4974393908478872
-0.5013271629549875
1.491414639344062
-1.4841745268539972
-0.4978922118560727
-0.5114357967540627
-1.5029623225127904
1.4894339341966043
-1.4861104214340695
-0.5043351300350218
1.4995142039175349
1.502401778441539
-1.5014953140403509
-0.4957077114622533
0.5038359856734931
0.47524641088252717
1.4967993727391518
-0.4878775493835002
1.5058296723362865
0.4880752595071978
1.5150497092766724
-1.5069629994145142
-1.488394634251212
-1.511908908019585
1.5030433761637443
-1.5140467302578202
0.5061357793790506
-1.5043148454746902
0.5068984553994964
0.49574011424196623
0.501725298193589
0.5009191275218308
1.4983990844544577
0.49657154596537084
-0.4898735727500338
1.4790130897463534
-1.4907056887704278
-0.500673977002768
-0.5005989821644427
-1.4950976465760502
1.496077532636439
-1.4950092778093071
-0.5056939588104367
1.4945829646992044
1.501915587457752
-1.5075726590999807
-0.49577783048506874
0.5049817451276949
0.48700863922008686
1.5031075419470297
-0.48003435679305606
1.5000015842483045
0.4779390092376143
1.508744919402828
-1.5115467950124768
-1.4750821762058357
-1.512921530084977
1.502121832962837
-1.5110838003336944
0.5057628650107474
-1.505579917937541
1.5020219824439793
0.4897279620907476
0.5058761485548593
0.49471046066352625
1.517354450090172
0.48753612654916856
-0.4800892355994622
1.478001291930861
0.5020346869353092
-0.5067202140138649
-0.5001242607330448
-1.4872434213875032
1.5054968486288098
-1.5028666233474703
-0.49593757149956613
1.4953103298043382
-1.4997504801762416
-1.5098296956111592
-0.5003331966531046
0.497968246719574
0.4948809629173037
1.5156702298446783
-0.48710423498816546
1.5059754292056213
1.4799566542461011
1.5055156893794455
-1.517115130837789
-1.4871508405091176
-1.500949910213821
1.4918044307889624
-1.5007650309039313
0.510067474508546
0.4954487813634458
1.5026547384889843
0.4838663348750366
0.5096908989576047
0.4875762614679657
1.5124065604000865
0.5014154457679165
-0.48648660853425507
-1.5107123070360071
0.5025069819838274
-0.5079674684475333
-0.5082622823516888
-1.486833337208208
1.5081855575449612
-1.507581113869007
-0.4908535866918333
1.501828583640665
-1.499109601307525
-1.5049680111154158
-0.5022903576922059
0.49011988329540934
0.48881980150448207
1.5229735528524997
-0.4991722476601769
1.5155201215419438
1.4905609858458269
1.5101919163328323
-1.5189225694567319
-1.490807135725039
-1.509164918193583
1.4871366425955288
-1.5011990410076819
0.5126409471318601
0.4973944337284733
1.5068880947980627
0.49047622225911686
0.5088462275468923
0.4865601283050502
1.5068419814895733
0.5016885130849719
-0.4978561349339742
-1.5025859851132735
0.5111410278117765
-0.5002857089427778
-0.5180896698606572
-1.490568843132065
1.4957580812827196
-1.5019127880334733
-0.4948701008726526
1.5040476718604812
-1.4982681021523416
-1.4979128553336936
-0.4985539814842164
0.4991432478695888
0.4750424839201196
1.5170074902095005
-0.5043016619883071
1.5155263845716571
1.4973478555066053
1.5108561351826582
-1.50962765455638
-1.4956554471687202
-1.5227656913035226
1.4967927009718276
-0.5096188707183984
0.510178623288148
0.4955800443381419
1.516219158799405
0.49484390945290985
0.5149846673429682
0.49380984935826466
1.4949966474189806
-0.5088562631358238
-0.4988480990659665
-1.509222687370718
0.5104330216308667
-0.5010903244887791
-0.5069086677521506
-1.4990770558295567
1.5021494578535168
-1.4973457589267254
-0.5025639187413334
1.4984684961976023
-1.5014992691995799
-1.4999725566005624
-0.5004500126694619
0.5079583426687704
0.47238139042103705
0.5067528994741927
-0.4950638168472275
1.5034342607612448
1.4983758508171507
1.503711822636672
-1.5043585309782093
-1.4970544274541124
-1.522954717282733
-0.49201145456996165
-0.5143916615399151
0.5025159043796775
0.5128473280127165
1.5030733324322274
0.5002888565652465
0.5153800163099784
0.49765025224461046
-0.5059156041954848
-0.5159553357696097
-0.4912737712933362
-1.5029458719490907
0.5017453573620672
-0.4866660487029194
-0.5048245240471018
-1.4996358947042556
-0.4809776877318887
-1.5009201395927418
-0.5072519792638457
1.5004914510592213
-1.4988510005776838
-1.4921080663551256
-0.5030459850424268
0.5062855223436187
-1.5162569372338297
0.5051365192589032
-0.48203942324587096
1.4974354145143456
1.499117065803568
1.5034782061390928
-1.5017324823223779
-1.4944998616785137
0.4921629895213396
-0.4952169524381225
-0.5111288309295944
0.5066050979325439
0.5106372770912716
1.497706427605022
0.5066025757800351
0.511280445412671
-1.5065502780896345
-0.49586604837364745
-0.507343344084761
-0.4945548447044194
-1.5028383294871699
0.50587233909058
-0.49424511229031565
-0.5018195624515033
0.5073300558716665
-0.4765765718297119
-1.5085436273720478
-0.492794827883311
1.496778625345879
-1.5027620934994361
-1.4923156085206535
-0.4987872850836457
-0.5031601200333702
-1.506162782779001
0.5151826125686257
-0.4877174852121048
1.4935216179557746
1.5065476326881444
1.4971808582144797
-1.5048901438992706
-1.4932183749998509
0.5000024678258155
-0.508117933927126
-0.49983074436030184
0.5187293940366872
0.4976929909012377
1.4950301210239976
0.5045535807185186
0.5053899273149258
-1.511990655152686
-0.4892489108453255
-0.5001924840387834
-0.506063971400464
-1.498672654703832
0.5175940351893797
-0.5031607073252634
-1.5069409074329
0.5110177056230533
-0.48766022444513035
-1.5238721228845165
-0.48837819377442243
1.5037602390752225
-1.5112657871830022
-1.4958052748617132
1.5025847527149807
-0.5072492961145808
-1.5051044991273153
0.49760714861948074
-0.4922893649806902
1.4770751120649241
1.5073865113590592
1.5097285329021584
1.4872070818624779
-1.4936710401809614
0.4931754428489875
-0.5105033707835337
-0.503807251355819
0.499537900575315
0.4991554403040849
1.4943491053147422
1.4984958504912045
0.50570124538174
-1.5088364760504815
-0.49643826702044874
-0.4961323057803294
-0.5095938631873379
-1.5059876418342548
0.522304720690713
1.4946753628040417
-1.5118822984952618
0.5121220787475201
-0.504041203415283
-1.5124817345732615
-0.501067615087169
1.5189077126340602
-1.5162404474399847
1.5047041646072281
1.498805468864012
-0.5006489117259962
-1.51640009339707
0.5091354647177485
-0.49575730653434946
1.484491041898247
1.5027302475010125
1.5206922361035435
1.4858772926761137
-1.4974829689796896
0.48645330148983174
-0.5001633183231584
-0.5102916367342045
0.5038322925381271
0.5093879358855462
0.49699937118832743
1.4964259933775304
0.5094914489559796
-1.5011273849681201
-0.5110660238408075
-0.48632680747809237
-0.504492893610048
-1.506719185087333
-0.4870310228247638
1.5034063469363474
-1.5107566619954214
0.5039937879961138
-0.5095707598113772
-1.4971205289266105
-0.5107966675143526
1.5270806142278048
-1.5108847270578358
1.5093733510287402
1.4932838949271758
-0.49074920407129763
-1.5261573879063655
0.5056254917792947
-0.49531194551704866
1.4954358077020087
0.5032847044290855
1.5162215651938136
1.4906803428862618
-1.4887946631770579
0.4822086212299346
-0.4986066318858261
-0.5131263289495013
0.5014939055314476
-0.47946876538683386
0.4994697644780768
1.4997735915375872
0.5146849745075572
-1.5012816281081665
-0.5138093242956393
-0.4904711791182853
-0.5058764033742593
-1.4984721171795168
-0.4973423277881088
1.5081589181973523
-1.4999299131177966
0.5073915891704601
-0.5034942988485778
-1.495756498847692
-0.5169995925245393
0.5212163927883722
-1.5029208003901395
1.506253729914966
1.4991476263494692
-0.4926855483895963
-1.512370777478093
0.4989923475924357
-0.49941940150531816
-1.5010175394657317
0.5076124302670612
1.501194495115912
1.4947713046673812
-1.4908596332178627
0.49746870806377136
-0.5113397299340854
-0.5050759108797085
0.4965791961660163
-0.4828772225670012
0.4967376978874823
1.513843842374758
0.5001796144981813
-1.501020070471737
-0.5106880364344978
-0.49453159781209577
-1.5137060008374086
-1.4928157975488132
-0.49190113686729053
1.4967844566606205
-1.5017647530787332
0.5237027586258743
-0.5076066025361696
-1.503239718593638
0.4875851964938136
0.509046401771216
-1.5046271518453334
1.5119066789859166
1.5077840700114298
-0.5061754335435235
-1.5025208930321496
0.4967877578875653
-1.5028537086246392
-1.5098052291056518
0.5137360263131211
1.4940857744239757
1.4924650127119792
-1.4866220212270291
0.5086228355021889
-0.5167270979720323
1.5010700219940576
0.4948297533910556
-0.49454186386939164
0.4905309507911255
1.5162559128557067
0.493168692963625
-1.4992119093614658
-0.5015899117661141
0.5043824520583313
-1.5174963598221491
-1.496925072199399
-0.480577126261863
1.4968675575957782
-1.5072964149801056
0.5259222958523735
-0.5043062657537069
-1.509796492595222
0.49674866940373036
0.5072590612423381
-1.5127912776357428
1.5030776023810462
1.5217628795934872
-0.5047291411856966
-1.5007018147736404
0.49983985798308933
-1.501149917350913
-1.518791000628516
0.5161894477397712
1.5051950366320939
1.4899890350030478
-1.4947665161923958
0.5151968521136816
-0.5115456071299246
1.4972267999273106
0.49700520573984275
-0.4912173348201233
0.48455467498506255
1.5127136908236531
0.5038465231938557
-1.497134420385756
-1.4999379552372214
0.5081276451599094
-1.5094666695542607
-1.508818986805165
-0.4762691409187019
1.5035301278804236
-1.5118181194912088
0.5132837048298
1.4997071828834265
-1.505703674251693
0.5026280337610066
0.49793865757754235
-1.514309027055166
1.4929911485900853
1.5252550555892246
-0.5011663183093952
1.4916879727995331
0.5043368166824446
-1.4967626530991482
-1.5189053798460426
0.5127356010153737
1.4895850987330048
1.4947292433932582
-1.498127455954244
0.5060601032160162
-0.5020452391034926
1.4903557407131343
0.4937534492332081
-0.4915824242287944
0.4836818597119715
1.5042149666387756
0.5068461604890839
-0.4947231988614871
-1.5070988138295134
0.5088895384079898
-1.497163340772024
-1.517631088977786
-0.4933836702924463
1.4938348945922315
-1.510819070619998
-0.49545270170415145
1.499500037111739
-1.4985240334409025
0.49962458880740845
0.49971450547311286
-1.5018867859404397
1.489651177137696
1.5116663773987273
-1.5008808524824688
1.485784817935988
0.5065819312883929
-1.5058540453715354
-1.5091001720068984
0.5090121467505688
1.4750671568868075
1.498488776076091
0.508047961573214
0.493947396886733
-0.5031644510080726
1.4951049842173603
0.49904435028865873
-0.4908207565297131
0.4894249241980986
1.5033016999977526
-0.5029545145144212
-0.49489867157168077
-1.513947680048661
0.5082973826008185
-1.505905494553039
-1.5058480428989296
-0.5000453311682693
1.4939693993257395
-1.5069421613828455
-0.48842785924151333
1.494712678719674
-1.4994003708040087
0.49814997840430275
0.5034035448219605
-1.4974272039762744
1.493529897678647
1.5029075319574219
-1.5032402565286167
1.489513725656354
0.5068566472283351
-1.5136287706597529
-1.5046161233433768
0.516064628617879
1.4754922232313545
1.5016430688185782
0.5151347359948906
0.492929374817718
-0.5000086205914064
1.4990837240195878
0.5023289737405701
-0.4876932910729679
0.49328276477004096
0.5113286222393341
-0.5119436033308576
-0.5019065141926363
-1.4938453324453742
0.5008530214175165
-1.498115282868938
-1.4992742849881482
-0.49261881083825754
-0.4939996318556672
-1.506228175418683
-0.47911211202855714
1.4977757596321772
-1.5085818834654028
0.5183269467361906
0.4986418705961627
-1.4952712123672203
-0.5020971181456904
1.5106290080377025
-1.5101685638405875
1.5047462281344965
0.5028273874915616
-1.506183340868076
-1.5074407356843413
0.523056674672615
-0.5096828413410968
1.4994361280543207
0.5103419872565705
0.5056364313373356
-0.5150222079949567
1.51039470806998
0.49697499264635053
-0.48878528858669706
-1.506592011409834
0.5171910028985317
-0.5058441494429847
-0.5107098166795396
-1.496505942465303
0.49900482045185157
-1.5016124284245231
-1.4989105459875736
1.5173780666121248
-0.4864587670832656
-1.5057828268051443
-0.4940438278040418
1.4996822414694668
-1.5231153933789248
0.5143313981928107
0.4945173422056436
0.5012528876338072
-0.5023984163821311
1.5228835090457917
-1.4952531381197316
1.4995336475278163
0.48465296301637356
-1.5001842168537909
-1.5166356754358525
-0.4790799667423459
-0.5019379730327618
1.4936472019767246
0.5065272961184092
0.515542704584559
-0.5030519517567503
1.49706304065946
0.48798928163530353
-1.4942820503680223
-1.5102966128776083
0.5170212972367371
-0.5012266984859547
-0.5121424577817145
-1.4988310995805825
0.5054724757646263
-1.5032869122744807
1.4922521098296604
1.515464887977632
-0.4934557412322479
-1.50653942433191
-0.5017248698495932
1.505168207700224
-1.524375330212806
0.5084915891818036
0.4915163536086154
0.49733601164321506
-0.5051117803651467
1.5150485060456065
-1.4971237407150886
1.5016492699867534
0.48279368647049437
-1.4891318842556098
-0.5224609552129137
-0.4880199444756561
-0.5130539205357235
1.49208648752288
0.5017177481574878
0.512190501413082
-0.5012831736769436
1.4987458893767533
-0.5163877810517774
-1.4951695786756298
-1.512089307472947
0.5107832906727683
-0.5094630315453097
-0.5075299448678755
-1.5000980549668173
0.518617998987532
-0.5019927138063754
1.486548030457319
1.5018112703316508
-0.49804487372171535
-1.510903945490382
-0.49971374559097753
1.5052799176021816
-1.5163391869293479
-1.4888994918457439
0.494517575382186
0.5002104797127485
-0.5107057707160826
1.5075774173156824
-1.5005153943474923
1.5011307156215659
0.4925113832877974
0.5162235023558145
-0.5164524733973712
-0.49389266610996174
-0.5113465893273688
1.4944607469390412
0.5055466689555352
0.5110022823344361
-0.5048656058224771
-0.48964857706832704
-0.5096935619073256
-1.4954107534393195
-1.4938208589713622
0.4984597316315599
-0.5044537115780254
-0.5067676990794976
-1.4944281891690308
-1.4816265110763363
-0.5007779768979553
1.4967737333975564
1.493994419513284
-0.48773633283758794
-1.4979879601151824
-0.49820926066655336
1.4962645824668432
1.4944079658211722
-1.4795989537580498
0.5000942094078674
0.5021790662660884
-0.5132419837348744
1.4980448519967895
-1.490312144999279
1.502639777563354
1.4988885650609458
0.507566593850676
-0.5058009221816671
-0.4912565134467265
-0.5035715991624549
1.502716308470164
0.5070963449866874
0.5040664409741867
0.49260916899827717
-0.4834331034188427
-0.5023025159518677
-1.4926895148177992
-1.4967373480078745
0.4991483750371893
-0.49789295001892536
-0.49962489421062944
-1.490833613625842
-1.4943464091373042
-0.5020975897204384
1.5132868785782683
1.495567308540977
-0.47627652761791145
-1.5024112883774432
-0.49634879362827594
0.49188890365131616
1.4929834983978698
-1.4836755209526473
0.5076415077991087
0.4958578262711891
-0.5010345329109314
1.4960819364933442
-1.483259212039729
-1.4992519369205968
1.4941670468712787
0.49948851619631135
-0.5047071280370836
-0.4923371172871895
-0.49356395403406883
1.4986114068391427
0.5037926508437738
1.5045580793116575
0.49508255131357154
-0.4900037509986245
-0.5151882946998796
-1.5009755932681457
-1.5017232187760696
0.5034261273824274
-0.49671518806509807
0.49923971655377236
-1.4940468575774803
-1.504177634488062
-0.4966426228926418
1.5086527291105143
1.4830326398451859
-0.4868358272184012
-1.5054983041943875
-1.5001957277072344
0.49854963744641007
1.4850941647112517
-1.4980123588589869
0.5003850478297744
0.49592833984094054
-0.49910542513080947
1.4920085946518125
0.5158754603666343
-1.5013783124028415
1.4806708474486072
0.5052922638952771
-0.5155468817398062
-0.5009169753903394
-0.4986214299500504
1.4868522543976637
-1.499389010765619
1.5110030012939812
0.49972526682118784
-0.5018168845242721
-0.5211237008740466
-1.497990979486997
-1.5052939912964716
0.5058157668556281
0.49941463813157727
0.4922700695330701
-1.4999456388650705
-1.4930715753161514
-0.5042655298962501
1.4960943581776764
1.483996067227556
-0.4966469186543146
-1.50353813720954
-1.5051849748610182
0.506511614561383
1.4787222155835071
-1.4984443722648322
0.5122614965613865
0.48575452984683387
-0.4988645709123285
1.4887372034798136
0.5081204183173443
-1.5028657519344988
1.4908358988222963
0.5154656365473976
-0.5245256381013935
-0.49736655437014754
-0.4940308950195032
0.4802998330187075
-1.4973003458917824
1.5109298392134756
0.5061870017209285
-0.5075984265379144
-0.5038577310732024
-1.4894604507956861
-1.5057909492404038
-1.4964204172685511
0.4951772005002369
0.4913393842879901
-1.501332579198609
-1.483199301298215
-0.4992733748635199
1.487625917625244
1.4918408921934396
1.5107724618288112
-1.4985297352043645
-1.5025530409117493
0.4930198297475685
1.4833088571997894
-1.5019095942727954
0.5254603267582779
0.48975401655998474
0.4967922580988106
1.491331171092737
0.5017024245775835
-1.4939476069602262
1.4937214759421338
0.5161467463623876
-0.5243193373139586
-0.5011316464959462
-1.4832345978177348
0.4876124215441136
-1.4895229749031582
1.4967770022825635
0.4991331381658642
-0.49193272353772033
-0.5042262396045848
-1.4744713168171517
0.49591006299485696
-1.4990925298367224
0.49235231973835303
0.4984162641923224
-1.5023694834360302
-1.4960714472061125
-0.49210999534403777
1.4934823552875656
-1.5036833666741696
1.524231294528691
-1.4988958809861581
-1.501330660489248
0.483919321968252
1.5002488708521615
-1.512448977287233
0.5227122142564207
0.5030534943141463
0.49505008407188256
1.494558849876912
0.5156611909628692
-1.5047077307499317
1.4885027427997815
0.5152282784518513
-0.5103329931231523
-1.507181300697886
-1.4821383673964224
0.5035546651865433
-1.5121534302144015
1.5000963349272889
0.5096834789769934
-0.496458860264341
-0.5112854112063827
1.523542128577957
0.4974476765483562
-1.5003914768658893
0.5012148504373017
0.5124011947847384
-1.5284144814729148
-1.4955854885490647
-0.48148970251376183
0.5034474510594531
-1.5078202495532789
1.5239503353108592
-1.5017961136457518
-1.5041862595192796
0.49338918488418027
1.5093343828914383
-1.5201955562455909
-0.48922953318407025
0.505979349682273
0.4969684729333062
1.4913061275567792
0.5223828435391951
-1.505223918296238
1.4803446646338112
0.5081229303646604
-0.49897590480069437
-1.5072225140661581
-1.4932540393473073
0.5027418793933691
-1.514607639746166
1.4961039289231026
0.5198272054203077
-0.5002340864946744
-1.5172755566144098
1.5075514650195394
0.4998173680880298
-1.5124262484615927
0.5007454035923724
0.5222327341268824
-1.5286967448359505
-1.4999919618590636
1.5212127284206618
0.5028806522633162
-1.5112184200793535
1.4951629394036223
-1.4963081110565977
-1.5160951852582902
0.501424323606421
1.5133870189150298
0.4813157662017748
-0.49324222028915143
0.4935298844593571
0.5072840924469603
1.4865452956408707
0.5040409504786457
-1.4900416356735406
1.4869644616661968
-0.4948077123304753
-0.5068429807095217
-1.5034974892615245
-1.4985729644177272
0.49707908007740187
-1.4973218850123227
1.4926429939566324
0.5171936858329618
-1.50006527787071
-1.5136057894186246
1.5040785759366937
0.4826558562842395
-1.505737820926013
0.49630873808017706
0.5249520580288048
-1.514607655699859
1.502688123157308
1.5119027691493143
0.4928110436255205
-1.5143346120491104
1.4982612126852373
-1.5064164440451395
-1.5042573765580483
0.5020395316258388
1.5045244761804628
0.4906117919234018
-0.4842401259135956
0.48489165417600316
0.496023543684201
1.4900488306431932
0.5003767222372859
-1.479266505947729
1.4981105390945566
-0.49010550371142514
-0.5225326985471646
-1.498266436195517
-1.4908091177675702
0.49439027991245865
-1.5019091835002334
1.4991952124776264
0.5056111936047849
-1.4952677635630895
-1.5063617131793818
1.512428549473715
0.4756923848258469
-1.4974294007935183
0.49820576732161687
0.5146393161301213
-1.5072587425983102
1.508726773187371
1.504303539983736
0.49040245580586944
-1.5066435048503366
1.5060875448822446
-1.509019343305994
-1.4986602510961198
1.498713982126188
1.4955635353815082
0.49803691364672437
-0.490276958367634
0.49390303530845875
0.49392383318515887
1.500410694698926
0.5022173518946821
0.5156032940709565
1.4987274919295388
-0.48964101860829135
-0.5025931328594107
-1.50685850912391
-1.490337234524064
0.4982371861343
-1.5068111966292475
-1.4954135931984376
0.5011291890996407
-1.4916213265277218
-1.5083024258521995
1.5221008991897693
0.5050913215068505
-1.5065119756783005
0.5048776719172053
1.5042676680850275
-1.5157877680579173
1.512399848102682
1.4988053468140712
0.48980548483644065
-1.5072865156873532
1.5119126176623088
-1.5070237511590308
0.4982066025454073
1.4959706675669608
1.4956155850085782
0.5005948292570419
-0.48659064304102667
0.4972802819044387
0.49536030284704663
1.5024851588656756
-1.4936736123791166
0.5024940906332401
1.4924880898815176
-0.5124946345391244
-0.4992552004310847
-1.504808070069733
-1.4864076693959063
0.501580674990213
1.4950951874295655
-1.4991397762377758
0.5103894417368615
-1.4983908826320274
-1.5046897713907754
1.502039920308343
0.5092169440783664
-1.5134545361226595
0.5062703603753219
1.5096356728059779
-1.5291164832423285
1.5102684531072048
1.5004534487179542
0.49338198421083473
-1.5038643117011332
1.510518774550056
-1.5026756114763558
0.49015862657805276
1.4966127230194497
1.4997739833023411
0.4964950007250807
-0.48986949498631793
0.48937850720647624
0.49806041910282156
1.4941672988277899
-1.4923240389382195
0.5008817900917536
1.4795409845680743
-0.5098012429396267
-0.5029465321440842
-1.4960927987145136
-1.4937436423501
1.5031413359255417
1.500933429257231
-1.5015217149538267
0.49561212459234766
-1.4972069027078767
-1.519841548617756
1.5014541770811598
0.5007946778833656
1.4855364476272492
0.50115636799074
1.5228845785559442
-1.5310207850166289
1.5067135775198708
1.4843946187036567
0.504795170747194
-1.5133231292737457
1.5056026018462934
-1.5015120238105994
0.48921471384950743
1.501500910469659
1.4994520407634377
0.4942751653718196
-0.5016612957538998
0.4837879948110993
0.5013439229162362
1.487296505670743
-1.4972498212551628
0.5103863929200071
1.4838057012011774
-0.5015287142019266
-0.5070212992012316
-1.4921402863461124
-1.5055752294717548
1.5009030314796585
1.5029046387719984
-1.4988390883205465
0.49951557415097086
-1.4971141396900023
-1.5262224313072665
1.5027160509547857
0.4972510223928575
1.4921358044247177
0.497942541633848
1.5179692586110562
-1.5151545780341176
1.5097252055227754
1.4943275366073847
0.5041462701972721
-0.5223036960494133
1.5037199999139188
-1.5073822865365503
0.4921604682101732
1.5031795520910385
1.4936829968047851
0.49849030557682333
-0.501831399038036
-0.5125342173868439
0.5007972004208251
1.492358915609328
-1.501348947829657
0.5191692571762868
1.493295450965554
-0.4990828887302734
-0.5004837103932926
-0.4960758436900075
-1.5051382784307104
1.4927093568923744
1.499785295166897
-1.4977427626190976
0.5006590774421648
-1.4922387154302248
-1.5192005812738159
-1.4943737910776325
0.5032345433210731
1.4982002464365407
0.4924780417947414
1.509638911312648
-1.5058302515860766
1.5100896113687248
1.5001394065871618
1.4990727455320445
-0.5181448269843665
1.511107234889466
-1.5264697794258266
0.5017727612748866
1.4883849394860764
1.5021415243847827
0.5024061428752709
1.5099271687428455
-0.5042473690966772
0.49932184747800235
1.4848077453965272
-1.4985488312692274
0.5003019627531855
1.5007198700397695
-0.506059606840911
0.5070507152856888
-0.5035490469651083
-1.4909945161905578
1.4902409102550898
1.505914617623472
-1.5121118261552107
0.49486104500712336
-1.4878140439864442
-0.5069896454264958
-1.4928802848764418
0.506569417016031
1.5003032109719134
0.49815912552494174
1.5015619469226147
-1.5057308351647989
1.5096234557407147
-1.5066766856663563
1.4951627896258382
-0.5069145793178612
1.5138526046456544
-1.5200742882162137
0.5146792618421139
1.4801809931711265
1.5036754517774977
0.502949125358885
1.516999788809899
-0.5036674915472841
0.49804988988446813
1.4952907031578768
-1.5001850613305667
0.49786237288848395
1.500235786184273
-0.5134571427202868
0.505130865022572
-0.501613327237809
-1.4995347932796286
1.4953562110541168
1.5193914628523377
-1.506448538040503
0.48754259232819375
-0.488373724393411
-0.5080804150257018
-1.4986192339718976
0.5053042554944295
1.5028424802694935
0.4914408484311351
1.5051076967527939
-1.5065088003089104
-0.49342744579857994
-1.5162632335715212
1.494616469154186
-0.4938196925047283
1.5099391903080663
-1.5071802768679183
0.5212190009084406
1.4868601212018804
-1.500066862871006
0.4986827792652
1.5079594471786637
-0.5120508079925825
0.48922367068593886
1.5087249364299575
-1.5019379222922338
0.4999990282611623
0.4973868035671657
-0.5115147220292529
0.4926513944287763
-0.47706629474405804
-1.5038513804297526
1.491059998402228
1.516158914046016
-1.4981443452361587
-1.5084202081543059
-0.4936889887337473
-0.5145906883447585
-1.516132395888397
0.5017478106613604
1.5212659582054797
0.4922328556020238
1.509672279606544
1.4942517764618977
-0.49646459307853213
-1.5154164042972438
1.5000035852844837
-0.48574990788137035
1.4913807182163985
-1.501823282340362
0.5192695066009324
1.4946454673412206
-1.5048508678658057
0.49722156570187925
1.501787799839893
-0.5049324108836073
0.49571598540013756
1.5150947248733981
-1.4991384060160908
0.5041786296250883
0.4955178345121478
-0.5014861486784394
0.48384596257575996
-0.4751385402678861
-1.4978470271499613
1.4969601969689768
1.5074186904954614
-0.4983104650827512
-1.4993049176213524
-0.5008091241245447
-0.49873958526347684
-1.5078809664119777
0.5035320073198843
1.5185568375561216
0.4953053907655541
-1.4888473747849578
1.4952297875508114
-0.49484917193152456
-1.5091722089810253
1.4917588362684768
-0.470599558357947
1.493067616268263
-1.504737201132919
0.5087355660753403
1.4920283843408233
-1.5010184571621834
0.4923138477919205
1.5054839245423208
-0.5021534442450308
0.49995413292127944
1.507595078601909
-0.4995334449780799
0.5047253573549864
0.49535757998230506
-0.5004435847359796
0.48724473985499395
-0.4938353321353084
-1.4929220576688829
1.5030116443899215
-0.49597439065567767
-0.5070604250065444
-1.5008091514204858
-0.48369592262752326
-0.5003487912406552
-1.506019833533523
0.506698344925316
1.5057452088263763
-1.5064643801734365
-1.4927251090856328
1.4993488325936017
-0.5114481001198402
-1.5004199268933593
1.4960910716327465
-0.4873557822835956
1.4941404134490142
1.4934541257871214
0.5042630399933469
1.4813356121672807
-1.4964080781741989
0.5063161114726075
1.4848979555687725
-0.4940130542357151
0.4970648677610808
0.4974944470874533
-0.5030110494103978
0.4959757075819655
0.5002784149077026
-0.5077177539199811
0.4997280728363014
-0.49700069742709413
-1.5028558195753388
-1.4988409481365415
-0.4901036227437939
-0.5133187202969295
-1.5085865963168807
-0.4813149876188285
-0.5005373920690105
-1.515955795494102
0.5064090556667543
0.5039272739279496
-1.5114378944042073
-1.500700861274034
1.5103935790336576
-0.5189064668929088
-1.4992603757914098
1.4945387835875306
-0.49647491216214046
-1.5128062343560726
1.494886062011699
0.5131533543469821
1.472914152825483
-1.4990904090917818
0.5163005171700447
1.4750756936961529
-0.49780906210658893
1.4920395606797523
0.4977108867833722
-0.5004568229424421
0.4875904371607365
0.5144029911650397
-0.5110487532487379
0.501376784086184
-0.4896166453441004
0.4882493790617676
-1.5063395671666044
-0.4856821482098093
-0.5018608414200213
-1.5112544669499564
-0.49112074497591385
-0.4905512397536576
-1.5121927671274662
-1.500552799392119
0.5132288521223912
-1.5102709526999072
-1.5014781082539719
1.5232952389807342
-0.5046037937682433
-1.5050547694647074
1.4950425565720082
1.512277737340854
-1.5176544637233185
1.5003550453291334
0.5110014536563955
1.480543075746283
-1.501346122171912
0.5204706748703616
1.4869904260598876
0.49660888122281677
1.491064592541556
0.5056120140690537
-0.4921638866713483
0.4941467959644245
0.5138005512399338
-0.5062302765648886
0.497568397313819
-1.4839058799079252
0.4922218666639277
-1.505340561281662
-0.5002317773455739
-0.49726590520993796
-1.4949754162155673
-0.4987222205009871
-0.4766170334053726
0.49748350428460736
-1.5037458280147573
0.5182558671921438
-1.5045395446664362
-1.505151596520066
1.509662559546498
-0.49782312605630313
-1.5045382946021275
-1.5050273096591384
1.5257097372091943
-1.5156247258246713
1.5061160418582504
0.5074688063707706
1.496944430170498
-1.5115116235803598
0.5131809995899368
0.5011604717659703
0.49806101294624516
1.4951987241449973
0.5092939109041154
-0.5031065162101722
0.4938878540799961
0.5101537310578296
-0.5033094360452618
-0.5039186384514548
-1.4883275421827735
0.5019255942841168
-1.491047651010168
-0.5030297571926965
-0.4966844384899986
-1.4990485108188911
-0.5071048024955752
-1.4755095179013231
0.49916359904244784
-1.493722956297865
0.5031250401920735
-1.4932321255516803
-1.5051374390511725
1.5027620536309398
-0.4964923880129861
1.4991359627899286
-1.5052489826271265
1.5280656772679313
-1.5138849076575356
1.5133375588806268
0.48991933437684904
1.509405225715961
-1.5198411491726598
1.5062773503591003
0.4967121425054925
0.505433905868865
1.495496416921226
0.518346649345759
-0.5070413728892688
0.4916731618432023
0.5055220598631329
0.496038766692786
-0.5011009188553116
-1.497915051538395
0.5059003874931799
-1.483533601733304
-0.5065879471551469
-0.48369457651494113
-1.5037513079427987
-1.5066645985750133
-1.489581179027007
0.4922363536983813
-1.4958608038351322
0.5007612855129495
-1.4799725339597218
-1.505820193879372
1.5004049801398551
0.5006980794125165
1.5005396436032261
-1.5031510311573828
1.5071513599736408
-1.5069655114400355
1.5013238071216994
0.4989185352182475
1.5123714956127376
-0.5186828484905045
1.5101286086378378
0.4792532258547
0.5090915268020301
1.4872608264674068
0.5098583012823545
-0.4935521105249118
0.4901481245621222
-0.49563840528845676
0.49217423676616767
-0.4972418577593844
-1.4968613807656237
0.5001877799859206
-1.489018859638961
-0.5122558630160506
-0.48124645908077596
-1.5033230349451105
-1.4975152061585595
-1.4992459067935076
0.4891189030297719
-1.4978652807209627
0.49350496777520636
-1.4768212730984545
-1.5055412037715878
1.504332437870257
0.4977134729701104
1.4960120869357854
-1.494847788662153
1.500990187088149
-1.5129120722788847
1.4964151186072523
0.4954571849656972
0.5068579327311887
-0.5097440095096706
1.5163764049806514
0.4840775995441764
0.5024721865555146
1.4898508206025718
0.502784419077289
-0.4911084370935941
-0.5064087376278885
-0.4919255759256567
0.4911755092261203
-0.5010610238595058
-1.489459742824696
0.501397575117494
-1.502378795521092
-0.5112208590925039
-0.4915367718685532
-1.498625987786758
-1.4918711711084174
-1.4950251925484923
0.4912893921450042
-1.5033947774642777
0.4909404372101833
-1.4879721528632655
-0.5054532670568117
1.5093631731880315
0.4962495771868405
1.5030642750710803
-1.49899051806024
1.50763023721905
-1.5249603063825894
1.502389043938584
-1.5136657271063103
0.5006121660410745
-0.5037017414928838
1.511622948192567
0.4904022659695778
0.5111585140471835
1.4879321172961184
0.5015539529186754
0.49888965057996854
-0.5034036753739464
-0.4881130850684093
0.4868659111351331
-0.4965187390176112
-1.4947683934831866
0.49859565017959073
-1.4985149219528981
-0.5067661254197304
-0.4995781174578078
-1.4938448545643945
-1.5023168934834132
-1.4834057988028353
0.48966159928299186
-1.4944321666826772
0.4945688557660697
-0.4972828153350944
-0.5065514909982552
1.5058922600272022
0.5008055433860417
1.5073633795764156
-1.5061262518135146
1.515031886304133
-1.525419052235574
-0.4898453872927773
-1.5160134653092896
0.5004618790155412
-0.49756696227744174
1.5063983934308962
0.5016252918097779
0.5159118378064992
1.4931414916641086
-0.4933902305970485
0.48984906616153195
-0.5020463991515752
-0.49590092614269293
0.4920121648197983
-0.48565472003518545
-1.498151836553851
0.5020490353548617
-0.48460724653759213
-0.5050267543775097
-0.4984333499765855
-1.4865354827067692
-1.5067832459736923
-1.487647096898021
0.4956035290825833
-1.4910481128134703
-1.5011389598547369
-0.4928399121217951
-0.5014029471917246
1.4963726472956418
0.5087360710146395
1.5164399835731859
-1.5041524882003539
1.513697670770265
1.4884191689998179
-0.4906708820075166
-1.508639113739932
0.5041078219912698
-0.5057311862482451
1.4971418652287172
0.509924972983488
0.5145624508343126
1.4936475376709584
-0.49011204502557953
0.49426382756506126
-0.4973014677969724
-0.4898729789320898
0.49734904671354924
-0.49138178541790883
-1.5013589822184648
0.5090879451297579
-0.47925966335645326
-0.5068205351023994
-0.4943188199977602
-1.4971473849380414
-1.4990913295765778
-1.4857349695429887
0.4995172396581427
-0.4969912598285481
-1.5019498845844201
-0.48598911569294767
-0.485202464375692
1.4904261375799928
0.5083250779683027
1.5053107968827641
-1.5020723493434
-1.4935991786925304
1.4967484481694713
-0.4994320828902408
-1.500096495713987
0.5013397210056433
-0.4963632192439184
1.491726069364274
0.5083576965512641
0.5069051719723232
1.4897590394918656
-0.4927781816639843
0.5037593968906596
-0.5088942358468455
-0.4920572514075797
0.49490673097589555
-0.5017755884166067
-1.5024339948753076
0.5097830955468292
-0.49010647398669915
-0.5043780698651333
-0.4904544644084569
-1.4988799291306754
-1.505561209631111
-1.4927976394651767
0.49779585402072135
-0.503355727089546
-1.5050047276342478
-0.48973885940003065
-0.49422295193966925
1.4879870551751258
0.5059688027135724
1.5014527691662818
-0.5056345275728724
-1.4964260909002878
1.4845328771143431
-0.48979579839198784
-1.5047063332140302
0.49286192438265874
-0.4987708729777767
1.48358426862749
-1.4968816610461286
0.5032218640807188
1.4885307298898451
-0.5034266062918895
0.5042897822077822
-0.5020913724299515
-0.5027518260201734
0.4902119022718785
0.4976445968494853
-1.4995254336884933
0.5044438847208486
-0.504366389894433
-0.5069118487498944
-0.5047929770670526
-1.4875412027729282
-1.512442627240304
-0.49946005320252257
0.492635034850373
-0.5053966367375274
-1.4910279973054494
-0.49728061627320025
-0.49432647146469744
1.4819105466181135
0.5020379304935811
-1.488593063678826
-0.5099440909086117
-1.491430082402789
1.473332766810188
-0.49570828868879346
-1.4960940922965502
0.48932567313433667
-0.4869221762941997
1.4791310434808271
-1.4993474725286329
0.5089946488163158
1.4925575901143902
-0.49272055734476894
0.49819201570293353
-0.5018776640071628
-0.5048460139083419
0.48943635332397567
0.5082353400129064
-1.4970419067890788
0.5016876567444091
-0.5036573871779418
-0.505354679276033
-0.5013972364056242
-1.4773117611190592
-1.5103490355928917
-0.4974181378152355
0.4924179242222094
-0.500717970553821
-1.4800112119506041
-0.5029752797306984
-0.4862384400078043
1.4832942510850469
1.5014678085909865
-1.4780770187498027
-0.5073290554301102
-1.4912595857265647
1.4765115339029646
-0.49467489028477835
-1.4890742601425786
0.49288694251517545
0.5242940541493973
1.4842743760793469
-1.495158050742004
0.5148579138530817
1.4959889797743016
-0.4941071392893601
0.4947195542647719
-0.49414006876687294
-0.4992363829365855
0.49415190935110526
0.5151054202768397
-1.4949215959415165
0.5016907844459422
-0.49206175445295136
-0.502953362691262
-0.5000659425512288
-1.4805487030655955
-1.5018962874510966
-0.4890259878764552
0.500868198027117
-0.5026048317421822
-1.478876580177379
-0.5067299130982348
-0.4820821718666921
1.4906803537023914
1.5049696241717887
-1.4810322466456567
-0.5080729146139897
-1.4940855816959497
1.4932434998455246
-0.4936927176395007
-1.4884299870504278
1.4929644353003912
0.5196027321463181
1.4959015142939027
-1.50892430492937
0.5171752648034749
1.48604838354197
-0.5018771428512495
0.49746145172759704
1.510140207532114
-0.4932724535779831
0.5020636804879431
0.490723387318271
-1.4943842524435842
0.4883783634630027
-0.4813339226214103
-0.5025681957407286
1.4967537212136484
-1.4920656092116173
-1.4948478655105837
-0.500918693794539
0.5024669614835494
-0.5276984785973191
-1.4887854990599265
-0.4999795774489986
1.5114843448985662
1.4949676925598374
1.5111719395082535
-1.4981701782895545
-0.5077087957266514
-1.5143751493197668
1.4954168624550916
-0.49629323505065726
0.5063598033163513
1.490396944000064
0.5043159139178719
1.500172178044101
-1.5072109169242818
0.5064463169850182
1.4782913842241556
-0.5093037353744129
-0.4963718846110212
1.504946289532552
-0.49521072216338957
0.4939278016423504
0.4904707754762627
-1.4958032222938513
0.4924750088224659
-0.4902092970076266
-0.504706923706737
1.4932833323883992
-1.4977161102595091
-1.494139087046481
-0.49877116776539815
0.49263689386884324
-0.5192168272829467
-1.4982894674112517
-1.4924378847421533
1.503356694581322
1.4932869605445103
1.4951628639528316
-1.4996649744655732
-0.501146148265438
-1.506066614079983
1.4843031892424337
1.500397981469989
0.5024119518335028
1.4892408776459094
0.500518130172188
1.5001479464943026
-1.5155106391088855
0.5069428452119622
1.4839338283690413
0.49614634730046286
-0.4942775450900209
1.4961892129193524
-0.4967000390768101
0.49414084601399333
0.49853193955355346
-1.4875637953092757
0.5004222316390912
-1.5030576110612612
-0.506356414641088
1.4958153526365099
-1.4896380873612467
-1.4988649870340935
-0.49688791296196
0.4980017669672092
-0.5082210550622465
0.5104594529598465
-1.4945143490571815
1.5012854195547425
1.5004096857280287
1.4996813652744934
-1.4973961877866946
-0.4913225938349869
-1.4969102989926195
-0.5208822277699261
1.501668347947099
0.4990010724673252
1.5087779063882936
0.4986858026334914
1.510703117239934
-1.5078135648796767
0.5045706025898343
-1.5018890924688717
0.5055485012791987
-0.5002789582087493
1.4972708021634786
-0.4980426120402834
0.5157658533713302
0.4899855761699564
-1.4815421336400325
0.5002836538200133
-1.5008269452008496
-0.5049364946533371
1.497826165750522
-1.4936929603678202
-1.501566295306895
-0.4974984215411952
0.5092195952058988
-0.5092539017193165
0.5248441203523823
-1.5032050783390183
1.5030385391931127
1.494958306355394
1.5012899043159613
-1.5067757118449618
-0.4926901875728129
-1.5013359827819954
-0.5119717372607012
1.5066982965037792
0.49729898855821897
1.5025731493062644
0.4970830440162257
1.504230216289091
-1.5076073636921883
1.506405066196913
-1.4985913796557695
0.5106702716538807
-0.5116109668125498
1.5075801004371465
-0.5060853796406422
0.5100988064666097
0.4799898537651433
0.5149720782266843
0.4924752375658713
-1.4919076149080097
-0.49282773209677255
1.5001327262918105
-1.5049390723959801
-1.4953818705016864
-0.5026066492894227
-1.492081060283031
-0.5212198254195248
0.5283974893192462
-1.5113090964535913
1.5139662730575107
1.5042758213587257
1.4962792023275224
-1.5118402196926592
1.4990155979889157
-1.5129817553766844
-0.49712410020799896
1.487404933091023
0.5021559046712424
1.4959808168748139
0.505897597862205
1.5031080205556067
1.4796806707889227
1.5094969846766948
-1.5083157480069385
0.4898565856229513
-0.49939351814415917
1.4928343490880152
-0.5048733751151924
0.5064976352659177
1.4766625233578523
0.5075686573960491
0.4898676840730198
-1.4947702578777864
-0.5020181036961169
1.4921623906465977
-1.5002585797238481
-1.4891096351825226
0.495015331917926
-1.5029533740642527
-0.5269592619199389
0.5124061531247108
-1.5126682934259812
1.5063683726621304
1.4992467829533809
1.4942424100175533
-1.5055135672765478
1.4957166625874008
-1.5177538104800394
-0.49661205550849563
1.479137075066107
0.5014644276417073
1.4942162567585908
0.5063685464756522
0.5094921600357858
1.4722938864990152
1.507970321803355
-1.5125403071421695
0.48275020593268325
-0.49720075188198043
1.4841211849230833
-0.5022380119117862
-0.48763887379835585
1.4846619276444306
0.5060781913182749
0.49608899436165904
-1.4991589542129633
-0.4967162483265
1.4910861555971977
-1.5011889401986276
-1.4887894993197046
0.49823853157185377
-1.5092725310463646
-0.5157506479543549
0.5079136660881339
-1.505962863301378
1.5010155623087136
1.5053310307354135
1.494688230253668
-1.4963731461085377
1.5026973992428578
-1.5076851137805278
-0.5028271790055846
1.4886525299815003
0.5075270127272571
1.4972368811180998
1.501012482924467
0.5148680624986933
1.4816048015668486
1.5066469391667021
-1.5024110442581196
0.493054818434305
-0.4989517325281567
1.4865444077241354
0.5031671035752513
-0.4803898560011076
1.4932316872542182
0.5163455800135169
0.5093780543155577
-1.5046959573756469
-0.4811975707696511
1.4936016548806346
-0.5045258304964104
-1.4945702153142744
0.49886769062243863
-1.487078489625875
-0.5074459925810416
0.5226941493353328
-1.4944695403493344
1.4971818922036948
-0.4835418679946814
1.496867877584684
-1.5031282055192834
1.5180300237892606
-1.5088437567441368
-0.48853454493511417
1.494946026055634
0.5094178334347358
-1.498843134142811
1.4967473573571308
0.5098473457900988
1.4953343355599402
1.4979269630765344
-1.4832457142013311
0.4968088818986837
-0.5008628753688866
0.49704192190592084
0.5044771887010138
-0.48601683177521676
1.4956642350003415
0.50453816943166
0.5100323115687163
-1.5100713472444873
-0.4755985170477502
-1.5053103795578262
-0.5057223194306839
-1.4987718539562302
0.4997251320637882
-1.4885527248942987
-0.507104228697935
0.5154329079578842
-1.4977936751159189
1.5011510787644455
-0.48225162297035634
1.4977750910811165
-1.511034702251712
1.5088176840185614
-1.518391352365795
-0.4922383714591741
1.4914580885079718
0.5045446171448493
-1.4992218724190531
1.4997236408981423
0.503240397206936
1.4956015990654536
1.4911973559798917
-1.491641618180048
0.48661059227265674
-0.498785290035185
0.49974233730943657
0.4996331377528138
-0.4957283746218403
1.4983294951506974
0.49338231626211343
0.4984328015258969
-1.5131936834628297
-0.48637827916709603
-1.5071618137341898
-0.5023632266702632
-1.4912643042872178
0.4967009809297958
-1.4968128411010657
-0.5091226840478366
0.5039743459305386
-1.5101440928983776
1.5061359906621483
-0.4938694491219655
1.495898263463117
-1.516811332247318
1.517124118499229
-1.529898512130059
-0.49171210648150376
0.47846496770192676
0.49912982075585016
-1.5068979049345619
1.5215750095690606
0.49813083233180855
1.4907889600301703
1.4883630486406292
-1.4917238902792485
-1.5278205162906264
-0.4962980139772966
0.4958388312646038
0.48195426182343726
-0.4965766463395522
1.5175710857384732
0.4909421721218739
0.4979861007835739
0.48863067649804104
-0.49898999816518175
-1.5113778887651874
-0.49603774879535184
-1.4811063580793158
0.48186183089181656
-1.4957369535792269
-0.5052102860661972
-0.49995351920827574
-1.5151014068450266
1.5051840017138363
-0.49587880583860017
1.4995101002457352
-1.5058247252187056
1.5308240003834193
-1.5264479607858183
-1.4875436290031727
0.47413847729061187
0.5035143347648564
-1.5222367481887016
1.516480303942827
0.5083188153160427
1.4930468272825301
1.4945330691376975
0.5170007151982162
-1.527072792836785
-0.4996644712828121
0.5022489401859018
0.4915410164525619
-0.5031493271166296
1.514706628002954
0.5025681389911656
-1.4909773671470206
0.4933643657602913
-0.4942624963975508
-1.5173667414317134
-0.50602174238719
-1.4727380339928828
0.4883228051914111
-1.492368587971275
0.49994532309147244
-0.4916842510695103
-1.5046273105811572
1.4948773565217548
-0.48404099012231644
1.4942069384426475
-1.503567975649793
1.5278609158384517
-1.5132069978638165
-1.4853374377486657
0.48313071207260677
0.5085626222521678
-1.5213333598949117
1.5010291234135127
0.5182216674060722
1.4999342878509583
0.49988263106427805
0.5220534132054112
-1.5154012681420008
-0.48556673038918224
0.49631741276745783
0.5011966770167914
-0.5013108554490936
1.5032702312164494
-1.4912036080584608
-1.4841490517146594
0.4968275358132966
-0.49322032138386634
-1.5096877544031626
-0.4915955994009101
-1.4936350270868706
0.4955436035482088
0.5124114828776462
0.4989280016547036
-0.4857943041808495
-1.4881632598190606
1.499292313495239
-0.4906542638182454
1.500007633277001
-1.5030949254138688
-0.4885109397454331
-1.5086637504267137
-1.4940145594684926
0.4991483116233633
0.5066868562770601
-1.5010354270770645
1.5046256724047964
0.5111542177064119
-1.4986176668789188
0.4961927962835545
0.5154305275432807
-1.504703573603403
-0.49300759341665024
0.502793272628244
0.4947938757660483
-0.49836710368172304
0.5039567753738582
-1.4992719460520838
-1.4928515660796247
0.5001645788142947
-0.4956439226951574
-1.503231829955255
-0.48844476732998604
-1.5013286008604205
-0.5099949342140396
0.5122263627151472
0.4933182579229014
-0.48663222789170835
-1.4989945350312386
1.5107753134375153
-0.5041147465104016
1.4971234100925228
-1.5026399740853016
-0.49645020160027314
-1.5190880393544923
-1.4973247033867396
0.498715230320187
0.5094575156977555
-1.5028031937523096
1.5185428980002458
0.4973432536883192
-1.5052967845275569
0.490003422118931
0.5054016110330262
-1.5096183136045533
-0.5007927649894116
0.5103600650805884
0.4892585720239084
-0.4996051842909041
0.5145987726784094
-1.510546850506283
-1.5007583370834483
0.499496473448096
-0.49866430079617885
-1.504319615598671
-0.4926359025867138
-1.4887196787012393
-0.5208290329363864
0.5063643159835324
0.5003392895165788
-0.4984014837494918
-1.502254061185061
1.511346286373285
-0.504461397406852
0.49317534537640584
-1.5033423407647448
-0.4888043854621966
-1.5134221926325837
-1.5005587631925394
0.5081207342672562
0.5046686767088441
-1.506339255365159
-0.4799180340837219
0.49509162196801715
-1.512588425950068
0.4993592357346466
0.5049203749654427
-1.5034204644782476
-0.5061862258783159
0.5225613633849605
-0.5114027950391903
-0.5037775044175784
0.5196354972371986
-1.5079913892887713
-1.5007353215770367
0.5073333165682893
-0.4966803117995507
-1.509255824516667
-1.5001073460626853
-1.473818111802161
-0.520679166255839
0.49977173074356634
0.5033966840711851
-0.5020484024133277
-1.4961903236488439
1.5032711913158308
0.5078809731742954
0.4938160170099244
-1.5032979669386686
-0.48415726564110395
-1.5167694718472435
-1.5015801898319288
0.5087154155860509
0.5009705282202195
-1.5069662946066669
-0.49281279855116245
0.5095301279631768
-1.5174756687898838
0.5007138430669184
0.5035996749078151
-1.5127422359295775
-0.4989617142655637
1.5224125588609445
-0.5061764908122509
-0.49871149403962206
0.4960512486421784
-1.491808495111941
-1.5059209884981333
0.5041253696619821
-0.4944082080351165
1.4888037260005487
-1.4996440466100656
-1.4762812739348805
-0.5116053256879481
0.501704693075027
0.48537148496490246
-0.4909605415972784
-1.4923412175489994
1.4964234435449737
0.5150326149233275
0.4988566191328882
-1.5007352273262984
-0.47654735084458777
-1.5102158696684418
-1.5044994802020022
0.5034147852262248
0.5012620025021355
-1.5037256376598067
-0.501588392722947
0.5134771010207848
-1.506467956075837
0.5024824779584237
0.5150544926507031
-1.5107873300143146
-0.49347600626960003
1.509247097183531
-0.5040142026286808
-0.48849892110464527
0.49546375320262526
-1.4860009899994697
-1.5019853508426102
0.5012565716467395
-1.4974586522940478
1.4925029651050992
-1.4886923527459157
-1.500504638335915
-0.5022499876883214
0.5139055484296733
0.4913196688251261
-0.4774755842148238
0.5035134070917021
1.5006092401953572
0.5065350175870061
0.49803630974591023
-1.4983134166977923
-0.4905880588520589
-1.4986918070150326
-1.5052991351484217
-0.49978703484900094
0.5048937164558853
-1.5004869862712382
-0.4975827085942357
0.5129925521774088
-1.5037139415893832
0.502313685082353
0.517490531287054
-0.4982994296214253
-0.49660123123155775
1.4985259168854854
-0.4961625024791252
-0.4927387706484278
0.49226683005503746
-1.482654981987002
-1.5031004479717738
-1.4949962661596055
-1.5020082458258308
1.498348122972303
-1.4911634663936892
-1.503413313015852
-0.49849270126440054
0.5108850556392398
0.4905857443882265
0.5249030326427047
0.49675287367501564
1.5099626527319885
0.5004734674291433
0.5036754868289298
-1.5099251708827268
-0.4939731642302897
-1.4995809515381389
-1.5029192495748325
-0.49558685876427916
0.5089506632684903
-1.505396149803949
-0.48755148144369875
0.5102576008493171
-1.5042813308214307
0.4992038285243522
1.5065398738100044
-0.49362001003283656
-0.5010393586406028
1.5020268263872283
-0.4932794598069015
-0.5008345973712186
0.4884249297680477
-1.490454060806292
0.4927366949103643
-1.4894239951158377
-1.5026297161208038
1.5013972965636475
-1.489661373155863
-1.4983727205059412
-0.5023003131822179
0.5063919469003162
-0.5180555273074237
0.5130385144069118
0.49679215411578387
1.5117949665167378
0.49692117380917994
0.5106677548107714
-1.5097431619356523
-0.49832388040246123
-1.5084828531691066
-1.5011027371223495
-0.4905306489763321
0.5092375791376657
-1.5050116320666882
-0.4859133814192598
0.5036372718108844
-1.507537744977011
0.4962696396202383
1.4983324239691116
-0.502468225937336
-0.5002380355231484
1.5074401397147783
-0.49488109268744723
-0.49680056915438353
0.48942470009640254
-1.497793774733263
0.49088098351644543
-1.4889983595353278
-1.500195687169371
1.4988568869513772
-1.4929470588713838
-1.4981903412900226
-0.5069034744390769
1.5030481886063025
-0.5218724154034852
0.5054164547956761
0.4974946807951002
1.5062501211405241
0.49804109412264125
0.5112122875086904
-1.5055189456724236
0.504011121763659
-1.5129620992707613
-1.502567980403033
-0.4927129044408924
0.5054443321161397
-1.5135772403366086
-0.491585067635461
0.5013077971862624
-1.5096432956007222
0.4980844725098788
1.5034921660994525
-0.5060376914164414
-0.4972901324166246
1.5030129147149465
-0.4984164763557586
-0.4955534849341944
0.49616304047320237
-1.494009817778743
0.49267060271950486
-1.4944404840196166
-1.5032285682055262
1.5013240517148847
-1.500755671359415
-1.506575432177584
-1.5043645172178375
1.5056484829922012
-0.5134730876591688
0.5104763088880168
0.5002367556272077
1.4992066942826816
0.4971921204268624
0.5056200877519189
0.49606479852721597
0.5103692607494572
-1.5072389516804994
-1.5096037245390432
-0.500344628850368
0.500000650127628
-1.515515511202291
-0.4984252924478043
-0.49416636632534
-1.5075676620872196
0.5003803934855297
1.5225315077521615
-0.508083401687532
-0.49587373449772376
1.489640624887897
-0.49906028886648096
-1.4991361999804291
0.49887331094864934
-1.4788218939169182
0.4841983471029278
-1.4910848144488031
-1.5030894692617889
1.4985642150054233
-1.4982516254677858
1.4877613667866028
-1.4967770597425474
1.5123791270093052
-0.5097018402246071
0.5230280457794132
0.4843140382670217
1.511275553854079
0.49385077607951616
1.5019943262017972
0.49195254500737207
0.5129903119679929
-1.5028019296042927
-1.4960805637262853
-0.5033542170797254
0.4988955598313508
-1.5108240447279506
0.5043132444388302
-0.4881176286069558
-1.5043262738585843
0.5027919641787457
1.5277051598410072
-0.5075956301785239
-0.48200302347599583
1.4893544432558237
-0.49610356017750423
-1.5034281960912854
0.4958324107951021
-1.4854320033209711
0.49390456551473066
-1.4799755284673421
-1.5023514760640324
1.4966207740841913
-0.4898487448928619
1.4930284261671036
-1.4971571689476877
1.51680691866367
-0.5097469717254524
0.5100167871300444
0.4932072847183536
1.5245477099530838
-0.5082233155493279
1.506169476491686
0.4886524641000882
0.5064671796995541
-1.511340546673392
-1.4816743472951632
-0.49657473580176703
0.4977957916891747
-1.5033606585154717
0.5130998959293763
-0.48887437648334553
-1.498669761553312
0.4957681347372501
1.5114750177967533
-0.5109027084073219
-0.4799394890472345
1.5019101686041825
-0.493465793840645
-1.5034305411768616
0.49336905113880136
-1.4937950305594145
0.4907153849750173
-1.4795430315338598
-1.5023526336115267
0.49663424813497986
-0.48650522119187234
1.4967389359689123
-1.4791090829166806
1.5039475183680313
-0.5166946580123699
0.4983099513653695
0.48853488213591656
-1.4738976096874328
-0.5068592538228932
1.513166878751749
0.48793298822616155
0.5034669954380184
-1.4979231046983765
-1.4958873493658136
-0.49408456067628836
1.4995651057963726
-1.5036865951330747
0.5173965307093138
-0.49912573591773973
-1.4953350177199352
0.48473800810312173
1.5048422982419691
-0.5132049209251128
0.5089169719556718
1.5096633125289884
-0.49512115429006637
-1.4989546578564257
0.5006978718884465
-1.4990207496570096
0.48203740514917126
-1.4874176423484562
-1.5035251886785166
0.4987660083412793
-0.49303155449710206
1.4992007603508275
-1.4875639511335936
1.5021121191955058
-0.5182133502338847
0.500884169762223
0.47900225993214995
-1.4867286420895494
-0.5030216472364557
1.5122597187237472
0.4951272231351452
0.5100296584771311
-1.4998095107744462
-1.506906013011858
-0.5011339309198725
1.502127581283293
-1.5128290492971268
0.5124125431943476
-0.5031429417854587
-1.5058712328802133
0.49183579818090534
1.512051685918116
-1.5119421222064555
0.49983064851871484
1.505252886429689
-0.5004642153654465
-1.4966141357743192
0.5084200997529913
-1.4947192631298925
0.47408483224967557
0.5073248766655903
-1.503890638001644
0.5000194291025287
-0.4954291946601675
1.4888575960088646
-1.4984134483047467
1.5112892388518908
-0.5109407813947925
-0.48876739335121944
0.4769918181046695
-1.494828654852341
-0.5048004921335509
1.5120556142253714
0.500418676208689
0.508364002504692
-1.5013592508356288
-0.5049580352985832
-0.5074397625893842
1.498841195501133
-1.5015327126013411
0.5017673846192385
-0.5020686992862722
-1.5061558179925945
0.49891141776407594
-0.4749053313775993
-1.508626165896777
0.5029845575912014
1.4997617293762462
-0.5085217135042238
-1.4840405163236847
0.5001318620455723
-1.4922005272777095
-0.5208793649724891
0.5108584787841123
-1.5038422717345563
0.500911340046214
-0.4891569489742678
1.487084303114549
-1.5003850235382008
1.5178100155812735
-0.5046712159890628
-0.483937173215712
0.4849573876796081
-1.4934034220812584
-0.5137327955538419
1.5085248535370046
0.49906306709303094
0.5040003576396468
-1.501096534613966
-0.4930681632039363
-0.5033095610276712
1.4927056551636486
-1.5004498517650218
0.5026200538633152
-0.5024374143385539
-1.5017777212140306
1.4961424413626954
-0.47384371032713946
-1.5028415671269204
0.4912533267604602
1.5006931067352054
-0.5180763422186374
-1.490261289967664
0.49692815653834194
1.5035893824904583
-0.5088258576754247
0.5175940737570799
-1.4968532314518708
0.49623640656974694
-0.5074259365766649
1.495461916469558
-1.4981576599548654
0.5153745880505247
-0.5079465633774876
-0.49380905099040984
0.49409885555874433
-1.4857089197713316
-0.5083019600028146
1.4990121476423832
0.49049638316489563
-0.49903570781451995
-1.4990309541820817
-0.48558969845854255
-0.4963850318762459
1.486426948954626
-1.5011000406239925
0.5106956142374427
-0.5041117791250321
-0.49708636326304534
1.4871342619163375
-0.48755435108146056
-1.5029716399040522
0.49712863397793206
1.511447574499434
-0.5207568779669275
-1.4962268834051407
-0.5013559219359303
1.4987717882223375
-0.5063976078899588
0.5195095709528769
-1.5017448879786963
0.49741968975808154
-0.5107976365444532
1.5059915288363164
-1.4963284944664266
0.5067106831797984
-0.5144871552512756
-0.5089325638496183
0.49508065405986734
-1.4756603961707129
-0.5064428324208498
1.5021875035502372
1.4861474522692095
-0.4958398072908495
-1.4961273943579065
-0.4979694091796653
-0.49450811177221593
1.4824271108289362
-1.49606690076525
0.5209422667043097
0.49571304817380296
-0.49889435849389013
1.4840788778602856
-0.4929522698183985
-1.4995428663604002
0.494878224311401
1.521178211708376
-0.5149351491238046
-1.4919437707756755
-0.49645979664244616
1.498288069953073
-0.5076797188746476
0.5147793767712435
-1.500846547552102
0.5086500203356927
-0.5065773426948671
0.5099509758664417
-1.4979212140179095
0.5000695213563088
-0.49986652525796305
-0.5070753728846984
0.499577811296319
-1.4778197475320363
-0.5022616027595039
-0.4882784054018822
1.491590187268954
-0.4933847427598196
-1.494273851819502
-0.5083827874391031
-0.48699360376588385
1.4906109407788657
-1.4914127199351686
-0.4819201910974904
0.49701483230101445
-0.5045823213558793
1.4923487471370118
-0.48502887476460227
-1.4957153166558208
0.49322135204205386
1.5143531058114283
-0.5066339335793043
-1.483514005164314
-0.49709757513932795
1.503123186278888
-0.5188639273567628
0.5100462695278487
-1.496803522711382
0.5151023722479702
-1.5024223611081724
0.5018451632737692
-1.4996099266130385
0.5073191440819277
-0.4977403420604106
-0.49654072893498596
0.4940559889592912
-1.4911493956112964
0.4990317337544879
-0.4853755793128776
1.5007762122939956
-0.5014341460297761
-1.4971054383551838
-0.5096848813219821
-0.49472766074581037
1.49381368134496
-0.4918643969504595
-0.49323697580151654
0.4944065986262013
-0.4894577151967179
1.4948025804953868
-0.48436663655136175
-1.4980013285698297
0.4852666145894927
-0.4970419854796126
-0.5081068598877646
-1.485291549599694
-0.5014403984781892
1.5026073680361647
-0.5022720930315026
0.5018957283942792
-1.498811761096986
-1.493263067085191
-1.5039376927538175
0.4956693288797887
-1.5046310871603996
0.506959607014875
-0.5017502684205454
-0.4967594321859476
0.4913390565406035
0.5021698108413202
0.4953025880276293
-0.49635456336813744
1.5067695605345899
-0.5122590045786402
-1.4976977462445153
-0.5096619456151837
-0.4960475557391547
-1.5171562552368025
-0.49657760957116476
-0.4957711550951848
0.4876011770039254
-0.4966258298459063
1.4992460198438864
-0.49978087178158187
-1.4967044905455316
1.4807507826798234
-0.49828409769665755
-0.510708027438232
-1.5038171491935168
-0.48969296641311416
1.4943896670336299
-0.5004405371217733
0.5086262747805643
1.4949736212495492
-1.503323760735523
-1.5077657108309914
0.49974869779483333
-1.5035566293561782
0.4913680115922923
-0.48980509805001426
-0.5027783198920286
1.4926641925912887
0.5095956146922772
0.49502525597625485
-0.504648519470545
1.518055860259025
-0.5078409963072763
-1.4949649587589176
-0.5079166849020245
1.5117289887917909
-1.5262206924956805
-0.4954631717405959
-0.5049568153135251
0.4983414418129239
-0.5011945740891842
1.5140228191505813
-0.5043188982965688
0.507490466782594
1.4851866549914439
-0.48982215485992386
-0.5023497764268711
-1.5018818538565184
-0.4933032711759709
1.5016370440549194
-0.5005305977037897
-1.4839294342316105
1.4934974469325744
-1.4984893822547125
-1.512888022840754
0.502941549772387
-1.488364702423312
0.49290139674194017
-0.4787989833645916
1.4911422433750197
1.4971549107479791
0.5260664723632917
0.4935325584895901
-0.5039481420546281
1.5104961676296071
-0.5011733535795034
-1.4937689041409066
1.4942628921673862
1.518653940664783
-1.5185459026495636
-0.49405747794072125
-0.48994293296000946
0.49791819349344824
-0.5005299025565347
1.517060380657342
1.5033104195713076
0.5096243097044921
1.495068086595183
-0.49562586670922987
-0.49102896109106686
-1.509185961156588
-0.4866922967142968
1.4995531723543642
0.4992560287076075
-1.4857817577951442
1.496159492560358
-1.481595298644492
-1.5033405901663512
0.48865700056401357
-1.4795375554257422
0.48856275694199064
-1.4793718964399303
1.493898976631358
1.5015947610133558
0.5093636214079457
0.4956223355888648
-0.5001491621252371
1.5058558222390017
-0.5030848482812851
0.506149815253317
1.4951732513419358
1.5109401936604754
-1.5067223230695852
-0.4967089974585429
-0.49945976565023514
0.49254325590891307
-0.5053838537047186
-0.49298153964365105
1.5131281505720193
0.503940573638273
1.5026956095801207
-0.503721841482068
-0.489174294728959
-1.5237558273556442
-0.48784487037087954
-0.5041581701960898
0.4999276806603992
-1.4962935544745626
1.5014982528598075
-1.4877782116158051
-1.500942768293384
0.4827261471438076
-1.4885249702819872
-0.5186312594891141
-1.4911939557521694
1.5005381711669938
1.5062266336987706
0.5040642643540135
0.488099526320675
-0.5073839587675023
1.4939384390519692
-1.5080123441375481
0.5050309123058808
1.4965721829641558
1.5013899893738136
-1.4971493962419424
-0.49979577285228266
-0.4975085201851027
0.4781636706267609
1.4937277465501675
-0.5026405529451319
1.514629828113217
0.4959590708845365
1.5091772418600349
-0.5089302479260596
-0.48983881102808596
-1.5299217289770346
1.5060802622266456
-0.5050831304803414
0.5045055670753029
-1.5082241528898388
1.5156113327152492
-1.5003244067722246
-1.500391244275494
0.4913014177014657
1.4992144879678073
-0.5191472261057466
-1.4970716918014353
1.4904302297548735
1.5104266249020788
0.49618281580648743
0.497696193607654
-0.5040303944859208
1.4887355891209022
-1.5093259305914162
0.506771663166372
1.4846056158471748
1.504872908696863
-1.5081794558580368
-0.49796787281415156
-0.4988352824451184
1.4779473021416594
1.4980058386576485
-0.4921251417425883
1.4913691169770646
0.5000769407388163
1.4948891139397473
-0.5012874849926277
-0.48344714260688315
1.477215367493196
1.5052209202293294
-0.4996984459556126
0.5049546638786003
-1.5096125744614275
1.5032398183655595
-1.4994415649908195
-1.501351828937066
1.4977789003040711
1.500625309558984
-0.5084879032524778
-1.4953832117290173
1.4956331465703585
1.506726116137413
0.4893200924777643
0.5063755392217755
1.503007419590676
1.4985287530293159
-1.5018391881791897
0.4948318162179564
1.4966274251047884
1.4938182298318141
-1.5029823883738107
-0.49733345885145186
1.4960328568016739
1.4922033819532126
1.50342652564885
-0.49036903483910294
1.4993638077995386
0.4834052539800871
1.5015586969513561
-0.5100781617204927
0.5236438648960967
1.4888183128271126
1.5092850835838614
-0.49707047796345627
0.4988396616901411
-1.5144497847631908
1.504230649289845
-1.5005589814662064
-1.499377291778826
1.4945647718584136
1.5133146086581502
-0.502374085221632
-1.494221637737027
1.499829368779812
1.4948380738248344
0.4885917211245197
0.5063088913836339
1.505043670481459
1.5084485609787883
-1.4969851368866878
0.4899872758982444
1.5034239633783804
1.4796312354971795
-1.4977752555693555
-0.497973251762955
1.4949739507524908
1.5011175971854636
1.5015385985072234
-0.48560644982139534
1.5007768341304986
0.4767066079015084
1.505375905546001
-0.5208711623391232
0.5222575335639091
1.4882100154890185
1.5130277085081878
-0.4975404444644177
0.49239206355302517
-1.5039149564089562
1.4916500408154791
-1.4972184019926489
-1.4972047806109205
1.4850475995365147
1.516885008515787
-0.5058808241405358
-1.4971534464836591
1.500928775933752
1.491155085375584
0.4965175875475347
0.49792652265319975
1.4988496626214716
1.500904953601645
-1.498451643888567
0.4908285081305048
1.5007592405382644
1.4794545943666695
-1.4960978658817947
-0.4985786168768739
1.4978060192071014
1.5003997995938096
1.4953503929103373
-0.49461249027216475
1.4967575582529011
0.4847108839926155
0.5052557863154028
-0.5186570320626759
0.5108737323246784
1.4889913821281904
1.5077854915085744
-0.49253405856807375
0.4927345168028776
-1.4985383509659096
-0.5148415049922914
-1.4942766586090592
-1.5034226101628612
1.5080453069880182
1.503411348174546
-0.5005609898687499
-1.5045406017288898
1.4970613300964615
-1.4988857547585808
0.5013119528194875
0.4924071814777513
1.4949112499267263
1.493180260577156
-1.4805625315753852
0.4949530480307388
1.4919346549582602
1.4937859469446837
-1.5010874490365895
-0.49840290660147984
1.4999644420103222
1.4941235785182716
1.494308504161655
-0.4939441126168562
1.4930268775650093
0.4965473653587714
0.5006728912974935
-0.5062250293253997
0.5082489506481696
1.4868895944845424
1.5029520238627845
-0.4864335210654762
0.5019003003061616
-1.5056473298741149
-0.5063557225208244
-1.496135736287467
-1.5001382573215856
1.5090150699596392
1.4978651121208602
-0.4979191904237252
-1.5028603077810754
1.4938781532243564
-1.4893840613222682
0.49478532467955466
0.505816837062505
1.4948744443682498
1.499002842806109
-1.4896364631074512
0.5004655609109786
0.48948174695792446
1.502908502288226
-1.5092196720149045
-0.48589665492448036
1.4939526429209
1.4960167872306016
1.4968086232053759
-0.49135459698897743
-0.5046509952117622
0.4951984582985241
0.49663415582106185
-0.49845464416061275
0.5113127544468952
1.500665886917943
1.4989577116220247
-0.4910419842736925
-0.49464120410203044
-1.5158024039096465
-0.4939097504185674
-1.5001550636701837
-1.5080967961797365
1.5063018725518262
1.4997195399776764
-0.4957643048737835
-1.4981288155201398
1.4954323287571567
-1.4931833468276665
0.489983675378522
0.5079883555518955
1.5023828057903388
1.4955980072854531
-1.4956754841592488
0.49401982064705474
0.4971921842093928
1.494865888134581
-1.5063545667501623
-0.4935983906656189
1.4933580852886301
1.4914688430202583
1.5007041125564184
-0.4902529550579921
-0.4995767448396164
0.48088995380295807
0.5061066010513064
-0.5091182503845535
0.5170845922138072
1.4960019985092285
1.5027944230846613
-1.5002238951867872
-0.5018377851829803
-1.513020457660681
-0.4978438294871207
-1.5005388623769709
-1.5067874702450663
1.5011906938720936
1.5051520278945443
0.5029199453926431
-1.4969545433794844
1.5002111543084033
-1.5014247232902371
0.4880568468830205
0.5014199571088288
1.5067721410850767
1.4923406614137766
-1.4915078471473429
0.48419274853885885
0.502512460617404
1.495777069463947
-1.4986100027154432
-0.48883770022225176
1.4898175850049273
1.497267953439652
0.4984491293288743
-0.49222918382129066
-0.502219994218367
0.4915658788674839
0.5027654473012202
-0.49885108137053374
0.5138811135695039
1.4959712453119811
-0.4941119583075355
-1.5018005024981795
-0.5156157453861491
-1.484555589908022
-0.5132279644344874
-1.4777907998820061
-1.509435962226324
1.5068333768729265
-1.4945816651274046
0.499319160023281
-1.5010226538075866
1.5001463039994047
-1.5061843875855083
0.5093577446806213
0.49775892725676407
1.5016105739575811
1.4944195443365662
-1.482669459685166
0.48488407422898827
0.5024390652424648
1.4875337797677861
-1.5006848192248061
-0.47916327088713623
1.490964393652438
1.5052004220731505
0.49311519115231695
-0.4965440291892275
-0.49151103495296117
0.4933842407465283
0.5065093679077887
-0.501341355136843
0.5061441694772907
0.5007313065743608
-0.49566103313522214
-1.4973386932276485
-0.49555173021832444
-1.4948111215137774
-0.5061219844907299
-1.4825260415261312
-1.5027218525726238
-0.48555579363904267
-1.5002510465347283
0.4928294943568427
-1.4926728187359213
1.4935565585646828
-1.485116936539044
0.5010781359137941
0.49499173405622365
-1.5045198988391508
1.4981123037168191
-1.4844242330207207
0.5029916415140944
0.49156121222221333
1.5011377953727576
-1.5093836934190268
-0.4817026795766505
0.4962770942671275
1.5037444823054473
0.48920675399853925
-0.4946969372552499
-0.5060453898199434
0.5055310621488094
0.5065761786959728
-0.5033061173907936
-1.498511306973629
0.503037976843263
-0.49512817576936036
-1.513167189586881
-0.49271530410850034
-1.5023504992985766
-0.5131432267931653
-1.4915591271832769
1.5004643001788207
-0.48611598849447274
-1.5005760010604252
0.48624527446963905
-1.4959674166462338
1.4683187393603878
-1.484923739869313
0.5011119890685213
1.4912768662128113
-1.5020686407340187
1.5031595257825108
-1.497192965060456
0.5006528528878469
0.4748345694248982
1.5021757988080036
-1.5142847614948638
1.506675821426399
0.49752163598357063
1.499567704952649
0.488392291681813
-0.48085037756222154
-0.5218171265141011
0.4958966176775093
0.5002424564242094
1.4960688925964376
-1.492772070284619
0.5035028854749456
-0.49914549165517047
-1.511537588736856
-0.502822926510357
-1.4919286229678521
-0.5144249251118744
0.5041809724112718
1.4946558242581136
-0.49492512935207983
-1.4960570881367952
0.4994734954297941
-1.487135842702696
1.4716625261534586
-1.4937479183751605
-0.49565394723748807
1.491301593659066
-1.4940917931436932
1.4992464828469911
-1.4982187553770985
0.49821355575201504
0.4833705004465832
1.5132234122823223
-1.5137100743631038
1.5018158434296665
0.49575514846441787
1.4958384184706988
0.4966237090571982
-0.4707523533759518
-0.5116658947285545
0.4934603646549101
1.4937773478070495
1.4988447562611744
-1.4813234758525349
0.4896525089068402
-0.4998351058852136
-1.5079129539315987
-0.5018456913472155
-1.4740398736270468
1.488482276142658
0.5111377858414357
1.4914482257351995
-0.5056130108666428
-1.4816230745138825
0.48929426300203827
-1.4759637848797316
1.486809494460862
0.5070304687714945
-0.49274131374561664
1.4910006874655026
-1.4862996200787908
1.50079268121163
-1.5071317843153245
0.5108889311565471
0.492341583680992
-1.4793893484212577
-1.5086389856602584
1.5113214095654717
0.48578896382224596
1.5006636924195367
0.4927358220602699
-0.47193131015172946
-0.5064334810937355
1.5049652077089644
1.4957763784120681
1.5062983772408045
-1.5044153499736865
0.5065096412406707
-0.5141842377283217
-1.4966686864494825
-0.5063261263187132
1.5299007846158006
1.4932867695512366
0.5185849952896548
1.4920866101038368
-0.506301659483915
-1.5009896027129284
0.49264013057779177
-1.4827008758538192
0.4952760711440154
0.5150094110766104
-0.4964884122760215
1.4904487990183006
-1.479411393410614
1.500861820039021
-1.5188743208065125
0.5183574393419376
-0.5112678267256382
-1.4850447700563503
-1.5067960153764033
1.5210155972063788
0.484939199045972
1.4982637182695722
0.4939264214610846
-0.48700209549866935
-1.5130883788279772
1.5134334883088105
1.506592640395901
1.4889147607490247
-1.4991057785810455
0.5046452389453968
-0.5135971125577593
-1.505090917352008
1.4910667856895907
1.5148492547525667
1.4963412984678854
0.5104560835867376
1.5098765139929948
-0.5185973387873312
-1.493543454572752
0.48053955384933744
0.50611415098587
0.48558712742794713
0.5164420838886763
-0.4924805011833442
1.4889834719549502
-1.485740730936381
1.503822071172036
-1.5175424161747717
-1.4883006941369992
-0.5236617960736034
-1.4940099909205387
-1.5095326979494805
1.5277179110501515
0.5013524741384048
1.490479362174513
0.49834686040922826
1.5012722297211138
-1.5221038857361215
1.5114265653006285
1.4924562013869915
1.4890896399897868
-1.4995856914881551
0.5040390330066509
-0.5028871481980547
0.48002381344832085
1.494111222268419
1.49788310289286
1.5039405832785495
0.5061584461385225
1.5017815636203173
-0.5096017001786224
-1.4962909923207686
-1.525146019018237
0.5056641084483843
0.47419985912265805
0.5029945175379764
-0.5012886117446937
1.5082399858371722
-1.495820794134257
1.508689604967369
0.49415357246229646
-1.4991975319920483
-0.5287484806526197
-1.4938468533822782
-1.5192334448491165
1.5106297756210685
0.5005709550972282
1.49495743089818
-0.5019568912847995
1.5090200938448386
-1.5210833876257581
1.5065684459615238
1.485685719859946
1.5020883405834358
-1.5096203677055011
0.5020515449298725
-0.49769446573959797
0.48045710112863166
1.5001274970052527
1.4998388037891122
1.495782060200338
0.5001404617223506
1.4939651061446695
-0.5018786678707843
-0.5011115053478338
-1.5166552293786557
0.5114519392097069
0.4974104703727589
0.49965377213397144
-0.4977636515948124
1.5075333102537982
-1.5073691173876715
-1.4888685289940244
0.4999921205661117
-1.5003131159465393
-0.5122705321959388
-1.4899421730482523
-1.5057913575249842
1.5008764135219888
0.49803246004767376
1.5026646383911137
-0.5065407297167448
1.5265560837301229
-1.5123247199397825
1.5092411607028358
1.4913869376549798
1.509731234286144
-1.5228866682305173
1.5036678884902965
-0.5047577769373994
0.49725988314569625
1.5023106445351653
1.5180218686813216
1.4944724369504656
0.5021122252584855
1.492478004910352
0.49757198515354006
-0.5013998829174111
-1.5041696007224676
0.5023610115609354
0.5111773220194544
0.49975409926963993
-0.4853308573582773
1.499367903539472
-0.5083987136020465
-1.491877287257146
0.48850109620869525
-1.475649138563114
-0.5055040739230663
-1.4916149800449656
-1.5031268073142332
1.5016736445085586
-1.4994378703880644
1.5029222378541844
-0.5032238643451481
1.503814230162266
-1.510442424286498
1.5226777632128299
1.494438013644939
1.5101710070033438
1.4776808121257137
1.507166532375875
-0.5157235407771372
0.5027893451251584
1.4989443079460472
1.4981683699656283
1.5044288664981622
0.5023231329012112
0.49939766937202856
0.4897543693706804
-0.4995127077242185
-1.4936559932454234
0.4978401565998118
0.5085318560067912
0.49668645668102407
-0.4822227702807009
-1.5031509162470156
-0.49742928015588417
-1.4983453188569298
0.4853529957004095
-1.4797386205557501
-0.5024792011927438
-1.4915175605309845
-1.503965757239534
0.5068636716909616
-1.4964511280751442
1.490164194736802
-0.4754948316321271
1.4984720484744638
-1.5129348542014847
1.512192796344466
1.4918780028529515
-1.4975271126093
1.4913130150506746
1.5070944531365325
-0.5058695201822192
0.4948344686340272
1.5108939424156766
1.4959043066870694
1.5045811677857297
0.5031786454342604
0.5036275463573457
0.4839551052646523
-0.500198357643701
-1.4920345984948373
0.5053711019084387
0.5001895221685472
0.4894070816966839
-1.4922844104355146
-1.4970907419469646
-0.4864839355495719
-1.4998856284902355
0.49142792573149
-1.4958131947748774
-0.5029787578527599
-1.492023888904159
0.49660682399066136
0.5088744268941511
-1.5015486105554714
1.5040625519253081
-0.48420795648716414
1.49936594062682
-1.5152699212961855
1.505995233688979
-1.5163973588148139
-1.502878433161797
1.497728247555453
1.5140049270094291
-0.5040924376545382
0.5068163976579771
1.4933579878691987
1.4953634763900763
0.5012383311101083
0.5022054210023056
0.4983832323393309
0.48579889266783877
-0.49603671542361044
-1.4927288501507414
0.5019327863608428
0.5018075424025162
-0.5140147448627643
-1.5011025097351933
-1.4887133490121163
-0.4954489401140118
-1.5005522119986936
0.496099808131282
-1.4928787960451266
-0.5058426531219918
-0.4957453254303823
0.4960122682073097
0.502198441466957
-1.5011515583584598
1.5094724894945095
-0.49677293468399014
1.4957780580504243
-1.511749173576247
-1.4898806246912037
-1.5191681301438258
-1.498281189448728
1.489791336942206
1.5089294070592238
-0.5016088519458575
0.5045391896689472
1.4948047483199869
1.4924567942222577
0.4987415127682135
0.5020268981889725
0.4930336181965889
0.4921647667683177
-0.4953695211265295
-1.500643163917319
0.49433969549728735
0.5107363281410912
-0.5087694716910192
-1.497001786067559
-1.5002930784336725
-0.5061460246100106
-1.505563901319576
0.4965511581483073
-1.4807465624899028
-0.5083041885744461
-0.49893374126597945
0.4981637537069624
0.4980596916214009
-1.4907032559061046
1.4974871543181854
-0.49535693293336
1.4875063475906927
-0.5034676505825626
-1.4810693989072055
-1.5174266248659918
-1.4907143017660107
1.4744927428729666
1.506440989367544
-0.4978265825875988
0.5013047901261735
-1.4932101491351817
1.48951933674218
0.5020244452079128
0.5004430692304526
0.49287853179808866
0.5023852172350495
-0.5051268186530213
-1.5009358859537185
1.4917405506113135
0.514366358684633
-0.4971298682745432
-1.5092233767100016
-1.499572150889653
-0.5140160354115069
-1.5026071221327888
0.4997360281904266
1.5226936755340734
-0.5060735190687937
-0.4977027381499432
0.5080008558168855
0.49684203069263094
-1.5024623616780157
1.497566181443321
-0.48765095758067717
0.4877988462689436
-0.5034186822517498
-1.4830368276039658
-1.5089393403716518
-1.4874205640362252
1.487514891482422
1.4994507964774333
-0.49280041154304816
-1.5032136561375473
-1.486557445657138
1.494221917502228
0.5010662510922052
0.4967677864592384
0.49587004415829944
0.506818759178763
-0.510980448293229
0.5078984026461798
1.4971346043858516
0.5047894067350491
-0.48383681142441337
-1.5067931414453064
-1.4953910412656188
-0.5077250460581859
-1.4999864976631954
-1.4993148988396927
1.5130807210938177
-0.5006729883932247
-0.49917217778821016
0.5016696940901445
0.5093117590191173
-1.5086650194905205
1.504305697294048
0.5168564741885304
0.495420456654733
-0.5128164236383577
-1.4760867898861363
-1.5049191964871675
-1.4861932994867257
1.4960790692992036
1.4994482318451154
-1.4930890164749444
-1.5019600831238211
-1.4913832950908703
1.4943140757272944
0.4948293870833368
0.5108541378687904
0.5011560382495445
0.5118898115206757
1.490596614649186
0.5128983545648378
1.5080119374415657
0.4957353897652929
-0.48433272527218957
-1.5100997259548954
-1.4908208696550793
-0.4986077464517137
1.5002881947194986
-1.500936784739075
1.502750175889081
-0.49602676171090354
-0.48769048416781097
0.4949303388809475
0.5185453760550122
-1.5077710423585093
0.5132847682093636
0.5121635842915526
0.4943404396557356
-0.49379659841820556
-1.4945697306967505
-1.496681760344156
-1.482017990544216
1.4965278354277947
-1.4958144671012432
-1.4991257802908435
-1.4977792844406155
-1.5017783121726203
1.4943918849620859
0.5135726798909904
0.5026844035063078
0.5077072569024811
0.5082464085968019
1.498502534152611
0.5082786528386368
1.5052088662302792
0.4899954561817453
-0.49657624167655706
-1.506434111799007
-1.4944769097487425
-0.4967072687648045
1.4976563221969286
-1.5038088836166033
1.5060177725710806
-0.4989214410936494
-0.49130834381011884
0.48839694870518024
0.5153745138944472
-1.5045148851906152
0.5131569521478244
0.5053999786902463
0.48552522634657586
-0.4953260098607195
-1.5033315794770985
-1.4984933799126408
-1.4904670233300104
1.4901308224648155
-1.4932141293713168
-1.502945126938714
-1.496410664647091
-1.501945196282635
1.4807833324965762
0.5113420885278214
0.4939652767890231
0.5038232754045318
0.5017062907381254
1.503338476036284
0.5041559836243228
1.5000694003285475
0.482364896172466
-0.49691940191279405
-1.5175584501294104
-0.4973458334401989
-0.504346024983089
1.492051779360803
-1.497589993472883
1.5163839092119271
-0.4992831003610472
-0.501724093240347
0.4798486771579837
-1.4939547135803908
-1.5040910046560658
0.5072566717994688
0.49516512600010787
0.4833578377706907
-0.493387170148408
-1.4972098637040132
-1.504041892368757
1.4984078888086108
1.4860283311324927
-1.4943243156259463
-1.5066958608420555
-1.5012814722508465
-1.501221166329372
1.4792765696481296
0.5080068985509419
1.490029760240174
0.49481769798586483
0.5072269860439413
1.4714626494956906
0.5088040800730027
1.4911299739085642
0.4803477511215869
-0.4851709231821533
1.4716842237404948
-0.49509073237866563
-0.5105719725361446
1.4887549240877282
-1.4952160961179863
1.4960944121107376
-0.49540459515778495
-0.5039063723198215
0.4807186035577983
-1.4946280834610024
-1.5048371686209374
0.49868619754966337
0.48865565412764994
0.4842022130474333
-0.498514044618308
-1.4838997254337074
-0.5054870885349526
1.4996734275687158
1.4879658287821702
-1.498626540110813
-1.5034637885491335
-1.5059011977395047
-1.5071866130694018
1.4862521405316227
-0.4920397472912045
1.4968873320097202
0.4917951017144109
0.519821800339995
1.472155661439808
0.5055867357530784
1.4933260379014277
0.48981155153134354
-1.4774113947161855
1.4762829943234472
-0.48951321157934957
-0.5136517339352435
1.494309332523907
-1.483666790319
1.4949808043530477
-0.5025681072632344
0.5058618409114332
0.4894449406308543
-1.487013955141575
-1.5052757088868733
0.5112301548396262
0.4880921371745357
0.4938381075563829
-0.490707906957073
-1.4846487452469026
-0.5006061028135903
1.5111791456141048
1.498986653566278
-1.4955218693841885
-1.4971522689531842
-1.4932255745495933
-1.5121075438082379
1.496740351672317
-0.4884639079663949
1.5047621737924946
0.49589991663450694
0.526989184353062
1.4892784948024884
0.5070981337728675
1.500612961658847
1.499621790571045
-1.4842384413926974
1.4927597388491438
-0.5037766826448872
-0.4988062976670426
1.49301567152855
-1.4735019742992377
1.4964549675642076
1.494549550643253
0.5143595835648893
0.4950578386434581
-1.4915613896112592
-1.5013431619183082
0.5032002892095457
0.506675886483242
0.49661222925535925
0.5195439531569629
-1.4979207707111084
-0.4939998390753704
1.5046965886305688
1.493742121693365
-1.4953768493011366
-1.497902477557311
-1.4881983512907184
-0.5071034175726928
1.4966148502757717
-0.4887333466161031
1.5011271289201806
0.4956742379485453
0.5089610049153959
1.4875988238882738
0.5148517584652755
-0.49806213744665334
1.4964734460913474
-1.4996183827928877
1.4975889120525143
-0.5140297205777055
-0.4934603412680124
1.4811048718253066
-1.4793931485806622
-0.5025043182935801
1.5004120201940419
0.5064860622164972
0.5077788662134027
-1.504277822951562
-1.5001574501600166
0.49066978035441294
0.509571222550743
-1.5085997646290716
0.5176193625212061
-1.5016513844638604
-0.509244493268699
1.5033825174707596
1.4997319512863103
-1.5003885676069093
-1.5062994600880892
0.502055391363464
-0.4993567702935348
1.4820672905137102
-0.47720545916892754
1.5019669722451192
0.47877881147756146
0.5075437689614006
1.473614087858456
-1.483013281937536
-0.5048757704063441
1.4885018821568348
-1.499711843735124
1.4935013772866708
-0.496012507574694
-0.49646419130752345
1.4761173779805834
1.5090854709776964
-0.5036083935316672
1.5085230737594781
0.49765235016869824
0.5040948357892177
-1.506817607380919
-1.4904956967096115
0.4865770994305031
1.4953467135206446
-1.5154585088444927
0.5087387663946089
-1.501187688443551
-0.49826503979828646
1.503675277318681
1.502152061644789
-1.5000969969964077
0.4909069826485979
0.4919482708854128
-0.5051651933125448
1.4977133348484812
-0.4906642494832113
1.50448363257671
0.49299368673339644
0.5160151699366033
-1.5313818794201408
-1.4896414836341245
-0.5126537048271789
1.5003009199007573
-1.502165839860969
1.5188629448197624
-0.5011594387146191
-0.49532050570572056
0.4828119583228205
1.5071202342218826
-0.5080243557893482
1.50991446958667
0.4905741016613275
0.5106054934753095
-1.5089517282648752
-1.4789839396758222
-1.5074627928049784
1.4850083019770621
-1.51019019452334
0.49858372621147207
-1.4964258567572954
-0.4951177699651992
1.5002700130242341
1.5041623390489072
1.5021487701870502
0.4985950191239572
0.4961008378378443
-0.5176662899334371
1.495449884108215
-0.5017962481593331
1.505168766458353
0.49736513292775125
0.5254479118683603
-1.5202428206807657
-1.496932352996671
-0.510038272810751
1.5022041207887664
-1.511586580114052
1.5110895701391123
-0.5049184993355407
-0.49490286254244326
0.4922670478748662
1.5198990744540166
-0.5186453700169968
1.5027765280262806
0.4871102140544782
0.506392737168361
-1.517127451223592
-0.47728764355091907
-1.498034918499583
1.4873016107810364
-1.4956906492063253
0.495739732571549
-1.5068862909473422
-0.501114966934601
1.4898499864856343
-0.4955428077142574
1.5021001144524955
0.5027666728270419
0.5094830386769116
-0.5237891750766601
1.5066911314200828
-0.5066496961914223
1.5006394659802569
-1.511822980365543
0.523573607913734
-1.5067326654787618
-1.4952332914783284
-0.5075814053201967
1.5018169025403583
-1.5184105482481436
1.504251155368582
1.4923758124812219
-0.496313298479332
0.49538482927325295
1.5117413928220138
-0.5065857152428734
1.5055047388405725
0.48731867169592064
0.5061718094175838
0.47706316298017865
-0.4871428140620892
-1.5046748932187315
1.507603121302238
-1.4991683438088887
0.48648475726368273
-1.5021859064485685
-0.5005154406640078
-1.5153064004749333
-0.4979708194585453
1.4981923024944592
0.5054940784393084
0.5132877370897927
-0.5068455453946001
1.5028288780075658
-0.5033664207979891
0.503330880535993
-1.5214041249492378
0.5070994754404323
-1.5061741105947326
-1.5046619401036545
-0.4976965993295009
1.5023495692536888
-1.5142914784673878
-1.4921603668138153
1.4933580385756058
-0.49685390938601903
0.48540922941736114
1.5036024440318636
-0.49569989236240136
1.4984610456848242
0.4946394923614039
1.51129928917709
0.48262621801148076
-0.49250204707839346
-1.5215605522764333
1.5059954757016478
-1.502763736212034
0.4930272527935935
-1.497543490077544
0.5080485417842928
-1.5083437699179554
-0.5010510954284422
1.5029304987257308
0.4922851742381904
0.5078402923741997
-0.5073386601417288
1.5095273590222325
-1.5008232444370249
0.5079965736635664
-1.5132570424373428
0.4967498045555359
-1.506657050541571
-1.5024306061652903
-0.5018837383151585
1.5110949713358806
1.4933908643379392
-1.4820003447085544
1.4974181393630417
-0.49691788699315453
0.47902371484518735
1.4943610499708884
-0.4844042993719848
1.494775128281234
0.5008359178603136
1.5133816152401403
0.4913457270378179
-0.487888787056691
-1.5145155446049035
1.5054246167552834
-1.5048655006166813
0.5000989590262356
-1.4959772342308209
0.5128778593028316
-1.4991784029806636
-0.49943748334111104
1.5010283910905107
0.4918863081711737
0.5112628348813915
-0.500459468224799
1.5130220884425853
-1.5026300402609816
0.509395019784911
-1.5031008764662475
0.5040534003564037
-1.5003121658339353
-1.502037020682745
-0.5031225875715434
1.5137423760229662
1.4936650041183797
-1.4797984797326629
1.4983210745024205
-0.4952294092107466
0.48359538206249003
1.497651167716341
-0.48255211890840016
1.4957068959502149
0.4983937918490118
1.5108717690811182
0.4929674692888541
-0.47771255786539274
-1.508557254874517
1.5091741241631456
-1.5038361403525509
0.4996930831211919
-1.4995660189119198
0.5071061146292569
-1.5031412187248505
-0.4968671182752221
1.5033095709541444
0.5045892902223839
0.5046034519281714
-0.4939078687119405
1.5085042601677432
-1.5082088856643985
0.5132307085913904
-1.500449936752158
0.5007284619028752
-1.4937364524956136
-1.4987790259995903
-1.5010376278437638
1.506900856602471
1.4880315384167864
-1.4930244348615442
1.4952156931244467
-0.4886883863100702
0.4950884958885748
1.4923339150154777
0.5114237272851818
1.4998173304917741
0.4897650957843851
1.5082435959485412
0.4866103063646815
-0.48125378190593393
-1.510238803080228
1.5121103342092164
-1.5012941523835845
0.492361992856353
-1.502912136038167
0.502588071362486
-1.5100980606864265
-0.49509198964179857
1.5071031511733415
0.5133691668752606
0.4965656946177834
-0.49656816506507845
1.5030255806019561
-1.5045933146538524
0.5088564778777857
-1.5039533856545042
0.49546001014303537
-1.4961781216002177
-0.4969953413432329
-1.4986561005823285
1.4967283117996417
1.4983333520540998
-1.4985166830949093
1.4979533571616022
-0.49099079482377334
0.49862704388290974
-0.5143245849168425
0.5060657102863814
1.4952899462687652
0.5086301644569245
1.4987445585001318
0.4967048442242729
-0.4908937767537664
-1.5186068132284134
-1.4893173990674007
-1.5014433312123792
0.48827644001906223
-1.5044243864450355
0.5011641277605178
-1.4928047111813132
-0.5053811424821721
1.5052714941141687
0.5060099410143158
0.49874193894839436
-0.503893167811544
1.4959046300549095
-1.511312188195209
0.5025454962946931
-1.5111188035368142
0.4950331014735124
-0.503659072187933
-0.49920255215187626
-1.5020558544880231
1.5086545297529086
1.4953522094909346
-1.5013475376225902
1.4900089406755699
-0.4946297574514826
-1.5126188651536292
-0.5125128418380352
0.5137036870012391
1.470693776120302
0.5041768146326835
1.5101913546739674
0.4902174199022548
-0.49743719558772803
1.479896892017281
-1.4933800359808806
-1.5030886359538784
0.4902931419885175
-1.4894576234176513
0.4800556950633937
-1.4936956273184294
-0.5079773874354576
1.4998604890822071
0.49370203884544717
0.5080257185681368
-0.5070462560495403
1.4969466708709216
-1.516505399417997
0.5136005030649076
-1.5163706961743622
0.4997692880764064
-0.5067606177735405
-0.5020002225801594
-1.507327434272295
1.5221320530391516
1.493914800256351
-1.5016501676544114
1.4851884168536915
-0.4938494763723211
-1.5232141721102188
-0.5061133594669561
0.5265356364262725
1.4739059581142628
0.50524274384103
1.5199607581626378
0.4920946706237334
-1.4964569885079564
1.486803778462989
-1.4927440187186878
-1.51181120007695
0.4977921982775461
-1.479598193709086
0.4843945586802152
-1.4925100735211787
0.49549346991475773
1.4980443476888994
0.493083757711572
0.503878530687671
-0.4944523588725533
1.4999360263817905
-1.5091886197247926
0.5205961599571024
-1.5120599364849048
0.5033121812723463
-0.5025152497077611
-0.4957220450095476
-1.5107558580669032
1.5165795612686743
1.499615622416828
-1.4946106835939605
0.49282815391604723
-0.49024864001008867
-1.522435731326612
-0.49762567612374975
0.5259810217243094
1.492177474599775
0.5105659812132896
1.5162050232553532
-1.5034493715069643
-1.4891775902175923
1.4956430508760028
-1.4982082644434631
-1.5114696707994904
0.5022866610265354
-1.4894778923046799
0.49289979738318285
0.5154770976206576
0.5002784886123748
1.500374234579367
0.5119220956895107
0.5003784902520242
-0.4976320271293154
1.5085678895855397
-1.50157477285906
-0.48618422327551614
-1.5038500173185614
0.5003528502240615
-0.4972087208153886
-0.5010938959698852
-1.497447417111327
1.5031541543992508
1.500838233007156
-1.4893954955818802
0.5010803336435735
-0.49030329792516425
-1.5064213069774273
-0.4968220574086793
0.5148465100961194
1.4878999693315664
0.5155543910646043
0.5046174012789642
-1.502021906225171
-1.4870942638519573
1.4992868529942007
-1.5017849986170937
-1.500583773435964
0.5014398341835826
-1.5018805124771641
-0.5078971661751042
0.518746529641029
0.5006840069805966
1.5066937092784884
0.5145948310449332
0.5069075032991638
-0.5117914397208394
1.5060934402327661
-0.501721122088003
-0.4971940421883003
-1.5061081299331465
0.5107492642993097
-0.4993365212624861
-0.4963377071230496
-1.4958698602026912
1.5023553415575512
-0.5034640888598017
-1.4934609878107312
0.49518790341165875
-0.4886225105425255
-1.5111709683868755
-0.4842931470698707
0.5026847348207103
1.4792192880136004
-1.489013332009378
0.5001129563121242
-1.5027767894468
-1.4987745190833073
1.4972595457426379
-1.4994226821292278
-1.5018830077001588
0.4982780725190098
0.49942678234664367
-0.5160701043634358
0.5101905910329971
0.5066632093711166
1.4959377940295244
0.5002023817445838
0.5196752888868759
-0.5189057739001318
-1.5011548460325637
-0.5104588945981385
-0.49954251604518746
-1.5070102805398453
0.5066130970478724
-0.49182797942287576
-0.5047294954696836
-1.5002918239543812
0.5142128652376975
-0.5071426226559861
-1.5066488801085118
0.5115946152699162
-0.5009426435220758
-1.510788360314504
-0.49071568036296087
0.5105948547136466
-1.5215812375109437
-1.4972195336208953
0.5092818633289592
-1.499095765684014
-1.5055971905528147
1.5155819337071104
-1.5053272764151615
-1.5046015773700845
0.4960730846425523
0.5106618787138375
-0.5222513689033513
0.5029562836162018
0.5183075309257507
1.4926137975095315
0.4963649716928539
0.5179450740749646
-1.5114731689916123
-1.502946080619604
-0.511857040742596
-0.4946422812336713
-1.5082647405058975
0.5005722655160185
-0.4800529612597784
-0.5078599233014556
0.4969988215849599
0.5217177655314267
-0.5070501739726001
-1.497134729183634
0.4989298458160486
-0.49464014022389896
-1.5099808011114517
-0.49836328683951064
-0.4766453127614067
-1.5138102300514393
-1.4950147567111265
0.5120460046127955
-1.5014246161966844
-1.498072416619141
1.502232260450579
-1.4933099307084927
-0.5073641155756288
0.4980320892209257
0.5141668271169728
-0.5029082301208273
0.5050264738422089
0.512540020781401
1.4947539626396484
0.49567002214581607
-1.4939777231834577
-1.4992817230947537
-1.4937801346668584
-0.5078976111746759
-0.4960641999233028
-1.492794675486287
0.4971065931365615
-0.4794622808253175
1.493654237508955
0.4989985751511424
0.5174598187237748
-0.5056379513570465
-1.4899607759645
0.4905916329275013
-0.4862103290937488
-1.5080407892383885
0.5003689040556142
-0.47675249790005403
-1.507552728308323
-1.4881736502246863
0.5179828784619183
-1.505777056002406
-1.498515411648641
1.4971534210272828
-1.4862383890941562
-0.5057878011601632
0.5018099170182144
0.507252863083731
-0.503352307999337
0.5169479516683719
0.5080520577099225
1.499428098870038
0.4985446240443153
-1.4997282632846725
-1.4998728093254003
-1.4890425146017934
-0.5001592159953646
-0.5031030591643697
-1.497267954705958
0.504709633675859
-0.49204585694088415
1.4982632657344772
0.5038564185256823
0.5045670222367126
-0.5081921987970566
-1.4926276387479842
0.5015366896354434
-0.48980053888181263
-1.5049054637521364
0.5077815885732785
-0.4899121634289175
-1.5077533223844202
-1.4844936091791598
0.5054000746763575
-1.5087442583124302
-1.5025415379709932
1.5055263674187886
-1.4936007561673719
-0.5030977736895332
0.5052311988927612
0.4952011963200494
-0.5042692140324188
0.5201806215046225
0.5004889289074407
0.501820595645851
0.5007861844759097
-1.4950806509527115
-1.496194931529529
-1.495314020009584
-0.5045124254050107
-0.5083673306513411
-1.501636487686431
-1.49055271325121
-0.5005157822038163
1.5011604984067672
0.5039712880043615
0.5066572572203792
-0.4990654134268031
-1.5005959922396197
0.5051031267120886
0.5024060141509625
-1.5050006052347442
0.5126334463405864
-0.4951436963706836
-1.5123420171660658
-1.491157316437539
0.49982455921635516
-1.5079555595836882
-1.5037444522648191
1.515391764912287
-1.5037126927127467
-0.5004521898917416
0.5080223084047851
0.4988320411422487
-0.503663203306753
0.5115498512198737
1.5003861364530193
0.49882470131847556
0.5028157718226642
-1.505266189657274
-1.5038608802152056
-1.5014240481110592
-0.5105754940412888
-0.5030194540944131
0.4999436173159389
-1.4952948279011935
-0.495756819502398
1.5103203553750322
0.5014211847510353
0.49944400360928104
-0.5006015518983389
-1.5003277871151544
-1.5041562574785157
0.5016999802362254
-1.502455476357329
0.5001243356279212
-0.49365429013032397
-1.5065105550321605
-1.499272767149759
0.5053332638108662
1.4952008946227087
-1.5001037605927037
1.514687849426751
-1.501543932637628
-0.5009756272559066
0.4956582240749033
0.5063848226505069
-0.5057947214717307
1.500831086456741
1.5082435401658776
0.4980675758937206
0.49650442071669443
-1.4984704060482639
-1.5003331058624576
-1.502180265512925
-0.5086761444577047
1.5025441463087048
0.505704463350646
-1.4985675423198104
-0.49827524521833033
1.5123108112926482
0.488888070636447
0.5126695165676781
-0.5036390573585539
1.5036173675509448
-1.5134474935829787
0.5100961189848603
-1.5078506753606884
0.5045781611034872
-0.4964459100447054
-1.4997890586637852
-1.5022777547361001
0.5151015993232719
1.4975157168526716
-1.4989324298129942
1.5126380158236188
-1.5022863214963766
-0.5114672069436522
0.5000045372351798
0.5109290948851906
-1.508591538447287
1.503857249597767
1.515224124623252
0.4978547486298645
0.48822426649723244
-1.4882144702499602
-1.501829995573232
-1.5032908968517007
1.4994260606387508
1.5024979130908729
0.5097793506304454
-1.4959435977103637
-0.5049219433825204
1.5044412610376232
0.4811244886290526
0.5174965032129202
0.4991909642574517
1.5060375591803261
-1.5086332211579272
0.5027798850398989
-1.4981105268321595
0.4968188165764474
-0.49778083104835325
-1.500338462528268
-0.5000815240927587
0.516794422246807
1.4917163199411847
-1.4859616188661444
1.503002980872738
-1.5126191776045586
-0.5052949971651984
0.4916509253359247
-1.4891442774047177
-1.5079838953033513
1.5192243037370283
1.5030341454245328
0.49816114162073566
0.4995975519798685
-1.4976547877499906
-1.5019988560424442
0.4982700830526834
1.5031629933818906
1.4940098217695874
0.5039652956436874
-1.4877747247525928
-0.5207879441292543
1.5040823063389892
0.4829697894140294
-0.490612047699015
0.504967244654701
1.504647723067566
-1.4981667349394638
0.5015499603254686
-1.4965800772761795
0.4877142343030693
-0.5000388603854419
-0.5017298930710279
-0.4948960727506131
0.5060380223962362
1.4900770494676012
-1.4966085393794293
1.505969564012213
-1.5080312473080297
-0.49846146275425035
-0.5180791216563282
-1.4943420127147005
-1.5043546723364989
1.5233307316343732
1.5004994415874515
0.4938453128005735
0.4983320324763001
-1.5048964595365446
-1.5026444181249536
0.5006448414305112
1.499376715233925
1.4909464398728776
0.5047387320433956
-1.4934856651826944
-0.5096026281412683
1.5016409656186798
1.4939838164381918
-0.4995510639868888
0.5078433105375963
1.5008398445142117
-1.4938326361393464
0.5022588269189117
-1.497353267302676
0.48460390814553406
1.5000595842431779
-0.5025555765961697
-0.490410372007247
0.4978547473169654
1.500768674316843
-1.5033992724930902
1.5171480533705521
-1.4996794681273908
1.5003542988240521
-0.5154670645514867
-1.4948177646190983
-1.5092368587588427
1.525287543386575
1.4976562788334855
0.49890879267189503
0.5000084120863564
0.49605221287862167
-1.5024711678488332
0.49819252748508003
1.50566319177115
1.4964158345570637
0.5076997292486717
-1.4930416768095789
-0.5016923031174007
-0.4964940048191991
1.4991718273069956
-0.5018948247486881
0.5115031116108927
1.48851610148785
-1.4882775553120355
0.5005134900523609
-1.4975731978967666
-1.5099996936530784
1.5027468265816029
-0.4980186251842361
-0.49862320521491194
0.4962687801882321
1.5126980638965906
-1.50658275693926
1.5185671370865848
0.502859515840567
1.4942719810411211
-0.5058900140399086
-1.4920153068502429
-1.5226881781964836
1.509709288335261
1.4943088345276958
0.5047708045719582
-0.5003970884355154
0.5041068155789636
-1.502346856996831
0.5045187697770637
1.5066406164644466
1.4958545396075849
0.5004539404605768
-1.4965855142969209
-0.5073428980119944
-0.4921655654163908
1.4927978942956703
-0.4983233806312877
0.503309809604525
1.4906113671247072
-1.4950391815312734
0.49316256847121914
-0.4954246314436183
-1.5028479905833898
1.498332158437108
-0.47770837350934403
-0.5044150080395091
0.49054848155377556
1.5054993222646935
-1.5074673213644776
-1.4891117861995082
0.49559207450619613
1.490100494515376
-0.5011303019940931
-1.4876537009105228
-1.5080716895377864
1.500840479389912
1.4859393323027048
0.5062556617034163
-0.5012957138561569
0.5095932290855968
-1.5039681357931876
0.4950491183570078
1.5040123091771986
1.4915678063102684
0.49416569447820774
-0.49632234533234215
-0.5194150118957629
-0.4931743774469327
1.4878592776189714
-0.4920349481474023
0.509484358712836
1.4863003428132597
-1.4973743584957093
-0.5141883680571884
-0.4932963837348608
-1.5039157124776714
1.497228996852449
-0.49104780685951027
-0.5022725216040573
0.4910790592083797
1.5020507617630907
-1.5074907282194436
-1.4955259514343822
0.48915712290329794
1.4969201019718101
-0.506461225591992
-1.4823597005056486
-1.508344849167614
1.5036633298997986
1.4869310479564715
0.5015250475261451
-0.5010654425645059
0.498490225413531
-1.5070358358186235
0.49058827074129785
1.5048806905928018
1.4933446422527827
0.4957627060752836
-0.4929780861156144
-0.5195006959067914
-0.4976606478917937
1.4927761024793493
-0.5025520098142213
0.519897955515061
1.4860018798820116
-0.49223539084432494
-0.5108710806181034
-0.4985145105088671
-1.4887150049120434
1.4929819270206994
-0.49398847676238583
-0.49797935973710294
0.49491577308758183
-1.4917195739907403
-1.5073787822412203
-1.4947898218862872
0.502574635777804
1.496984091339987
-0.49049640142960943
-1.493189952197951
-1.499822075876138
0.5091289344154545
1.4951898795162155
0.4930771554074378
-0.48641623661288547
0.49891213610470053
-1.4997890654352175
0.4954652926763363
1.504406690770239
-0.5001758668766029
0.5033184214339103
-0.4969531653019029
-0.4979632280891972
-0.5085229943216647
1.5179116541274997
-0.5030995405367241
0.5184004080326824
-1.5085594472863992
-0.48818561642143665
-0.5006948272541223
-0.49943588673589534
-1.4950175058683295
1.5029858178638897
-0.49042943614258544
-0.4954595881325551
1.4957393122060814
-1.4836339554091285
-1.5041525876667392
-1.493417000798832
0.5023997521136394
1.494118758981539
-0.4894104865814396
-1.5001715326063951
0.5055667875225809
0.5100898594206034
1.496196811474348
0.5094188258472425
-0.4959787458596081
0.4974171480300199
-1.5066882832858348
0.5029599515659515
-0.4970769885319563
-0.4978019970620131
0.5039586398055608
-0.4842291189459284
-0.5014580786824067
-0.49483375778462574
1.50639064394355
-0.5008083133924002
-0.4914872846416662
-1.5051222276529919
-0.4906954587384089
-0.5000598512131839
-0.5041482115683698
-1.490982978681271
1.4958637892670035
-0.4866914611084518
-1.4984125870213758
1.4917909538850838
-1.4831678826364068
-1.5109063106776446
-1.4974614630596803
0.500797077717568
1.4831898441689075
-0.4938318658331291
0.5011473517006569
0.5007220858901293
0.5035127296573659
1.4967522214811675
0.5074092417100068
-0.5060319289365981
0.49177085640724405
-1.5041134136558163
-1.5001047726776897
-0.4977333743465384
-0.4995159713821775
0.4833690827197095
-0.4935462456002743
-0.4914772061867319
-0.5035128893735711
1.4957807332647772
1.4969757256626572
-0.4966235220282222
-1.505676601850243
-0.4999357399992207
-0.4966553386478542
-0.5247891090228248
-1.4944418365955832
1.5053414256234605
0.5078271066165164
-1.5009080482763486
1.4895187448295613
-1.4976908160040971
-1.5185264643751615
-1.507631181357029
0.5135539600585652
1.4733190760260941
-0.4971514162861165
0.5077955646776944
0.49404560634915884
0.4998358616984398
1.4980781325062533
0.4975070690429922
-0.5081238840175483
0.4866918456156988
-0.49232370541729037
-1.5088406321827537
-0.5014784094981367
-0.4787102831743842
0.4796532906229157
-0.5001836767157427
-0.4808142250551019
-0.5057560712406942
-1.5035926729515625
1.4925766421923103
-0.4916791307862752
-1.5007816179555302
-0.5045078652101135
-0.4698220992756949
-0.5260878258985959
-1.4954019061129329
0.516443901842011
0.4996557858757487
-1.5064291556575797
1.5053472836751947
-1.49379721603711
-1.5070155441920614
-1.5055397602425313
0.5209983985612667
-1.5229263939759539
-0.4944531482760326
0.5103954283208729
0.5006419181904397
0.495856604736558
1.5130619363634112
0.5048829084213431
-0.4985960719630898
0.49340662984289035
-0.48870809898465856
-1.5141390939306385
-0.49993621853218867
-0.48198231377428485
0.4956159086020925
-0.49771393474191294
-0.4834013775778284
-1.5019247405504184
-1.4923180263164824
1.4968416203826567
-0.49851968073459735
-1.5022520245249174
-0.5045060825974712
-0.4736366996589542
-0.5127628596963455
1.512015495963012
0.5146923824847994
0.5007224052345013
-1.5050204789162784
1.502019933091253
-1.5008704122376677
-1.4946198998994527
-1.5007873602041941
0.5142884492916829
-1.5100242273988778
-0.48972269324659956
0.5035049158937048
0.4970989489056087
0.4948572819575091
1.5025772560254718
0.5112321816491182
-0.49039533634232735
0.501753192163074
-0.49751016200335374
-1.5039403413144081
-0.49694273876379763
-0.49538399775551223
0.4914524935600473
-0.49239810332221423
-0.4945439872821625
-1.496422979999184
-1.4872692760100483
1.5058949586420072
-0.507409637405677
-1.4976489122351118
-0.5018819788545337
-0.49024152120550385
-1.5102203779207413
1.5166792278360082
0.5056729155512623
0.49871428543712537
-1.501380878301052
1.5093279552923247
-1.5123119165872876
-1.4943796211743696
0.4976987332094044
0.5027424717710987
-1.5077442563345964
-0.4833767689007018
0.5004957124641125
0.48989691157143844
0.4981244810767047
1.5050737392993778
-0.4975595617514607
-0.4942775183855278
0.5007400663710503
-0.4991297904044281
-1.5052502990490675
-0.4856960816090828
-0.5008268728764731
0.48247099503209046
-0.49146028690991844
-0.49952507811492664
-1.4993835217618565
-1.4965640067941515
1.5120544225973136
-0.5041347891315772
-1.5011971189446986
-0.4992840291762685
-1.4986874768131002
-1.5208269612964096
1.515535211356198
0.49969207829035145
0.5001176806158906
-1.505844385566333
1.5217761302336599
-1.5167022270222543
0.4995149269300801
0.49221360900437633
0.4988101258478408
-1.5074212442896804
-0.49384312734733793
0.504223158193774
0.4932979329499887
0.49830421467212993
-0.48344031653011027
-0.5093376766022278
-0.5071938126726384
0.5008762200124759
-0.5021110560390964
-1.4971224902870108
-0.49625208142274674
-0.4893369031423173
-0.5184909570248686
-0.49691211287354364
-0.4909877480833782
-1.5019256187881966
-1.50195592212679
1.5158675892363704
-0.5021432596765926
-1.5004636287164834
-0.5008967848243967
-1.4863507201385362
-1.531505741138105
1.5120344866306372
0.5032212297376732
0.5026110770510301
-1.5018006335176948
1.5218274491669757
-1.5097141321403091
0.4943337295745343
0.4915390100189942
0.5013495063676822
-1.5121193681539524
-0.49530796940126876
0.5060931454951472
0.4988471770570351
1.4980416107933983
-0.4780736456983768
-0.5051575862797527
-0.5227684222751716
0.4979705830562965
-0.5079095592607622
-1.4919884475145229
-0.5022391259451078
1.521054658580039
-0.5101201496899093
-0.4952274680991041
-0.5063425537752352
-1.500330745286328
-1.509245265161722
1.508319821556962
-0.5018813889017631
1.5024884810980608
-0.5035940135972409
-1.4704109397193994
-1.5295249923215057
1.5078332543315256
0.48202528067994804
0.5050306190057193
-1.4964881264154402
1.5084605628748182
-1.5000522547232007
0.4988024617367544
0.49549870382611577
0.5011992829710397
-1.51342399285414
-0.49669653961979293
0.498298539640013
0.500974497860444
1.4980709305405193
-0.48716686880811555
-0.49589973527692127
-0.5177825720134662
0.49857776224986616
-0.5148576331264139
-1.4952365834479133
-0.49938476981397095
1.5159857593823702
-0.5053048307895112
-0.4804010211128872
-0.5031289781594783
-1.502647010935056
-1.5052779383665036
1.5020565481052526
-1.5057457554801759
1.50379126502236
-0.5001151724721813
-1.4877618199488518
-1.5139628722940248
1.5228432691308962
0.48508377135960695
0.5001679051959174
0.50285318132773
1.4998242669858743
-1.5053559461486419
0.5068314408176302
0.5048812543179207
0.4885304426592749
-1.5050823071621846
-0.4897480862346222
-1.5095647433676085
0.49717171299980956
1.5005739843473633
-0.4986071686868213
-0.49135149933155003
-0.5025250221129234
0.5079557281525633
-0.5100622825339077
0.5018081027603785
-0.49128983804163395
1.496985660849669
-0.5088301817238116
-0.4804399065690122
-0.5032511191777812
-1.4973786854344198
-1.5019434841548283
-1.4911727570265632
-1.5088596841602586
1.502693378236274
-0.5082068779670335
-1.4971056064766552
-1.5090969637438214
1.525983137757211
0.4934374824045679
1.501486252079949
0.49767014200669907
1.5118580034061426
-1.5314769015611585
0.5078430401104819
0.48922252058123433
0.5020724939139114
-1.500688212469887
1.5159310815559794
-1.5062043646342829
0.4966715573695797
1.4841192960100795
-0.49465980679032806
-0.5112538925599971
-0.49901670923307423
0.5110115703652881
1.4990507462200013
0.5021351554385746
-0.4848142353069225
1.4887293556873382
-0.5045320631591269
-0.5044829300846635
-0.5081529978452942
-1.4882842656831476
0.4966284444788602
-1.47948410684903
-1.5079378541660942
1.5014128588688955
-0.5005163772222927
-1.50389707514235
-1.5093675814132748
1.5184919412439841
-0.5071142658860824
1.5059358505027494
0.4952737959432891
1.5227283031027299
-1.5256480029080373
0.5135072731243631
0.4817881602768769
0.5055208393843134
-1.5027230981866855
1.511994915783053
-1.4972872216114834
0.49715554440369775
1.4943280477124898
-0.49362301287524346
-0.5061489437635562
-0.5004010665656833
0.5010372381578034
1.5001240718892206
0.5079282932202908
-0.5009239918643141
1.5019681086300125
-0.4935994229158232
-0.501019922731649
-0.5192351210239458
-0.48498284877727266
0.4917198136962029
-1.48316626450752
-1.5029049973140058
1.503769624260041
-0.5013277339067527
-1.4976692410900754
-1.5065190319466903
-0.49268051769549853
-0.515358972648117
1.5061714930723107
0.49757558866540563
1.522132374272904
-1.511625652393714
0.5193833679125515
0.48609867356942005
-0.5019418499791832
-1.5081555104312139
1.5024995909037897
-1.4977630976288783
0.49305280745401214
1.4969299032260885
-0.48896249203728587
-0.502386265778416
-1.500226137407167
0.4916013506524175
1.495047202355107
0.49509971056518604
-0.501446279222519
1.4990219958551123
-0.4933805813028748
-0.49256550669379917
1.4826008509971336
-0.4919294868661591
0.4963636903482444
-1.5063344735112325
-1.4923563573304883
1.4899475056603333
-0.494797190947586
-1.498550094415523
1.4977845525598055
-0.4919231103928941
-0.5185893003898115
1.5047792314554618
0.509028585899733
1.5010407367790515
-1.5037922415396636
0.5204524742039035
1.493477776306846
-0.5111145753886805
-1.506566740709424
1.4932473944927696
-1.4889551515340345
0.4990022913159469
1.4937451810377673
-0.4882146347774817
1.4942344915212686
-1.4987761105131072
0.4988296831004265
1.4790321298479363
0.5059283640317963
-0.5025783280388257
1.5052295491486576
-0.49785332012288763
1.5086618473027003
1.4945222975841994
-0.49574099803244054
0.4819090976266428
-1.4990643260752605
-1.4971624504445418
1.5021024007646027
-0.49896872590993485
0.4960790788591661
1.4979838340489273
-0.4823497747046303
-0.5129359638098785
1.4940396895549781
0.5020027129487944
1.5030746261218708
-1.5058091075813294
-0.48778358579531084
1.4947320867384817
-0.508869761365869
-1.4990289423016707
1.487989260245483
-1.4863490511940805
0.4935440289975669
1.4945185904438416
-0.49307906781642175
1.489412888947368
-1.4998556420022615
0.5132243098624412
1.4735228138687546
0.5102250795916209
-0.5067312381470863
1.5038110948347758
-1.5019560677942088
1.5015913458933643
1.5014753847360103
-0.4979636553527739
0.4894548104343822
-1.4985317001442775
-1.5079395461249447
1.503518889489354
0.49631757688602207
0.4945981478351106
1.4928250240022443
-0.4759580986708671
-0.5048250022323744
1.4810749188638557
0.5066091151626468
1.498445289124286
-1.509838727276617
-0.49386500799862715
1.4869478727121672
-0.5072085233975855
-1.4980579699466177
1.4945403617956732
-1.4939157525361384
0.4847853806301578
1.4996886857917906
-0.49708505521916563
1.4870993286927296
-1.4996993817885178
0.5192385219118887
1.4755367599942497
0.5021665599275111
-0.5089628887031508
0.5014767295690299
-1.4993115280482832
1.4906511372192435
1.4996595103970292
-0.49628619584060624
0.49939888653254905
-1.499708732606234
-1.5122628944121241
-1.5041340098672207
0.497317697370974
0.4978373619342941
1.4950109645268552
-0.4895023815020776
-0.4941212321159253
1.4804356291756375
0.5048987296495748
1.4984250466463402
-1.5105214310679131
-0.4886977759008637
1.482043540806115
-0.49932528177015456
-1.4987000100821262
1.499331451781891
-1.4935398161837126
0.48332797555356005
1.5021898349175096
-0.4961624035158767
1.5010877299112344
-1.5011931357842447
0.5125561192563203
1.489048024722983
0.49525131899084734
-1.5073877019939468
0.4999369225011836
-1.4894109176852917
1.4926371570912391
1.5028148108647248
-0.4838411920665016
0.4956470420295194
-1.4982529791758965
1.494722848821018
-1.5097675420233747
0.505024184145766
0.5007139897132515
1.5011692242062382
-0.5014495452993343
-0.48237718947873953
1.4943252359032841
1.4997631690415603
1.5017375142640137
-1.5039899772252134
-0.4953561817498163
1.4987194374862973
-0.49703725058216425
-1.5019554321555673
1.4998486378563263
0.5137818471636747
0.4918023278299664
1.4964816291815308
-0.48452008697102844
1.5010335568655857
-1.5097636177662233
0.513457237202903
1.4970775037000439
-0.5003048262453836
-1.504025267395967
0.504051023437571
-1.5010202547255496
1.4916110851873419
1.518196866778348
-0.49335079389175074
0.49178825872930326
-0.4973339064041895
1.5032133215883152
-1.5081546504528982
0.5036722472068013
0.4947758096906134
1.4910466593276261
-0.5040803240461422
-0.48217844551915745
-0.500297657712984
1.499516426453677
1.5021010284474807
-1.4962430732379335
-0.501852959077656
1.5007678996180525
-0.5093734755336489
-1.503256083464162
-0.5038047010884295
0.5183657589005309
0.49351551929385185
1.513100242747305
-0.4978813321122118
1.499372419152646
-1.5127358790309353
0.5085346737263939
-1.5107531385465713
-0.49130360749756125
-1.503234320863505
0.5100747726244759
-1.5035221646751913
1.4989487288591474
1.508283461070863
-0.505283801592049
0.4918025557834579
-0.49847406023807006
1.4995685022576164
-1.493308645288747
0.5109719263652147
0.4848176301422564
1.49640082831087
-0.5066299256031861
-1.4903334490001727
-0.5114534925147488
1.5085029006170552
1.494032905280578
-1.4870630377473046
-0.498529758343322
1.501165913698348
-0.5222362079731712
1.5012893101456095
-0.5076374798954618
0.5139261179498718
0.48524222240898396
1.522869474192203
-0.5107545926883441
1.508235199282816
-1.5085985946248424
0.5077130995774889
-1.5246460676520575
-0.4917284508788559
-1.502035180494109
0.5168143709857148
-1.4993838923847815
1.4975063664587118
1.5027151780130816
-1.5047688756343407
0.49570944456122545
-0.4976187862847525
1.4831500818368988
-1.4966815759234948
0.5223950314069488
0.49021715369983654
1.5042232787610013
0.49674678060464456
-1.4960183678715295
-0.5230694224498595
1.5026325907311078
1.4943222840189223
-1.4945047488986953
-0.49862121839493045
1.5028295629337083
-0.5208103933703139
1.5051592606907662
-0.5020977911269959
0.49824473250009566
0.47546994967897144
1.5102208792226184
-0.502927609927741
1.5185978414381078
-0.5053548652984019
0.5123114826903554
-1.5271153441616818
-0.4975998624686108
-1.5039336890436164
0.5012488533619692
-1.497335233514429
1.4952425202431372
-0.49612290187279073
-1.4930167234758285
0.49419044572341075
-0.4765040031954312
1.4783695322533512
-1.500756693905859
0.5168242290068775
0.49577012663389325
-1.496019866858222
0.5008083316725905
-1.4926503140115646
-0.5160537833178633
1.499448821970959
1.5029090215888141
-1.5015493046489867
-0.4980388668964727
1.5025236003811377
-0.5073784110169993
1.5009624375809598
-0.49179550330194893
0.5091157095907145
0.4780808902383737
1.5053891734483806
-0.506133793261396
0.5214603711295364
-0.5085871933218192
0.5102745891306896
-1.5069291448175377
-0.501161366338692
-1.4968049723200232
0.4982208585601286
-1.498584131164883
-1.5041989615278573
-0.4909268669224462
-1.4867664245574672
0.4918866034904409
-0.4752056888566837
1.493315915261704
-1.4992080718727006
0.5049983386236839
0.49369777178563984
-1.5041415717142737
0.5004194937799232
-1.4862686211480303
-0.5120366795435266
1.5039134696868146
1.4993894185023002
-1.5022781734518658
-0.49564037019486906
1.5005468302234704
-0.5008364147351766
1.4958199645160972
-0.49601492000766184
0.5143505227184259
0.4804169489328325
1.5129970592086819
-0.5152718089335584
0.5126975654479219
-0.5112811321200122
0.509296847607298
-1.4983028176060973
-0.4927367577094298
-1.4996547498559243
0.49908320505318027
-0.49857636594138327
-1.5019599146977571
-0.49010779854034003
-1.4966507287120046
0.4864630110441899
-0.48378716557214513
1.498331229667543
-1.4880265978299354
-1.5012281256784137
0.4853372859110089
-1.5060346163758271
0.49270494436588125
-1.4814340089740936
-0.5080756534132801
1.5034805281940826
1.496977339443333
0.5002291830569944
-0.4942887110109665
1.496476135481865
-0.49378004508764634
1.487607570429154
-0.5028374596635604
0.5126225719820576
0.4889436221796736
-1.478187528506225
-0.5184755539620188
0.5041112819151611
-0.5092656211254684
0.5019676192481397
-1.479225180372725
-0.5001809416450766
-1.4987379391812636
0.5007560741497923
-0.4985815443725304
-1.5009454948939351
-0.4933615061535452
-1.4968575100293897
0.4873880852418909
-0.4931632446249493
1.5033784312723357
-1.4867367714462136
-1.4919232881242255
0.4830657957678525
-1.5008195441904413
0.4838141388085313
-1.486728885973791
-0.4965969434256688
1.4996868881638419
1.4990420444251769
0.5006421877146022
-0.4960547491865762
1.499397546199516
-0.49985301436333707
1.494755310104234
-0.507968274897362
0.5034756489982735
0.4920731406786286
-1.479572424296563
-0.5113412200597667
0.5143077531137292
-0.5045298375636094
0.49538108284924176
-1.4787848238917307
-0.5038309009199575
-1.4950837375022417
0.5007211055787792
-0.5001945319621863
-1.4943007640204367
-0.5012147704203472
-1.4785952414019927
0.4923076073292484
-0.49724100861591247
0.5025612132132617
-1.4973971322916293
-1.4848668253296573
0.5016944969969251
-1.4961718607919632
0.4920859628365292
-1.4967980484391084
-0.49306392879124905
-0.5038567323274015
1.5024236619730134
0.4981695895518336
-0.49590912893079014
1.4975230294225497
-0.49392780466048686
1.5034810220100292
-0.5071461270082906
-0.49767190409367407
0.4852059877810764
-1.4902819688843578
-0.5036713988955018
0.5171464114442217
-0.5001360056236027
0.4931335871272195
-1.491458062045781
-0.5035142684815219
-1.4937995045194177
0.49970816097338233
-0.5000280091863779
-1.5024545915913714
-0.502028604884106
-1.4782497912181625
0.4951254156349992
-0.49029650569735855
0.49741520172830345
-1.505247150009789
-1.4868509114885151
0.5003430918420119
-1.4962169638815639
0.49411281613719843
-1.4963825677387843
-0.5022291113496612
-0.5023498432974742
1.502764640144704
0.4978702707023821
-0.4959521389250807
1.4938509972224705
-0.49904619045258947
1.5032499611023191
-0.5015527214404237
-0.4892983928330837
0.4778762361316294
-1.495363125536019
-0.5056840264423205
0.5134378547172378
-0.5033711815953501
0.49688806930365337
-1.4999651979320223
-0.5000187800197904
-1.4964816422697624
0.4991661761446178
-0.49990388531256685
-1.5048735145452072
-0.49591936809097664
-1.4916084791227655
0.4912882222174813
-0.4821591871511817
0.49528586298518595
-1.502663959638793
-1.498776381583136
0.4973509918430004
-1.5046212853466416
0.4975610750462642
-1.4882491650652583
-0.5116597470170579
-0.4970167100625083
1.4991224846042233
0.49780077741531686
-0.492338023613398
1.4897198088437167
-0.49155285708735547
1.4908369508089332
-0.49904947575336167
-0.48076354757173606
0.46846480369962273
-1.4865772146444383
-0.5152483093107929
0.5066240583831833
-0.5039824879610354
1.4992246370941933
-1.4923703395374832
-0.494558063190164
-1.502324492672715
0.5035464836631944
-0.5126550659053117
-1.4962279454265326
-0.4912236880137769
0.5005459436956128
0.4862660994346077
-0.4863663090697229
0.5041482430526509
-1.4882343239780658
-1.505358864615122
0.49979416668390414
-1.5099130625936272
-1.5030982997971796
-1.48414687983863
-0.5067494876624583
-0.5067768653112154
1.5022138251967971
0.5027978072215463
-0.4877364080902951
1.4906416233521296
0.5188701951676036
1.4832868971957216
-0.5036610546363652
-0.4780305149445366
0.48325957842949047
-1.488690890644013
-0.5101935757424494
0.5065073067832567
-1.5013702892805125
1.4973125415387516
-1.4754999213507625
-0.5071517206270109
-1.5033415932809173
0.510897870251804
-0.5089231417144187
-1.4899533969105265
1.5046740961516432
0.5081645384553591
0.4924421491606041
-0.5027292427574211
0.5225641191560187
-1.496651055791404
-1.4967960297870668
0.503751928037995
1.4949970088621272
-1.5056723712077127
-1.4888360591988974
-0.49575872480870636
-0.502937023801605
1.4960010238578267
0.5157385688743714
-0.48885354447342877
1.4946775786464264
0.5169824998370823
1.490882528647523
-0.5097374400953318
-0.4800217200053207
0.4939549464902635
-1.48521191186001
-0.5062631039991361
0.5133832049624724
-1.4993331205326177
1.4933424732742788
-1.4753502099080682
-0.5028213328071923
-1.5081513221986689
0.5185644979480515
-0.5011028222825782
-1.49250220030934
1.498016239808823
0.5212268245422853
0.5031442554228008
-0.5071387844614905
0.522740592270888
-1.4999712276575108
-1.4941547098965993
0.5061882348336914
1.5030951697269777
-1.5102185109123427
-1.49004288712317
-0.4941827911389754
-0.491066275581006
1.4909869832176543
0.518673261961782
-1.497808601857163
1.4969615250340271
0.508895385757462
1.4957366283214681
-0.5083842525025452
-0.48381943910271197
0.48491464407967955
-1.4866545545172567
1.4931150801914876
0.5181412844943111
-1.498180800055027
1.4836081924499653
-1.4869528350645755
-0.5114212852251209
-1.5047002475489935
0.5107891156764359
1.4978845004057075
-1.4996881141355094
1.5018949940571389
0.5039808598216375
0.5082739951564352
-0.5215168860878207
0.5115838576167109
-1.5119738739409938
0.5027247402950654
0.5045533008474796
1.5012405448395127
-1.5102167595118092
-1.4964126712887833
-0.5204430656474238
-0.488231898277076
1.4782057045861228
-0.48914997751482614
-1.5012872230900496
1.4944001272088276
0.5091944599526169
1.4855343126236142
-0.5026095071197201
-0.4969753335147563
0.46895279594197264
-0.49008871480683813
1.489402389207408
0.5113363235649926
-1.4952628713428127
1.4776772484970842
-1.4894170840435976
-0.5246746010258321
-1.5003611024402927
-1.503367901944566
1.4894980329636271
-1.4979840637721489
1.4994835256006203
0.5004537685979581
0.5025918749684244
-0.5308009810762873
0.5048200309570396
1.4844350050366388
0.4989623810949511
0.5000126285375526
1.4995278869727529
-1.50465128263127
-1.4978629421873146
-0.5170678998986864
-0.4999566176997646
0.47458075001441097
-0.49637402268068137
-1.4994305736652525
1.4992424775455662
0.5029273032536317
1.4852550443097992
-0.5034551020129566
-0.4901435679666217
-1.5339482411881276
-0.49192436673200873
1.4903585905114645
0.5008898947654045
-1.4872942469615962
1.4891110831342387
-1.4907144167285746
-0.5249675255103811
0.5032340950454925
-1.5019017682009697
1.4834429446077049
-1.4877721947443059
1.491617646051659
0.4959788058811386
0.5061429857515477
-0.52339725874547
-0.48524316305002707
1.4932706026593519
0.4992035193811837
0.4934560787666207
1.4969960722712368
-1.492982753913907
-1.4995220548036385
-0.5054905790486671
-0.5059017440341679
0.48582771158033256
-0.49471143840043896
-1.4839762094335622
1.4933217431683334
0.4992879934319871
1.492349797271658
-0.5000549170301913
-1.4739471950766176
-1.5196330904937567
-0.4847095558986522
1.4883814405309812
0.5010430601768047
-1.476295793705302
1.4888310905207498
-1.4829148877515268
1.4879117500894297
0.5005548871891116
-1.485162667995658
1.485834804172051
-1.4712469048753267
1.4815955879218545
0.50323095483087
0.5142249969423281
1.4867231411275763
-0.4713928818148094
1.5067123144001042
0.49700104800461076
0.508187613936213
1.493441902027373
-1.4826062862373497
-1.499195613523094
1.5017581773569153
-0.4980844406682245
0.49687590772506846
-0.4870646641738255
-1.476447992413698
1.4963283175162003
0.514217613587629
1.4979560475972322
0.5004033892212274
-1.471099522370411
-1.5049506934596113
-0.4905151410597836
1.4991721939299705
0.5005929479002048
-1.4747396078321868
1.4931736634527044
-0.4800271653932363
1.4970570925716884
0.49203487860967304
-1.4681305220655143
1.4886660562386045
-1.481681632768262
1.4938806600687544
0.5002480651643837
-1.4827782428438359
1.4862677709038525
-0.46851746878641815
1.500068099319508
0.49055958497189084
0.526668604216383
1.487257545294212
-1.4887239355836381
1.5014529113489572
1.4959408659914297
-0.48643398669456045
0.4906970418748144
-0.4900249588452593
-1.4962483567492058
1.5012984999088252
0.5209893266591651
1.4936457011245365
0.49724439800711845
-1.4853260065591898
-1.5159026201456411
-0.48108401263825806
1.4909864791818126
0.49425130262533085
-1.4885329713071855
1.4941921390152115
-0.48502984154970347
1.4889171180329455
0.49213409942978126
-1.483414317738389
1.4763111405117046
-1.4847184376254516
1.4939233910235292
0.49432207328725286
-1.4886557117485406
1.4769268407739355
-0.48391195509731305
1.4894649684922765
0.4853483587035281
0.5162939814071024
1.4797590738579764
-0.4994143638948539
1.5017003149693726
1.481284892457952
-0.4871093903541236
0.4767733414967948
-0.4994378470688834
-1.5081074682483335
1.497657769432563
-1.4878480662296665
1.4862089589495338
0.49738125884844353
-1.4960839667425743
-1.53011040882489
-0.4853223435019303
1.4750657441178279
0.49149514354070906
0.5036758456422566
1.4912148475110036
-0.4945616903513309
1.496033201844301
0.4914247440330321
-1.4936136186109716
1.4714110922887806
-1.4900654388282883
-0.5170743513445241
0.4931485196828312
-1.4992917191189252
1.4873623744663944
-0.4948583181381197
1.496431641599909
0.4798961047372463
0.5036580208494281
-0.5214808007250971
-0.5003351324540173
1.4952016848131628
1.5020117915841797
-0.4973133587227839
0.4915819665982961
-0.501679229988976
-1.512443578797144
-1.5048188747384053
-1.4997061682945554
1.4853438517374893
0.496049111844546
-1.4971877085626355
-1.5102645102086996
-0.49325235309838217
1.4744013535514582
0.4962718383787798
0.5113397120125456
1.488804628943347
-0.5002543609349035
1.4915498344884022
0.49288876095101464
-1.490785357048362
1.478815084586086
-0.48968509172593194
-0.523119699720902
0.4955219267310922
-1.481736569087131
1.4873602618019526
-0.494907047518054
1.495809259683181
0.49065664968270517
-1.4937980522044705
-0.5145017447251233
-0.487569521580914
1.4814642325176772
1.4996801220525076
-0.4785701583715345
0.4932592929681627
-0.4967800657274313
0.49805447724229085
-1.5031909431841122
-1.5020357675426401
1.5007496156404043
0.5070644177921646
-1.5058062341787408
-1.5037207654194302
-0.4880946740911787
-0.5116904773626711
0.5026685395049725
0.5197348577252097
1.49729214929091
-0.5043739375988352
1.5022993670289402
0.5009310809305964
-1.4862058131002591
-1.5092431032291462
-0.48549151294590454
-0.5166474333462817
0.5000411477026009
-1.4789894966275394
1.496810100667186
-0.49614646416451624
1.4974382719275776
0.49909916007491295
-1.479487583090666
-0.5082937076504421
-0.4791663178150849
1.477146426567018
1.5022876128853804
-0.4757588582876248
0.4962671913025985
-0.4959815159260922
0.5088317441221245
-1.499264361402548
-1.4894503297916053
1.4980459460754039
0.5118811347292315
-1.5105014988702012
-1.4998268497833245
-0.48224400096651576
-0.5027482933597209
0.5016373508124616
0.5216668598782715
1.5015843590426166
-0.49605618962159764
1.4988297956193937
0.5000690527352114
-1.4857604854289257
-1.5093127264185686
-0.482408796377522
-0.5042134252562992
0.4981395341265429
-1.484741187208451
1.497712593874683
-0.4926248989782467
1.5005536769633456
0.492688803676647
-1.4740031879127233
-0.5076391232177068
-0.4848974648012554
1.4900492763572695
1.5066696964945852
-0.4853016889039067
0.4925327962622961
-0.5003586683101049
0.5071607456284409
-1.5065232128594652
-1.481282902568893
1.4986009340039905
0.5031600143512738
-1.5047758513491627
-0.5004107196180682
-0.48395099153370197
-0.5144865771320158
0.509252465988281
0.5070029597587811
1.5071376606173186
-0.49120238010646855
1.5039904303185163
-1.5124940856764308
-1.4903298460482626
-1.519413123335865
-0.48871882574021425
-0.5098790935620356
0.5089141342478659
-1.4987382792194808
1.5057558617613571
0.5067340351182894
1.500691258190069
0.48109362151503127
-1.4865015961191033
-0.5124450770648036
-0.5021839617063616
1.4991812867134067
1.5067670728665181
-0.4942944604500625
0.4875293731850797
-0.5037897051404484
0.4947993869447541
-1.5092218366300334
-1.4898981163857423
1.501940253427146
0.49380551924238203
-1.4966519976817492
-0.5045057358529128
-0.4911751874191207
-0.5258940128890016
0.5016528747838626
0.4972909783542928
1.5114777563722037
-0.4980876982574628
1.5106471375940738
-1.519721760374148
-1.4941997213849212
-1.5266270496233423
-0.4901557935070147
-0.518448306827589
0.5040174881511346
-1.4986867238716408
1.509574479836375
0.5031197456310864
1.49597061506285
0.49174749568919035
-1.4999558879364283
-0.5193545781595273
-0.4996373736839803
1.4934026332408423
0.5027217754947126
-0.49033826186165314
0.4830873925557425
-0.4908965536207484
0.48650234132516323
-1.493712006455974
-1.5039454510829042
1.4991400695408532
-1.5041571931329814
-1.4974992142734873
-0.503528024704143
-0.49687847999116486
-0.5291448169762305
0.5086766733691915
0.5023420559293209
1.5062501868111096
1.4944798617028856
1.5098897941610179
-1.5076126176471842
-1.5058424127186014
-1.5199536451685076
-0.49608571429456405
-0.5212098349922445
0.5011440649172263
1.510775253507417
1.5045940117973482
0.5010914606723637
1.491367077685083
0.5003208391128464
-1.5086046631725076
-0.5187439734950755
-0.4891424190539328
1.4821896809383237
0.5006430273766649
-0.48098793685959157
0.4975031368824679
-0.4998866172391951
0.4968193364456388
-1.4965311613101404
-1.5023315666099057
0.4949513641432396
-1.492954714436942
-1.511787897560778
-0.491923570911488
-0.5037366021602789
-0.5068409432878473
0.5010349889521195
0.5157246978955746
-1.5019803548248971
1.497009934950093
1.5033141631187148
-1.4954137998303685
-1.5137111065708404
-1.4987489839290804
-0.507465427713341
-0.5137353937119055
1.504586828551636
1.5175169800141994
1.499245004894554
0.4954909126232133
1.4862539586277979
0.498311515087822
-1.5029418029575863
-0.5085145723715073
0.5142375690975685
1.481448600433999
0.5034810124668286
-0.4790350987865557
0.49766496160287355
-0.5043533091581308
0.49954196149903485
-1.5044701829969842
-1.4898849031144263
0.49497859729237337
-1.486393626740333
-1.5238804915199233
-0.49080534301884643
-0.5023721819266131
-0.5024302150155279
0.5105169158553028
1.5154426892394843
-1.5007681099848469
1.5067297308734275
1.5008934992077583
-1.4955979088823854
-1.5181473742273626
-1.4929523316895057
-0.5118122873127302
0.4969813490365959
1.5095328878585221
1.5104268373643486
1.5063231620464106
0.49996856067583323
1.4965427276706214
0.4914529638270511
-1.494604417240454
-1.4987056096423261
0.5059462126577343
1.4944280223001525
0.4937397718487434
-0.48300358112677877
0.4955400999127269
-0.49489689988445534
0.4994370708786579
0.49348509635722587
-1.483931478378548
0.49636370088519294
-1.4808851382278225
-1.5129537468272662
-0.49452071690915195
-0.49185753917705893
-0.5115054274688469
-1.4786343841517324
1.502018503696365
-1.4903941834484282
1.5020258647548395
1.4979545718419724
-1.4946705351542149
-1.5094171820396505
-1.4923337227573545
0.49258157504307415
0.4956595451714453
1.5115730935227611
1.494533270433892
1.5218398079861737
0.49484404237227225
1.5037528196404062
0.4865620662063489
-0.493381681863029
-1.5016532139058327
0.4957476217651145
1.499960558759323
0.492255103084041
-0.49602843696999704
0.4991501804307403
-0.4872194625579505
-0.5016038713682837
0.4998289182013103
-1.4949016496820042
0.5070457098281107
-1.494784725239537
-1.5029588992969594
-0.4910900532936905
-0.4935863200572069
-1.5210185887002667
-1.481670943038659
1.496871990296729
-1.500700207407599
1.5014669497976325
1.5060233119466562
-1.5035548653942925
-1.5046770799141587
0.5042452067129307
0.50002320257564
0.48300023850376955
1.513038591545377
1.499239472376694
1.506173122002812
0.5021281269081926
1.4969795384022428
-0.5084029071727282
-0.5011700428619295
-1.516375990379434
0.5020562829656635
1.493260392222179
0.5046263042779208
-0.4946603514774963
0.5003720854842018
-1.4935432112373457
-0.502079033703464
0.5082266391342044
-1.5064377822574841
0.5040975332821773
-1.4988482290309084
-1.506948317965004
-0.4900603045215059
0.4986881427445656
-1.5181007938572157
-1.4948750108952522
1.5087584759677906
-1.5048021277756236
1.4987565469604445
1.5087090229660283
-1.5011513693043872
-1.5146031004186438
0.501979282050071
0.49854609038974285
0.48541643283742963
1.5040851734768756
1.511742163747537
1.4935569034383576
0.49968013273972806
0.4879271046932823
-0.5007680290871624
-0.5094072347508626
-1.511246092872128
0.5093520040828836
1.4988895978805306
0.5011901193105575
-0.48710446790708045
-0.5007346070047054
-1.5051834913312487
-0.5006661556842588
0.5026362749579316
-1.5078888658237786
0.5041296050160394
-1.4925936785364156
-1.5128263229471985
-0.4943579069416713
0.4953133286996687
-1.506156198906283
-1.5059964761661095
1.5198384047807934
-1.5092330843377693
1.4959931658349688
1.5049620582995014
-0.49173966525492924
-1.5249668108574255
0.502140714141921
0.4918825476158966
0.4893108161425477
1.4987480888184217
1.5122625793768265
1.494364917849064
-1.5056990604138976
0.48893986181562554
-0.4982595311608764
-0.5199996178601017
-1.5062882291347925
0.5158874441039231
1.4950572049494377
0.49730197896914524
1.5142257865027209
-0.5030635465452865
-1.4997664055609932
-0.524863383189311
0.5080155113759655
-1.5183562195356457
0.5017463529411641
-1.478324930436117
1.4864409030650154
-0.49667484559644365
0.5005923755372484
-1.5056452996072118
-1.4987076113847513
1.4923464726980893
-1.4925972983364906
1.4927354739859287
0.5013384727827589
-0.4897622728438155
-1.5248502951030503
0.5038146376215078
0.49788796121446105
0.49475794983169136
1.499361113789208
1.5004598067618238
-0.4922650277823432
-1.5063551765855854
0.4957629567045046
-0.49417804228219797
-0.5135525679668531
-1.5010713691750552
0.5208028508000125
1.4949219102387832
-1.5033553543454956
1.506043940553241
-0.49830388954838056
-1.51074239425226
-0.5105227957963635
0.5166604706308631
-1.5143600862824251
0.5045982517723425
1.5223920395246369
1.4916860241080732
-0.4941109887166525
0.49555403896460853
-1.5008285313076182
-1.5074422716545866
1.4992085969344051
-1.487798954790746
1.494270176312114
0.5026311212938581
-0.4984707409368081
-1.510051171531664
0.5058402443329599
0.49885894294027455
0.5015842502583983
1.5080402675166058
0.4957527093722748
-0.4860343921630831
-1.506860753795818
0.5040396370434679
-0.49827510231744226
-0.5004351047626271
-1.4993872909015324
0.5145189410043605
-1.5036052737009162
-1.5004368628235378
1.4993758268765485
-0.48418439134476543
-1.5044606022335527
-0.4993304286137045
0.5166823181737759
-1.5091077834724549
0.5140037824810735
1.5086134389854609
1.4972409360266061
-0.49645654280746554
0.498781490232874
-1.4957404759663828
-1.4991603206825652
1.5032008331745657
-0.49564551139836
1.4981295191012405
0.501078133244565
-0.48534165026007114
-1.507782737053411
0.5106727224265099
0.5001029683798428
0.49983849108398437
-1.487969459226635
0.5027260321511651
-0.49378558746552376
-1.5075621705627806
0.502813201934352
-0.4784427465707023
-0.5097712275800127
-1.492494919828801
0.5036006777699079
-1.5024265247123847
-1.4967918562577487
1.5014629122046377
-0.4901245646858225
-1.5058335811203747
-0.49889924383003353
0.5125712639314444
-0.5119139336983939
0.5161959730325593
1.4959362712607494
1.5078892292042245
-0.4978961158238519
0.5020426192662716
-1.5071690412782401
-1.4979887282659687
-1.4957278960108689
-0.5048249791951709
1.4974987156238315
0.5052927451148659
-0.49765627374149135
-1.5006251931806653
0.5090442237134304
0.49972801822540414
0.49296548018009895
-1.4954069542201978
0.5147906570391604
-0.5020001243896056
-1.498956030720363
0.5040041373673343
-0.489547888926835
-0.5182013894652696
-0.49119113016674837
0.5034430804471772
-1.5064126051800757
-1.4946556192028913
1.5067318587688912
-0.4970573528568183
-1.5010058899773933
-0.5022909942974199
-1.4955156827156197
-0.5203796100175576
0.5131015132008019
1.5002171123540913
1.513068454346424
-0.49672040773357995
0.4975147772084915
-1.514304111321464
1.4949121412039867
-1.4980574477643926
-0.501719451303676
1.486993957565744
0.5008353092471529
-0.49796900043058606
-1.4953869592212756
0.5041350719501668
0.49914071362541745
0.4898567423808305
-1.5044328575034172
0.5201619328524076
-0.5034216058679633
-1.5059148614544318
0.4967540122838367
-0.49378690246776086
-1.519734972791222
-0.4974130071314219
0.517909298911694
-1.514088697190154
-1.4970493274907648
1.5118882611556057
-0.49986818141261896
-1.505562581881435
1.4947797966967336
-1.4948880398556357
-0.5164723067324979
0.5036035586666993
1.5098534686077643
1.4994843772779487
-0.4960357084969129
0.491729269602548
1.4927440801085095
1.4883471867441074
-1.4999045172126892
-0.4978356757735679
1.4953664707190675
0.4970019208308399
-0.49176745778845116
-1.496914499622783
1.4958516683060217
0.49991796610447825
0.49830176090445594
-1.509414350098485
0.5208608987741429
-0.5088930260631457
-1.504169543697668
0.49595078175556223
1.51477919841637
-1.5123224027362894
-0.49808933738953104
0.5069294833605402
-1.5035714552533583
-1.4976539897443757
1.5170351885283604
-0.498577167361763
0.4870581670782019
1.497322910811831
-1.4911153107988613
-0.5030035650896897
0.5002610594263796
1.4870571887448156
1.5013812569045633
-0.489140082550279
-1.5106519076792586
1.5051366301324127
1.49500295842039
-1.5015730779537977
-0.5017746058330774
1.5097752602208145
0.4934233460402783
-0.4966116549589271
0.5016979140187223
1.4976241937188373
0.49937686838117634
0.5087249278863344
-1.510348407329269
0.5059667717678298
-0.5126566195830273
-1.5023532257676033
-0.49768204959648094
1.523914076182529
-1.5062622082249992
-0.4976281212132014
0.5089853440580193
-1.5041401211321024
-1.5022681017503097
1.506772447717479
-0.4965123478210568
0.4882178882208786
1.4998586393949604
-1.4786110523117013
-0.5031385132185037
0.49299474708222557
1.4881371375303
1.495955482453215
-1.4816199499683538
-1.506303383195063
1.5068701066034293
1.4926546111060064
-1.4974000079971461
-0.500038761960847
1.5034689041414298
0.48598024338943613
0.4978482794047974
0.5018875281746495
1.5078497564918165
0.4918974426126908
0.5150355147640397
-1.5199360343112631
0.5040451294014502
-0.509091767957414
-0.5001981106255945
-0.491880236995907
1.5182099891943568
-1.504330597558777
-0.489585821867521
0.49875461549261907
-1.5064463130207877
-1.5049889242470043
-0.501313806318891
-0.4968609578380581
0.49262126662817335
1.5121535425740522
-1.486600817867896
-0.4953344132561313
0.492727156913386
1.4954952521585183
-0.5049689376213188
-1.484644935235478
-1.5033003458140182
1.504271090835954
1.4971435831563082
-1.491052410991295
-0.5024923496064401
1.5006858415464215
-0.5177751298588176
0.4991357099612656
0.5038797639229776
1.5080625150338687
0.4981978995010288
0.513682467646122
-1.5104755875547546
0.5050391931714902
-0.50012954723282
-0.5018186356057084
-0.49464543218691914
1.5024144938217905
-1.5039268225587479
-0.4897694532675109
0.5010016831403191
-1.5077344946283748
-1.5029695131576752
-0.49647374789742393
-0.4995206881800709
0.4991064527498927
1.5121691810333568
-1.502378606225547
-0.4872040778729543
0.5002912255866437
0.49999856154783406
-0.50083753856705
-1.496731569649292
-1.4961118314336221
1.489998537744813
1.501871874934223
-1.4962914953778328
-0.5011840164680226
-0.49624923537775745
-0.5130714775570043
0.5032838875188869
0.5147037440716316
1.4988758748530866
0.5063483972125363
0.49773911253930414
-1.502691615628894
-0.48989392068687765
-0.49861701862591246
-0.5025400411063733
-0.5014066151437271
1.5057046937139429
-1.497463268406923
-0.496080329778188
0.5010509441026368
-0.504291690007528
-1.4998200711396845
-0.4891496736988624
-0.49110352648114813
0.4977416452732708
1.507601267225337
-1.4978565926496663
-0.48753693025456807
-1.4989325943689746
0.4940363737750792
-0.49406726941428064
-1.5054190799511213
-1.4939977721742337
1.5016083720717897
1.4975030475009483
-1.4996960516164461
1.4987767098269515
-0.4914641035936139
-0.5012085950524771
0.4850693248413112
0.5110886215265596
1.4883496168148
0.5096141207897031
0.4981285623115928
1.490190509162188
-0.4878350910968627
-0.5040483538829068
-0.5139474927809387
-0.49796457858316306
1.4967047531480144
-1.5003736642371057
-0.4992013819269918
1.4986487107555377
-0.5001157975188737
-1.4975159363182946
-0.49224247114729924
-0.500179120625885
0.4814807108108293
1.5039259172870396
-1.4849969130824683
0.504359905685312
-1.5051662805801918
0.4869552584702927
-0.49570920999136986
-1.5064474613036127
-1.5030300490947468
1.5029414908572944
1.4914607411420506
-1.4989821365086284
1.497538910748916
-0.49140494265876355
-0.5004698526469663
0.4764618231495816
0.5067293708047023
1.4825327139622226
0.5038397293268272
0.5105860158978599
1.4784355706163084
-0.491190629809275
-0.5103061173119506
-0.5089832821912191
-0.49861448825607746
1.4968324470333383
-1.5026766332109367
-0.49687108114206713
1.4972075431461906
-0.5013206638036602
-1.5006356708761632
-0.49725393469098533
-0.49558936318848124
0.4796799834990435
1.4990263935997696
-1.4808079301000387
0.49952597522532693
-1.510621248106221
0.49142412123446727
-0.5001368037312938
-1.499009751698724
-1.5037938056161588
1.5111524900809628
1.4895148299076935
-1.494578254365148
1.4969801460321421
-0.5015428768099087
-0.5077001674608717
0.4834578208384455
0.5137754160517525
1.4867581225775224
0.4999060236780883
0.5183771268089195
1.479104483308653
-0.4948188846334031
-0.5055354116157488
-0.5081103113347287
-0.4980682666305715
1.4977284415255232
-0.49490529318434606
-0.4918362292516539
1.4935193234879807
-0.483149069455018
-1.5055721341097945
-0.5037734311254992
-0.48026086800739115
0.4879827069427043
-1.4985072101938155
-1.4912590606131795
0.5016539651218858
-1.4971366961360988
0.4934970997218413
-0.4777794578048921
-1.4982395317027892
-1.503262669773219
0.5172396310713226
1.4933180475509578
-1.4966872024361813
1.5023709635081435
-0.4967004900371474
-0.5037407423287016
0.4931230428276803
0.5225783662250472
-0.5044455545423253
0.5034957748636575
0.5062594925900118
1.4979988319333009
-0.5003438075093211
-0.4906883830040121
-0.4996756706763139
-0.49738731395543445
-0.5004321334466126
-0.48906522493704013
-0.4940045697143098
1.502479818055003
-0.4898873009466443
-1.4953844774496663
-0.5086238776421849
-0.4755712544273185
-1.5044604452458383
-1.4918231665615342
-1.4988116087285692
0.49402729515473187
-1.4986478860387182
0.4990976668329606
-0.47844617148258484
-1.5001915107370905
0.498621831697323
0.5130836624761688
1.4955783922404986
-1.485167817102716
1.497257339778808
-0.5067346547092919
-0.5053561753266735
0.49245586864569035
-1.4794785688602223
-0.5029209192803701
0.5131122236183115
0.4918436716373308
1.4983233692602327
-0.48725413794011213
-0.49887058783913213
-0.5041884942984708
1.5029065192992515
-0.5014556614046282
-0.487674568558317
-0.5054523786141581
1.5174762267021076
-0.5057740945256469
-1.4959781785360315
-0.5064142001714639
1.5114759683276722
-1.508017041575518
-1.486942934108181
-1.4966542663654219
0.5020180727798231
-1.5059328291895786
0.5041699600424373
-0.48795574832818484
0.4915716093285772
0.4984365232802265
0.5040866884460509
1.495095780683673
-1.485244857984863
1.5045216165229396
-0.506047023961119
-0.49978391327026367
-0.5204585465447905
-1.490184179077121
-0.5125448453263832
0.5204519940334367
0.49470020494008654
1.5017127586878651
-0.48715248955121737
-0.4977715290012542
-1.5187871754398525
1.502086601410821
-0.5009771315210979
-0.5011437324601213
-0.5060607290708656
1.5231236515369693
-0.5060319505327705
-1.4893607041190298
0.4963635521346689
1.4997638897848458
-1.5183609033656582
-1.4939250019804136
-1.4890978900625715
0.49890730878706074
-1.4996131313090824
0.4997433814602378
-0.4963348948073404
0.48842331180176823
0.49757303024423666
0.5011971714561121
1.4940549867695037
-1.4943270282648393
1.5090471474729035
-0.5038801805395955
-0.49103065354130065
-0.5270620496209526
-1.4953731800595649
-0.5163637101100901
0.512006300139966
0.49634598374398115
1.5072810838617476
-0.4960687738970693
-0.4924744290763535
-1.5234400467312479
1.503011999375337
-0.5086330263302891
-0.49904316941826005
-0.5081797278281163
1.5105141110229903
-0.5064477046895822
-0.4816170327462078
0.496437180494756
1.502834100255887
-1.5132541315556822
-1.4984929256725252
-1.5013032214123996
0.5029639841242004
-1.5051193624700554
-0.5044970736469954
-0.49183652983649917
0.49283441792687227
0.5006420796549793
0.5046337826982333
1.5023232119607668
-1.5004520647337303
1.4991677635724654
-1.5010171477903664
-0.49137822400897696
-0.5175017362236061
-1.4894190178564148
-0.5154052595322319
0.5069715618571108
0.49045891970560984
1.507422467455445
0.4970652200739553
-0.4902624800903863
-1.5113243143200772
1.5033069537247348
-0.507507656385361
-0.49406787746441205
-0.512070057420134
1.5020140548450363
-0.5086164002795948
-0.4829996639392328
0.493638574218396
1.517528906935895
-1.5090667348410831
-1.494999472039347
-1.5120004188475746
0.49908598856665176
-1.5129012784762308
-0.503010841546873
-0.4808631541935077
0.4971562584623759
0.5010128989246194
0.512882847113326
1.4976942653793346
-1.4934756853724456
1.4885783637971781
-1.5009672311926283
-0.49996441787560036
-0.5079558490802263
-1.4829607335062858
-0.5123605612101467
0.5112078398668222
0.48748518578333344
1.5024620174160057
0.5014416686974456
-0.49599420716116516
-1.4973498016935964
1.5025871793713235
-0.5036642295350584
-0.4946549153236903
-0.5117131484929717
0.5094833808808805
-0.5092908929797718
-0.492893353333286
0.49492397147421535
1.5197383169909862
-1.5022653901882599
-1.4903275593753607
-1.5082714037381642
-0.5052355213207974
-1.5125175061756932
-0.497662361062782
-0.47763298982776925
0.4952544973045801
0.5069341632210326
0.5101791747387078
1.495302961801134
-1.4851397069130712
1.491655395188087
-1.5019927564071733
-0.5107888451147253
-0.5032394930050728
-1.4870606480754354
-0.508108131488826
0.5236179696228587
1.4900999634175405
1.4991333155968678
0.5135305359608987
-0.5051556576920607
-1.495435755915216
1.4958197153191077
-0.4945334420253802
-0.5016291119813777
0.49371625128537727
0.522385210510179
-0.5071895980577877
-0.49342624303961796
0.5036685190715406
1.5041092327294592
-1.498290969894504
-1.4900403586780442
-1.4950913253622198
-0.5044063386782357
-1.5056383828226532
-0.49330547375920003
-0.4850807296989645
0.4946338927935808
0.5138935561079291
0.5013908552596946
0.4985269760688598
-1.4873122914608154
1.5010054700163735
-1.4877335840130304
-0.505476557805733
-0.5100586367039143
-1.4943815535885472
-0.5086986954606032
-1.4725166225336823
1.4942210702656047
1.5039197463653509
0.5078996156016614
-0.5012866040551819
-1.493416584564863
1.4956376983851751
-0.49605717401686034
0.4944389472556074
0.49642499295910764
0.5250655102948496
-0.509151129223615
-0.48283074309741947
0.49807852438672784
1.4982722398832369
-1.5008293334647786
-0.49573072320185185
-1.4908560817437773
-0.5001916405680382
-1.497985929690924
-0.4925864720830013
-0.4967410093244978
0.49639026223461463
0.5128827164209263
-0.502649944718231
0.5027674234200811
-1.4963015580864023
1.49625008309352
-1.4885519826976534
-0.4939785080701765
-0.5164070100161469
-1.4974743535222437
-0.5127477106175286
-1.4828184314768869
1.493026231794677
1.516712614100162
0.5018557485482009
-0.507516243691657
-1.5020026840812963
1.4965124455429901
-1.50465956965418
0.4993713119337341
0.49848411771176127
0.5061498017640251
-0.5073048809157605
-0.47606806379379124
0.49625866559999027
1.500092129679856
1.4951676843864525
-0.4998847199937083
-1.498856763938859
-0.5027401532624198
-1.494098755585672
-0.504668804052107
-0.49232168454494246
0.4944760883796398
1.5028842826535584
-0.4962546123896772
0.5079426982149916
-1.4998846238847763
1.501132172046387
-1.4993930175992687
-0.49109374047806625
-0.5112043692090265
1.506458470471365
-0.5147556405961028
-1.4936740186815116
1.489821489028045
1.5206724714342428
0.4987779164732118
-0.49687396892475527
-1.5029329593558307
0.49268130759994605
-1.508892903084959
0.5014639323210086
0.516176564731351
0.5000467417534682
-0.5072845525177984
-0.4839964192019995
0.49323721132840415
-1.4909155800458684
1.4948771557636567
-0.4950951444310507
-1.5096896919583123
-0.5058683635197045
-1.4803950491271614
-0.5052588099116321
-0.48422039359048086
1.4929176761146608
1.4987945062110783
-0.48631698663591516
0.49647155778727803
-1.4987200399297558
1.4970684420808709
-1.4978732208488457
-0.5014104820481111
0.4959802469322791
1.5115470803002413
-0.5102764050619092
-1.4959775887855196
1.49368511307025
1.5041544535673173
0.49530333593226566
-0.4906987807728535
-0.49388673809697436
0.4905921768273661
-1.5053221219716955
0.5067074062439737
0.5112269365819836
0.4905464587753751
-0.5018045619725416
-0.494905022602879
-1.508384239630807
-1.4874579021299168
1.502226511289784
-0.5034019487078089
-1.5042988966304875
-0.508229529161566
-1.4917560242456522
-0.5133213918437041
1.520927773645262
1.4940309440346682
1.5076658102483513
-0.4988761611830071
0.5057182619051261
-1.5249897324755377
1.5035026734492023
-1.4976783182266347
0.4909036110861874
0.49652605579622494
1.5108222250701575
-0.5040405413052114
-1.488339963718468
1.4878851904689212
1.5050885253625281
0.48442350524885275
-0.4937513349287909
-0.4883687990371008
0.49133254826016176
-1.4979324217630485
0.5058520329801811
0.5076672926169674
0.4834593500287984
-0.4989059875455893
-1.4960222263821283
-1.5064859429116322
-1.4927543506865963
1.5028329654218555
-0.49794224781749846
-1.4963002968671795
-0.5063790085292643
-1.4974050783381687
0.4767539104216785
1.5158498872791284
1.4986009006017698
1.5072284892009735
-0.5000918334733357
0.5047794371751968
-1.5225626526535534
1.4995658096232196
-0.4975630627179572
0.49691881627494233
0.4869290618312686
1.5104070825548717
-0.5074221963287481
-1.488173054636603
1.4944603565795413
1.5088702250510215
-0.5168117865055314
-0.5023207693050393
-0.49306511567762
0.49395037562166344
-1.4988785021508595
0.5075616687730078
0.5023616259243534
0.4913915773784413
-0.5008594009532407
-1.4852264802871296
-1.5040243705744738
-1.4943005571150827
1.494646541400843
-0.4985341279092658
-1.4945406449925258
-0.501886198563947
-1.492054189766399
0.4784290179719539
1.5067460222505886
1.5027053625694773
1.5057936342620555
-0.49325550061892265
0.4941706546716121
-1.5081120573610118
0.4947411585141707
-0.4971940198605119
0.5027615761757724
0.5063425338488473
1.4997522396745826
-0.5088131744953709
-1.490669608637537
1.4949740930868365
-1.4874050358668371
-0.5075388972219496
-0.5028704147667721
-0.5045114310644113
0.49481033392745316
-1.4791715785247062
0.49619436124781763
0.5077308715871113
1.5030239642210947
-0.5053422468179929
-1.475791994732656
-1.5103335707541954
-1.4857920808784264
1.4832224989273561
-0.49702740230034315
-1.497752421972813
0.49781594233771675
-1.4832161450585328
0.490139411054458
1.5103012494172223
1.5065044085903505
1.4962025711642177
-0.48390376856282735
0.4895794525225175
-1.4995381537354564
0.4958273092792126
-0.49816312823908865
0.49939042227382424
0.5067462016151072
1.5074634932613384
-0.5042929376522882
-1.4958369364384991
0.4906687617028431
-1.4895294546114373
-0.503838836526922
-0.47978937327615556
-0.5060042017478893
0.48962532559861754
-1.486964993782681
0.4995812919417518
-1.485559185076006
1.502210496619218
-0.5000831112168937
-1.4945685386635832
-1.5079681083372063
-1.4732478591826839
1.489238052161311
-0.49996419023611893
1.4989056440030268
0.4931893321941323
-1.482125956032096
0.49129448857200964
1.5241799777193419
1.490108056457503
1.5014905481933656
-0.490899018242447
0.4955742589094381
-1.5093709389664443
0.5037571269759882
-0.5006322898645701
0.5022117158221628
0.4996397342769947
1.5185227057061181
-0.4978130429333845
-0.4981257255732684
0.4876126224466355
-1.4957670428904828
-0.5013253717174803
-0.4772715199021843
-0.4996985888291294
0.4979498684632362
-1.4980167954636348
-0.4926524713621268
-1.4875971065000915
1.4911069071704992
-0.4958528259834156
-1.498240274283401
-1.502021805186731
-1.4852614764039793
1.4981492593907202
-0.5017259252524772
1.5002835735439946
0.4886537573213042
-1.4754290329734945
0.48611460642040755
1.5232772070411034
1.4953970642675998
1.5029315221874497
-1.5033806345914285
0.5043370540533197
-1.5205683305273585
0.5041907393104397
-0.5043147436970629
0.5165387482726734
0.4973509228229801
1.514516821526303
1.5001294737860815
-0.49470355678183414
0.49495707149145596
-1.5014818944896937
-0.5064262892604791
-0.492510510514873
-0.4977858104682128
0.5050261173736789
1.5009006608490822
-0.49096138705412057
-1.49531530962107
1.4919010920424607
-0.4843132780675039
-1.5057258163076201
-1.499830602034499
-1.495015617927011
1.4934481413510632
-0.49904991680711813
1.5027990626590335
0.4994831157925122
-1.4898823764646678
0.48735664611758034
1.5179861972537063
1.4918306245125674
0.5036646745385855
-1.5042569502750704
0.49708614343751795
-1.499528980104747
0.4939152206543984
-0.496364790757827
0.5060154970256696
0.5011884688870029
-1.4986957867881932
1.4932397085916487
-0.48994561870724423
0.4973413495472998
-1.511422790737511
-0.4930637782136316
-0.506216411929315
-0.5054891464858633
0.5022850242289363
1.5118887167284794
-0.49640830816322196
-1.4964064765195522
1.4895013920378604
-0.49326540764835247
-1.5165710789284546
-1.5031914473630021
-0.4905038954505628
1.4824457317312951
-0.49791497022387604
1.5118179152158755
0.5000926207277936
-1.4943357789302516
0.47698702686046635
1.5103657286960313
-0.5160339700180631
0.5032103668786093
-1.4961388096588324
0.5050171788321326
-1.5018245887184174
0.490052873905439
-0.5004075273265891
0.49291789547395964
-1.4959429588241768
-1.5033529844977023
1.4922697055580032
-0.4975234262554013
0.5042429299144332
-1.5032954822831224
-0.500666572525803
-0.5092139493456409
0.491099530762448
0.4940646386641716
1.5200166157427046
-0.5075714366203491
-1.4891234637137811
1.4821321924381947
-0.49440148116286103
-1.5235050151259812
-1.5032937607092098
-0.4790387564809574
1.4779337171858251
-0.5008079364746255
1.514762300210289
0.493178792039603
-1.4866546001756136
0.47572798528236543
0.51067562776952
-0.5172142595782002
0.4997565702085339
-1.4836131078248116
0.493342891876441
-1.4983176921819168
0.49322328237770746
-0.5002871438387265
-1.5067187046464465
-1.499274601567268
-1.489346671003042
1.4827877027713687
-0.4985557248431776
0.5065088380717364
-1.5090608639016
-0.4923824413138449
1.497117945445557
0.4967786819471665
0.4961907510829061
1.4970269770686284
-0.4906223770901856
-1.5082114870261834
1.4963630988819205
-0.49478547802680267
0.4834954856231628
-1.4997721295025819
-0.477540683087184
1.4924764486182769
-0.5020179502516449
1.4962459306114244
0.4996548411021173
-1.482750269493588
-0.5137296762879139
0.5170242913188006
-0.5117417338685852
0.4973714681928103
-1.4811391515056542
0.4987261802857817
-1.4969365145652647
0.5019391924454717
-1.499553363407946
-1.4939375908234565
-1.5004774951188002
-1.495012470249404
1.4913191609879075
-0.5018002178353459
0.5075990996916615
-1.5079271087285968
1.516585444701053
1.5036251034173924
0.5075929345541514
0.48518790172048804
1.4989590842162253
-0.498212640188604
-1.508894388150321
1.501239587580264
1.5076471626115817
0.4953703217130543
-1.4936578897573811
-0.4960714364378691
1.4985649239723502
-0.5128559426910031
1.500811219288224
0.5034117689570808
0.5129527114218425
-0.5061661980234088
0.5211759805873281
-0.5101187155525498
0.4992845001708835
-1.4987214126959312
0.5005515301937095
-1.4927425358482573
-0.49813683811751386
-1.4990717365604784
-1.4854657904063844
-1.5025929189881413
-1.4969256253710397
1.4934124786377447
-0.5014082952770895
0.5046333042287685
-0.5027873752662247
1.5139969748896205
1.4981670947988701
0.5137418149414654
0.48999226711153476
1.499763753596597
-0.5002000268729256
-1.5037117212546978
-1.5062446254327444
1.509210823808473
0.49668684205872327
-1.5021070385819404
-0.5001061777165625
1.501311297397814
-0.5100454649233724
1.5045490355927806
1.5028341818200968
0.5053879392566577
-0.5061625056491871
0.506551553804299
-0.4975760225089764
0.4985507473777301
-1.5007084249302824
0.5084233426579612
1.5067614962440787
-0.5055516441213308
-1.496928960040968
-1.502303675230148
-1.4971990818798842
-1.511676087075402
1.5052723706481983
-0.4921609703309051
1.4995404507650454
-0.5021047963824942
1.5061291084406367
1.4839834253955806
0.5256521782971669
0.48769620896538834
1.5025487798420707
-0.5033373106411454
0.50525488912928
-1.514719017056443
1.5038109709446532
0.49703205836599473
-1.5008368541276011
-0.5044793378836258
1.5178473106183223
-0.5042587690035031
-1.4940128817091276
1.497805982266881
0.5064471062907177
-0.5238887250288085
0.5054407165733231
-0.48695653851281867
0.5047036832677986
-1.5009584457020135
1.514706171305739
1.501487305226051
-0.508881571022736
-1.5083380387618528
-1.5002441605284604
-1.504144538042028
-1.5000408940093561
1.5046472124197743
0.511931027210127
1.5008217450273333
-0.5060316149320865
1.5074519211788797
1.4731342478427973
0.5158345334762067
0.4968219659648362
1.5038378310988387
-0.5017233299453404
0.5041946156367477
-1.5146181660072628
1.5018773691860534
0.497642921870129
-1.4922940227608708
-0.5098980630711853
1.5224491905624424
-1.5084836403315192
-1.4961462587073466
1.5001557927711588
0.5007625702081293
-0.5202093434055394
0.4965018576264948
-0.4872149795013511
0.5018419579581047
1.5034843392472392
1.5109044163113858
1.4986626839911907
-0.50675467748581
-1.500296077953718
-1.5141704620330936
-1.494762427446557
-1.5047044523043192
1.497088822852677
0.5060469657641304
1.5033134154915089
-0.5090990353023082
1.5039610442726283
1.477195540183336
0.5110291629754006
0.48739687205514753
0.5043201547086245
-0.49836040024854245
0.4912111368993834
-1.4953589274718768
1.5001002898094062
0.5027406171311715
-1.5061667331299307
-0.5100472771675835
-0.48766088329534846
-1.516084425717896
-1.5032582845729723
1.507330332210939
0.4904968622443083
-0.4959499726662886
0.4895954603673549
-0.49432450591639904
-1.5109364657649251
1.5060535496700955
1.5070293778674042
1.4806233311038457
-0.5043001553133849
-1.495068997411953
-1.5275477622533515
-1.4919344540803947
1.4833371954456895
1.493798904361089
0.500270759680845
1.4951756313796085
-0.5029226380462117
1.4856092211655527
1.4906074911701646
0.5101392343864019
1.474089527393869
0.5040144965433125
-0.49348019968345314
0.4763320255298069
-1.4988942389589117
1.496358572125173
0.5026342698587499
-1.5129415185919655
1.494433616086624
-0.49914905786123437
-1.5156201880476707
-1.5060118619996359
1.5217288450350537
0.4780374475154327
-0.4971525212747525
0.49631753271721746
0.5000854474035734
-1.5149241191966052
1.503840104928168
1.5070692805730044
1.4874550921308365
-0.502879159530213
-1.4892407762817488
-1.5240975185890155
-1.4950153430041186
1.4799135810799346
1.498637376332259
0.49810474011661643
1.498085191924918
-0.4909068815853892
1.4911786516939052
1.4973304622097678
0.5141358210591171
1.4749906081169544
0.5036219554056929
-0.4969881784559892
0.49108349363355086
-1.5050060271213404
1.503913990515461
0.5061902339715078
-1.5047950232232297
1.4970608148035216
-0.49359021015547666
-1.5212210421703742
-1.5011724348954294
1.5274838483855784
0.49007055926188287
-0.5017709834394725
1.5033930949362135
0.5039928130520896
-1.5012681667902013
1.490778944926821
1.5181246297272237
1.4865503066566956
-0.5000143265547571
-1.4866100173083556
0.4899536480395903
-1.498978025760104
1.4877049056559362
1.5062713790523565
0.5097301938368058
1.4901366046940308
-0.4824586754426208
1.5023129059181297
-0.5062003256515923
0.5173914081464451
1.4850640485479474
0.5149263050488856
-0.4985922089036167
0.5013117913450563
-1.4990537522215617
1.501376117370188
-1.4886232009499896
-1.4932823511336955
1.4955375350501794
-0.4853891060850781
-1.5105465281776846
-1.4934838612087626
1.5236707673883814
0.493959578921362
0.5003738871693902
1.5009211935984732
0.5118796321688494
-1.4962081624079517
1.500267677109015
1.5142863348642863
1.4975700061530184
-0.5072008349427058
-1.4892962744807006
0.49450266358483436
-1.4980204456996702
1.4937917472432827
1.5115457837653752
0.5130339604889353
1.4947439493072894
-0.49019421493995036
1.5043167597780456
-0.5152474234350438
0.5141909156709498
1.4914418531874738
0.5195261362927477
-0.5029566222261593
0.49740400892968556
-1.4905685538659437
0.4930974567460397
-1.4896217650921524
-1.4973861561307462
1.5058019827050566
-0.4824330092819224
-1.5047909053967385
-1.4956959247482833
1.5113872018048204
-1.514909697085527
0.5061337126695223
1.4948245423605342
0.5071116973792885
-1.5000129057871545
1.5126938613307614
1.5077695639610096
1.4940400085720924
0.4883593111615244
-1.4939279260504275
0.48178915171549286
-1.488580722575207
1.4971316978873073
1.5043090535022532
0.5084935855386963
1.4889242611253357
-1.5015206092909885
1.493713792853248
-0.5117847357837497
0.5049877741250025
1.48758030045414
0.5200070735897216
-0.5002291986232231
0.491578540725003
1.5063738731603942
0.4900392809694587
-1.494665177149751
-1.5116382490801203
1.5113794263551048
-0.49638941266586895
-1.5065554751643804
-1.5008705584690858
1.5033547348811747
-1.525034732832314
0.5082523752960217
1.4913125898514417
0.5111720576894883
-1.5076039413662634
1.5065503314986366
1.5052407549721578
1.4828298912344815
0.4930691554280607
-1.4940153760364514
0.47067352493476666
-1.4900111857579046
1.4863750215328064
1.5103158887955574
0.5015561875474092
1.481163188920029
-1.5008073448528825
1.4852703685331605
-0.50792589547395
0.5034472633268144
1.480761854810864
0.5089648858684698
-0.4989941778637225
0.4919910487541491
1.4956356291697228
0.497705702697442
-1.5013368550119417
-1.5191621560935258
1.5043786622150166
-0.5082258943271971
-1.5105414450972579
-1.5029241227071157
1.5112647778052912
-1.523796404554919
0.5013735297782526
1.495892208602245
0.5011941652225667
-1.5100896582515342
1.4944365558233745
0.5073076958161958
1.4792635108157535
0.49840319139176226
-1.4877510829779341
0.4710468917624027
-1.4955845960133343
1.4749987542097112
1.5068979706062298
-1.4962119950078479
1.4818091623919916
-1.4862403788122458
1.476361529133906
-0.4998225864670238
0.49590664282567787
1.4790923706954604
0.5073021203003905
1.4978618939477935
0.49812476728591093
1.4983713339770095
0.48030946152983095
-1.483232282179883
-1.5296894737424092
1.506606489250804
-0.5185581169306146
1.493158843029958
-1.4988093538682392
1.5225876235307305
-1.5131985819900493
0.5007787299783414
1.4799093043078104
0.5049975532514407
-1.5042349708035299
0.4934574716421655
0.5100261572445062
1.4858093233378478
0.504165410895199
-1.4740652844457252
0.48542046018105445
-1.496189636651959
1.4784207601156814
-0.5002074124798035
-1.4882193566657897
1.4890261570029106
-1.481615631318727
1.486762275632891
-0.49365509181043
0.5024737743221402
1.4866134284005752
-0.482305886491506
1.4935864022239127
0.49994503924753764
1.5151432985084001
0.4889609542457257
-1.4786273195462538
-1.5171056259059406
1.5111332676003943
-1.5128422116325753
1.498960791629821
-1.4887449818433693
1.5034405416952992
-1.5015090707581016
0.5159355619662725
1.4906432248924113
0.509064150316823
1.5026307586676324
0.504174217028275
0.511707468763658
1.488782335806112
0.5080099959910139
-1.4916965856824294
0.498768035417801
-1.4839474321947086
1.4906074360887198
-0.5020342494394994
-1.4865681308247451
1.498997564999148
-1.478410367668514
1.4928381803383117
-0.4925430424752715
0.5131902018539143
0.4915834347913072
-0.47443037044434533
1.4920406772194696
0.5017927123199767
1.5175351480225385
0.49438281608058976
-1.4767144606447766
-1.5087160867816054
-0.48363646598705673
-1.4998279617568997
1.494817600475977
-1.4729280450173128
1.49777126112896
-1.50017090178659
0.5195510359547629
1.4913564596505369
-1.4866259643293702
1.5002502964865028
0.515657796453654
0.502588653748501
1.4926983583725542
0.5184233657179588
-1.4975144824675257
0.49308847419192375
0.5237692043430981
1.4941390782337443
-0.49605029461914274
-1.4988041471566023
1.5000766607004499
-1.4918329334405165
1.495863664910603
-0.49583179149475126
-0.49063535933387775
0.48591789327903023
-0.47762929787733394
1.4947145156398007
0.5070202740722054
1.505370940439686
0.4877159746416813
-1.4816973519222896
-0.515832760921365
-0.48468071129169565
-1.501459445090799
1.507889075251578
-1.4887655260113577
1.4936143563884112
-1.5007281634868936
0.5120755763585763
-1.5202997788254642
-1.4887367933879398
1.4925265790852098
0.5120389966593552
0.5014664432934431
1.5028713040129016
0.5030635512992868
-1.5049917836278377
0.48204259017438744
0.5154885885046961
1.4823698811975607
-0.48736624743603063
-1.4954559433948318
1.4878267306504758
-1.4933351798807888
1.4840857955487863
-1.4994046501855598
-0.5032910417392944
0.4813488680641216
-0.49006887825724377
1.4939843664350276
0.5101757225942416
1.5050916027765269
0.4775327139735798
0.5121255068986641
-0.5301588284589175
-0.49087765533133226
-1.509092863691227
1.5093598579389627
-1.4991785208692912
1.4916675164489164
-1.5017827673910187
-0.5002583890528112
-1.528511624746585
-1.4924055930620046
1.487571369257307
0.5062419621166768
0.5036517463271994
1.4953650715431117
0.5002275898609456
-0.5070339164748234
0.48124186482189685
0.49991917137555364
1.4883198208585589
-0.49500410146919205
-1.4868153828485637
1.4877857818600881
-1.4958403271219078
-0.5230972256950438
-1.4982740213180994
-0.5101799901231139
0.49215330791920464
-0.49953250383803743
1.5050009279959147
0.49976709523590357
1.5128668133835925
-0.5231803484647578
0.5121799366095463
-0.5315675284076713
-0.4872191742629636
-1.5149880313398938
1.513261105140997
-1.4961482788047848
1.4928993235324102
-1.5010329885128977
-0.4996107554887993
-1.5207366900048365
-1.495307745901696
1.4888548339479128
0.5071110234131332
0.5056028108978462
1.4896594309025768
1.507641155755445
-0.5011955851602249
0.4966269469653904
0.48278870576810673
1.492535536412951
-0.5033256071096645
-1.488719489606916
1.494149824237221
1.5037068781514287
-0.515174789048483
-1.4939883732075139
-0.5031182937903199
0.4988134636151881
-0.5145353642389733
1.5043474702119632
0.4994534219484722
1.5165632271964242
-0.5124458373238705
0.5191284803124571
-0.5233932673403838
-0.4958336010605558
-1.5133487467655007
1.5042273360191643
-1.4905496337326056
1.4983505321880661
-1.4994129089249275
-0.4893491985343354
-1.5091641963553775
-1.49650407152499
1.4883987561128194
0.49841681497931284
0.5018768692571429
0.4925393824165964
1.5159887632596345
-0.49788079264169327
0.507524530748669
0.48489853313037934
1.4974203049795516
-0.5065418882373075
-1.4988803568204216
-0.50072513805664
1.5059012487027437
-0.5055780990342461
-1.4796725160158397
-0.498848864631307
0.5024878605198413
-0.5183683792465481
1.5003851742566767
-0.4936805497288824
1.5109301275905327
-0.5027042201788726
0.5171162223413688
-0.5109710782858683
-0.4839198251116437
-1.512758592212915
1.5028349678769246
-0.4920318031184834
1.500454357886018
-1.5029546597668548
-0.4717565417585043
-1.5042079318445316
-1.50079934415694
1.4948639393737604
0.5001176017512562
-1.5034466440394467
0.49305383959447924
1.5196179270733055
-0.48737056082194996
0.43824955998903375
0.6500707441966677
0.33117291464937093
-0.07936971986494129
0.012031733993653985
0.004826749564621864
-0.007214604612575785
